{
  "type" : "FeatureCollection",
  "features" : [{"type":"Feature","id":1,"geometry":{"type":"MultiPolygon","coordinates":[[[[-97.195721937243022,32.63044637953287],[-97.19590082781599,32.630641108354219],[-97.195997774719928,32.630733130197754],[-97.196236774602994,32.630946414069506],[-97.196338018417308,32.631046220790623],[-97.196529687747287,32.63122698902378],[-97.196679504151163,32.631340550610837],[-97.196675505697343,32.630388675897414],[-97.199661737137674,32.63043336092889],[-97.199666760179923,32.63025399239983],[-97.200826869562775,32.627830697866358],[-97.200919190215927,32.627586696207935],[-97.200900487470008,32.627558127923031],[-97.196081319544277,32.623008192634089],[-97.193499850475007,32.620546167781157],[-97.193438621654323,32.620590314832803],[-97.193234611008009,32.620766454931037],[-97.193050076776032,32.620957361704967],[-97.192886506937583,32.62116149875483],[-97.192745216317249,32.621377222333265],[-97.192718409239475,32.621423972741141],[-97.192517445824095,32.621783043720761],[-97.192477324213186,32.621844882267645],[-97.192415809318334,32.621944465971566],[-97.192328350665591,32.62210633422383],[-97.192067568074236,32.622640189462089],[-97.191999155574067,32.622771298050665],[-97.191982957308539,32.622803471891842],[-97.191848283033664,32.623070054215326],[-97.191790192305547,32.623178877507598],[-97.19177881991304,32.623200815210353],[-97.191730843380029,32.623295772066832],[-97.191662977563297,32.623421529005491],[-97.191485019572227,32.623763185431145],[-97.191252879882214,32.624208350444867],[-97.19119796154213,32.624320282367776],[-97.191104450090577,32.624553888250396],[-97.191036060147823,32.624793646514583],[-97.190993340394712,32.625037628428821],[-97.19097663758464,32.625283867943224],[-97.190986084495236,32.625530383207135],[-97.19102160717938,32.62577519017362],[-97.191082917298331,32.626016316047128],[-97.191169523516152,32.626251821050339],[-97.191280728162127,32.626479807409112],[-97.191415636495535,32.626698441098107],[-97.191536607194053,32.62686132162144],[-97.191547674634293,32.626875126279614],[-97.191629892546942,32.626972824271455],[-97.191716291174075,32.627066845332912],[-97.19180670625606,32.627157010712729],[-97.191900965897275,32.62724314898999],[-97.191998890892833,32.627325096400035],[-97.192013228310358,32.627336654587047],[-97.192025973988962,32.627347089380628],[-97.192038576801764,32.627357600230248],[-97.192056244657778,32.62737264594201],[-97.192073505505306,32.627387683755408],[-97.192090623860722,32.627402989730456],[-97.192107526815619,32.627418448558977],[-97.192120384779244,32.627430452914282],[-97.192130154814919,32.627438858657591],[-97.192219093132451,32.627519748291725],[-97.192232040098276,32.627532080057343],[-97.192328711992644,32.627625140030233],[-97.192357398471003,32.627651752176725],[-97.19280255741181,32.628059314395855],[-97.192914167703236,32.628156571672648],[-97.193131261714896,32.628321147182277],[-97.193364917202004,32.628468592040242],[-97.193613250151202,32.628597720182533],[-97.193874263547031,32.628707489570246],[-97.194145854596741,32.628797018503292],[-97.194425837126829,32.628865584956799],[-97.194711955284177,32.628912637550428],[-97.195001906974198,32.628937796698736],[-97.195129721012833,32.628939140250409],[-97.195134773331432,32.629070821607876],[-97.195170308855054,32.629315627360015],[-97.195231632668794,32.629556751157715],[-97.195318253326604,32.629792253240332],[-97.195429473041372,32.63002023585728],[-97.195564396951156,32.630238865013204],[-97.195721937243022,32.63044637953287]]],[[[-97.082135316149376,32.627038006673274],[-97.081844697400385,32.627056798002741],[-97.081557239773005,32.627097558163982],[-97.081275255762719,32.627159958260201],[-97.081001016942238,32.627243496683413],[-97.080736730511262,32.62734749974657],[-97.080599401026106,32.627411639563896],[-97.080067137246985,32.627676467152185],[-97.079931749349655,32.627743432468634],[-97.079815885388271,32.627801482013403],[-97.079577787454966,32.62794374517533],[-97.079355718299439,32.628103496150381],[-97.079151464490636,32.628279448614805],[-97.078966669779859,32.62847018564193],[-97.078802824242601,32.628674172200704],[-97.078661244922756,32.628889765753662],[-97.078543073481924,32.629115229754717],[-97.078449261002262,32.629348750608614],[-97.07838056357366,32.629588446636916],[-97.078337532350375,32.629832389607245],[-97.078320516595824,32.630078613785827],[-97.078329651606069,32.63032513744389],[-97.078364865944579,32.630569976468969],[-97.078425873757311,32.630811157805205],[-97.078512186140543,32.631046741230762],[-97.078623107791728,32.631274828339905],[-97.07873894836726,32.631464353043874],[-97.078757642056274,32.631493634512196],[-97.079317064087462,32.632334345479713],[-97.079336582606189,32.632363259299275],[-97.079493855242774,32.632570921166561],[-97.079672495373984,32.63276581733232],[-97.079871062555995,32.632946379050175],[-97.080087958853326,32.633111152117792],[-97.080321439293371,32.633258809626597],[-97.08056962127111,32.633388163797854],[-97.08083050899009,32.633498170775091],[-97.081102000666775,32.633587946944097],[-97.081381910929721,32.633656768289875],[-97.081667984506851,32.633704081378482],[-97.081957919663665,32.633729504528439],[-97.082249379847141,32.633732833356781],[-97.082540020336737,32.633714041083948],[-97.082827498909694,32.633673278655685],[-97.083109502491794,32.633610875046713],[-97.083383758974421,32.633527331982862],[-97.083648060681554,32.633423323305152],[-97.08379575198822,32.633354042862301],[-97.084442194978735,32.6330319359828],[-97.084546720619286,32.632977576880521],[-97.084784824083115,32.632835304211845],[-97.085006895302371,32.632675543549794],[-97.085211147621877,32.632499581476708],[-97.085395937310111,32.632308835179579],[-97.085559774416993,32.632104839943452],[-97.085701342126256,32.631889238546066],[-97.085819499098761,32.631663767751924],[-97.085913294660102,32.631430241346493],[-97.085981973200646,32.631190541164756],[-97.086024984103616,32.630946595556104],[-97.086041978684349,32.630700370329095],[-97.086032822247859,32.630453847242059],[-97.085997586836257,32.630209010391731],[-97.085936558894289,32.629967832772266],[-97.085850227883554,32.629732254500752],[-97.085739289614423,32.629504173837937],[-97.08563174122952,32.629325796778382],[-97.085586526282214,32.629257105875887],[-97.085551647140065,32.629202184827491],[-97.085364252050283,32.628907099696541],[-97.085105568179927,32.628495284675303],[-97.085047982020271,32.628407515303607],[-97.084890703775301,32.628199860444703],[-97.08471206137942,32.628004971759033],[-97.084513495402447,32.62782441775532],[-97.084296603801263,32.627659652391394],[-97.084063131464177,32.627512002331848],[-97.083814960807956,32.627382655119789],[-97.083554087343003,32.627272654392343],[-97.083282612476552,32.627182883567265],[-97.083002721126135,32.627114066492453],[-97.082716668045009,32.627066756469382],[-97.082426754401084,32.627041335085934],[-97.082135316149376,32.627038006673274]]],[[[-97.129865030201032,32.636788953202782],[-97.129859272322918,32.636818884069093],[-97.129827210499798,32.636976284756081],[-97.12981662573435,32.637032034185701],[-97.129715749859642,32.637476206655506],[-97.129624283074421,32.637902394444829],[-97.129589163753124,32.638111413906088],[-97.12957228838566,32.638357645012185],[-97.129581566389049,32.638604164801848],[-97.12961692517608,32.638848989192645],[-97.129678077728457,32.639090145247799],[-97.129764533978175,32.639325692947949],[-97.129875597463354,32.639553734175102],[-97.130010374578745,32.639772434462344],[-97.13016777869413,32.639980032060997],[-97.130346544805448,32.640174855241263],[-97.130545231454519,32.640355335845364],[-97.130762239743646,32.640520020323763],[-97.13099582379833,32.640667582480596],[-97.131244100179586,32.640796835305956],[-97.131505072329475,32.640906735758364],[-97.13177663778572,32.640996401081786],[-97.132056610582069,32.64106510815359],[-97.13234273494318,32.641112304460464],[-97.132632708725097,32.641137609260568],[-97.132761881757872,32.641141764554369],[-97.132872986401935,32.641143449781481],[-97.133129302437908,32.641146316081226],[-97.133152750636498,32.641146505681441],[-97.133737418639456,32.641149433460619],[-97.134553533656458,32.641155726629961],[-97.134686687460601,32.641154443773374],[-97.134977341094896,32.641135528753267],[-97.13526481958732,32.641094644921495],[-97.135546809864891,32.641032122229497],[-97.135821039925787,32.640948463362662],[-97.136085302307393,32.640844343094109],[-97.136337468114803,32.640720597614063],[-97.136575509393566,32.640578225674311],[-97.13679750684345,32.640418372435839],[-97.137001674403578,32.640242325225664],[-97.137186369025429,32.640051501915892],[-97.137350101523964,32.639847438412616],[-97.137491555925806,32.639631778042194],[-97.137609591804605,32.639406258044509],[-97.137703259460167,32.639172692601043],[-97.137771804313587,32.638932963861158],[-97.137778129672938,32.638904719117917],[-97.137870361066177,32.6384807492025],[-97.137873867730335,32.638464349705636],[-97.137882921090181,32.638421266217769],[-97.137981067079039,32.637954255862752],[-97.138012226541022,32.637805989465988],[-97.138033333280674,32.63769240679666],[-97.138048734014504,32.637577910793986],[-97.138058390210219,32.637462787924342],[-97.138062277708244,32.63734732622251],[-97.138060386782143,32.637231814571017],[-97.138052722162982,32.637116541977385],[-97.13803930302744,32.637001796850981],[-97.138020162949914,32.636887866281498],[-97.138890282370923,32.636891097282081],[-97.139056233738188,32.636891713423985],[-97.139439460235138,32.636893135022902],[-97.139592766363847,32.636893705666047],[-97.139697186405328,32.636894090427738],[-97.140362940334271,32.636896554454225],[-97.141012181120544,32.636898954106719],[-97.141653153130306,32.636901317616044],[-97.143227979341432,32.636907117233129],[-97.143606285542788,32.636921670546251],[-97.143857665482216,32.636923102644481],[-97.144148303328024,32.636904166153485],[-97.144435763916462,32.636863261082247],[-97.144717734318789,32.636800717553093],[-97.144991942693096,32.636717038419292],[-97.145256181751677,32.636612898617081],[-97.145508322787165,32.636489134494155],[-97.14574633804466,32.636346744952135],[-97.145968308433638,32.63618687529398],[-97.146172448111017,32.63601081297881],[-97.146357114252879,32.635819976000235],[-97.146520817903479,32.635615900374724],[-97.1466622433216,32.635400229525843],[-97.146780250314521,32.635174700778201],[-97.146873889414493,32.634941128383524],[-97.146942406272686,32.634701394547214],[-97.146985251573312,32.634457427888464],[-97.147001185888726,32.634249283450252],[-97.147001673599576,32.634233838387892],[-97.147006890895767,32.634068942105905],[-97.147010102691723,32.633967385757295],[-97.147011233113631,32.633931774092893],[-97.147012134058201,32.633893382088374],[-97.147012403602631,32.633857957655131],[-97.147012401613566,32.633712787575291],[-97.147012407361061,32.633370340486096],[-97.147012410458203,32.633266710881145],[-97.147012421396482,32.632357004701753],[-97.147079459925919,32.632228879632343],[-97.147173095136665,32.631995306989246],[-97.147241608917383,32.631755572964472],[-97.147284451977043,32.63151160617884],[-97.147301276983498,32.631265372612539],[-97.147301479924195,32.631247554262849],[-97.147302049481382,32.631172165579663],[-97.147303334098865,32.631002301171414],[-97.147304688730244,32.630823633217361],[-97.147306040419863,32.630644948094201],[-97.147307391747304,32.630466286415427],[-97.147309123587704,32.630237405003662],[-97.147299594743075,32.630008679575063],[-97.147264190773981,32.629763860151428],[-97.147202996930986,32.629522712686459],[-97.147116504010029,32.629287177055517],[-97.147005409126024,32.629059151175653],[-97.146870606444523,32.628840469261299],[-97.146713183049883,32.628632892762973],[-97.146534404282463,32.628438093074521],[-97.146335711809471,32.62825763798697],[-97.146118704606295,32.628092980662032],[-97.145885128491869,32.627945446895154],[-97.145636866717354,32.62781622329193],[-97.145375915528192,32.627706352495444],[-97.145104376955786,32.627616716876851],[-97.144824436431023,32.627548039195837],[-97.144538349102604,32.627500871631],[-97.144248416414527,32.627475594624158],[-97.144103805402224,32.627471247272872],[-97.143543219860064,32.627464966975758],[-97.14255567348917,32.627453900626712],[-97.14003008365215,32.627430916833127],[-97.139702703386675,32.627427935012683],[-97.139001248509956,32.62742153982505],[-97.138911829712285,32.62742026812569],[-97.138682240467631,32.627417002042385],[-97.138668694033385,32.627395022170894],[-97.138511292350088,32.627187435263465],[-97.138332534462435,32.626992623755569],[-97.138133861869534,32.626812155533536],[-97.137951153298985,32.626673499124735],[-97.137954564783726,32.626273820285327],[-97.138046893869515,32.626228501950337],[-97.138284893606155,32.626086126665371],[-97.138506851793295,32.625926270294322],[-97.138710982686064,32.625750220189516],[-97.138895643530944,32.625559394246274],[-97.139059345415262,32.625355328392125],[-97.139200772611645,32.625139665972156],[-97.139318784913115,32.624914144242929],[-97.139412432809124,32.624680577399765],[-97.139429265152401,32.624629624334816],[-97.139526116890494,32.624325184486054],[-97.139583929114949,32.624143473458979],[-97.13965218497934,32.6239289224443],[-97.139665677237389,32.62388651880471],[-97.139758968058558,32.623593272888399],[-97.139770581676601,32.623556765095962],[-97.139981278052559,32.62289447487904],[-97.140020783809589,32.622750210070386],[-97.140042120856478,32.622696992013161],[-97.140062578136494,32.622634541515922],[-97.14034073381913,32.621744823373241],[-97.140393985006838,32.621574513417194],[-97.140403394349974,32.621544405637167],[-97.140444472354019,32.621412998229452],[-97.140451616704013,32.621390157474799],[-97.140480667472701,32.621297246570208],[-97.140489489389665,32.621264709855119],[-97.140701476289067,32.621281634051776],[-97.140992897817881,32.621284824975881],[-97.141283485150879,32.621265895181644],[-97.141570896493334,32.621224996723114],[-97.141852819312774,32.62116245966935],[-97.142126982150671,32.621078786821492],[-97.142391178085887,32.620974653065339],[-97.142643278758555,32.620850894699615],[-97.142881256738377,32.620708510579881],[-97.143103193235319,32.620548645965336],[-97.143307302679005,32.620372588274513],[-97.14349194248878,32.620181755463904],[-97.143655623921234,32.619977683516304],[-97.14379703141374,32.619762015825849],[-97.143847267956048,32.619672566239458],[-97.144194471544566,32.619024483635194],[-97.144208775946339,32.618997396289004],[-97.144720738158782,32.618013661771457],[-97.14478143538831,32.617897032847331],[-97.144834900902737,32.617788015412224],[-97.144928526801607,32.617554444359506],[-97.14499703550635,32.617314711468431],[-97.145039877766436,32.617070745350802],[-97.145056706256483,32.616824511981406],[-97.145047387617979,32.616577993183178],[-97.145011995198686,32.616333173018994],[-97.14495081670816,32.616092024347367],[-97.144945259829271,32.616076887579318],[-97.143115543884122,32.616056898830202],[-97.142953861392172,32.61605451523544],[-97.142411903901007,32.616049087479247],[-97.14216926328757,32.616046433347599],[-97.140012967681571,32.616016685683611],[-97.141220798154379,32.614106302841009],[-97.141301035421577,32.613978327176362],[-97.140081379352267,32.613867531637752],[-97.140035560120879,32.613863368805696],[-97.139876612049932,32.613852260912431],[-97.139585214922363,32.613849067367063],[-97.139294651467921,32.613867993189814],[-97.139007262860204,32.613908886386731],[-97.138725361039064,32.613971416990729],[-97.138451216915882,32.614055082342631],[-97.138187036927391,32.614159207733707],[-97.137934949025805,32.614282957072703],[-97.137696980323668,32.614425331735532],[-97.137475049391242,32.61458518671197],[-97.137270941684946,32.614761234841545],[-97.137086299779895,32.614952058427725],[-97.137028940172868,32.615030479885043],[-97.136926407955443,32.615158302723394],[-97.136863553624281,32.615242838154671],[-97.136804493518753,32.61532955633124],[-97.136725820866957,32.615451521678473],[-97.136415369678957,32.615916714873173],[-97.135806539476548,32.615914087888974],[-97.135733122716104,32.615913770689225],[-97.134295081094606,32.615907553383352],[-97.132658885489519,32.615891101669661],[-97.132516805346043,32.615892302532117],[-97.132226233710213,32.615911211807507],[-97.131938835247738,32.615952088636519],[-97.131656921977779,32.616014603183821],[-97.131382764903833,32.6160982529195],[-97.131118570566969,32.616202363260591],[-97.130866467034707,32.616326098237003],[-97.130628481545529,32.61646845934019],[-97.130406532804869,32.616628301669188],[-97.13022894138507,32.616781454920428],[-97.130199254149076,32.616781653106258],[-97.129974252839034,32.616784654261266],[-97.129944747640394,32.616783689143048],[-97.129824673830697,32.616781592597441],[-97.129610011679603,32.61678362133916],[-97.129574588848627,32.616783277143078],[-97.129393531492056,32.616780810791859],[-97.129283178818497,32.616781403200918],[-97.129171052888395,32.616780404820958],[-97.128941377970634,32.616779989309137],[-97.128761003816308,32.616779727507968],[-97.128420192606782,32.616779234933105],[-97.128225319288831,32.616778951928268],[-97.128024920589553,32.616778661657378],[-97.127835577956233,32.616778386863182],[-97.127640693987132,32.616778102822757],[-97.127495299583771,32.616777892227908],[-97.127445853690332,32.61677781986117],[-97.127387488352994,32.616777734519559],[-97.127250958003373,32.616777535079251],[-97.127056072958609,32.616777251010937],[-97.126813237108976,32.616776897029148],[-97.126762947226169,32.616776823170284],[-97.126692859785535,32.616776721452574],[-97.126440844488528,32.616776352663663],[-97.125855693679355,32.616775437025289],[-97.124384084733833,32.61677877606617],[-97.124289589731148,32.616780154876388],[-97.123999013444802,32.616799044892247],[-97.123711608330851,32.616839902671387],[-97.123429686461904,32.616902398531799],[-97.123155518910636,32.616986030094047],[-97.122891312302684,32.617090122921525],[-97.122639194804009,32.61721384118507],[-97.122401193765796,32.61735618651069],[-97.122179228018553,32.617516014124469],[-97.121975083298807,32.617692037086179],[-97.121790402479689,32.617882837901888],[-97.12162667471982,32.618086881026201],[-97.121485216115175,32.618302523466845],[-97.121367167355046,32.618528028283627],[-97.121273478534661,32.61876158155291],[-97.121204904747543,32.619001301334791],[-97.121161996153603,32.619245259206444],[-97.121145406825732,32.619475346009828],[-97.12113924551673,32.619749739002302],[-97.121136083003279,32.619890219755995],[-97.121132325204115,32.620057262040888],[-97.121128521980779,32.620226201416145],[-97.121125091269136,32.620378612215958],[-97.121121998626833,32.620516028188284],[-97.121118906058854,32.620653438749606],[-97.121116788380988,32.62074750855556],[-97.121115860148137,32.620788802517701],[-97.121112720768423,32.620928267985988],[-97.121109629489041,32.621065662325798],[-97.121106533630282,32.621203076456077],[-97.12110344166048,32.621340514078319],[-97.121100349217002,32.621477912913178],[-97.121097864311764,32.621588303913008],[-97.121097256190467,32.62161534871889],[-97.121094162746218,32.621752742130163],[-97.121090351388787,32.621922127847185],[-97.121086331441859,32.622100769240227],[-97.121082377095732,32.622276417056213],[-97.121078222023144,32.622460950856897],[-97.12107767475409,32.6224853772232],[-97.121072262704402,32.62272634872545],[-97.121071615014031,32.622761714913523],[-97.121067713373833,32.622927983561588],[-97.121064381386958,32.623075940065313],[-97.121063864818808,32.623098936360321],[-97.121063304870731,32.62312383608235],[-97.121059966304031,32.623272078414132],[-97.121056874637858,32.623409487171074],[-97.121053779821395,32.62354689228485],[-97.121050686734847,32.623684322670442],[-97.1210487766282,32.623769192698404],[-97.121047594592412,32.623821760281217],[-97.121044502270024,32.623959140167933],[-97.121041408382936,32.624096551603174],[-97.121041227472418,32.624104572887248],[-97.120652042142055,32.624102694869428],[-97.120520327523224,32.624102684012449],[-97.120388751743889,32.624108730104254],[-97.120257593187844,32.624120820352722],[-97.120127129356106,32.624138929177697],[-97.119827355924429,32.624133116281975],[-97.119676582445223,32.62411342597656],[-97.119525096803869,32.624100293930915],[-97.11937318413203,32.624093744862655],[-97.11869799444888,32.624078416684597],[-97.118617887169748,32.624077434163574],[-97.117892610032271,32.624076107174815],[-97.117767687034387,32.624076163373701],[-97.117642894417571,32.624081869628583],[-97.117518487593458,32.624093214260533],[-97.117394721184127,32.624110174050614],[-97.117158327189856,32.62410972253641],[-97.117047987091667,32.624111097982087],[-97.116757385306215,32.624129971041903],[-97.116469953165137,32.624170812045286],[-97.116188002958708,32.624233291445087],[-97.115913805987788,32.624316906994522],[-97.115649569114694,32.624420984385736],[-97.115397420749147,32.624544687914074],[-97.115159388490653,32.624687019323822],[-97.114937391421151,32.624846833953434],[-97.114733215529299,32.62502284496707],[-97.114548503939147,32.62521363496694],[-97.114384746057169,32.625417668494755],[-97.11424325822172,32.625633302635464],[-97.114125181357466,32.625858800515807],[-97.114031465785928,32.626092348267896],[-97.113962866816166,32.626332063996422],[-97.11391993481044,32.626576019310903],[-97.113904972723617,32.62675650457259],[-97.113856699747728,32.627856465431073],[-97.113850726472961,32.627992581984586],[-97.113848739025173,32.628060434962336],[-97.113829659520917,32.629444111264675],[-97.113838955226285,32.629686432849574],[-97.113874267109878,32.629931261793551],[-97.113935370820414,32.630172425671326],[-97.114021776682662,32.63040798440106],[-97.114132788640504,32.630636039775744],[-97.114267513503492,32.630854757214777],[-97.114424865062347,32.631062374831103],[-97.11460357873608,32.631257220733929],[-97.114802213488716,32.631437726582448],[-97.115019170840625,32.631602438623851],[-97.115252705327336,32.631750030440536],[-97.115500933909018,32.631879314783319],[-97.115761860412917,32.631989248357463],[-97.116033382744035,32.632078948139956],[-97.116313315283548,32.632147690730811],[-97.116599402580306,32.632194923330417],[-97.116889342788852,32.632220264905094],[-97.117034003883447,32.632224644443284],[-97.117508218791286,32.632230052558612],[-97.117632676800469,32.632294870856377],[-97.117893607160326,32.63240479994878],[-97.118165132911756,32.63249449506781],[-97.118445068408278,32.632563232851112],[-97.118731158174995,32.632610460537784],[-97.119021100346529,32.632635797133673],[-97.119312558313624,32.632639038953279],[-97.119603187373542,32.63262015991701],[-97.119890645395373,32.632579311669836],[-97.120172619470836,32.632516823876891],[-97.120376723670844,32.632455576936593],[-97.120447006789036,32.63243356879579],[-97.120764025836024,32.632330589634648],[-97.121070426969595,32.63233329438318],[-97.121063585934593,32.632633429837945],[-97.121063261596021,32.632650352169847],[-97.121063205706449,32.63271867669495],[-97.121068444507586,32.633096559220967],[-97.121071798247499,32.633338855499254],[-97.121078551121855,32.633825884581903],[-97.121078881404344,32.633849872443754],[-97.12107914349123,32.633868774642984],[-97.121079492012328,32.633888082754801],[-97.121080774311224,32.633945931254353],[-97.121089736618373,32.634104825405224],[-97.12112507022745,32.634349652250926],[-97.121186196646548,32.634590812524664],[-97.121272626017841,32.634826366173286],[-97.121383662095838,32.635054415030808],[-97.12151841149597,32.635273124569004],[-97.121675787811284,32.635480732964524],[-97.121854526261529,32.635675568400863],[-97.122053185611151,32.635856062621365],[-97.12227016718245,32.636020761966925],[-97.122503725316008,32.636168340122012],[-97.122751976781558,32.636297609947825],[-97.123012925221886,32.636407528266126],[-97.123284468365569,32.636497212176934],[-97.123564420426064,32.636565938407912],[-97.123850525795021,32.636613154291453],[-97.124140482481508,32.636638478928283],[-97.124327721751925,32.6366430971634],[-97.124967848518139,32.63664326107979],[-97.125446643175934,32.636645812273947],[-97.125814981213466,32.636648150085946],[-97.126387398001299,32.636651782594967],[-97.126943341811867,32.636655306941954],[-97.127317728347478,32.636657679229984],[-97.128062099756647,32.636662389815676],[-97.128383908140933,32.636664428584126],[-97.129020847768913,32.636668456940498],[-97.129181327822607,32.636669470503122],[-97.129270651734601,32.636668994772734],[-97.129491719921901,32.63666524653884],[-97.129784084396974,32.636668415008792],[-97.129855407313528,32.63667035658937],[-97.12989867126737,32.636671332799139],[-97.129865030201032,32.636788953202782]]],[[[-97.129097513127675,32.651186062114299],[-97.129227045037382,32.651187179412574],[-97.129356485260331,32.651182180145142],[-97.129485545130066,32.651171075460937],[-97.12961393682842,32.651153890124675],[-97.129871214133289,32.651156645371181],[-97.130494301334551,32.651163314362783],[-97.130638841521673,32.651162140520199],[-97.130929528746094,32.651143234982577],[-97.131217041471629,32.651102360537763],[-97.131499066349988,32.651039847061853],[-97.131773331100291,32.650956197165719],[-97.132037627980864,32.650852085550433],[-97.132289827818823,32.650728348336507],[-97.132527902385789,32.65058598420913],[-97.132749932113441,32.650426138266297],[-97.132954130681057,32.6502500977764],[-97.133138854790431,32.650059280557429],[-97.133302615018991,32.649855222466314],[-97.133444095170191,32.649639566785865],[-97.133562154610345,32.649414050718235],[-97.133655843449574,32.649180488413194],[-97.133724406938384,32.648940761994794],[-97.133767295386249,32.648696800022883],[-97.133779522134688,32.64851828863106],[-97.133961550467447,32.648387235431279],[-97.134165741950724,32.648211192935378],[-97.134350459221181,32.6480203738993],[-97.134514212911228,32.647816314194721],[-97.134655686877011,32.647600657117266],[-97.134773740534555,32.647375139880445],[-97.134867424040692,32.647141576643484],[-97.134935982688731,32.646901849537862],[-97.134978866827069,32.646657887128818],[-97.134995728792163,32.646411655361256],[-97.134995702027766,32.646338506728],[-97.134974264672877,32.645006843176247],[-97.134964997782632,32.644833472483455],[-97.134929621883671,32.644588649667995],[-97.134868451299681,32.644347496246816],[-97.134781976639246,32.644111952142985],[-97.134670894870411,32.643883915341796],[-97.134536100053211,32.643665220145614],[-97.134378679208979,32.643457628112216],[-97.134199897657155,32.643262810760163],[-97.134001197088025,32.643082336022999],[-97.13378417654188,32.642917657220622],[-97.133550581944945,32.642770100321286],[-97.133302296697849,32.642640852117033],[-97.13304131723423,32.642530955448905],[-97.132769745813675,32.642441292896372],[-97.132489768131251,32.642372587435972],[-97.132203639635136,32.64232539147006],[-97.131913662100303,32.642300085668978],[-97.131770556972313,32.642295741707578],[-97.131121085581412,32.642288143588935],[-97.130649506984838,32.642276473202358],[-97.130608969503157,32.642275684286084],[-97.129999685593489,32.642267040816634],[-97.129911792325231,32.642266799678005],[-97.129627682891069,32.642269272201723],[-97.129524769471104,32.642260288862708],[-97.12938869112449,32.642256030539194],[-97.129302121110641,32.642254866504985],[-97.128191033308966,32.642243059688241],[-97.128172332091083,32.64224290717334],[-97.127603974561765,32.642239636611578],[-97.12747852308749,32.64224096366798],[-97.127187864243339,32.642259861133411],[-97.126900378267962,32.642300726262711],[-97.126618377884512,32.642363229314633],[-97.126344134798089,32.64244686785181],[-97.126079856242043,32.64255096738146],[-97.125827670962138,32.642674692020549],[-97.125589606854362,32.642817043343534],[-97.125367583257741,32.642976876528323],[-97.125163386374311,32.643152904589726],[-97.124978659496776,32.64334370999277],[-97.124814892155484,32.643547757155076],[-97.124673400764422,32.643763403051778],[-97.124555326277331,32.643988910714853],[-97.124461618996563,32.644222466197689],[-97.12439303416464,32.644462187542615],[-97.124350122029838,32.644706146314064],[-97.124333138138113,32.644959953369714],[-97.124304955062314,32.648101878925338],[-97.124304031011718,32.648165568836063],[-97.124313329340282,32.648409829151497],[-97.124348677516267,32.648654654955656],[-97.124409822520803,32.648895813519658],[-97.124496274346768,32.649131364804141],[-97.124607336567891,32.649359410662228],[-97.124742115589314,32.649578116589886],[-97.124899524765226,32.649785720792742],[-97.125078299051154,32.649980551488049],[-97.125276996922892,32.650161040457547],[-97.125494019392434,32.650325734084227],[-97.12572762047148,32.650473306098633],[-97.1259759165834,32.650602569411561],[-97.126236911011858,32.650712480897027],[-97.126410221519848,32.650772438924584],[-97.126422624333927,32.650776364997583],[-97.126439250103971,32.650781586911584],[-97.126459267365576,32.650787823996176],[-97.126479956142731,32.650794206495902],[-97.126499080840006,32.650800046786792],[-97.126526959874298,32.650808457813618],[-97.126555921896724,32.650817085543778],[-97.126575522139404,32.650822852617694],[-97.126592163317426,32.650827699492005],[-97.126608426174698,32.650832399679864],[-97.126623872377834,32.650836826577027],[-97.12664480039939,32.650842767961507],[-97.126665566958224,32.65084860293657],[-97.126680610739896,32.650852787274864],[-97.126701756957132,32.65085861381624],[-97.126721888118055,32.650864105346635],[-97.126743389771391,32.650869904245425],[-97.126763376296296,32.650875235435464],[-97.126781565125441,32.65088003356157],[-97.126812679252552,32.650888132168568],[-97.126843728518949,32.650896082139198],[-97.126868155318789,32.650902238047436],[-97.126893652929184,32.65090857083937],[-97.12691883109477,32.650914741359671],[-97.126944301806901,32.650920883543321],[-97.126971765434789,32.650927413027112],[-97.126995575515309,32.650932983072465],[-97.127020521300835,32.650938738835251],[-97.127044218074587,32.650944121827443],[-97.127067192472637,32.650949270451626],[-97.127086903048479,32.650953627194433],[-97.127114669500457,32.650959671166127],[-97.127142422593792,32.650965613971408],[-97.127164377530505,32.650970230009264],[-97.127193638282165,32.650976296797552],[-97.127216024807495,32.650980855366889],[-97.127233478849149,32.650984361902651],[-97.127259585109456,32.650989529782962],[-97.127281983246903,32.65099388914939],[-97.127302060933857,32.650997739442275],[-97.127315925003117,32.651000449587336],[-97.127369453478039,32.651012347510758],[-97.127424468035684,32.651024110319248],[-97.127473950479214,32.651034301275523],[-97.127527066524365,32.651044811962905],[-97.127576173163988,32.651049516991669],[-97.127630999865175,32.651061021492851],[-97.127672461067945,32.651069493085707],[-97.127733879145893,32.651079768950567],[-97.127781718378301,32.651087572339058],[-97.127837267353144,32.651096421427404],[-97.127885171779383,32.651103870148667],[-97.127947170995057,32.65111310522628],[-97.127995440186126,32.651118472748571],[-97.128045451741102,32.651123677320001],[-97.128093808584282,32.651128547023092],[-97.128150213614191,32.651134016098581],[-97.128198639934723,32.651138529376944],[-97.128248864134292,32.651142805457376],[-97.128303172458772,32.651150951580952],[-97.12835947050911,32.65115527216583],[-97.128408027553789,32.651158638690973],[-97.128465106457298,32.651162168772146],[-97.128514196668775,32.651164836762995],[-97.128538508662487,32.651166078437612],[-97.128858442405459,32.651181086520367],[-97.129000776610596,32.651185117621338],[-97.129097513127675,32.651186062114299]]],[[[-97.078462743477345,32.687097203845568],[-97.078557834064583,32.687098749256002],[-97.078754398700909,32.687099952159585],[-97.078957094895927,32.687087878555509],[-97.079045270395653,32.6870816756173],[-97.079174208501513,32.687071919989329],[-97.079197044010471,32.687070101392933],[-97.079245859903963,32.687066215155689],[-97.079269010436718,32.687064371288294],[-97.079354032709148,32.687057602651215],[-97.079526759725226,32.687043851462022],[-97.079648619560473,32.687034008990629],[-97.079665688038233,32.687033012740301],[-97.079685820664807,32.68703214712415],[-97.079700885761795,32.68703171329674],[-97.079715187269116,32.687031477272441],[-97.079728723890412,32.687031386726439],[-97.080235803427669,32.687041758710123],[-97.080356647005203,32.687045536830702],[-97.080477528991509,32.687043303042543],[-97.080598150482004,32.687035062869128],[-97.080718213216173,32.687020836685917],[-97.080741397033094,32.687022313725748],[-97.080891256570865,32.687031860643657],[-97.080945771398873,32.687034944703278],[-97.081214139082093,32.687038822767434],[-97.081434089572852,32.687034317944764],[-97.081550576382085,32.687030164845048],[-97.0816668830265,32.687022471378555],[-97.081782901929202,32.687011244661299],[-97.081832525202785,32.68700567646416],[-97.082531700524541,32.68699618952779],[-97.082839247563072,32.686998937329726],[-97.08297559421149,32.686997736544782],[-97.083266408805699,32.686978942612924],[-97.083554059407732,32.686938178591909],[-97.08383623155909,32.686875773469261],[-97.084110651792855,32.686792228982995],[-97.084375111114866,32.686688218985552],[-97.084627479044798,32.686564578778643],[-97.084865726000373,32.686422306267531],[-97.08508793102466,32.686262545811282],[-97.085292306385725,32.686086583990431],[-97.08547720736199,32.685895837989932],[-97.085641143106017,32.685691843092492],[-97.085782796008743,32.68547624207276],[-97.085901024044446,32.685250771692289],[-97.085994875966961,32.685017245733263],[-97.086063595712631,32.684777546026837],[-97.086106632334548,32.684533600918556],[-97.086123636939618,32.684287376213071],[-97.086123918564098,32.68424267670153],[-97.08612379285195,32.684204741319661],[-97.086248530588577,32.684154634430094],[-97.086370488293412,32.684098096641378],[-97.086489334686334,32.684035281530065],[-97.086604746938676,32.683966359724138],[-97.086634163288878,32.684170632249575],[-97.086695230358117,32.684411809000053],[-97.086781616744048,32.684647386165544],[-97.086892626547979,32.684875465390732],[-97.087027366596644,32.685094211903056],[-97.087184750558123,32.685301863581117],[-97.087363513592067,32.685496748260618],[-97.087562214263954,32.685677297287988],[-97.087779253563951,32.685842056563004],[-97.088012885368798,32.685989699288235],[-97.088261225853188,32.68611903780409],[-97.088522277945586,32.686229028380154],[-97.088793938538387,32.686318787534383],[-97.089074020900242,32.686387591388794],[-97.089360268372431,32.686434886650375],[-97.089650377820931,32.686460291781152],[-97.089790391512622,32.686464644791599],[-97.089809590094944,32.686464891603258],[-97.089896297704115,32.686466008489134],[-97.089978836129731,32.686467070774896],[-97.090059946787136,32.686468114996266],[-97.090232050507254,32.68647032986604],[-97.090329363475774,32.686471582141237],[-97.090409755457813,32.686472617076596],[-97.090471641947644,32.686473414019893],[-97.090623381157826,32.686472372295277],[-97.09091419241355,32.686453560459753],[-97.091201837804462,32.68641277872937],[-97.091484002914115,32.686350356234108],[-97.091758414332219,32.686266794851981],[-97.092022863135682,32.686162768571357],[-97.092275218928734,32.686039112825313],[-97.092513452227053,32.68589682564383],[-97.09273564218357,32.685737051504461],[-97.092940001187785,32.685561077097795],[-97.093124884649725,32.685370319709982],[-97.093288801863068,32.685166314715538],[-97.093430435368006,32.684950704970426],[-97.09354864329508,32.684725227306437],[-97.093642474559843,32.68449169556429],[-97.093711173265149,32.684251991621849],[-97.093754188633426,32.684008043858604],[-97.093771213735351,32.683758975784869],[-97.09379014678828,32.682344528330056],[-97.093780879932382,32.682103691858089],[-97.093745602684464,32.681858857712378],[-97.0936845182312,32.681617684398645],[-97.093598116487826,32.681382111999611],[-97.093487093834966,32.6811540387287],[-97.093352343857461,32.680935299181833],[-97.093223122368158,32.680764817836213],[-97.093364064698051,32.680589397160929],[-97.093505690724029,32.680373787282612],[-97.093623892370573,32.680148309497511],[-97.093717718603841,32.679914777647419],[-97.09378641356713,32.679675073610852],[-97.093829426512855,32.679431125768204],[-97.09384293978799,32.679280297950847],[-97.093847674150211,32.679197122392914],[-97.093853865183689,32.679088346653565],[-97.093857332463898,32.67899298560706],[-97.093848149365343,32.678746463567251],[-97.093812873265108,32.678501629401765],[-97.093751790937404,32.678260456082924],[-97.0936653922804,32.678024883693418],[-97.093554373649965,32.677796810446601],[-97.093419628598554,32.677578070938146],[-97.093342213592479,32.677475935176076],[-97.093579147876966,32.677423509434561],[-97.093853529753716,32.67733994338878],[-97.094117949534265,32.677235912603955],[-97.09437027705664,32.677112252549293],[-97.094608483064007,32.676969961289707],[-97.094830646929097,32.676810183335327],[-97.094952271574343,32.676705438054057],[-97.094952185129856,32.676725401538626],[-97.094950107983053,32.677207243462298],[-97.094959563309231,32.67742702534165],[-97.094994842142711,32.677671859193708],[-97.095055927439958,32.677913031907906],[-97.095142329674985,32.678148603331387],[-97.095253352821373,32.678376675155214],[-97.095388103598495,32.67859541266629],[-97.095545495587999,32.678803053815791],[-97.095724263884733,32.678997926524012],[-97.095922967011944,32.679178462233942],[-97.096140005939901,32.679343206952531],[-97.096373634548186,32.67949083399931],[-97.096621969037542,32.679620155841342],[-97.096883012384268,32.679730128882063],[-97.097154661551457,32.6798198697808],[-97.097434729899575,32.679888654806511],[-97.097720960882938,32.679935930817898],[-97.098011051500109,32.679961316431786],[-97.098163936636567,32.679965803594563],[-97.09959900498265,32.679979330787589],[-97.100918464555519,32.679992480844646],[-97.101709691363183,32.680000360538536],[-97.101903100799674,32.680003710140824],[-97.102004388398385,32.680006611584069],[-97.102194649581151,32.680008751927581],[-97.103431129363514,32.680041519176385],[-97.10365145966189,32.680046986063466],[-97.103809688318691,32.680046834664317],[-97.104080406083966,32.680070511910536],[-97.104212696445174,32.680074743035362],[-97.105800795585807,32.680098147922507],[-97.105960118277494,32.680097191648457],[-97.10625090541545,32.680078343904803],[-97.106538523123135,32.680037526650629],[-97.106820657207152,32.679975069301825],[-97.10709503450704,32.67989147401709],[-97.107359446374602,32.679787415057973],[-97.107431599619673,32.679752045251682],[-97.107549552169701,32.679813455695268],[-97.107810609609004,32.679923405770225],[-97.108082270403315,32.680013122770376],[-97.108362347819281,32.6800818831572],[-97.108648585238285,32.680129133987812],[-97.108938679606993,32.680154494081798],[-97.109066669364054,32.680158654733994],[-97.110230086878801,32.680177059907763],[-97.110727248190315,32.680184922271216],[-97.111715016310711,32.680200535299136],[-97.111869732483939,32.680199685907183],[-97.111913329448726,32.680203495712249],[-97.111982544345608,32.680206274102623],[-97.112655584390353,32.680227212600329],[-97.112877983301999,32.6802276915042],[-97.113168769398868,32.680208827566453],[-97.113456384350116,32.680167994294877],[-97.113738513984643,32.680105521234246],[-97.114012885177758,32.680021910669879],[-97.114277289330502,32.679917836986249],[-97.114529596406285,32.679794135998023],[-97.11476777731356,32.679651806099301],[-97.114836950492489,32.679602039676141],[-97.114987585741105,32.679638266650116],[-97.115139628535971,32.679668038453848],[-97.115292802385511,32.679691300946978],[-97.115446828741312,32.679708011826392],[-97.115601427504643,32.679718140703159],[-97.115756317535883,32.679721669157807],[-97.115879130581973,32.6797222621326],[-97.116037226726846,32.679753234232038],[-97.116196523925154,32.679777277205623],[-97.116356718632332,32.679794345238903],[-97.116517505593592,32.679804405808333],[-97.116678578425578,32.679807439743279],[-97.117090214764914,32.679807217193705],[-97.117275839762456,32.679807850607979],[-97.117488840585267,32.679808577406561],[-97.117821991430233,32.679809708326232],[-97.117927929717212,32.679864851258863],[-97.118189000149769,32.679974779521714],[-97.118460671579982,32.680064473824153],[-97.118740757188576,32.680133210810069],[-97.119027000290984,32.680180437725404],[-97.119317097788183,32.68020577358191],[-97.119608711818941,32.680209014700239],[-97.119899496424964,32.680190135006463],[-97.120058464220264,32.68017033501431],[-97.120646151414022,32.680084532692064],[-97.120697544191245,32.680076668851278],[-97.120927320357126,32.680039895668308],[-97.120988282127811,32.680029627968963],[-97.121496920086841,32.67993967101453],[-97.121610824362662,32.679919512319827],[-97.122584189817914,32.679747232232842],[-97.122656274983754,32.679733598532472],[-97.123925775225288,32.67948048771877],[-97.124143759403538,32.679430201045378],[-97.124418118717728,32.679346567495948],[-97.12468250867083,32.679242471661489],[-97.124934799340309,32.679118749535384],[-97.125172961766978,32.678976399681439],[-97.125395075674248,32.678816567082634],[-97.125488346297885,32.678736194969161],[-97.125540576876162,32.678753436387971],[-97.125820663828506,32.67882215741438],[-97.126106906469715,32.678869368017892],[-97.126397001704305,32.678894687341732],[-97.126688611689417,32.678897911839613],[-97.126979390499201,32.678879015571276],[-97.127272500248154,32.678837143319925],[-97.127437345818421,32.678806735766543],[-97.127708450400078,32.678746245890821],[-97.127982804246543,32.678662604465416],[-97.128247187987682,32.678558501040499],[-97.128499471750914,32.678434771670446],[-97.128737626632713,32.678292414977513],[-97.1289597324173,32.678132575999641],[-97.129164002171905,32.67795654194915],[-97.129348792025539,32.677765730592078],[-97.129512612025479,32.677561677738169],[-97.12965414549474,32.67734602662803],[-97.129772251369843,32.677120514427024],[-97.129865979387361,32.676886955253671],[-97.12993457448222,32.676647231206871],[-97.129977486710175,32.676403270827336],[-97.12999436818076,32.676157040043343],[-97.12999460190052,32.676107167759533],[-97.12999409505764,32.67602323441092],[-97.129992948030662,32.675832480624564],[-97.129983430819365,32.675635793831212],[-97.129948056382887,32.675390969906964],[-97.129886878113297,32.675149814336883],[-97.1298003866806,32.674914267061354],[-97.129689279188113,32.674686226091211],[-97.129554449903026,32.674467525762473],[-97.129396986124803,32.674259927674292],[-97.129218153517883,32.674065103393929],[-97.12905356757318,32.673915651776611],[-97.129043832600161,32.671207170817425],[-97.129070045725754,32.670955633514396],[-97.129082366290632,32.670746835253809],[-97.129084717976895,32.670560211915301],[-97.129075345179061,32.670320331136814],[-97.129039975360726,32.670075506895429],[-97.128978803215404,32.669834350820501],[-97.128892319363942,32.669598802856434],[-97.12878122084841,32.669370761019756],[-97.128646401863861,32.669152059653385],[-97.128488949626686,32.668944460364756],[-97.128310129708566,32.668749634730837],[-97.128111384109218,32.668569150752063],[-97.12789431223149,32.668404461822639],[-97.127660660414378,32.668256893992393],[-97.127412312520093,32.668127634141541],[-97.12715126548575,32.668017725204756],[-97.12687962211541,32.667928049860372],[-97.126599568683091,32.667859331187948],[-97.126313361247256,32.667812121696258],[-97.126023302217703,32.667786802164436],[-97.125877556133233,32.667782421747319],[-97.124196599423755,32.667765197046123],[-97.124050819456343,32.667762528615299],[-97.124016027221217,32.667762221611291],[-97.123905006395105,32.667762548202248],[-97.123413741298222,32.667760752989793],[-97.123344322676175,32.66776161595746],[-97.12320913248503,32.667757537010367],[-97.12297235511538,32.667754868625224],[-97.122825596600222,32.667755987311814],[-97.122678989597915,32.66776274749725],[-97.122532750891352,32.667775139185451],[-97.122387096718839,32.667793144053249],[-97.122242242454362,32.667816735477444],[-97.122098402289097,32.667845878574177],[-97.121939421510561,32.667815858938646],[-97.121779279833632,32.667792821799807],[-97.121618283781402,32.667776811252459],[-97.121456741512347,32.667767857941982],[-97.121294962230422,32.667765979005686],[-97.121133255593264,32.667771178039985],[-97.120896478955572,32.667783505164039],[-97.120801774311019,32.667788432166276],[-97.120701051984355,32.667793675570621],[-97.119712591830051,32.667798717814264],[-97.119485663188797,32.667799918565088],[-97.119402876688739,32.667801249437247],[-97.119112132519334,32.667820127979191],[-97.11882456013484,32.667860974368807],[-97.118542472953678,32.667923459015739],[-97.118268143379865,32.668007079630797],[-97.118003779343042,32.66811116186534],[-97.117751510277103,32.668234869975727],[-97.117513364752014,32.668377205669266],[-97.117291262763047,32.668537024249737],[-97.117086991142898,32.668713038849617],[-97.116902193785819,32.668903832042069],[-97.116738360790194,32.66910786834314],[-97.116596809097913,32.669323504815289],[-97.11654986134613,32.669413124765462],[-97.116261960259067,32.669411400157053],[-97.11623866911367,32.669411258804196],[-97.116192403398472,32.6694112573973],[-97.115970020506637,32.669412588100492],[-97.11592462393061,32.669413127497378],[-97.115635323368892,32.669418277243778],[-97.115600688525632,32.669419050117625],[-97.115309938255066,32.669437919757662],[-97.115022358887245,32.66947875734094],[-97.114740263896607,32.669541233347793],[-97.114465925750238,32.669624845558765],[-97.114201552446644,32.669728919692815],[-97.11394927349437,32.669852620071524],[-97.113711117543005,32.669994948464428],[-97.113489004671706,32.670154760234219],[-97.113284721800724,32.670330768567979],[-97.113099912915004,32.670521556089462],[-97.112936068205556,32.670725587360295],[-97.112794504708688,32.670941219483545],[-97.112737125337119,32.671050740061133],[-97.11226633996732,32.671037035250293],[-97.112051643297519,32.671036786274335],[-97.111920794642742,32.671045274585779],[-97.111882276081701,32.671043967439637],[-97.109828897021416,32.671005544813774],[-97.108983989220206,32.670989726376305],[-97.108134468044071,32.670973815312919],[-97.1073766952385,32.67095961899124],[-97.107338562237345,32.670959093998817],[-97.107119556598661,32.670957622924277],[-97.107115558649724,32.670866225636487],[-97.107091859632703,32.670701899003113],[-97.10710041277909,32.670658490024223],[-97.107106568826254,32.670620863292775],[-97.107123322565556,32.670498279833083],[-97.107133553867939,32.670374980551564],[-97.107137233956166,32.670251312247935],[-97.107138477969841,32.669851515247281],[-97.107147942303811,32.669723718572229],[-97.107183271590657,32.669246652114708],[-97.107189342479842,32.669111259463712],[-97.107189616884284,32.66908205453889],[-97.107191623455847,32.668437418500154],[-97.107190435015809,32.668355489282554],[-97.107184189643746,32.668161157385406],[-97.107182725331157,32.668124580678295],[-97.107173421597736,32.667930335333651],[-97.107166580997799,32.66783152501165],[-97.107160216584987,32.667770291343977],[-97.107139093702244,32.66759016344637],[-97.107135441661484,32.667560644815659],[-97.107112021019077,32.667380722928684],[-97.107086729203274,32.667226644713004],[-97.107025618599806,32.66698547780112],[-97.106939195716421,32.666749914526889],[-97.106828157103934,32.666521853030098],[-97.106693396475578,32.666303127812064],[-97.106536000577734,32.666095500672455],[-97.106357234528531,32.665900643412229],[-97.106158539894125,32.665720124286729],[-97.105941515667027,32.665555396973083],[-97.105707907802724,32.665407787829842],[-97.105459599809805,32.665278484070306],[-97.10534970483144,32.665232189304319],[-97.105345781595631,32.664113169389267],[-97.105350097159331,32.663411936870126],[-97.105340641212806,32.663187595907409],[-97.105305339625289,32.662942764838029],[-97.105244236802363,32.662701597005643],[-97.105157822807342,32.662466032448933],[-97.105046794119531,32.662237969318156],[-97.10491204437217,32.66201924212757],[-97.104754660223961,32.661811612692858],[-97.104575906698599,32.661616752833403],[-97.104400173093538,32.661457080891189],[-97.10392588596487,32.660846906162448],[-97.103864769844748,32.660771068281704],[-97.103787452191483,32.66068231789928],[-97.101841614262781,32.658539995197835],[-97.100621858640068,32.657170885601687],[-97.10053858431661,32.657081380978887],[-97.100451688819732,32.65699538758917],[-97.100361320069382,32.656913051816815],[-97.100267631897864,32.656834513819831],[-97.100170783788116,32.656759907291381],[-97.100070940602095,32.656689359232182],[-97.100083343895534,32.655914475313146],[-97.100083712707814,32.655880099929504],[-97.100083798425814,32.655855573714355],[-97.100083848465147,32.655835748703765],[-97.100085370765981,32.655750687796356],[-97.100085712935709,32.65571022067676],[-97.100086420907473,32.655428747342533],[-97.10008715432113,32.655135710124796],[-97.100087196544294,32.655119629716133],[-97.100087280297856,32.655086159331496],[-97.100087362844974,32.65505290087993],[-97.100087336731463,32.655034729095561],[-97.100086175714409,32.654817620454295],[-97.10008650152372,32.654687842457299],[-97.100086848522224,32.654549207134231],[-97.100087190038664,32.654412950060113],[-97.100087535225526,32.654275512438922],[-97.100087876513157,32.654139337433762],[-97.100089222367558,32.653916652637015],[-97.100091134885147,32.653723101102841],[-97.100082075973745,32.653472975023909],[-97.100046792731561,32.65322814236368],[-97.099985710857524,32.652986971849565],[-97.099899320246536,32.652751403541885],[-97.099788317189393,32.652523335620899],[-97.099653595113097,32.652304602639617],[-97.099496240453391,32.652096966460299],[-97.099317517996724,32.651902098956576],[-97.09911886895793,32.651721568466321],[-97.098901891962655,32.651556828758061],[-97.098668332586115,32.651409206290204],[-97.098420073946414,32.651279888383385],[-97.098220260946093,32.651193493601475],[-97.097964091162851,32.65109201101231],[-97.09787560472725,32.651053319620985],[-97.097840929553328,32.651036343913525],[-97.09757897200258,32.65092599982502],[-97.097274349146247,32.650811962434027],[-97.097004782027881,32.650722968437037],[-97.096924674192493,32.650700919106868],[-97.096635777577774,32.650624889871054],[-97.096435909629079,32.650578152655413],[-97.096373916421641,32.650565985123912],[-97.095932054112268,32.650483108519822],[-97.095707911952715,32.650447996221992],[-97.095596630093638,32.650435618093248],[-97.094855510594741,32.65036416990084],[-97.094795151738708,32.650359774618359],[-97.094270870552336,32.650311532114173],[-97.094199583482492,32.650300865462803],[-97.094024392352239,32.650282865021587],[-97.093534991221134,32.650243954892957],[-97.093420189725805,32.650236560334726],[-97.093128675003086,32.650233257732637],[-97.092837982732917,32.650252074782038],[-97.092550455126556,32.650292860365283],[-97.092268405242379,32.650355285381174],[-97.091994105183829,32.650438848020912],[-97.091729762643197,32.650542874402568],[-97.09147750688048,32.650666529232197],[-97.09123936635973,32.650808814645821],[-97.091017261034835,32.650968586352512],[-97.090812977765651,32.651144557861834],[-97.09062816054039,32.651335312093792],[-97.090464299616556,32.651539313878622],[-97.09032271216148,32.651754920556264],[-97.090204539902658,32.651980395474894],[-97.09011073392891,32.652213924951447],[-97.090042050277958,32.652453627237747],[-97.089999039992861,32.652697574051359],[-97.089982052168935,32.652943799627288],[-97.089982926452066,32.652967312210542],[-97.089291511737159,32.652955784736413],[-97.088341252053013,32.652937854914562],[-97.088269534345727,32.657904299685427],[-97.088395040633216,32.658513900368597],[-97.088681910409264,32.659015923397952],[-97.089076358346873,32.659607593170279],[-97.090062474785199,32.660719215754398],[-97.090528638717856,32.661651543928009],[-97.090761722565674,32.662368720419281],[-97.090797580502354,32.663211402946054],[-97.090725862374427,32.669809422318153],[-97.093666285081454,32.669845281780731],[-97.093954762076123,32.670933649811047],[-97.093949001299691,32.67092775200252],[-97.093936821675513,32.670915494376644],[-97.093925447310895,32.670904168510283],[-97.093909547642454,32.670888520009399],[-97.093886967342755,32.67086668098591],[-97.093868362741077,32.670848991519151],[-97.093840791019204,32.670823311600884],[-97.093822212561591,32.670806329513063],[-97.093798336603186,32.670784902402303],[-97.093777319379626,32.67076637750224],[-97.093749780397332,32.670742607257225],[-97.093726078023892,32.670722543967422],[-97.093710245915091,32.670709368314554],[-97.093672270451208,32.670678417997834],[-97.093644754643051,32.670656555510938],[-97.093613406277001,32.670632214487249],[-97.093592542164984,32.670616349189807],[-97.093560362778305,32.670592369423076],[-97.093535129803882,32.670573955475213],[-97.093511267151797,32.670556882834354],[-97.093477029770668,32.670532905894618],[-97.09344987070611,32.670514312283586],[-97.093433667952439,32.670503404284503],[-97.093414920987954,32.67049094596284],[-97.09339848165375,32.670480164251551],[-97.093383321739083,32.670470335906764],[-97.093366680053691,32.670459673655913],[-97.09334565992647,32.67044639410183],[-97.093329791863795,32.670436506321586],[-97.093301835624786,32.670419371040936],[-97.093265400550067,32.670397557160634],[-97.093241035061652,32.670383289995456],[-97.093225250580417,32.670374185998028],[-97.093194258967799,32.670356622180556],[-97.093166227543051,32.670341073362273],[-97.093147575502883,32.670330907804129],[-97.093131233733814,32.670322116754662],[-97.093104714884291,32.670308084015048],[-97.093059272560666,32.670284665472977],[-97.093034988397775,32.67027247175556],[-97.093010119611108,32.670260229020997],[-97.092975372423496,32.670243479407787],[-97.092959800254405,32.670236122057212],[-97.092932730521412,32.670223548627831],[-97.092890795508609,32.670204566524198],[-97.092863674419476,32.670192611201543],[-97.092844417576956,32.670184280425943],[-97.092814061936537,32.670171409993429],[-97.092778667981179,32.670156788697184],[-97.092730356179672,32.670137488968869],[-97.09270243541242,32.670126677178516],[-97.092684663417941,32.670119929804372],[-97.09266314993215,32.670111890898539],[-97.092637202288344,32.670102398385005],[-97.092604469463353,32.670090699589082],[-97.092583549892993,32.670083403350553],[-97.092563297506132,32.670076464606623],[-97.092543177862893,32.670069695117235],[-97.092512644129698,32.670059658167787],[-97.092482758767957,32.670050089429942],[-97.092460385202543,32.670043102278498],[-97.092431779684901,32.670034392212052],[-97.092388907320853,32.67002175320399],[-97.092347088302887,32.670009933320912],[-97.092317026587097,32.670001738844562],[-97.092282331733088,32.6699926034741],[-97.092257015449903,32.669986137600134],[-97.092219080243993,32.669976790514397],[-97.092195904109744,32.669971263413998],[-97.092156793496883,32.669962274568647],[-97.092117614798696,32.669953679971627],[-97.092074492789479,32.669944688016628],[-97.092040935030866,32.669938019540631],[-97.092006528192414,32.669931504673684],[-97.091968386500838,32.669924626378055],[-97.091933940018336,32.669918729745405],[-97.091902703870375,32.669913661369669],[-97.091855528221672,32.669906458747541],[-97.091831695135681,32.669903026461022],[-97.09180001120869,32.669898694344838],[-97.091781722300027,32.669896311590534],[-97.091748264239214,32.669892168585818],[-97.091707444431194,32.669887483930232],[-97.091671389920705,32.669883676732823],[-97.091652910845184,32.669881855491148],[-97.091631491699246,32.669879848485557],[-97.09159845910628,32.669876983749084],[-97.091563372379468,32.669874212956238],[-97.091543897131999,32.669872810607984],[-97.091517651972254,32.669871066322131],[-97.091498771996427,32.669869916034671],[-97.091479702103058,32.669868840252008],[-97.091458259059664,32.669867735748205],[-97.091436168519564,32.669866714087291],[-97.091400759155377,32.66986532761468],[-97.091365263012094,32.669864235971247],[-97.091346525523946,32.669863783544173],[-97.091323611064752,32.669863345968942],[-97.091302797003522,32.669863057577501],[-97.091284125419079,32.66986288728156],[-97.091247561958312,32.669862800842466],[-97.091202784465381,32.669863133498488],[-97.091164842245078,32.669863788090261],[-97.091145070550127,32.669864269995159],[-97.091129497491764,32.669864715649013],[-97.091094600253399,32.669865933275084],[-97.091062718526942,32.669867286113515],[-97.091038032164363,32.669868510429602],[-97.091012912258051,32.669869908398709],[-97.090994157988604,32.669871052092702],[-97.090975601981711,32.669872267479505],[-97.090953055269509,32.669873855168071],[-97.090919048241744,32.669876494319567],[-97.090873960000309,32.669880418308615],[-97.090831645080954,32.669884553226545],[-97.090797744988592,32.669888181139726],[-97.090779090392786,32.669890300887175],[-97.090743312238061,32.669894619075549],[-97.090711426433316,32.669898715360404],[-97.090690513836009,32.669901546325598],[-97.090670870211071,32.669904306006408],[-97.090651966828844,32.669907051536647],[-97.090613130501154,32.669912981855596],[-97.09057137146371,32.669919782699253],[-97.090538073395834,32.669925520606853],[-97.09051737712123,32.669929233351446],[-97.090502103491673,32.669932043501696],[-97.09047324975505,32.669937515263037],[-97.090452031286617,32.669941679334109],[-97.090429283288387,32.669946274286971],[-97.090404903605744,32.669951353977375],[-97.090365319539643,32.669959919204359],[-97.090345878618592,32.669964283812782],[-97.090324811443594,32.66996912690712],[-97.090306320860094,32.669973475239019],[-97.090282162939886,32.669979295177576],[-97.09026103537667,32.669984516374122],[-97.090232617756428,32.669991733699156],[-97.090215634978875,32.669996146031679],[-97.090189913452321,32.670002998016386],[-97.0901561629436,32.670012247198443],[-97.090137240902479,32.670017577287268],[-97.090107034507966,32.670026307509595],[-97.090075209630854,32.670035765223261],[-97.090052314781531,32.670042757497114],[-97.090033699863724,32.670048555536027],[-97.090013665408165,32.67005490835966],[-97.08998476980895,32.67006429017588],[-97.089950077183843,32.670075856413014],[-97.089931975371016,32.670082043570176],[-97.089913643566888,32.670088411199366],[-97.089887318742683,32.670097731088745],[-97.089862687156611,32.670106651715635],[-97.089831187538493,32.670118320914064],[-97.089811358618903,32.670125830472564],[-97.089781849579211,32.670137244475022],[-97.089739652249847,32.670154046656364],[-97.089700274039572,32.670170256720127],[-97.089681901311536,32.670177991132853],[-97.089316211683652,32.670333162446596],[-97.089279858102046,32.670348588709359],[-97.089182462140656,32.670389980390276],[-97.089087005396976,32.670435666872201],[-97.08899367714281,32.670485557567908],[-97.088902662429561,32.670539553554029],[-97.08869838653797,32.6705669573197],[-97.088666532387023,32.670573604019431],[-97.088634482041371,32.670579377244941],[-97.088614521366765,32.670582816641094],[-97.088577952846663,32.670587325450278],[-97.08854549077499,32.67059068950546],[-97.088521378123104,32.670592030777826],[-97.088484278923715,32.670592087155704],[-97.088447897527757,32.670591327342919],[-97.088424954564289,32.67058985352844],[-97.088394360063447,32.670587416997975],[-97.088361864291045,32.670584042518442],[-97.088312606724614,32.670581292827897],[-97.08816076387555,32.670576803393736],[-97.088003107553646,32.670575260932885],[-97.0863784449718,32.67055561252748],[-97.085733308552406,32.670547818735862],[-97.085720613632787,32.670547910473296],[-97.085585408623515,32.670400482792651],[-97.085386746130695,32.670219930475056],[-97.085169749425603,32.670055166900262],[-97.084936164242137,32.669907518718553],[-97.084687873906717,32.669778173458063],[-97.084426874892102,32.669668174740231],[-97.0841552696169,32.66957840596659],[-97.083875244047931,32.669509590968701],[-97.083589054019839,32.669462283031216],[-97.083299001801919,32.669436863725352],[-97.083151522697491,32.66943241340951],[-97.083055305196154,32.669432776787616],[-97.082991908845358,32.669432187869305],[-97.083015460363001,32.667813124205367],[-97.08301589107765,32.667792200485536],[-97.08301624758036,32.667773656940028],[-97.083016467769056,32.667759649307825],[-97.083016626778615,32.66774733835701],[-97.083016745978526,32.667735384105093],[-97.083016878012714,32.667715403974448],[-97.083016931030585,32.667692087708915],[-97.083016852092229,32.667666080466283],[-97.083016663789252,32.667642919280176],[-97.08301638688252,32.66762163664675],[-97.083015945019739,32.667596857261259],[-97.083015470621206,32.667575856473597],[-97.083015062495249,32.667560395021788],[-97.083014641368592,32.667546216828143],[-97.083013960488969,32.667525994731598],[-97.083013124206715,32.667503816440572],[-97.083012629122138,32.667491801967671],[-97.083011922959102,32.667476040389573],[-97.083010832536559,32.667453550748384],[-97.083009900063132,32.667435866438915],[-97.08300900125559,32.667420082820954],[-97.083008000274432,32.667403217558665],[-97.083002285112443,32.667388768818824],[-97.083001995122473,32.667365766108787],[-97.08300106122482,32.667343557842791],[-97.082999394670381,32.667322961935191],[-97.082998796023546,32.667302063448282],[-97.082997596794002,32.667287600394438],[-97.082995903440676,32.667266344890628],[-97.082994258148275,32.667246087438699],[-97.082993174366166,32.667228330152284],[-97.082991947745313,32.6672136458198],[-97.082989975626674,32.667197367437758],[-97.082988179661399,32.667176194639836],[-97.082986213716708,32.667157122235857],[-97.082984538266814,32.667143101993418],[-97.082982990660241,32.667129556708183],[-97.082981144640002,32.667114598345286],[-97.082978478140632,32.667093119790628],[-97.082974911128431,32.667065392505258],[-97.082972026011191,32.66704384922474],[-97.082969818737311,32.667028409633552],[-97.082967557198486,32.667013096591333],[-97.082963758039028,32.666988158945145],[-97.082960295033971,32.666965945270647],[-97.082957505715939,32.666948090057907],[-97.082954049804144,32.666926969569261],[-97.082951014601434,32.666909221582763],[-97.082948173294852,32.666892420099927],[-97.082945249078463,32.666877608168598],[-97.082941685617584,32.666858685289334],[-97.082939121587302,32.666845157266501],[-97.082935288847679,32.666827942222497],[-97.082931238739533,32.66680643885995],[-97.082926110945252,32.666785049466746],[-97.082922539382167,32.666767704822803],[-97.082918819587192,32.666750695798662],[-97.082914581030465,32.666734189527801],[-97.082911187717542,32.666717167994427],[-97.082905228301442,32.666697713611647],[-97.082906891447124,32.666679209326162],[-97.082903941251715,32.666665826611791],[-97.082900111050748,32.66664872072549],[-97.082894674432382,32.666624900788612],[-97.082890212283232,32.666605767430596],[-97.082885440976554,32.666585694370468],[-97.082880916549641,32.666566989606743],[-97.082876340063109,32.666548406907502],[-97.082871941626308,32.666530828252789],[-97.082867588252554,32.666513700161218],[-97.08286501707876,32.66650369668789],[-97.082833972018591,32.666394160883613],[-97.082747613843466,32.666158580776198],[-97.08263663806116,32.665930497651608],[-97.082501937879456,32.665711746185217],[-97.082344599557857,32.665504088388396],[-97.082165887751003,32.665309196308471],[-97.081967243588679,32.665128638481541],[-97.081750265656879,32.664963868896258],[-97.081516699538469,32.664816214251168],[-97.08126842840629,32.664686862126572],[-97.081007448578589,32.664576856199034],[-97.080735862319486,32.664487079928207],[-97.080455855442764,32.664418257205931],[-97.080169683632462,32.664370941379147],[-97.079879649011417,32.664345514082463],[-97.079588088509368,32.664342179694764],[-97.079297347219992,32.664360965035371],[-97.079076215551822,32.664398892665396],[-97.078974677470583,32.664233980537681],[-97.078817350008308,32.664026318259452],[-97.078638648909518,32.663831421091956],[-97.078440015217623,32.663650857612275],[-97.078223047434506,32.663486081854558],[-97.077989491061274,32.663338420567058],[-97.077741229192355,32.663209061383498],[-97.077480258071347,32.663099048037267],[-97.077208679892365,32.663009264047922],[-97.076928680404151,32.662940433369194],[-97.076642515231271,32.662893109412252],[-97.076352486443056,32.662867673877017],[-97.07614367933769,32.662863029736755],[-97.07489519889927,32.662869208419238],[-97.074851083611193,32.662869679828994],[-97.074113124185729,32.6628818020694],[-97.07401303000573,32.662839603547006],[-97.073741456122974,32.662749811974848],[-97.07346146013802,32.662680973478494],[-97.073175297647239,32.662633641531954],[-97.072885270698521,32.662608197899608],[-97.072744219831364,32.662603811665733],[-97.071675109217125,32.662590216668676],[-97.070921580386781,32.66257368850075],[-97.070843220151346,32.662572769605767],[-97.07038896930321,32.662572073240732],[-97.070119375895175,32.662571838388274],[-97.069957557690699,32.662571862791104],[-97.069709643749249,32.662569446964646],[-97.069606239260281,32.662568442674392],[-97.069567533925252,32.662568262014538],[-97.068951677512743,32.66256848482152],[-97.068432422505282,32.662568751241722],[-97.068332264738672,32.662568801566813],[-97.068093751574992,32.662566658643826],[-97.06740262440006,32.662553881555638],[-97.067300506711732,32.662553349258566],[-97.067250646177456,32.662553719217314],[-97.06717776149209,32.662554953598082],[-97.066887023428734,32.66257370988771],[-97.066599444052528,32.662614435360972],[-97.066317336838551,32.662676801400146],[-97.066042974351717,32.662760306671657],[-97.065778564787081,32.662864277755162],[-97.065526237943715,32.662987879802174],[-97.065288022858141,32.66313011537315],[-97.0650658400845,32.663289840579033],[-97.064861477105978,32.663465769303436],[-97.064676578552408,32.663656484810609],[-97.064512635336229,32.663860452242979],[-97.064447154281254,32.663962481748833],[-97.064268078439625,32.66396138294219],[-97.063836598109859,32.663958059687623],[-97.063517894110788,32.663955604749759],[-97.063482041355442,32.663955493977859],[-97.063380632801369,32.663956833620844],[-97.063258910490845,32.663964682612246],[-97.063267471316692,32.664252460284715],[-97.06323519793898,32.666140446392539],[-97.063240563160178,32.668109548533288],[-97.062264626244485,32.668108936549039],[-97.062277757831211,32.668437226612014],[-97.062299273523038,32.669222542788752],[-97.062191695919751,32.669932553556741],[-97.062057223452115,32.67038438038113],[-97.061815174114656,32.670954540372129],[-97.061556988332072,32.671368714472173],[-97.061239634650804,32.671718341512225],[-97.060744777465914,32.672197061355412],[-97.060724102257751,32.672220357860141],[-97.060729206120726,32.672232711765716],[-97.060747872765987,32.672275479927102],[-97.060806698348514,32.672406895334909],[-97.060885239051672,32.672566927494302],[-97.061046278481086,32.672867900902432],[-97.06109605483455,32.672960925481647],[-97.06110975771233,32.672986193247958],[-97.061154542256432,32.673064423756799],[-97.061181879374317,32.673110312769943],[-97.061190690813007,32.673126632888952],[-97.06119945337953,32.673146036953725],[-97.061213544349073,32.673158273981414],[-97.06121810104078,32.673180059954284],[-97.061224040088035,32.673197806979083],[-97.061231114606173,32.673215434577102],[-97.061236393081458,32.673233410247903],[-97.061241524327485,32.673251456365286],[-97.06124643470578,32.673269313229625],[-97.061250932950159,32.673286741424612],[-97.06126062092018,32.673324465762448],[-97.061265090339177,32.673341567133541],[-97.061269662244413,32.673359385803657],[-97.061274205074923,32.673377748886857],[-97.061278369185644,32.673395331945279],[-97.06128283721273,32.673413441628426],[-97.061287391088243,32.673431254677453],[-97.061283796116143,32.673451422904257],[-97.061285885974797,32.673469808078941],[-97.061287655841284,32.673488264404895],[-97.061289132384985,32.673507120484238],[-97.061291377995104,32.673543940581517],[-97.061301926537425,32.673664182186556],[-97.061318572570201,32.673783732280334],[-97.061341273068123,32.673902281859505],[-97.06136996935679,32.674019524506797],[-97.061404587264391,32.674135157182981],[-97.061445037313376,32.674248881010151],[-97.061454490657283,32.674273578213288],[-97.061456672880908,32.674324395123868],[-97.061469965761404,32.674603606350892],[-97.061467324836613,32.674694003380239],[-97.061466637607225,32.674724263324187],[-97.061475730445338,32.674970787792049],[-97.061510916034891,32.675215631169323],[-97.061571908752782,32.67545682036495],[-97.061647572982437,32.675666993388923],[-97.06168619521533,32.675760664160961],[-97.061696842072919,32.675786085862846],[-97.061746649830226,32.675895757851301],[-97.061791036133002,32.675987581492876],[-97.061855965295351,32.676112879948541],[-97.061909795289154,32.676209476636096],[-97.061986672653063,32.676338463252151],[-97.062042203701637,32.676425843173256],[-97.062092386852697,32.676501892767668],[-97.062126979912293,32.676551225140685],[-97.062187862664956,32.67663601895665],[-97.062280301264977,32.676757451689205],[-97.062346364698044,32.676839422004008],[-97.062376643780198,32.676876340169031],[-97.062445257605603,32.676955514283108],[-97.062523801257669,32.677042832929473],[-97.06263777737945,32.677162444771668],[-97.062726047768905,32.677249649467853],[-97.062852200742213,32.67736721038473],[-97.062898370785376,32.677407815278599],[-97.062736310386569,32.677547299102976],[-97.062655971705354,32.677630149094178],[-97.062544214408732,32.677709173400572],[-97.062436312181944,32.677793385298813],[-97.062332505616212,32.677882597020357],[-97.062233026170588,32.677976609648489],[-97.062138095655882,32.678075213561847],[-97.062047925740103,32.678178188901803],[-97.06197402440219,32.678266930268741],[-97.061872638754139,32.678396283578337],[-97.061800584896773,32.678494132016525],[-97.061712199356322,32.678622371256672],[-97.061650591711881,32.678717589766443],[-97.061593087383343,32.678810643395053],[-97.061567078984808,32.678855792749665],[-97.061511923572482,32.678953800645736],[-97.061437801265768,32.679095696463612],[-97.061389270633327,32.679196180098437],[-97.061371119933327,32.679234582186439],[-97.061324696141114,32.679341470267822],[-97.061282949069039,32.679444110421002],[-97.061235462213844,32.679570729737137],[-97.061228212442515,32.679592141739974],[-97.061193376942654,32.679696609813533],[-97.061155432440685,32.67982407468714],[-97.061255772216299,32.681056069796],[-97.061298803596657,32.681378802250343],[-97.061406380228917,32.681814491707826],[-97.061610777169747,32.68233624176154],[-97.061944268565668,32.683132316450603],[-97.062121770447106,32.684089756080077],[-97.062106065596794,32.685903818404995],[-97.062180761645081,32.685935310770063],[-97.062452394717241,32.68602512752647],[-97.062732455743827,32.68609399076918],[-97.06301868823779,32.686141346726728],[-97.063308789185939,32.686166813372807],[-97.063450032678915,32.68617121211841],[-97.067062084504585,32.686217186821658],[-97.068303024686983,32.686233532942794],[-97.068995661024346,32.686242650425456],[-97.069327482049573,32.686247017301355],[-97.069356944539507,32.686247404427142],[-97.069667306392276,32.686251635984277],[-97.069723831495722,32.686274747818231],[-97.069853237983466,32.686333546451174],[-97.069998309255283,32.686395543947512],[-97.070124240354545,32.68644605889525],[-97.070199222406103,32.686475156042619],[-97.07027285221551,32.686501864674426],[-97.07040161129629,32.686546989647788],[-97.070553308935615,32.686596431601359],[-97.07068457565525,32.686636055569714],[-97.070730891267928,32.686649703950664],[-97.070839000376495,32.686679019518614],[-97.070972447786431,32.686713044004506],[-97.071129215165911,32.686749423593874],[-97.071272101443313,32.686779337227811],[-97.0714233126848,32.686807482204131],[-97.071560111011223,32.686830062470314],[-97.071622651217297,32.686839168411005],[-97.071832558933252,32.686890764452244],[-97.07208414598179,32.686933561377749],[-97.07250672522828,32.686990871051648],[-97.072662237421454,32.687008712538407],[-97.072818348797455,32.687020184205863],[-97.072974798556814,32.687025266889485],[-97.074547548406301,32.687044330946151],[-97.075096577070539,32.687050982574284],[-97.075244907405349,32.68704991691056],[-97.075262871238493,32.687048757466812],[-97.075335271344443,32.687055105668826],[-97.075477222735145,32.68705949973716],[-97.078000198035454,32.68709091407986],[-97.07832628844929,32.68709442917028],[-97.078462743477345,32.687097203845568]]],[[[-97.141022583517454,32.690350710140528],[-97.140731770147895,32.690369639271751],[-97.140444134714357,32.690410535674673],[-97.140161991142165,32.690473069356536],[-97.13988761228984,32.690556737633159],[-97.139623206483307,32.690660865772308],[-97.139370903493599,32.690784617660434],[-97.139132732162622,32.690926994652983],[-97.138910612694445,32.691086851720655],[-97.138706332062199,32.691262901686152],[-97.138644637089811,32.691328097287617],[-97.138635550996199,32.691335895607637],[-97.138413317735257,32.691495674797679],[-97.138209035177326,32.69167172394188],[-97.138024235428972,32.691862548350151],[-97.137860408608404,32.692066612286851],[-97.137718871607504,32.692282272592252],[-97.137600765748132,32.692507792182127],[-97.137507041585536,32.692741357013681],[-97.137438454498309,32.692981085053965],[-97.137395554752189,32.693225047813698],[-97.137378653691172,32.693473821435163],[-97.137363374640856,32.694635306747145],[-97.137372752788892,32.694876742172859],[-97.137408155447929,32.695121563749275],[-97.137469367890759,32.695362715379247],[-97.137555899568696,32.695598257079098],[-97.13766705341223,32.695826290779181],[-97.137801935089428,32.696044982073197],[-97.137959457127025,32.696252569285029],[-97.138138353573112,32.696447380768447],[-97.1383371819188,32.696627848460047],[-97.138554342125957,32.696792518914286],[-97.138788087097851,32.696940066048235],[-97.139036532098018,32.697069302973098],[-97.139297679212177,32.697179186775521],[-97.139569424568762,32.697268834833594],[-97.139849580752994,32.697337524163622],[-97.140135890511914,32.697384702395311],[-97.140426050209811,32.697409988932414],[-97.140588668455152,32.697414499373139],[-97.141769338287801,32.697422245016064],[-97.141790678262637,32.697422325897236],[-97.14181193595023,32.697422347252008],[-97.14191964899797,32.697420946245764],[-97.142210485199399,32.697402014340724],[-97.142498142458749,32.69736111386284],[-97.142780306264598,32.697298574897523],[-97.143054703216691,32.697214900261187],[-97.143319124509176,32.697110764853889],[-97.143571439966564,32.696987004987768],[-97.143809620431085,32.696844619530125],[-97.144031745480177,32.696684753751022],[-97.144236028026441,32.696508695078059],[-97.144420824096002,32.696317861475755],[-97.144584643685818,32.696113788933005],[-97.144726170122695,32.695898120848661],[-97.144844262399701,32.695672594524886],[-97.144937970362804,32.69543902419386],[-97.14500653910865,32.695199292044379],[-97.145049418905472,32.694955326681942],[-97.145066246979411,32.694710086895228],[-97.145090880352186,32.69313913755655],[-97.1450815611921,32.692892122643705],[-97.145046138273969,32.692647303226494],[-97.144984907134202,32.692406155296474],[-97.144898358867891,32.692170618732789],[-97.144787191036286,32.691942591459934],[-97.144652298392032,32.691723907703818],[-97.14449476874529,32.691516328929801],[-97.144315868290278,32.691321526550006],[-97.144117039675791,32.691141068377313],[-97.143899882972661,32.69097640759837],[-97.143666145202516,32.690828870036583],[-97.143417710920048,32.690699642328063],[-97.143156577757608,32.690589767149142],[-97.142884849212379,32.69050012690618],[-97.142604712244093,32.690431444396367],[-97.142318423583873,32.69038427183704],[-97.142028286295158,32.690358989710333],[-97.141867862824753,32.69035449598789],[-97.141318535762096,32.690352257226778],[-97.141156375102867,32.690349424716196],[-97.141022583517454,32.690350710140528]]],[[[-97.04753209127351,32.720706378858658],[-97.047532010564652,32.720734730157552],[-97.046152515268346,32.720741277921782],[-97.046129208761229,32.721784025380181],[-97.046029439388448,32.727893841969369],[-97.046029367124333,32.727898255039207],[-97.048114472627717,32.727939812311476],[-97.049601386773134,32.727967483161827],[-97.051940765227002,32.727985668330348],[-97.051978877286217,32.727951681360572],[-97.052050709458214,32.727885345480473],[-97.052071110352315,32.727866327545364],[-97.05212445624781,32.72781485605632],[-97.052175917252455,32.727763938000031],[-97.052482579285169,32.727460504348983],[-97.053069357602297,32.72687989040795],[-97.053105543711737,32.726844080479701],[-97.053237115350896,32.726704992094675],[-97.053401200490185,32.726501040211424],[-97.053542996762005,32.726285476449021],[-97.053661360985117,32.726060037268546],[-97.053755340817787,32.725826536201062],[-97.05382417916573,32.725586854877186],[-97.053867324128873,32.725342921495141],[-97.053884425940012,32.725096701764308],[-97.053875349043807,32.724850177399404],[-97.053840164840409,32.724605332506933],[-97.053779159365078,32.724364140146562],[-97.053692821897187,32.724128540553721],[-97.053581848299586,32.723900432160988],[-97.053447131763122,32.72368164984703],[-97.053289758680023,32.723473955872201],[-97.053110993983495,32.723279022574694],[-97.052976405158986,32.723156700616194],[-97.052990398604422,32.72307758719807],[-97.052996728582656,32.722986462291729],[-97.053052906549823,32.72296114161027],[-97.053149422025498,32.722914846004969],[-97.053254478559211,32.722860220576308],[-97.053341971096671,32.722811144735459],[-97.053441439327045,32.722751110322349],[-97.053496595088021,32.722715755600312],[-97.053533632225708,32.72269112102277],[-97.053613630566446,32.722635406341837],[-97.053721918477748,32.722554040640546],[-97.053792978572616,32.722496568633503],[-97.053862837182109,32.722436607783813],[-97.053932085057227,32.722373457875868],[-97.053955727869266,32.722350962653898],[-97.054024634638182,32.722282543418075],[-97.054102042725049,32.72220003522699],[-97.054121586669396,32.722178169612228],[-97.054168927000191,32.722123253388233],[-97.054232220404245,32.722045191425373],[-97.054288310476537,32.721970949065287],[-97.054302344432443,32.721951521199465],[-97.054348676734321,32.721884780059767],[-97.054409913834817,32.721789480371811],[-97.054433540147301,32.721750220301132],[-97.054459699862988,32.721704833307356],[-97.054509237810265,32.721612676801413],[-97.054552850563411,32.721523297762026],[-97.054593231964887,32.721431660638515],[-97.054632640675081,32.721331213225866],[-97.05465013910181,32.72128207184565],[-97.054660298728706,32.721251900508584],[-97.054693054004133,32.721144432845094],[-97.054714748718624,32.721061327704533],[-97.054720610429698,32.721036614296345],[-97.054740058892904,32.720944285422419],[-97.054753547311208,32.720866518798204],[-97.054764428890849,32.720788771459524],[-97.054768071330429,32.720757373490834],[-97.054776298225491,32.720650725369353],[-97.054920027967597,32.720688931515227],[-97.055065177711938,32.720721327503675],[-97.055211512688288,32.720747860936292],[-97.05535879620939,32.720768488897001],[-97.055506790053769,32.720783178021414],[-97.055655254851061,32.720791904550843],[-97.055803950469155,32.720794654370685],[-97.055920897979448,32.72079579517726],[-97.056220814935017,32.720797912775964],[-97.057030409875168,32.720801221186555],[-97.057147371456125,32.720799920453963],[-97.057438302201504,32.720781187020002],[-97.057726074140376,32.720740482879954],[-97.058008371837488,32.720678136539455],[-97.05828292081479,32.720594649262935],[-97.058547511041041,32.720490694442169],[-97.058800010982168,32.720367106934482],[-97.059038389993091,32.720224884221125],[-97.059260726052671,32.72006517025978],[-97.0594652303744,32.719889251256767],[-97.059650257198456,32.719698544052335],[-97.059814314663384,32.719494583616424],[-97.059956084180982,32.71927901244667],[-97.060074422785576,32.719053567063938],[-97.060168378341587,32.718820061049144],[-97.060237193950243,32.718580376072829],[-97.060280317894268,32.718336440362449],[-97.060297400576118,32.718090219646314],[-97.060297694839591,32.718045483292364],[-97.060297000530142,32.717817316523494],[-97.060295533681696,32.717747685300118],[-97.060311040501475,32.71762730224151],[-97.060320216110739,32.717506271871542],[-97.060323035283588,32.717384926931295],[-97.060320666526351,32.716604067642784],[-97.060311277621324,32.716402261033387],[-97.06029230773693,32.716270307587322],[-97.060291926346082,32.716144188358562],[-97.060465466972261,32.716142782495901],[-97.060694492147874,32.716140924165344],[-97.06092566304379,32.716139049676997],[-97.060995849603501,32.716137839523142],[-97.061286764264366,32.716119097074774],[-97.061574519332481,32.716078384012107],[-97.061856799508433,32.716016028912691],[-97.062131330455159,32.715932533111321],[-97.062395902286795,32.715828570068709],[-97.062648383617244,32.715704974708146],[-97.062886743951267,32.7155627445742],[-97.063109061418288,32.715403023684281],[-97.063313547381469,32.715227098300531],[-97.063498556228666,32.715036385314576],[-97.063662596243361,32.714832419742955],[-97.063804348977683,32.714616844124563],[-97.063922671601318,32.714391395016094],[-97.064016612107082,32.714157886028559],[-97.064085413717635,32.713918198856327],[-97.064128524828178,32.7136742617446],[-97.064145595944595,32.713428040432952],[-97.064136491758219,32.713181516648618],[-97.064101283889102,32.712936674493655],[-97.064040258562798,32.712695487005334],[-97.063953905218526,32.712459894380103],[-97.063927312905619,32.712399634004434],[-97.063925931176499,32.712396611093659],[-97.064074585877151,32.712083985510731],[-97.064089323694532,32.712052399849561],[-97.064161856049225,32.711892962798096],[-97.0642078371026,32.711785200032203],[-97.064269476641613,32.71163072468115],[-97.064310082954449,32.71152150182688],[-97.064364401580832,32.711363996229124],[-97.064399259295129,32.711254401182586],[-97.064445476952969,32.711096126429339],[-97.064475208611,32.710984343649841],[-97.064513584570449,32.710824575817597],[-97.064518136063811,32.710805272678499],[-97.064537765700422,32.710711920794516],[-97.06456823785733,32.71055094237456],[-97.06457896217286,32.710489904674148],[-97.064581858093959,32.710472045292242],[-97.064583946088177,32.710458960265719],[-97.064591630815968,32.71040724468461],[-97.064608770673999,32.710282390347167],[-97.064613075932257,32.710249277139908],[-97.06461920068746,32.710193948553851],[-97.064631557099389,32.710068689015721],[-97.064635508132,32.710024290723297],[-97.064667813678184,32.7096173044648],[-97.064674806877846,32.709470809909561],[-97.064675108558632,32.709430492955285],[-97.064674532393241,32.70894574002201],[-97.064680070389997,32.708865850364447],[-97.064680361096507,32.708820667519646],[-97.06467779079432,32.708037645086556],[-97.064674301303953,32.707917992652824],[-97.064664690754796,32.70779867576892],[-97.064648984352175,32.707680007363869],[-97.064627223288824,32.707562298665962],[-97.064618173303259,32.707519433125547],[-97.06461035815704,32.707483659979019],[-97.064600298278108,32.707439256751456],[-97.064596001385695,32.707420641452345],[-97.064591628608611,32.707402035197283],[-97.064588474745634,32.707388601904896],[-97.064582006688056,32.707361755113297],[-97.064576718970116,32.707340355918866],[-97.064539254945657,32.707182239008056],[-97.06453306039478,32.707156094347368],[-97.064241227812772,32.705924421555501],[-97.064199261795963,32.705770753887258],[-97.064112914762376,32.70553516128102],[-97.064001937635311,32.705307061948858],[-97.063867223633864,32.705088290696452],[-97.063709859129517,32.704880609694889],[-97.063531108986837,32.704685691178035],[-97.063332414645316,32.704505103895336],[-97.063115375094839,32.704340302072346],[-97.063020471307311,32.70427695606017],[-97.062774529353433,32.704118982256496],[-97.062635794940135,32.704034638588219],[-97.062387441686866,32.703905248968702],[-97.062163201112355,32.703810728571092],[-97.06215942504042,32.703846368654624],[-97.061933511784432,32.704395013230602],[-97.061487065070509,32.705314801378165],[-97.061282667152568,32.706024813434638],[-97.060869067602454,32.706036331683343],[-97.060863551939008,32.706037881300489],[-97.060836639733694,32.706043296660205],[-97.060791042623137,32.706048037413517],[-97.060287200891835,32.706052537782959],[-97.057231264684063,32.706079829547278],[-97.056581182292049,32.706083504120699],[-97.054269283384883,32.706060806661682],[-97.052493579161151,32.706043344574823],[-97.051659061558908,32.706035129237577],[-97.049826852153359,32.706017071351361],[-97.048621493484703,32.70600517682297],[-97.047589089169136,32.705994980446427],[-97.047589042584647,32.706027639663127],[-97.047583519073925,32.709875729181739],[-97.04758043583,32.712024831468511],[-97.047599299645711,32.712379217966209],[-97.047603589147144,32.71432052627906],[-97.047543321002081,32.716381807740582],[-97.04754360675598,32.716546521270715],[-97.04753209127351,32.720706378858658]]],[[[-97.178205006704005,32.727787427694963],[-97.178205141432159,32.727813570363764],[-97.178205483206341,32.727838061171269],[-97.178206149676797,32.727865611931847],[-97.178205221299763,32.728173325480981],[-97.178204441400538,32.728201990924113],[-97.17820412758968,32.728218770827695],[-97.178203916628874,32.728238604717411],[-97.178203198948268,32.728359782023951],[-97.178201291664109,32.729001537387099],[-97.1781998687174,32.72949241827299],[-97.178192323248993,32.729999207371485],[-97.178201745781493,32.730245724209439],[-97.178237275110916,32.730490533638125],[-97.178298622815817,32.730731664645596],[-97.178385297260363,32.730967177413383],[-97.178496600224648,32.73119517410499],[-97.178631636176917,32.731413820611813],[-97.178789316400866,32.731621355618998],[-97.178968373671637,32.731816107899846],[-97.179167364184707,32.731996509868424],[-97.179384686596308,32.732161108608075],[-97.1796185925039,32.732308578612887],[-97.179648764937895,32.732324253798382],[-97.1797823945994,32.731081835372187],[-97.179871413292773,32.730256992385151],[-97.194981224707362,32.728111296780064],[-97.196036398274657,32.727989871678922],[-97.197103778235686,32.727922996263906],[-97.198183498367882,32.727912594423756],[-97.198843125305658,32.727940395313276],[-97.198863606548727,32.727940883915799],[-97.19886550596425,32.727940945288367],[-97.199456691946196,32.727960011298094],[-97.203567033404497,32.72795677384358],[-97.203692214459835,32.727956673579513],[-97.207578021638994,32.727953469393654],[-97.20758234202556,32.727857576276406],[-97.207597884982889,32.725739669217973],[-97.207599980663147,32.725416962142866],[-97.207571383746938,32.72505792809509],[-97.207598789211616,32.725074156631806],[-97.207607057952671,32.72504235375721],[-97.207712170733402,32.725082207155729],[-97.20777103664966,32.725126802411587],[-97.207862607254611,32.72520335147447],[-97.207910479224751,32.7252657014091],[-97.207963412929942,32.72531573188536],[-97.208038038773083,32.725327504401307],[-97.20805065072625,32.725377117454435],[-97.20808682014561,32.725439343856266],[-97.208100216333435,32.725457351268659],[-97.208129962156974,32.725491747242209],[-97.208209741495736,32.725484604771985],[-97.208218479749036,32.725483883003022],[-97.208248162054133,32.725481429958151],[-97.208319011370975,32.725462372684035],[-97.208356659185199,32.725512246817125],[-97.208405886822703,32.725548768924291],[-97.208465664299126,32.725552964345418],[-97.208492538395703,32.725605747785728],[-97.208579563913204,32.725715373515897],[-97.208521980729472,32.725750375243663],[-97.20847891365139,32.725782363988522],[-97.20847363626666,32.725786336963843],[-97.208463786990293,32.725793753623833],[-97.208433841695339,32.725840174504086],[-97.208441077107608,32.725844554397753],[-97.2085096013639,32.725886044367456],[-97.208550949387771,32.725882900782679],[-97.208577323761517,32.725880699180344],[-97.208644218825896,32.725865038614657],[-97.208653510684314,32.725919427757546],[-97.208651509672265,32.725967513525624],[-97.20867111513202,32.726028194061314],[-97.208696781503448,32.7260523760431],[-97.20875035167488,32.726103238010516],[-97.208798527709817,32.726144973650776],[-97.208880504131798,32.726210426472889],[-97.208944303124625,32.726228956515492],[-97.208972059625452,32.726243538840549],[-97.209018768880611,32.726267212432667],[-97.209047924586216,32.726281988750515],[-97.209092991933247,32.726246720588556],[-97.209107799050642,32.726234779211595],[-97.209153207046896,32.726176148524729],[-97.209186329677991,32.726134707316952],[-97.209213122682243,32.726103784883492],[-97.209263318781652,32.726073655660798],[-97.209319168765575,32.726124267786325],[-97.209275758888367,32.726202161005411],[-97.20920167916637,32.726264617361096],[-97.209137076415928,32.726346140560345],[-97.209159742675155,32.726464855747921],[-97.209230638558395,32.726509575243433],[-97.209356497293314,32.726554316260696],[-97.209406189721989,32.726603487215918],[-97.209435475940793,32.726669492774512],[-97.209491357256738,32.726740446258745],[-97.209592891885364,32.726780534148226],[-97.209653500741211,32.726772367364596],[-97.209702224998352,32.726731639961656],[-97.209725461850397,32.726699169840025],[-97.209735421585393,32.726685252537472],[-97.209720627623426,32.726573078498681],[-97.209679128481909,32.726530726212957],[-97.209574438052741,32.726506272269624],[-97.209617138214355,32.726432494998605],[-97.209584711036513,32.726381301898307],[-97.209529756344409,32.726380731271753],[-97.20952971704034,32.726316406610465],[-97.20960770157329,32.726321064706568],[-97.209621738656267,32.726227746293318],[-97.209585228635405,32.726166615315236],[-97.209601326893974,32.72606589579047],[-97.209622705985666,32.72604407389624],[-97.209649852187042,32.726016367552567],[-97.209670401471172,32.725945109218159],[-97.209653375196197,32.725885829197125],[-97.209586799187704,32.725870956686997],[-97.209584978437775,32.725870550872664],[-97.209526622798919,32.725880389660276],[-97.209462020277755,32.725894838021539],[-97.209447153713953,32.725866095683436],[-97.209442779603833,32.725831414261229],[-97.209409148565854,32.725818144605583],[-97.20933542456379,32.725789064285692],[-97.209280585407157,32.725758256337535],[-97.209240008579656,32.725708352972077],[-97.209242088082362,32.725670993231439],[-97.209243971761794,32.725637195707343],[-97.209218191075422,32.725576176050453],[-97.209189973307019,32.725540857351014],[-97.209155275108088,32.725522840741249],[-97.20910318179115,32.725500964643942],[-97.208950788319456,32.725362875841043],[-97.208733427750701,32.72519832873445],[-97.208499492230231,32.725050913461708],[-97.208250867904638,32.724921815673085],[-97.207989553936969,32.724812077000202],[-97.207717655278572,32.72472257875004],[-97.207437360259163,32.72465404257678],[-97.207150926882079,32.724607019519098],[-97.207009884983563,32.724592028384976],[-97.206741280992162,32.724568506326683],[-97.20659205545428,32.724558366475641],[-97.206572878840163,32.724558166890482],[-97.206415274184707,32.724515816962359],[-97.20625596027935,32.724480435845983],[-97.206095245106468,32.724452091939412],[-97.20593343935731,32.72443084003649],[-97.205770855831446,32.724416721220969],[-97.204962282335245,32.724362902359118],[-97.204721861120277,32.724224086631217],[-97.204242272632314,32.723947173906048],[-97.204204618275782,32.723925441770739],[-97.204130641947202,32.723884117103751],[-97.203704094854956,32.723652873986801],[-97.203418007154355,32.72348453770374],[-97.20308080212429,32.723282916207552],[-97.203027725597806,32.723251845169067],[-97.202779114264189,32.723122736420343],[-97.202517812352639,32.723012986230785],[-97.202245924717715,32.722923476000084],[-97.201965639600289,32.722854927478927],[-97.201679214924042,32.722807891805466],[-97.20138895484709,32.722782748360494],[-97.20109719811488,32.722779699235922],[-97.200806291399232,32.722798768956551],[-97.20051857863983,32.722839804368981],[-97.200236374383138,32.722902474362009],[-97.199961951977585,32.722986275153474],[-97.199697520098567,32.723090530944553],[-97.19949270563724,32.723191085541252],[-97.199352813687526,32.723168110607226],[-97.199062553092006,32.72314296172938],[-97.198770795256209,32.723139907143398],[-97.198479886861136,32.723158971418059],[-97.198192171859702,32.723200001443807],[-97.197909964816645,32.723262666152849],[-97.197635539102691,32.72334646180547],[-97.197371103419911,32.723450712644294],[-97.197118787781932,32.723574581567341],[-97.196880621130205,32.723717068988883],[-97.196658523632962,32.723877028989293],[-97.196454282086037,32.724053173563149],[-97.196269540141103,32.724244084237625],[-97.196204545841866,32.724325108804777],[-97.196108174683118,32.724354533680838],[-97.196081825316597,32.724364921127346],[-97.196039153200104,32.724330515555017],[-97.196018338888152,32.724314184950956],[-97.195897412325309,32.724223922364558],[-97.19587568530973,32.724208498475143],[-97.195843285778508,32.724185798896464],[-97.195751704569119,32.72412475950766],[-97.19572909478407,32.72411023813487],[-97.195601656795802,32.724032424201496],[-97.195570796528159,32.724014550468617],[-97.195441491555798,32.723943715412418],[-97.195417300820225,32.723931143498866],[-97.195285346656178,32.723866131908537],[-97.19525525627671,32.723852145193881],[-97.195114283402603,32.723790405475],[-97.195088769380192,32.723779891235914],[-97.194978867354678,32.723736724585635],[-97.194942423301598,32.723723326744462],[-97.194916299298853,32.723713882916684],[-97.194771001891823,32.723664818502314],[-97.19474438622251,32.723656452640149],[-97.194654245495656,32.723629388107284],[-97.194592872040872,32.723612388618392],[-97.194565817389346,32.723605145465093],[-97.194346909393175,32.723553579266735],[-97.194328333481963,32.723549837881478],[-97.19418156519059,32.723520663766003],[-97.194167410430069,32.723465065218775],[-97.194080701453146,32.72322956335077],[-97.193969368462547,32.723001580505603],[-97.193834307539703,32.722782950551618],[-97.193676607850463,32.722575434520387],[-97.193497536957508,32.722380703319764],[-97.193298538881976,32.722200324188726],[-97.19308121505901,32.722035749677815],[-97.19284731385514,32.721888304916455],[-97.192598721140925,32.721759175792599],[-97.192337435824456,32.721649404189911],[-97.192065562626993,32.721559871680491],[-97.191785289673021,32.721491300194344],[-97.19149887478838,32.721444241054591],[-97.191229132965859,32.72142012409256],[-97.191094407420877,32.721412864512409],[-97.191073896510744,32.721411814228581],[-97.190782144638135,32.72140874088813],[-97.190491240199947,32.721427786465185],[-97.190203527117234,32.721468798000771],[-97.18992131993933,32.721531444575973],[-97.189646892037985,32.721615222597016],[-97.189382452132961,32.721719456448561],[-97.18913013027165,32.721843309165408],[-97.18889195544584,32.721985781292133],[-97.188669847889372,32.722145727032427],[-97.188520596209955,32.722274429679238],[-97.188367799014941,32.722262363272712],[-97.188214621444317,32.722256958383483],[-97.188061353782999,32.722258225254286],[-97.187908286486604,32.722266161484292],[-97.187755709631091,32.722280752033647],[-97.187530404004789,32.722163707607756],[-97.187269123763414,32.722053925351965],[-97.186997254437742,32.721964381757211],[-97.186716984121006,32.721895798842596],[-97.186684588735929,32.721889335373781],[-97.186378236058815,32.721829610364068],[-97.18612421825172,32.721789002387368],[-97.185833965912494,32.721763822611564],[-97.185542213065148,32.721760736969898],[-97.185251306350466,32.721779770280975],[-97.18496358970782,32.721820769684747],[-97.184681377715265,32.721883404359666],[-97.184406943783216,32.721967170808128],[-97.184142496680096,32.722071393507555],[-97.183890166511048,32.722195235582902],[-97.183651982334922,32.722337697664145],[-97.183429864460692,32.722497634036031],[-97.183225599848299,32.72267375688326],[-97.183040832335223,32.722864647907869],[-97.182877051781432,32.723068770836832],[-97.182735574705575,32.723284482036348],[-97.182617541947465,32.723510044011597],[-97.182523903474674,32.723743642378814],[-97.182455413975504,32.723983394834562],[-97.182412622930286,32.724227372693669],[-97.182395877670075,32.724473609939238],[-97.182405311312337,32.724720124738752],[-97.182414405835573,32.724782768907069],[-97.18146440560362,32.724781084349658],[-97.181352459461493,32.724782514749378],[-97.181061541949816,32.724801538249665],[-97.18077381358242,32.724842527946095],[-97.180491589031661,32.7249051530953],[-97.18021714180901,32.724988910276331],[-97.179952680790024,32.725093124041273],[-97.179700336191686,32.725216957586959],[-97.179462137188963,32.725359411612025],[-97.179240004210399,32.725519340466214],[-97.179035724337453,32.72569545639454],[-97.1788509415303,32.725886341154798],[-97.178687145772258,32.726090458524503],[-97.178545653704177,32.726306164914511],[-97.178427606286803,32.726531722868863],[-97.178333953605446,32.726765318035923],[-97.178265450463087,32.727005068138212],[-97.178222646449726,32.727249044509449],[-97.178205889000864,32.72749528114479],[-97.17820563885418,32.72752419843895],[-97.178205006704005,32.727787427694963]]],[[[-97.154521498524574,32.733340609629323],[-97.154230547234462,32.733359570313077],[-97.153942778758434,32.733400497869042],[-97.153660508091676,32.733463062053644],[-97.153386009116872,32.733546759937155],[-97.153121491126342,32.733650916548918],[-97.152869084795142,32.733774695545996],[-97.152630819795704,32.73391709806576],[-97.152408617087687,32.734076978873141],[-97.152204264313639,32.734253050599733],[-97.152019406020798,32.734443895358929],[-97.151855532800028,32.73464797725088],[-97.151713961915732,32.734863652971626],[-97.15159583496353,32.735089185312326],[-97.151502102668559,32.735322760127708],[-97.151433520475209,32.735562495304222],[-97.151390638609215,32.735806462295407],[-97.151374408770053,32.736024336352131],[-97.151335728230109,32.7374358691442],[-97.15133505525742,32.737469563697438],[-97.151330185438425,32.737928042053809],[-97.15133967181994,32.738163887509714],[-97.151375130251054,32.738408704485636],[-97.151436410471902,32.738649848622217],[-97.151523021389735,32.73888537999575],[-97.151634265296522,32.739113400619836],[-97.151769247135832,32.739332076193406],[-97.151926878627052,32.739539645167113],[-97.152105892938295,32.739734436041502],[-97.152304846610448,32.739914880919223],[-97.152522138596865,32.740079526538565],[-97.152756020740199,32.740227047016269],[-97.153004607198355,32.740356255678726],[-97.153147739523732,32.740417102404685],[-97.153385279223627,32.740568167856651],[-97.153633867552614,32.74069737525776],[-97.153895161055658,32.740807228093594],[-97.154167054681992,32.740896843991813],[-97.154447359823166,32.740965500227638],[-97.154733818026031,32.741012644697449],[-97.155024124460283,32.741037897076673],[-97.155250647479846,32.741042270822518],[-97.15618980586278,32.741032743197458],[-97.156365341652744,32.741030955712965],[-97.156430517388358,32.741029740111401],[-97.156721493344051,32.741010774287268],[-97.157009285205461,32.740969840318037],[-97.157291577378345,32.740907268558708],[-97.157566095427853,32.740823562089673],[-97.157830629573581,32.740719396067398],[-97.15808304873039,32.74059560705043],[-97.158321322907142,32.74045319414072],[-97.158543530925229,32.740293302829244],[-97.158747885029911,32.740117220749312],[-97.158932740671773,32.739926366053474],[-97.15909660736699,32.739722274900871],[-97.159238168064419,32.739506590839639],[-97.159356281480697,32.739281051300829],[-97.159449997291858,32.739047470622943],[-97.159518560531495,32.738807731077948],[-97.159561421513175,32.738563761330717],[-97.159578295007037,32.738312697534909],[-97.159602137637108,32.736133938137442],[-97.159592640519065,32.735897082381854],[-97.159557160433238,32.735652267711096],[-97.159495860226386,32.735411127532153],[-97.159409231548537,32.735175601661815],[-97.159297972608954,32.734947587938599],[-97.15916297889359,32.734728920479263],[-97.159005339027189,32.734521360617897],[-97.158826320090597,32.73432657961466],[-97.158627365687195,32.734146145110152],[-97.158410076900523,32.733981510100527],[-97.158176201814882,32.733834000201931],[-97.157927626091407,32.733704801827585],[-97.157666348500328,32.733594957417893],[-97.157394473701757,32.733505349131576],[-97.157114189832612,32.733436699508424],[-97.156827754807125,32.733389560501124],[-97.156537472866219,32.733364312321747],[-97.156388734893824,32.733359937465025],[-97.155667931109164,32.733352683289851],[-97.155306550705149,32.733346416389161],[-97.155231585392201,32.733345136310987],[-97.155062468073723,32.733342212368882],[-97.155021324203915,32.73334172113681],[-97.154651172254162,32.733339279729726],[-97.154521498524574,32.733340609629323]]],[[[-97.06284082528704,32.766044249899394],[-97.062492919519244,32.768936149101449],[-97.06231003659677,32.770646631463848],[-97.061938895133238,32.773008388061243],[-97.06191075887493,32.773171892555084],[-97.06216232698273,32.773254993263834],[-97.062442663040954,32.773323856785829],[-97.062729176702675,32.773371213153162],[-97.063019562692418,32.773396680336425],[-97.063216052676708,32.77340138698073],[-97.064484882692852,32.77339937848464],[-97.065352140425333,32.773398009507289],[-97.065958043765221,32.773397052267569],[-97.067123720251971,32.773395191702058],[-97.067449587609033,32.773394672367139],[-97.067928730287406,32.773393901832264],[-97.067995500179137,32.773393797778773],[-97.06902575127954,32.773392140911433],[-97.069121228442043,32.773390802733218],[-97.069412329051559,32.773372041335008],[-97.06970026601833,32.773331309612857],[-97.069982722579539,32.773268936294393],[-97.070257422976667,32.773185422861246],[-97.070522155959907,32.773081442915938],[-97.070774788844602,32.772957831517914],[-97.071013289916962,32.772815586340577],[-97.071235736171417,32.7726558515226],[-97.07144033793503,32.772479913438097],[-97.071625448663923,32.77228918908083],[-97.071789575819906,32.77208521355891],[-97.071931400255096,32.771869629491086],[-97.07204977856108,32.771644173502267],[-97.072143758282721,32.771410659258606],[-97.072212582326983,32.771170968496854],[-97.072255698909913,32.770927029490764],[-97.072272758492076,32.770680807995561],[-97.07227305944177,32.770642657571685],[-97.072272870993203,32.770092713362338],[-97.072272733220643,32.769684214337111],[-97.072272672291191,32.769517394119241],[-97.07227229036026,32.768410586167761],[-97.072271948944945,32.767420904463897],[-97.072271937135596,32.767392042693544],[-97.072265191181543,32.767243167406676],[-97.072271640328523,32.767147780077934],[-97.07228117423044,32.766157956444538],[-97.0722824486419,32.766025380349866],[-97.072285320848593,32.765726188827912],[-97.072286331628234,32.765620817259396],[-97.07228668377536,32.765584326901703],[-97.07228705455428,32.765545815604391],[-97.072287467503699,32.765502758323251],[-97.072297043573329,32.764505977815681],[-97.072287718612415,32.764274499600155],[-97.072252467992556,32.764029660568973],[-97.072191385390369,32.76378847788488],[-97.072104960705119,32.763552891705721],[-97.071993890502668,32.763324800356024],[-97.071859068751095,32.763106038577398],[-97.07170158269075,32.762898368464555],[-97.071522698163449,32.762703462163877],[-97.071323857692306,32.762522888326345],[-97.071106661443068,32.762358101069566],[-97.070872856754789,32.762210427234514],[-97.070624328724165,32.762081054556148],[-97.070363075734562,32.761971026876495],[-97.070091202250794,32.761881227830614],[-97.069810896397939,32.761812381493655],[-97.069524416268521,32.761765041402924],[-97.069234066465299,32.761739589388256],[-97.069071599804374,32.761734986827946],[-97.068279164002803,32.76173099103854],[-97.06811657899587,32.76172810308195],[-97.068082743356356,32.761728144492935],[-97.067987263076304,32.761729062311829],[-97.067953636485839,32.761730304719016],[-97.067696095604532,32.761746902854206],[-97.067662948711217,32.761750300836113],[-97.067407820335646,32.761786391852226],[-97.067375678615917,32.761792189568482],[-97.06724686031869,32.761820637327503],[-97.067096912222581,32.761815818913931],[-97.066946892617764,32.761817148125182],[-97.066797053440865,32.761824622729051],[-97.066647646325563,32.761838230172991],[-97.066498922179903,32.761857947605229],[-97.06633707072136,32.761881597845203],[-97.066218197211228,32.761899465405392],[-97.066045320396896,32.761937640368444],[-97.066046941238255,32.76191369199919],[-97.066051552861282,32.761439479792685],[-97.066058177655577,32.760753900983012],[-97.066058624551943,32.760708003082605],[-97.066049316924762,32.76047641701777],[-97.066014085020484,32.76023157615117],[-97.065953021982168,32.759990390336718],[-97.065866617551734,32.759754799757246],[-97.065755568131877,32.759526702772789],[-97.06562076752337,32.759307934170309],[-97.065463302796331,32.759100256099522],[-97.065445945681105,32.759082512974238],[-97.065447906041527,32.759080161796071],[-97.065511835579457,32.758997564876005],[-97.065530309925535,32.758972529371931],[-97.065574504257086,32.758910090335377],[-97.065631281347265,32.758824237046845],[-97.065677592628433,32.75874868984436],[-97.065687414869473,32.758731899769742],[-97.065737920659444,32.758641039790142],[-97.065783862003215,32.758550392291916],[-97.06580284641133,32.758510293700262],[-97.065827144553722,32.758456102900709],[-97.065866861059632,32.758359624033865],[-97.065901400945307,32.758265244586823],[-97.06593311523693,32.758166516046785],[-97.065960062126706,32.75806926844114],[-97.065983919612364,32.757969595066477],[-97.066002892217725,32.75786887763261],[-97.066016934873474,32.757767355393383],[-97.066026014221322,32.757665269514433],[-97.066030108693326,32.757562862500329],[-97.06602920856308,32.757460377618493],[-97.066029845710375,32.757421268694003],[-97.066044203792814,32.757214211221225],[-97.066034415477105,32.757173945761146],[-97.066043795249143,32.757066396036592],[-97.066058486487805,32.756970389655507],[-97.066065985910782,32.756817623162974],[-97.066066283826629,32.756774404878215],[-97.066061908543887,32.756671477461971],[-97.066066163257759,32.756643647025442],[-97.066072886498603,32.756582202412766],[-97.066083732600561,32.756389822512858],[-97.066081828833745,32.756288311624722],[-97.066081328944463,32.756267984262763],[-97.06607675765207,32.756039629242089],[-97.066074447002279,32.755976322624875],[-97.06607153345216,32.755918226541112],[-97.066047356562208,32.755436201720059],[-97.066040857203745,32.755343590970504],[-97.066006976517173,32.755108129094928],[-97.066116981644129,32.755108524921354],[-97.066788838035663,32.755110861908143],[-97.066922828286636,32.755110360865785],[-97.067056715310457,32.755105078512926],[-97.067190328545109,32.755095021578882],[-97.067323497777394,32.75508020287544],[-97.06742961025428,32.755081856826315],[-97.067591217012605,32.755080982650625],[-97.067677003432223,32.75507772313248],[-97.067808937171918,32.755069835440786],[-97.067925402371571,32.755059541727661],[-97.067945290487927,32.755057463771337],[-97.068067474100815,32.755042692030216],[-97.068102974831561,32.755037130366738],[-97.068218861043022,32.755049161636251],[-97.068253590240474,32.755051994038432],[-97.068375885588324,32.7550600043526],[-97.068521762503963,32.755064452112578],[-97.068947145204547,32.755069480363495],[-97.069002202452054,32.755075916955633],[-97.06915333070063,32.755092687352914],[-97.069305004784766,32.755103456101558],[-97.069456986459613,32.755108206286351],[-97.069679271500817,32.755110763985236],[-97.069746041043359,32.755110953164952],[-97.070940014216205,32.755103982759586],[-97.07104717210099,32.755103951873068],[-97.072035104763415,32.755103776564845],[-97.072076267829615,32.755103765961813],[-97.072177051359546,32.755102420773326],[-97.072233231240958,32.755098798224601],[-97.072371606227534,32.755103101190919],[-97.072394244055573,32.755103390018817],[-97.072444083635844,32.755103702602646],[-97.07348177893823,32.755103501893501],[-97.073662398360682,32.755103469322343],[-97.074199712080983,32.755103359399598],[-97.074315247303389,32.755103336998317],[-97.074439670262038,32.75510331268918],[-97.0748059144275,32.755102543386855],[-97.074916570905515,32.755103115666167],[-97.075064883796884,32.755096324369262],[-97.075181533421755,32.755087051440327],[-97.075215394725291,32.755083721903084],[-97.075299476390711,32.755074136026558],[-97.075413155677367,32.755058272039008],[-97.075510980328289,32.755041900691928],[-97.075528450605006,32.755038699816872],[-97.075644964218739,32.755015279522908],[-97.075755774036054,32.754989524598159],[-97.075804732082858,32.754977054856077],[-97.075869900496471,32.754959347682821],[-97.075980504594511,32.754926448070101],[-97.076088662583516,32.754890668539851],[-97.07619718974064,32.754851032118125],[-97.076305133204954,32.754807720897915],[-97.076362094242228,32.754783252644181],[-97.076405583638319,32.754763760092928],[-97.076509850990206,32.754714193423325],[-97.076610702156898,32.75466220203208],[-97.076624780128611,32.754654621326843],[-97.076710128753646,32.754606788682679],[-97.076801576691935,32.754551923359152],[-97.07686959829212,32.75450853972302],[-97.076897997520689,32.754489714822007],[-97.07698729584591,32.754427778225832],[-97.077075567463609,32.754362101367818],[-97.077100921014221,32.754342375737842],[-97.077160587426135,32.75429425514448],[-97.077247534303282,32.754219717187141],[-97.077316833855065,32.754156169768748],[-97.077401130868992,32.754073338189762],[-97.077474063616052,32.753996121606264],[-97.07750349381503,32.753963362315631],[-97.077544552269529,32.75391589533946],[-97.077607657360545,32.753838715040516],[-97.077673000372357,32.753752662765329],[-97.077734805417634,32.753664035232156],[-97.077792971122065,32.753572977810236],[-97.077847402080721,32.753479639854412],[-97.078276590339598,32.752706484217235],[-97.078282273404795,32.752696243222154],[-97.079144911871154,32.7527154657773],[-97.079332621172071,32.75271506953991],[-97.079403179446132,32.752712554179816],[-97.079626715699675,32.752696506811048],[-97.07964202221585,32.752694955466339],[-97.079868013865593,32.752665055509411],[-97.079944907192797,32.7526519580924],[-97.080103561181858,32.75261972729232],[-97.080239052984865,32.752586926017379],[-97.080330945516963,32.752561585041107],[-97.080525209555688,32.752500068991992],[-97.080554250166287,32.752489835759135],[-97.080772390423192,32.752404560882809],[-97.080811939837361,32.752387438916408],[-97.080980381500396,32.752307855467471],[-97.081073855062201,32.752259090767566],[-97.08122371723762,32.752172861684826],[-97.081240586159296,32.752162562431138],[-97.081329152921725,32.752106526358745],[-97.081463910167614,32.752013218778671],[-97.081558804922921,32.751941468837053],[-97.081676260408202,32.751844311826794],[-97.081690597112157,32.751831838007135],[-97.081777675163934,32.751753039675016],[-97.08188514532263,32.751646548451419],[-97.081929382485939,32.751600383486739],[-97.082016666199166,32.751505200326051],[-97.082099420059492,32.751406053569802],[-97.082177464303555,32.751303158591107],[-97.082250629398516,32.751196738905186],[-97.082319014399047,32.751086363514517],[-97.082372689235484,32.750990398610476],[-97.082417268772915,32.750902774434437],[-97.08243818972187,32.750858661280724],[-97.082460933348614,32.750808012111108],[-97.082499505419392,32.750714678933072],[-97.082512688161785,32.750678807456694],[-97.082639557175824,32.750616699124983],[-97.08287797921443,32.750474430962967],[-97.083100348138288,32.750314674664438],[-97.083304874896825,32.75013871677637],[-97.083489913550054,32.749947974451807],[-97.083653972140553,32.749743982943812],[-97.083795732071977,32.749528384999749],[-97.083910301589341,32.749310985416251],[-97.083916510151766,32.749295111492955],[-97.08395382594226,32.749218240336944],[-97.083986593410941,32.749156731693219],[-97.083997767905032,32.749137045192498],[-97.084011988061349,32.749113630666557],[-97.084037380811921,32.749070513379053],[-97.084081755179298,32.749001342721911],[-97.084138865990752,32.74890439825284],[-97.084191711490647,32.748805064331094],[-97.084240191904485,32.748703528503214],[-97.084284215699228,32.748599982473038],[-97.084323699756155,32.748494621739759],[-97.084517283449969,32.74818635515684],[-97.084607969123525,32.748041287550848],[-97.084619381442522,32.74802233063339],[-97.084653641613329,32.747970294310868],[-97.084718692718212,32.747874089076838],[-97.084743276698021,32.747835802024319],[-97.084799273364283,32.747757119448735],[-97.084882848537376,32.747642824616626],[-97.084923150045753,32.747590522393224],[-97.084996507777348,32.747527666943022],[-97.08506615475217,32.747460723210658],[-97.085131863466501,32.747389909869632],[-97.085184898546288,32.747332415068158],[-97.085225046835845,32.747287965632509],[-97.085242002022525,32.747268616286924],[-97.085276652001397,32.747228710248372],[-97.085421765915072,32.747067418564356],[-97.085654847944156,32.74680835272089],[-97.085671074787541,32.746790161184776],[-97.085704241288738,32.746751974304168],[-97.085796724072978,32.746643545151194],[-97.08589125370186,32.74652646566679],[-97.085976998558806,32.746414152821174],[-97.086013349746366,32.746365424632017],[-97.086064310259459,32.746293038985471],[-97.086143086268322,32.746177137475271],[-97.086222880136219,32.74605239446597],[-97.086294477481133,32.745933214890087],[-97.086305471631817,32.745914742796913],[-97.086366529031238,32.745805203646519],[-97.086430761306801,32.745683061378202],[-97.086488010938638,32.745567130410699],[-97.086494931099537,32.745552030165889],[-97.086551622376561,32.745427253321914],[-97.086607698750726,32.745293629962298],[-97.086656701916439,32.745166546985175],[-97.086687619168885,32.745081744948649],[-97.086704558512892,32.74503063039392],[-97.086745741240506,32.744901579812364],[-97.086785237336755,32.744763767045981],[-97.086818489582768,32.744633095756761],[-97.08683081830992,32.744582323798191],[-97.086849175994743,32.744495395660607],[-97.086904362581848,32.744447911319476],[-97.087089381640823,32.744257163563951],[-97.087253421444828,32.744053167227463],[-97.087395163548535,32.743837565096214],[-97.087485714310233,32.743664985139411],[-97.087561576686696,32.743656355624395],[-97.087945540465995,32.743608631664543],[-97.088153335412855,32.743576949021509],[-97.088435684343168,32.743514533656629],[-97.088710275315108,32.74343097928395],[-97.08897489796,32.743326959835521],[-97.08922742048172,32.743203310689076],[-97.089465812054883,32.743061029821703],[-97.089688150556171,32.742901261659831],[-97.089892647179909,32.742725292845854],[-97.090034019583541,32.742579531936329],[-97.090085375419733,32.742562411129043],[-97.090126648150218,32.742548134155911],[-97.090175794684853,32.742530689724376],[-97.090213693334732,32.742516926414162],[-97.090265550921941,32.742497639455166],[-97.090303156334272,32.742483321732927],[-97.090354768700365,32.742463211229321],[-97.090392073390547,32.742448339912677],[-97.09044308189678,32.742427544297918],[-97.090480076160475,32.742412125590782],[-97.090530956674115,32.742390449139066],[-97.090574231408141,32.742371593239973],[-97.090617711905452,32.742352211147306],[-97.090654043470764,32.742335711616988],[-97.090704039667727,32.742312527017077],[-97.090740027568728,32.742295489642302],[-97.090789035836053,32.742271813998386],[-97.090824664905,32.742254253038389],[-97.09087358535254,32.742229652823049],[-97.090908849229379,32.742211565500632],[-97.090957034305006,32.742186362566208],[-97.090991916797947,32.742167760423293],[-97.091011450585071,32.742157260997452],[-97.091039650532281,32.742141810079509],[-97.091074143047379,32.742122696627021],[-97.09112147506417,32.74209596516522],[-97.091155565792121,32.742076344779626],[-97.091202026505812,32.742049102858864],[-97.091235709982257,32.742028983596114],[-97.091282008250772,32.742000811752554],[-97.091315270575436,32.741980195259544],[-97.09136056048726,32.741951608811242],[-97.091393394004882,32.741930506726881],[-97.091418198784311,32.741914404860324],[-97.091438330867348,32.741901098228951],[-97.091470718391079,32.741879517574368],[-97.091515123367017,32.74184939322874],[-97.091547062762288,32.741827333980567],[-97.091590556010104,32.741796758249677],[-97.091622036406676,32.741774232912121],[-97.091665054960629,32.741742901398545],[-97.091696062372804,32.741719917029258],[-97.091738407604609,32.741687972688815],[-97.091768936625712,32.741664533736767],[-97.091804167434049,32.741637067861951],[-97.09184050569435,32.741608204858139],[-97.091881804863291,32.741574788447366],[-97.091911345815888,32.741550461623518],[-97.091951652855343,32.741516684014655],[-97.091980687317502,32.741491924839636],[-97.092020054824971,32.741457766788365],[-97.092048577304581,32.741432585121842],[-97.092087628668807,32.741397498121977],[-97.09211562415652,32.741371898304124],[-97.09215060170844,32.74133939236841],[-97.092181164277974,32.741310458437319],[-97.092218698240629,32.741274280953022],[-97.092245619058104,32.741247870755842],[-97.092282297786923,32.741211246146442],[-97.092308669887643,32.741184441905652],[-97.092344402056185,32.741147476463986],[-97.092370218852921,32.741120289830533],[-97.092405452656976,32.74108251333368],[-97.092430701246258,32.741054950475451],[-97.092464684134924,32.741017183245823],[-97.092489723066024,32.740988841468194],[-97.092523305777021,32.74095012811074],[-97.092547401576766,32.74092183606934],[-97.092580170103048,32.740882644491037],[-97.092603677010032,32.740854002148126],[-97.092635591059889,32.740814383302038],[-97.09265850361129,32.740785398713555],[-97.092689662295484,32.740745226555433],[-97.092711972908972,32.740715906851491],[-97.092742261852464,32.740675327998595],[-97.092765757315092,32.740643226720465],[-97.092793439871201,32.740604621460513],[-97.092814524785993,32.740574661945402],[-97.092843050035611,32.740533316330463],[-97.092863514405096,32.74050305125408],[-97.092891220027695,32.740461234578142],[-97.09291105841794,32.740430670192985],[-97.092937914949317,32.740388423610753],[-97.092957116434462,32.740357576027996],[-97.09298323141104,32.740314713163059],[-97.093005108550756,32.740277986630765],[-97.093026808923696,32.740240696211828],[-97.093044724594023,32.740209299236028],[-97.093068875092541,32.740166017282043],[-97.09308614284879,32.740134358631515],[-97.09310959407064,32.740090351746474],[-97.093126199829115,32.740058444790861],[-97.093148482022201,32.740014601438503],[-97.093164431005007,32.739982453452775],[-97.093186008861267,32.739937867977552],[-97.093201289190148,32.739905487846812],[-97.093209726300302,32.739887425443165],[-97.093221786618088,32.739860929820487],[-97.09323639698475,32.739828332862778],[-97.093243883812463,32.739811177832941],[-97.0935945521787,32.739824394215439],[-97.093873274701892,32.739834899930507],[-97.09412462197389,32.739836154881047],[-97.094173836698829,32.739834745393239],[-97.094366523714172,32.739842004996909],[-97.095827837892273,32.739897072863393],[-97.096048028444329,32.739905367492909],[-97.096287664461954,32.739926362688927],[-97.096433705079761,32.739936353538788],[-97.096478198172122,32.739938287266021],[-97.097068288618075,32.73996051400789],[-97.09731560496823,32.739961873934149],[-97.09760659000618,32.739943046489941],[-97.097894405615818,32.739902249388315],[-97.098176736011055,32.739839811883058],[-97.098451306449775,32.739756235972891],[-97.098715906728785,32.739652195763277],[-97.098968405231773,32.739528526799248],[-97.09920677132699,32.739386227217196],[-97.099429083096368,32.739226441594489],[-97.099633551949395,32.739050456714018],[-97.099818532412357,32.738859689946167],[-97.099982532996535,32.738655676741089],[-97.10012423557238,32.738440060020451],[-97.100242497713523,32.738214576672455],[-97.100336367899502,32.737981040583378],[-97.100405089919661,32.737741333666015],[-97.100448112810142,32.737497384323724],[-97.100465081717743,32.737251543436919],[-97.100469182484389,32.736994108072324],[-97.100473852808889,32.736701419470975],[-97.100464648910503,32.736454674179853],[-97.100429331638097,32.736209842678775],[-97.100368191638736,32.735968673386118],[-97.100281719273752,32.735733106352349],[-97.100170611493056,32.735505039747622],[-97.100035762566705,32.735286308114318],[-97.099878259953499,32.735078673304081],[-97.099699369629064,32.734883807179529],[-97.099500534162189,32.734703278067556],[-97.09928335367853,32.734538539725804],[-97.09904957539058,32.73439091860164],[-97.098801084181304,32.734261602005098],[-97.09853987813905,32.734151633327237],[-97.098268061349472,32.734061895727685],[-97.097987821481851,32.733993112787083],[-97.097701416096768,32.733945837532069],[-97.09741114919612,32.733920451270805],[-97.097366607916825,32.73391851549529],[-97.097288477035875,32.733915573794519],[-97.09688403157277,32.733900338182082],[-97.096375192150603,32.73388116883612],[-97.094986536037013,32.733828181299039],[-97.094536602503553,32.733811886274168],[-97.094185822305036,32.733798667404614],[-97.093914994433135,32.733788454413755],[-97.093866737933837,32.733786639496515],[-97.093545397764345,32.733775087598168],[-97.093486534242444,32.733772752058648],[-97.093222931626826,32.73376234063759],[-97.092900247878703,32.733750200058537],[-97.092850272491447,32.733748645776032],[-97.092297994974061,32.733735059329348],[-97.092196116875641,32.733732637320152],[-97.092102046854365,32.733731409402957],[-97.091750724136148,32.733731104407937],[-97.091499391212039,32.733730906156779],[-97.091382715686962,32.733731327221562],[-97.091258592310126,32.733731793631613],[-97.091163358631192,32.733733155593121],[-97.091137707787098,32.733733923655791],[-97.090834464665434,32.733744017012867],[-97.090713567206876,32.733749716189848],[-97.090669552228078,32.733752483769308],[-97.090426621215073,32.733767284288007],[-97.09030669058852,32.733776268826311],[-97.090171301247551,32.733788542085897],[-97.090156968567385,32.733789866733659],[-97.090113933033365,32.733794051285912],[-97.090065081138619,32.733800972939996],[-97.089997032639786,32.733808423566735],[-97.089855002024322,32.733823968984012],[-97.08976968967859,32.733834280143348],[-97.089425369893831,32.733879836498588],[-97.089313526611377,32.733896329076565],[-97.089084083284632,32.733933662469639],[-97.088971686343939,32.733951949546643],[-97.088905415762682,32.73396333760779],[-97.088860554523791,32.733971738116452],[-97.088521179841976,32.734037417160138],[-97.088410950982365,32.734060467829316],[-97.088074494483294,32.734136119525068],[-97.087965344152977,32.734162393713248],[-97.087905177514088,32.734177841490741],[-97.087655165567298,32.734242026176837],[-97.08763705499166,32.734246723995092],[-97.087540793421553,32.734273350811421],[-97.087237881824336,32.734361576040577],[-97.087138758891726,32.734391974229993],[-97.086897510500748,32.734469721464414],[-97.086823811863937,32.734494345907372],[-97.086582135055522,32.734577988784714],[-97.086511898509443,32.734603176418872],[-97.086275417970541,32.734690764081357],[-97.086203223725903,32.73471839416289],[-97.085969336343837,32.734810825982159],[-97.085897973181574,32.734839929124696],[-97.085666820681269,32.734937148109587],[-97.085634423487974,32.734950964499681],[-97.084579179767886,32.735407220014871],[-97.084532870193698,32.735426274644382],[-97.084428781351534,32.73546996764891],[-97.084068275158117,32.735621302493101],[-97.084006907918834,32.735647757727214],[-97.083973947533906,32.735662396118222],[-97.083853177933705,32.735716078329993],[-97.083835701956346,32.735723842070044],[-97.083591500178386,32.735832389725005],[-97.083501797234049,32.735872260414801],[-97.082662994462083,32.736245091233592],[-97.082250799772581,32.736428300684651],[-97.082114889987579,32.736495148510492],[-97.0820608716176,32.736516404209851],[-97.081765764471982,32.736646842884937],[-97.081656723086539,32.736695038888406],[-97.081483123125309,32.736771764627093],[-97.08129418027417,32.736855276753658],[-97.081226011653015,32.736885405798667],[-97.081054962152876,32.736961012845015],[-97.080885828709839,32.737035763988345],[-97.080714522900479,32.737111480382978],[-97.080542582728597,32.737187476103664],[-97.080327403247011,32.737282579580913],[-97.080207961167631,32.737335914502971],[-97.08020391724871,32.7370751067998],[-97.080204111290257,32.736830955069102],[-97.080204034614141,32.736810192480817],[-97.08020300909493,32.736684208940453],[-97.080206166253902,32.736504600273101],[-97.08020648667582,32.736471684623368],[-97.080206592089723,32.736431594617272],[-97.080209199624306,32.736236774554747],[-97.08020931105203,32.736184497256644],[-97.080207789814935,32.736017644811774],[-97.080209551929258,32.735898245404726],[-97.080209757619457,32.735878910139178],[-97.080210467942166,32.735766026660755],[-97.080210877067728,32.735452303978782],[-97.080201430336345,32.735240019822747],[-97.08016616942156,32.734995182549689],[-97.08010508529749,32.734754003275626],[-97.080018667876018,32.734518422131003],[-97.079907613664361,32.734290337399834],[-97.079772816501773,32.734071583770387],[-97.07961536342998,32.733863923271613],[-97.079436520025936,32.733669027972624],[-97.079237728480763,32.733488466435631],[-97.079020588566564,32.733323692679164],[-97.078786847169226,32.733176033435491],[-97.078538388874946,32.733046676322061],[-97.078277211506659,32.732936665055526],[-97.078005418919759,32.732846883138883],[-97.077725198588453,32.732778054509225],[-97.077438807916224,32.732730732561258],[-97.077148550786475,32.73270529897885],[-97.076979623046,32.732700666442938],[-97.076468355100573,32.732697878900268],[-97.07597390733649,32.732695290094156],[-97.071030987390685,32.732669273861568],[-97.068580938624336,32.73265457348834],[-97.068117108248899,32.732651782042261],[-97.068093830277476,32.732651643728317],[-97.067422759807386,32.732647640650477],[-97.067298207203265,32.73264891332947],[-97.067201966605595,32.732652662409109],[-97.067148660699274,32.73265540834975],[-97.066919943232577,32.732667184578389],[-97.066806757735364,32.732674690996625],[-97.066525438673892,32.732697528703532],[-97.066443831944156,32.732705032839533],[-97.066412638915125,32.732708368128286],[-97.066132441798274,32.732739489221245],[-97.066020905702231,32.732753543716299],[-97.065763763528054,32.732789808365013],[-97.065087100575951,32.732878632058316],[-97.064995965260707,32.732889000606733],[-97.064883876247748,32.732903438224668],[-97.064760693004274,32.73292116763475],[-97.064649126479651,32.732938923757715],[-97.064526749955817,32.732960276170772],[-97.064503961213106,32.732964324950608],[-97.064415966808653,32.732981316837609],[-97.064294554273886,32.733006265214449],[-97.064184802883574,32.733030538283366],[-97.064064488195498,32.733059051707912],[-97.063979901620783,32.733080147528419],[-97.063955628180281,32.733086592540801],[-97.063836561171428,32.733118642086012],[-97.063806879230057,32.733126902330049],[-97.063688845794047,32.733158839216109],[-97.062768003113433,32.733407990252559],[-97.062746736994683,32.733413812321324],[-97.062722350582817,32.733420566944261],[-97.06261555934384,32.733451894170194],[-97.062591470860738,32.733459359303815],[-97.062485501109421,32.733493986055123],[-97.06245592439403,32.733504167343881],[-97.062357414722186,32.733539833582974],[-97.062334003507161,32.733548699938567],[-97.062230942561669,32.733589576927159],[-97.062207906433315,32.733599133043256],[-97.06213904395139,32.733628560906133],[-97.062107147966174,32.733642787365035],[-97.062099810373738,32.733646103543897],[-97.061987305323797,32.733627434880177],[-97.061775954092198,32.733606690651349],[-97.061735450082807,32.733603846328649],[-97.061656545687086,32.733599120867545],[-97.061486146750539,32.733594459277931],[-97.060630940806533,32.733590015387094],[-97.060609147623097,32.733589963217874],[-97.059936096110832,32.733590273781779],[-97.059774245457575,32.733593756898138],[-97.05961268523582,32.733604055480768],[-97.059451702314476,32.733621151243327],[-97.059085046332044,32.733667299197258],[-97.059010836593899,32.733677203918084],[-97.058982257815288,32.733678335452673],[-97.05895738845021,32.733679320590568],[-97.058907359262889,32.733680712070353],[-97.058881511403783,32.733682419093427],[-97.058791512014466,32.733687854762501],[-97.058616078627281,32.7336962003153],[-97.058537732618788,32.733705064693027],[-97.057986050239052,32.733777162999914],[-97.057868760040805,32.733789826670836],[-97.057783249323407,32.733801196799881],[-97.057508068832462,32.733832343207716],[-97.057214655932768,32.733868613008397],[-97.056925601005645,32.733904341973471],[-97.056785796829914,32.733921619799744],[-97.056678934264568,32.733938783974388],[-97.056683361880403,32.735192987522488],[-97.052864393614357,32.735157285571717],[-97.051358425777877,32.73514363716685],[-97.05121738566821,32.735114110878037],[-97.051082630727649,32.735085900520573],[-97.049361508454595,32.735069030445779],[-97.04934953489915,32.737344609065957],[-97.045788272674031,32.737803541098167],[-97.045792297758226,32.737971507172745],[-97.045795719248645,32.738093648616477],[-97.045773088581598,32.739127696820923],[-97.045742340095444,32.739697528117453],[-97.04570621324757,32.740546089024832],[-97.045662284032957,32.742764481950324],[-97.045626385561221,32.743648553261586],[-97.045630121054941,32.744131962610105],[-97.045638198127392,32.744333880348627],[-97.045628274447452,32.744774293097208],[-97.044364599940948,32.744786533052135],[-97.042463335538898,32.744816712882567],[-97.041796276839833,32.744813470949978],[-97.040572511277929,32.744805524841297],[-97.040572507778705,32.744826705993923],[-97.040572493290412,32.744971379193451],[-97.04056928359995,32.746650756173501],[-97.040567732404071,32.746676493604177],[-97.040563797518629,32.746741928266026],[-97.040559957675953,32.746805736108612],[-97.040542358964245,32.746952830077412],[-97.040513103550055,32.747050536063753],[-97.040472704590854,32.747182928262838],[-97.040425976585126,32.747320976825627],[-97.040382332646118,32.747436380529955],[-97.040318016814737,32.747605604244761],[-97.040283333257364,32.747719968619222],[-97.040271921874819,32.747803909104597],[-97.04025994507127,32.748103638554667],[-97.040229525598761,32.750464677629509],[-97.040225850277878,32.75078695557702],[-97.040219694795255,32.751276664279864],[-97.040219761489155,32.752888269535326],[-97.04019236786344,32.75338345585363],[-97.040189851421019,32.753569441908098],[-97.040188389779971,32.753674803943326],[-97.040186283891302,32.75383582474084],[-97.040185335595552,32.753910036578461],[-97.040183224847041,32.754071287301464],[-97.040180207235466,32.754304229527264],[-97.040161157228113,32.754304051820014],[-97.040083167615634,32.754303320847434],[-97.039951158868803,32.754302226868028],[-97.039848427223205,32.754301250251338],[-97.039687140243529,32.754300042984866],[-97.039577090274904,32.754298979274196],[-97.039503632009669,32.754298346266275],[-97.039173744598202,32.75429561380183],[-97.038785035606338,32.754292420866918],[-97.038110086905604,32.754286546432674],[-97.037457630556872,32.754281162939137],[-97.037221221046266,32.754289899597893],[-97.037217830206487,32.754290024746979],[-97.037207370117514,32.754513488802054],[-97.037211749059864,32.754872972070146],[-97.037221510073877,32.75567900474546],[-97.03722831534138,32.756236673590003],[-97.037231271294928,32.756485035570947],[-97.037233855353392,32.756690095526736],[-97.037235415656482,32.756825732999765],[-97.037237720189239,32.757014982914392],[-97.037237914608198,32.757028833918156],[-97.03724034001651,32.757201487536683],[-97.037243457284688,32.75743999991461],[-97.037246607569955,32.75766018781821],[-97.037248940224373,32.757847604483665],[-97.037251166263232,32.758025169311281],[-97.037253307793037,32.758191281684383],[-97.037285576493403,32.758190975004354],[-97.037291898365979,32.758235032471141],[-97.037321662692719,32.758436059604946],[-97.037344582541877,32.758591648617248],[-97.037357254918092,32.758678163000233],[-97.037372870596968,32.758783496835868],[-97.037395563226227,32.758936562341859],[-97.037404097269274,32.758994390820057],[-97.03742311383381,32.759123817495208],[-97.037408259918664,32.759235435371849],[-97.037395915211107,32.759326466175821],[-97.037375827653705,32.759476051196437],[-97.037365605740604,32.759553361074339],[-97.03734801229443,32.759683272469353],[-97.037338415485635,32.75975555076927],[-97.0373198776945,32.759893470766357],[-97.037305319956275,32.760003487627543],[-97.037291449533441,32.76013779720013],[-97.0372812233758,32.760248324088479],[-97.037275992790967,32.760302556176946],[-97.037260134469065,32.760475098353751],[-97.037242062604165,32.760666857474533],[-97.03721034374351,32.760666713358667],[-97.037213304172468,32.761013581100578],[-97.037214653167993,32.7611620429021],[-97.037215717019137,32.761261937507875],[-97.03724824933505,32.76126208938684],[-97.037249159957796,32.761272639732809],[-97.037252763529565,32.761284364473177],[-97.03725854968674,32.761295199461642],[-97.037266519497251,32.761305144710533],[-97.03727640841683,32.761313736234719],[-97.037287952320909,32.761320743646927],[-97.037300609610099,32.761325933295261],[-97.037314385170035,32.761329073447882],[-97.037328733053513,32.761330388568574],[-97.037332486531312,32.761332952643293],[-97.039005951802835,32.761344153448491],[-97.039262664264029,32.761379697927644],[-97.039498720481845,32.761484185936183],[-97.043316525888514,32.761478120350588],[-97.043565683296322,32.761478519500237],[-97.045220846842184,32.761481633392044],[-97.045532895649657,32.761482534517214],[-97.045532036496624,32.761534898784532],[-97.045520979025653,32.762209735307721],[-97.045587583218321,32.762210514486334],[-97.045954661372562,32.762214807259845],[-97.045957680540965,32.762214842570252],[-97.045955749154004,32.762372223410942],[-97.045931719064527,32.764329208822552],[-97.046969245415227,32.764335380741102],[-97.04708688957912,32.764336986476813],[-97.047250644817396,32.764337524618668],[-97.047337676711606,32.764337625199559],[-97.048304762363259,32.764340445716243],[-97.048440036476322,32.764341795150081],[-97.051402884763078,32.764349483903317],[-97.053365773079804,32.764354536917104],[-97.056070180742395,32.76436329550797],[-97.057909203771075,32.764367686873001],[-97.058299038664813,32.764354339507442],[-97.058327102029324,32.764354463798817],[-97.059739192337162,32.764360721336445],[-97.059739300210865,32.764270465887989],[-97.059800025568364,32.764271167527866],[-97.059796659178375,32.764261278887048],[-97.059931113169398,32.764262836302684],[-97.060695314479489,32.763885909706033],[-97.0611296353933,32.763268977127943],[-97.062322425066498,32.763280025015831],[-97.062666393490133,32.763250035627919],[-97.062710009609233,32.763014866356563],[-97.063126549842593,32.763011425098441],[-97.06284082528704,32.766044249899394]]],[[[-97.096650843825756,32.803863864761588],[-97.09665034735724,32.803898355645416],[-97.096642972739247,32.804230547661824],[-97.096617405743032,32.804635052879568],[-97.096605502264737,32.804765839085093],[-97.096600893413097,32.804824752811079],[-97.09656438896684,32.805382318312851],[-97.096562826738307,32.805408433017803],[-97.096511865838124,32.806349034985736],[-97.096462016065388,32.807269087165487],[-97.096458904799533,32.807358005690354],[-97.09646810846516,32.807604525430918],[-97.09650344322722,32.807849356742523],[-97.096564622257617,32.808090526631993],[-97.096651155279346,32.808326094969466],[-97.096762345212611,32.80855416347071],[-97.096897297435092,32.808772897449614],[-97.097054923904537,32.808980534886047],[-97.097077094823078,32.809004667036675],[-97.099344950350357,32.808471967066033],[-97.103722444148119,32.807443582866611],[-97.121663945066402,32.803226919880004],[-97.123119067645945,32.802924156644693],[-97.12459847554176,32.802692017657549],[-97.124763446986506,32.802674598140449],[-97.126090699741169,32.802535599078418],[-97.127377830335803,32.802464867090649],[-97.127596415464922,32.802453259204484],[-97.129016274847231,32.802524171526777],[-97.130549716184376,32.802659407110916],[-97.131662319905743,32.802761405892852],[-97.131800784299244,32.802774199048443],[-97.131792584765847,32.794167347007431],[-97.131570772373081,32.794164906667703],[-97.131279616742049,32.794183813543228],[-97.130991640424867,32.794224687780542],[-97.130709160088998,32.794287199564984],[-97.130434451305675,32.794370846388787],[-97.130169725055964,32.794474953692394],[-97.129917113691718,32.794598685529799],[-97.129873854907743,32.794622536550236],[-97.129707341411702,32.794716230203498],[-97.129674055738647,32.794699087424874],[-97.129607603602267,32.794664207004971],[-97.129474552893456,32.794605180535015],[-97.129340845025155,32.794551988960826],[-97.12920513661885,32.794504131191687],[-97.129067640352829,32.794461682228885],[-97.128928571707291,32.794424708597219],[-97.1287747963773,32.794389895008628],[-97.128524565240866,32.794348682953263],[-97.12848869966632,32.794339651859111],[-97.128395667575589,32.794319410255916],[-97.128312497757705,32.794303380048767],[-97.128288398782601,32.794299015173117],[-97.128084952324443,32.794267840362231],[-97.128060383380529,32.794264935828714],[-97.12791327767458,32.794249055339051],[-97.127765669412383,32.794238853397871],[-97.127617777714264,32.794234345149675],[-97.127469822121327,32.794235537286831],[-97.127322022269496,32.794242428039645],[-97.127161885048864,32.794255632794901],[-97.127139146025499,32.794257993668687],[-97.127048615980371,32.794269161729304],[-97.126989756170502,32.794278718644641],[-97.126941093327076,32.794266504653379],[-97.126796152775313,32.794228112744378],[-97.126771048969886,32.794219961168622],[-97.126563718158394,32.794168875046211],[-97.1265479135498,32.794163915989898],[-97.12647331020257,32.79414166952634],[-97.126414795771254,32.794127331707138],[-97.126271903706524,32.794089491214912],[-97.126247151408464,32.794083470071129],[-97.126112079487768,32.79405325015901],[-97.126060165461922,32.794042896579917],[-97.126043897054231,32.794038999271052],[-97.125944000134268,32.794017154890994],[-97.12592730939329,32.794013983431647],[-97.125907011891002,32.794007899602278],[-97.125826390969578,32.793983500191928],[-97.12566418016857,32.793940944210277],[-97.125636183958107,32.793934304476998],[-97.125527386944711,32.793910269024558],[-97.125468935230529,32.793894452350258],[-97.12544743988073,32.793888978412824],[-97.125345306627636,32.793864627732844],[-97.125305458457134,32.793854301676312],[-97.125222429674636,32.793835433604258],[-97.125190609060567,32.793828218478687],[-97.125116977678459,32.793811919981998],[-97.125066236107926,32.793800065574665],[-97.125032000397127,32.793792628900867],[-97.125007311011657,32.793787588558338],[-97.124860069868177,32.793760565221895],[-97.12483662380194,32.793756739909831],[-97.124816160515891,32.793753644735162],[-97.124755670344101,32.793738878432684],[-97.124715065784429,32.793730169929383],[-97.124664527138762,32.793719490057967],[-97.124528252403309,32.793694880200093],[-97.124442392870947,32.793674656322573],[-97.124265198838458,32.793645466547787],[-97.124222831553041,32.793637370609225],[-97.12420133529568,32.793633547805527],[-97.124178779486172,32.793629606854054],[-97.124150117181742,32.793624688338674],[-97.124023862384462,32.793605343973475],[-97.123959162482564,32.793588696262013],[-97.123849941984389,32.793564826005586],[-97.123826810044292,32.793559341794236],[-97.123662965056184,32.79352959087992],[-97.123533006750918,32.793510976145313],[-97.123242537614544,32.793485650319212],[-97.12295055117302,32.793482417754852],[-97.122659395945576,32.793501304452597],[-97.12237141787358,32.793542158733537],[-97.122088933638608,32.793604650943784],[-97.12181421884307,32.793688278733072],[-97.121549484516748,32.793792367695012],[-97.121290759526133,32.793919725650362],[-97.120834720382305,32.793920979962579],[-97.120811490242943,32.793829494334283],[-97.120724907219056,32.793593942522257],[-97.120613674444087,32.793365895158253],[-97.120478687194051,32.793147186629902],[-97.120321034042661,32.792939578602486],[-97.120141982176392,32.792744742723471],[-97.119942975465761,32.792564247075958],[-97.119725615414865,32.792399545148427],[-97.119491650680928,32.792251963095268],[-97.119242967649328,32.792122687911629],[-97.118981565951557,32.792012762655553],[-97.118709551248642,32.791923070137138],[-97.118429112802858,32.791854333574072],[-97.11814250977416,32.791807105619597],[-97.118091892961573,32.791801083158752],[-97.115690895336698,32.791531619480295],[-97.115451051380603,32.791512298892336],[-97.115379055804482,32.791509439252685],[-97.114613666207759,32.791486210285633],[-97.1145859701777,32.791456069002919],[-97.114413153895057,32.791297515904105],[-97.114057189255675,32.790995592604155],[-97.114027583838933,32.79097047780045],[-97.114001248675493,32.790948391008513],[-97.113783903611619,32.790783678675865],[-97.113549953020765,32.790636085426677],[-97.113301283174437,32.790506798346236],[-97.113039893597886,32.790396860588331],[-97.112836073610197,32.790327428921302],[-97.112270797481642,32.790153367166965],[-97.112202613989069,32.790133092999227],[-97.11192218624133,32.79006434175475],[-97.11163559245783,32.79001709879941],[-97.111345138155968,32.789991745181474],[-97.111243626492708,32.789988099904186],[-97.109954409938197,32.789958819319345],[-97.109763947149332,32.789959202127193],[-97.109472800677807,32.789978057961768],[-97.10918482797112,32.790018881722681],[-97.108902345667829,32.790081344001287],[-97.108627629354714,32.790164942688691],[-97.108362890073806,32.790269003612572],[-97.108110260281151,32.790392691200701],[-97.107871771447677,32.790535007325431],[-97.107649346335933,32.790694807448062],[-97.107501227860368,32.790822236028234],[-97.107362767804318,32.79090626981769],[-97.107321308762366,32.790931574425748],[-97.107282320370246,32.790958724000362],[-97.10725938477087,32.790974169099229],[-97.107242231053064,32.790986148035785],[-97.10720918761838,32.791009371486993],[-97.107194578253356,32.791019180999974],[-97.107139883581894,32.791057787239076],[-97.107064601654585,32.791111265963075],[-97.107045488780244,32.791124045455859],[-97.106851278659178,32.791265137478518],[-97.106829098126667,32.791283146920108],[-97.106813840608837,32.791294108060008],[-97.106793267666205,32.791311806313132],[-97.106662897531805,32.791244016130179],[-97.106401514008823,32.791134064427602],[-97.106129514717395,32.791044344390464],[-97.105849088795736,32.790975579458049],[-97.105562495302976,32.790928322512009],[-97.105272039754155,32.790902954713218],[-97.105113992310265,32.790898432303415],[-97.102407932135208,32.790876231291108],[-97.100024028871161,32.790856621513385],[-97.099997652601942,32.790856443647755],[-97.099910172684005,32.790855851177064],[-97.099781623744505,32.790857132168412],[-97.099490472206909,32.790875964633884],[-97.099202491995044,32.790916765278659],[-97.098919999807876,32.790979204880159],[-97.098645271311696,32.791062781512075],[-97.098380517646717,32.791166821179658],[-97.09812787138452,32.791290488481934],[-97.097889364128832,32.791432785454298],[-97.09766691879048,32.791592567712485],[-97.097462324964454,32.791768548681041],[-97.097277229138356,32.791959311203534],[-97.097113123816371,32.792163320043109],[-97.096971328130252,32.792378932483075],[-97.096852985487118,32.792604411824684],[-97.096759048347366,32.792837944349209],[-97.096690273806132,32.793077648283855],[-97.096647213635563,32.793321595332763],[-97.096630217337477,32.793567819728914],[-97.096637231275011,32.793788604774399],[-97.096711347805908,32.794721336625649],[-97.096713962456363,32.794751541667679],[-97.096715493662927,32.7947682872583],[-97.096717679990832,32.794791209189704],[-97.096725844066043,32.794872589834775],[-97.096726992095427,32.794891418082493],[-97.096724669451234,32.795108824782027],[-97.096687130235537,32.798626860775691],[-97.096686828023138,32.798669934474759],[-97.096685910350701,32.798802013545],[-97.096663610612296,32.802009130602698],[-97.096650843825756,32.803863864761588]]]]},"properties":{"OBJECTID":1,"Shape_Length":316977.28885246639,"Shape_Area":484831603.79445815,"AREA_SQFT":484937311.53852451,"AREA_ACRES":11132.628823198451,"AREA_SQMILES":17.394732536247577}}]
}