{
  "type" : "FeatureCollection",
  "features" : [{"type":"Feature","id":1,"geometry":{"type":"MultiPolygon","coordinates":[[[[-97.662422357573618,30.170401622927727],[-97.662568697304437,30.170461890173954],[-97.662718387422373,30.170515586876352],[-97.662871039108353,30.170562571166091],[-97.663026252611985,30.170602722671845],[-97.663183744353205,30.170635764954955],[-97.663376250605026,30.170739639075215],[-97.663471030618624,30.170788928111431],[-97.663497669704398,30.170802239300599],[-97.663505020783248,30.170805901201454],[-97.663642331067749,30.170870248246249],[-97.664282815661522,30.171152944642444],[-97.664509018212257,30.171297236159322],[-97.664599509395032,30.171355884540539],[-97.664638839914488,30.171381345913211],[-97.664772880237336,30.171460314987723],[-97.664911386059259,30.171533233925139],[-97.665053996791414,30.171599912561369],[-97.665200340004731,30.171660176788631],[-97.665350033466794,30.17171387040122],[-97.665502688349747,30.171760851538334],[-97.665657904894786,30.171800999836979],[-97.665815277810481,30.17183420839477],[-97.665974397115207,30.171860391922209],[-97.666134848269522,30.171879481320655],[-97.666296211048689,30.171891427277963],[-97.666458065805003,30.171896199479566],[-97.666619990436558,30.171893782936678],[-97.666781561207259,30.171884187041641],[-97.666810933748209,30.171881318436068],[-97.666942498751425,30.171868628925015],[-97.667029659933775,30.171861998813032],[-97.667490802448881,30.171819552695322],[-97.667045253703165,30.171619834701744],[-97.66695922674468,30.171581272865332],[-97.666078831708489,30.171186652337827],[-97.665327189735422,30.170849727006175],[-97.665235151412404,30.170808469729099],[-97.665197006474727,30.170791365578303],[-97.664813641819279,30.170619534243709],[-97.664738986159733,30.170562968099603],[-97.66455239279523,30.170421589546308],[-97.664255666669092,30.170418264258121],[-97.663796167277866,30.170269733291921],[-97.663422354536735,30.170035387323665],[-97.662842428249675,30.169788518760281],[-97.662639430494153,30.169702102076727],[-97.662059679887207,30.169455316285205],[-97.661731906421522,30.169345387738691],[-97.661697816340251,30.169333953181116],[-97.661678485597321,30.169300435284097],[-97.662122680281868,30.168894733174088],[-97.66271446352664,30.168541245731568],[-97.663103849743464,30.16789875197712],[-97.663288088730226,30.167659070468183],[-97.663853024141076,30.16794313556872],[-97.663883949502932,30.16784868907445],[-97.664242293877777,30.167996342108903],[-97.665078271614945,30.168414080942483],[-97.665955112176562,30.168801096510162],[-97.666484613723853,30.169141396836505],[-97.669413263102683,30.168878011220109],[-97.670120303120811,30.169151257052349],[-97.670656583446188,30.169026901833757],[-97.67066405005454,30.16849223175247],[-97.670935878712427,30.168601098446011],[-97.672729969250312,30.168625667060013],[-97.673228789651034,30.169174132372991],[-97.674812505056991,30.166472475205364],[-97.676046428672308,30.166781549074525],[-97.676083079998151,30.163686150634131],[-97.672696828498005,30.162433342913864],[-97.674414424150214,30.15874122548885],[-97.675661908158446,30.156113159501892],[-97.675207246523044,30.155907707805344],[-97.674375586821668,30.155518415305018],[-97.673607681978169,30.155154442961809],[-97.672087069765695,30.154453643299014],[-97.671786151849162,30.154308755565793],[-97.671606751763775,30.154221098752277],[-97.671475866047999,30.154137350828666],[-97.671267687515964,30.153999781051471],[-97.671058645562468,30.153816317110646],[-97.670852370116279,30.153597318930075],[-97.670679648728367,30.153353938466214],[-97.670618209751098,30.153238597385467],[-97.670576374454583,30.153144722422141],[-97.67053953210403,30.15305270552895],[-97.6704897990425,30.152915674366859],[-97.670437380905369,30.152729452382882],[-97.670385132663753,30.152390565475333],[-97.670376482500245,30.152081539578614],[-97.670383098086816,30.152024647082953],[-97.670422471015939,30.151813601971391],[-97.670500247862066,30.151489193923627],[-97.670367651052771,30.15170683946366],[-97.670268927507394,30.151878362362424],[-97.670101687165371,30.152168921598374],[-97.669624722456902,30.152997578388536],[-97.669534780888014,30.153053284190232],[-97.669340759560455,30.153173454759973],[-97.669145042682231,30.153294671530634],[-97.668857812157967,30.15334950252117],[-97.668751794412458,30.153546383358776],[-97.668342007598596,30.154179570928953],[-97.667874444428193,30.154902022972834],[-97.66677717076827,30.15663152538157],[-97.664878459908863,30.159530952599827],[-97.663761826652575,30.161323832753116],[-97.663496303024317,30.161750148216715],[-97.663496073495224,30.161750516457108],[-97.662833303755008,30.162781369324811],[-97.662415891601526,30.16345349780163],[-97.662269817411456,30.163688705612337],[-97.661995489614313,30.164113342930872],[-97.661775856409335,30.164431125065978],[-97.661660615380285,30.164597175103864],[-97.661440836359191,30.164913123365071],[-97.661359254197237,30.165030455981302],[-97.661216620423531,30.165235735514585],[-97.661159093989852,30.165318640460814],[-97.661069920461031,30.165447229414198],[-97.661039998261757,30.165493389089921],[-97.660976620286675,30.165591051300034],[-97.660911419787112,30.165685925306661],[-97.660844363048369,30.165779051938731],[-97.660843394060308,30.165780389244702],[-97.660843145369697,30.165780731814873],[-97.660841402492224,30.165783042980632],[-97.660773531379249,30.165872570968439],[-97.660773344323459,30.165872817941633],[-97.66072296944283,30.165936679779417],[-97.660720001133598,30.165940433817742],[-97.660719666311223,30.165940852548434],[-97.660701423865831,30.165963452883993],[-97.660683075683295,30.165985951825071],[-97.66066619236193,30.166006404786568],[-97.66064635048798,30.16602974227694],[-97.660633045448023,30.16604595973271],[-97.660627128331072,30.166052966423067],[-97.660608219692449,30.166075152176955],[-97.660589186862083,30.166097225347713],[-97.660570502057041,30.166118636842235],[-97.660570326590232,30.166118835210515],[-97.660569989771119,30.166119207798065],[-97.660472351320223,30.166226803243049],[-97.660411971722993,30.166291550134879],[-97.660383423568916,30.166321411657176],[-97.660371004115248,30.166334206438457],[-97.660350387964442,30.166355201721],[-97.66032970583997,30.166376128886192],[-97.660324473708414,30.166381241564956],[-97.660308599270479,30.166396712829812],[-97.660245165124607,30.166458590002168],[-97.660159021673962,30.166539274931839],[-97.660084390333793,30.166606612239253],[-97.660048680875491,30.166638816096345],[-97.659423713430655,30.167100503104624],[-97.659119657820909,30.167323532210656],[-97.658993559688923,30.167415923106496],[-97.658320858483322,30.167908799440973],[-97.658325090134028,30.167914583767704],[-97.658418830318283,30.168029325320425],[-97.658519191119908,30.168139758171332],[-97.658625910104561,30.168245594501432],[-97.658738709987119,30.168346557970551],[-97.658857295467925,30.1684423854669],[-97.658981357414604,30.16853282628092],[-97.659110572817667,30.16861764391226],[-97.659244604724805,30.168696618781158],[-97.659383102351256,30.168769543710319],[-97.659398574567021,30.168777177810238],[-97.660532610527085,30.16933308055129],[-97.661142625590458,30.169631676245785],[-97.661546187379599,30.169832182638107],[-97.661635334793473,30.169911970187588],[-97.661753925104648,30.170007795006647],[-97.661877991808396,30.170098233016933],[-97.662007211882809,30.170183047725455],[-97.662141248363412,30.170262019559988],[-97.662279750453507,30.170334941351229],[-97.662422357573618,30.170401622927727]]],[[[-97.797474214967039,30.171502691791034],[-97.797312997114432,30.171516036093475],[-97.797152774329632,30.171536515680682],[-97.796993963999753,30.171564076324184],[-97.796836979727019,30.171598647459341],[-97.796682231453701,30.171640136763738],[-97.796530124235701,30.171688438271786],[-97.796381053229567,30.171743424151465],[-97.796235407687092,30.171804952005601],[-97.79609356791822,30.171872861203045],[-97.795955903170267,30.171946974649785],[-97.795822773728432,30.172027097920914],[-97.795694526652554,30.172113023706824],[-97.795571495880722,30.17220452729461],[-97.795454002167489,30.172301369278848],[-97.795342353041832,30.172403297368756],[-97.795236838668558,30.172510045411961],[-97.795137734926087,30.172621335255933],[-97.795045301326894,30.172736876711646],[-97.794959776815119,30.172856369288333],[-97.794915830936858,30.172923558575583],[-97.794462247138256,30.17364137993528],[-97.79441939142454,30.173709091541934],[-97.794384402660057,30.17376476986993],[-97.794313349531606,30.173891216669858],[-97.794249818741321,30.174020650776072],[-97.794193978298864,30.174152735206878],[-97.794145972503756,30.17428712352752],[-97.794105926978744,30.174423467169394],[-97.794073945694635,30.174561409050412],[-97.794050112904856,30.174700589936357],[-97.79403449110616,30.174840646597641],[-97.794027119956411,30.174981213598247],[-97.794028019374139,30.175121924253702],[-97.794037186396281,30.175262411480315],[-97.794054598277768,30.175402308753426],[-97.794080209349701,30.175541250956407],[-97.794113952017327,30.17567887620643],[-97.794155738881742,30.175814824083226],[-97.794205460513226,30.175948741918635],[-97.794262988716881,30.176080278525323],[-97.794328171165702,30.176209091335807],[-97.794400838742746,30.176334843818147],[-97.794480803356876,30.176457209958251],[-97.794567853927887,30.176575867862027],[-97.794661765538734,30.176690508954888],[-97.794762292238147,30.176800834240822],[-97.794869171159249,30.176906556182125],[-97.794982124599528,30.177007398735736],[-97.795100856858781,30.177103099106567],[-97.795225058420712,30.177193406916356],[-97.795354405910842,30.177278086011054],[-97.795488562034606,30.177356917172173],[-97.795627175681361,30.177429693598519],[-97.795658845636467,30.177444712970555],[-97.795769279386278,30.177497175037011],[-97.79682254997104,30.178006263942702],[-97.796933807749909,30.178057424831454],[-97.797080243599865,30.17811753714189],[-97.797230020884555,30.178171075356321],[-97.797382750555101,30.178217898017479],[-97.797538032660512,30.178257885177448],[-97.797695461735231,30.17829093035466],[-97.797854627653038,30.178316948685101],[-97.798015115751809,30.1783358715006],[-97.798176505710927,30.178347649925296],[-97.798338377813067,30.178352254080355],[-97.798500309907539,30.17834966941507],[-97.798661878242996,30.178339905761888],[-97.798822661898328,30.178322985660618],[-97.79898224147324,30.178298956088025],[-97.799140200377877,30.178267877631939],[-97.799296126747294,30.178229831756504],[-97.79944961454423,30.178184918109061],[-97.799600261479597,30.178133254484102],[-97.799747675315302,30.178074974220227],[-97.799891471681079,30.17801023068224],[-97.800031275238908,30.177939191857163],[-97.800166721681009,30.177862044004545],[-97.800297456793089,30.177778987120181],[-97.800423140511811,30.177690239526111],[-97.800543443949394,30.177596031490864],[-97.800658053471352,30.177496608915909],[-97.800766670717266,30.177392232431803],[-97.800869011664119,30.177283172861589],[-97.800964808603197,30.177169715775054],[-97.801053813384158,30.177052156120492],[-97.801118487162043,30.176957633515681],[-97.801468380026435,30.176422195287508],[-97.801531213190131,30.176321291709346],[-97.801589282002425,30.176217573092],[-97.801642460608562,30.176111264228801],[-97.801653571729815,30.176087542588842],[-97.801704454176416,30.175974118487389],[-97.801714455701941,30.175950232995294],[-97.801717679599875,30.17594249797779],[-97.801728660153771,30.175916028573482],[-97.801774063330456,30.175798333960575],[-97.801777829975521,30.175787710961679],[-97.801786393213092,30.175763384723965],[-97.801788187575042,30.17575827734856],[-97.801798154855206,30.175729802469327],[-97.801836907586789,30.175609317751256],[-97.801839810084786,30.175599353287534],[-97.801848011451213,30.175570977116905],[-97.801856218895594,30.175542471776712],[-97.801888587930762,30.175417820241861],[-97.801890461377099,30.175409671313762],[-97.801896941316357,30.175381268964802],[-97.801903426253091,30.175352739235819],[-97.801917736198305,30.17528538000261],[-97.801923211483597,30.175257683479298],[-97.801934486322054,30.175196541977972],[-97.801945732235666,30.175124271530237],[-97.801949623500832,30.175096501487971],[-97.801958112130137,30.17502899630653],[-97.801961246291029,30.175000847034926],[-97.80196437063789,30.174972762682792],[-97.801975535099217,30.17483787139966],[-97.801977052831134,30.174809973495393],[-97.801978573682234,30.174782075645247],[-97.801978845390053,30.174776986213651],[-97.801982115855111,30.174646855376459],[-97.80198205798618,30.174618835283461],[-97.801982012775596,30.174608281010919],[-97.801980969983092,30.174551469023555],[-97.801980115532587,30.174523203716742],[-97.801979258028652,30.174494980846045],[-97.801975267836653,30.174411607563879],[-97.801971325350877,30.174359874784923],[-97.801968892256497,30.174331938340647],[-97.80196207827619,30.174264675486377],[-97.80195885385362,30.17423676421981],[-97.801956304738013,30.174215522722598],[-97.801949637155786,30.174166155602197],[-97.8019420311239,30.174113927300219],[-97.801912254048418,30.17391124040314],[-97.801897844758074,30.173824235266146],[-97.801868147819491,30.173685908495212],[-97.801830360331053,30.173549079767859],[-97.801784581308326,30.173414106068641],[-97.80173092967037,30.173281338396759],[-97.801669546237079,30.173151125417398],[-97.801600590815568,30.173023804371006],[-97.801524243053407,30.172899709224382],[-97.801440702624944,30.172779162538045],[-97.801350188087326,30.17266247996643],[-97.801252933884314,30.172549964782416],[-97.801149194423743,30.172441911564039],[-97.801039241081327,30.172338600718611],[-97.800923360016867,30.172240302965431],[-97.800895201642419,30.172217881245313],[-97.800877499482894,30.172203954813082],[-97.800784151185027,30.172133348390528],[-97.800657336922612,30.17204583130593],[-97.800525544803406,30.171964055173934],[-97.800389119539958,30.171888232065008],[-97.800248416551966,30.171818560675696],[-97.800103803110289,30.171755221828853],[-97.799955656174262,30.171698382052174],[-97.799804361475964,30.171648188138544],[-97.799650315497587,30.171604771700462],[-97.799493919293056,30.171568246351057],[-97.799335580569092,30.171538707740314],[-97.799175712707552,30.171516230826175],[-97.799014732519851,30.171500877067903],[-97.798853059456405,30.1714926835641],[-97.798691116377256,30.171491674818405],[-97.798646131987923,30.171492669686611],[-97.798414781454099,30.17149921653246],[-97.79829797510817,30.17150439755294],[-97.798223091740553,30.171510596366392],[-97.798158292560672,30.171507360268379],[-97.797793751247738,30.171497410945904],[-97.797636005757852,30.171496517033582],[-97.797474214967039,30.171502691791034]]],[[[-97.785777258763645,30.179232739809947],[-97.785849986240819,30.179265632993744],[-97.785996416986492,30.179325758094084],[-97.786146189969017,30.17937930938859],[-97.786298916150898,30.179426145386032],[-97.78645419558994,30.179466146103568],[-97.78661162282782,30.179499205024193],[-97.786770787742938,30.179525237248182],[-97.786931275675911,30.179544174071072],[-97.787092666306478,30.179555966580345],[-97.787254539915551,30.179560584860479],[-97.787416474348561,30.179558014324094],[-97.787578045847908,30.179548264766552],[-97.787738833484539,30.179531358690898],[-97.787898417847515,30.179507343037354],[-97.788056382334517,30.179476278357484],[-97.788212315066048,30.179438246079378],[-97.788365809988406,30.179393345815111],[-97.788516464793545,30.179341695324005],[-97.788663887223294,30.179283427910491],[-97.788807692884575,30.179218696905856],[-97.78894750641534,30.179147670264399],[-97.789082963481547,30.179070534213935],[-97.789122017185164,30.179045728810848],[-97.78921214971227,30.179055506202022],[-97.789340920184998,30.179069472669923],[-97.789469659512932,30.179083437560635],[-97.789777842151693,30.179116865217754],[-97.789866459464903,30.179126476556164],[-97.790240075478962,30.179168853307399],[-97.79025597474245,30.179170656811277],[-97.790320207801059,30.179177363868753],[-97.79048159823094,30.179189152071622],[-97.790643471383802,30.179193766032963],[-97.790805405106468,30.179191191176589],[-97.790966975643045,30.179181437309225],[-97.791127762066964,30.179164526945154],[-97.791287344970499,30.17914050703579],[-97.791445307755197,30.179109438143723],[-97.79160123854588,30.179071401708111],[-97.791754731293992,30.179026497351824],[-97.791905383697184,30.178974842844873],[-97.792052803503466,30.178916571502199],[-97.792196606326684,30.178851836665345],[-97.792336416812134,30.178780806298583],[-97.792471870633818,30.178703666639475],[-97.792602613558344,30.178620617662286],[-97.79272830550191,30.178531877668618],[-97.792848617555322,30.178437676907024],[-97.792963236061667,30.178338261260009],[-97.793071862636779,30.178233891340152],[-97.793174213233669,30.178124837953284],[-97.793270020118115,30.178011386652994],[-97.793359035114108,30.177893832372618],[-97.793441025359797,30.177772482967388],[-97.793515776552638,30.177647653846265],[-97.793583093885019,30.177519672508584],[-97.793642802231417,30.177388870410603],[-97.793694744920629,30.177255591080137],[-97.79373878706366,30.177120181134509],[-97.793774813390286,30.176982993858427],[-97.793802730369904,30.176844387432851],[-97.793811107694211,30.176792014005795],[-97.793851482963404,30.176520533505968],[-97.793852386655203,30.176514405495023],[-97.793950540796288,30.175842565318128],[-97.793960994398304,30.175761402435189],[-97.793972494740231,30.175621044548087],[-97.793975731769663,30.175480359620636],[-97.793970697081249,30.175339714538399],[-97.793957403070934,30.175199476546215],[-97.793935885057323,30.175060011477651],[-97.793906199221766,30.174921682814944],[-97.79386842260763,30.174784851689129],[-97.793822654202089,30.174649875090797],[-97.793769012896817,30.174517104026851],[-97.79370763948441,30.174386887171341],[-97.793638693746033,30.174259561774765],[-97.793562355303919,30.174135461815389],[-97.793478823808172,30.174014909866106],[-97.793388317792477,30.17389822159533],[-97.793291071678681,30.173785700290598],[-97.793187339853162,30.173677640545872],[-97.793077393672007,30.173574322785733],[-97.792961519276176,30.173476017747365],[-97.792871796109111,30.173407315319032],[-97.792862849662541,30.173312921400377],[-97.792841333664185,30.173173456193567],[-97.792811649991521,30.173035127321899],[-97.792773875682528,30.172898295916848],[-97.792728109718112,30.172763318969849],[-97.792674470983556,30.172630547488641],[-97.79261310026493,30.172500330148402],[-97.792544157336295,30.172373004200882],[-97.792467821812622,30.172248903625739],[-97.792384293336255,30.172128350997557],[-97.792293790433035,30.172011661986421],[-97.792196547516753,30.171899139881873],[-97.792092818965429,30.171791079279995],[-97.791982876126568,30.171687760607501],[-97.79186700513246,30.171589454604018],[-97.791745508044485,30.17149641782208],[-97.791618702873848,30.171408891723811],[-97.791486919338453,30.171327106223266],[-97.791350502128495,30.171251273415368],[-97.791209806642584,30.171181592021949],[-97.791065200132095,30.171118242892014],[-97.790917059538145,30.171061392580032],[-97.790765770576471,30.171011187906327],[-97.790611729714172,30.170967760511559],[-97.79045533799183,30.170931224037442],[-97.790297003104442,30.17090167416292],[-97.790137138424043,30.170879185875439],[-97.789976160753483,30.170863820663754],[-97.789944685864754,30.170863264809626],[-97.789799833432738,30.170856191487392],[-97.789654813063493,30.170855028966852],[-97.789621759724014,30.170855064813423],[-97.789577344226558,30.170856481311699],[-97.789569165269043,30.17085675661497],[-97.788841619605961,30.1708669588634],[-97.788677673810781,30.1708731554005],[-97.788516455793015,30.170886488536421],[-97.78835623218194,30.170906957025242],[-97.788197420366998,30.170934506667276],[-97.788040433954123,30.170969066926684],[-97.787885682891385,30.171010545509386],[-97.78781249626887,30.171033780465354],[-97.787354265320616,30.170861546774532],[-97.787302034259795,30.170842394592402],[-97.787161747031163,30.170795836042938],[-97.787074394978632,30.170683196581781],[-97.786977159534047,30.170570670508464],[-97.786873438301427,30.170462605670231],[-97.786763502609233,30.170359282504883],[-97.786647638571111,30.170260971763813],[-97.78652614823028,30.170167930011822],[-97.786399349580364,30.170080398724039],[-97.786267572322231,30.169998607828049],[-97.786131161129731,30.169922769432837],[-97.786062427064181,30.169887689528871],[-97.785388304551006,30.169553467176883],[-97.785189542413534,30.169454922666755],[-97.785117604866954,30.169420323362214],[-97.784973005037145,30.169356967316709],[-97.784824870775964,30.169300109917636],[-97.784673587782748,30.169249898003738],[-97.784519552508755,30.169206463234527],[-97.78436316598021,30.169169919271116],[-97.784204835878469,30.169140361811841],[-97.784044975563219,30.169117865863935],[-97.783884001825726,30.169102492936197],[-97.783722334100119,30.16909428017723],[-97.783560395231959,30.169093252141042],[-97.783398607590811,30.169099408966968],[-97.783237391821189,30.169112735398134],[-97.783077170047136,30.169133197221246],[-97.78291835965328,30.169160740254007],[-97.782761374241801,30.169195293977712],[-97.782606623758269,30.169236766115429],[-97.782454513263943,30.169285050746382],[-97.782305437924265,30.169340020082505],[-97.782159787002144,30.16940153176979],[-97.782017940821575,30.169469425219397],[-97.781880268646589,30.169543523378103],[-97.781747130781895,30.169623631861192],[-97.781618874309046,30.169709543397527],[-97.78149583319076,30.169801033311305],[-97.781378328208604,30.169897862232833],[-97.781266666921013,30.169999777905389],[-97.781161139524443,30.170106514208975],[-97.781062021931277,30.170217793021763],[-97.780969573690072,30.170333324183524],[-97.780884033783053,30.170452807230209],[-97.780864197499938,30.170482586166319],[-97.780308531565609,30.171329090571128],[-97.78028917234569,30.17135910015525],[-97.780259471261118,30.17140604659398],[-97.781206581942527,30.171446843416952],[-97.781715251080087,30.171473237289401],[-97.781894952433078,30.1714826236073],[-97.780765477150211,30.173198240270064],[-97.780559086084125,30.173439380801405],[-97.780544747751364,30.173456133040848],[-97.780447561679466,30.173569595027899],[-97.780385784332893,30.173641717496718],[-97.780219270471989,30.173891395006898],[-97.779768960342707,30.17458371268782],[-97.779562764477205,30.174898717246858],[-97.778880429774986,30.173545045533306],[-97.778541049382781,30.17405861052935],[-97.77848239990216,30.174152067459524],[-97.778411325518221,30.174278505371724],[-97.778347773007155,30.174407931532134],[-97.778291910435456,30.174540008980028],[-97.778243882160538,30.174674391298684],[-97.778203813863357,30.174810729935281],[-97.778171809574587,30.174948667820683],[-97.778147953607359,30.175087845731181],[-97.778132308518892,30.17522790044503],[-97.778124914028126,30.175368466531136],[-97.778125790114032,30.175509177307433],[-97.778134933874838,30.175649665690006],[-97.778152322625871,30.175789565151149],[-97.778177910758629,30.175928510568589],[-97.77821163073834,30.176066140051002],[-97.778253395225207,30.176202093167163],[-97.778303094847757,30.176336017235116],[-97.778360601468904,30.176467561051535],[-97.778425762817591,30.176596382029896],[-97.778498409832153,30.176722143616995],[-97.77857835447486,30.176844519775102],[-97.778665385717758,30.176963188583816],[-97.778759278694395,30.177077841440276],[-97.778859787501972,30.177188179317785],[-97.778966649320296,30.177293914645546],[-97.779079586491306,30.177394771345881],[-97.779198303357575,30.177490486586549],[-97.779322490442723,30.177580809950555],[-97.779451824410373,30.177665505243372],[-97.779585968000887,30.177744353204258],[-97.77972423787044,30.177816982072045],[-97.779728909231835,30.17781929666393],[-97.780407251184926,30.178155201034489],[-97.78067640626989,30.178288933484126],[-97.78081826620992,30.178355160295801],[-97.780963001257447,30.178414842782256],[-97.781110309695393,30.178467856528389],[-97.781259884442179,30.178514091020872],[-97.783038433096806,30.179021240250616],[-97.783048394274047,30.179024064708539],[-97.783203671705863,30.179064069396585],[-97.783361097162853,30.179097132343241],[-97.783520260527993,30.179123168638178],[-97.783680747145993,30.179142109566392],[-97.783842136699988,30.179153906204608],[-97.784004009473577,30.179158528626548],[-97.784165943314747,30.17915596223402],[-97.78432751446708,30.179146216811592],[-97.7844883020026,30.179129314851551],[-97.78464788651047,30.179105303283333],[-97.784805851388114,30.179074242647808],[-97.784961784755154,30.179036214362565],[-97.7851152805559,30.178991318029251],[-97.785198660407431,30.178962734142093],[-97.785777258763645,30.179232739809947]]],[[[-97.775893554225419,30.181039107823722],[-97.77575164198764,30.181033252558723],[-97.775609609010559,30.181033224638831],[-97.775467694481776,30.181039024111058],[-97.775306457535422,30.181052340504291],[-97.775146214118223,30.181072792366749],[-97.774987381671252,30.181100325542051],[-97.77483037385403,30.181134869537203],[-97.774675600670761,30.181176332100623],[-97.774523467241949,30.181224607336699],[-97.774374368792763,30.181279567481653],[-97.774228694646396,30.181341070205576],[-97.774086825187425,30.181408954942938],[-97.773949129740515,30.181483044663224],[-97.773815968671357,30.18156314500381],[-97.773687689121843,30.181649048714753],[-97.773564625114787,30.181740531140733],[-97.773447097491612,30.181837352931446],[-97.773335413869788,30.181939261848878],[-97.773229864504017,30.182045991790584],[-97.773130725363998,30.182157264651369],[-97.773038256054591,30.182272790286589],[-97.772952695612659,30.182392268246414],[-97.772935213421889,30.182418459527049],[-97.772402275423261,30.183227245603042],[-97.772385211734701,30.183253639425647],[-97.772323931621457,30.183350402562077],[-97.772312111070363,30.183371031167969],[-97.772308704134161,30.183376991303955],[-97.772252768100117,30.183476806100963],[-97.772249602577915,30.183482855447931],[-97.772189034995648,30.183606171331483],[-97.772186222887157,30.18361232631829],[-97.772132970302323,30.183738198687152],[-97.772130539303774,30.183744431775462],[-97.772110669861661,30.183798550653023],[-97.772108380795586,30.183804900137414],[-97.772084641693979,30.183872529563807],[-97.772080592436168,30.183885217016012],[-97.772044253727628,30.184008825837239],[-97.772040900250403,30.184021573406188],[-97.772011847763039,30.184146741999182],[-97.772008990568011,30.184159447647609],[-97.77199098228327,30.184249891166555],[-97.771989912383162,30.184256480808468],[-97.771974293676962,30.184369457234766],[-97.771964063051783,30.184483048392828],[-97.771959243638364,30.184596997460993],[-97.771959846333033,30.184711046808388],[-97.7719600403409,30.184717698397964],[-97.771960536675209,30.184733012216714],[-97.771969672281912,30.184873501272822],[-97.77198705370995,30.185013401806749],[-97.772012635369876,30.18515234869329],[-97.772016884131062,30.185171780164467],[-97.77201834102263,30.185178314686404],[-97.772046162443417,30.185290423693367],[-97.772079172935307,30.185401115916765],[-97.77211730091355,30.185510151315473],[-97.772160463695897,30.185617293441254],[-97.772163140901625,30.185623528436928],[-97.772211898142245,30.18573014874352],[-97.772265396963874,30.185834470526363],[-97.772323529296628,30.185936283051035],[-97.772386177710715,30.186035380651926],[-97.772390000076129,30.186041147553386],[-97.772458713199185,30.186139894481606],[-97.772531632409425,30.18623557748894],[-97.772608621270805,30.186328017547009],[-97.772689535732795,30.186417041695169],[-97.772694402944978,30.186422179627925],[-97.772707320543518,30.186435726920333],[-97.772814185883519,30.186541467596793],[-97.772927127475427,30.186642329932045],[-97.77304584964979,30.186738051079104],[-97.773059822448829,30.186748689607175],[-97.773065597235842,30.186753060552746],[-97.773167373414338,30.186826852566305],[-97.773271979004463,30.186896575749614],[-97.773379251435372,30.18696212174369],[-97.773489023991658,30.187023388681453],[-97.773495550992735,30.187026871481098],[-97.773584448062365,30.187072591221305],[-97.773650011859218,30.187104182474069],[-97.77464382944892,30.187569787782802],[-97.775952614293175,30.188182935013536],[-97.777751053224051,30.189025613371204],[-97.777828434480583,30.189060685351574],[-97.777923018390283,30.189100431878831],[-97.777928572456204,30.189102667955691],[-97.778055663420517,30.18915092015494],[-97.778184543723228,30.189194166605802],[-97.778315016287294,30.189232341178052],[-97.778320852867665,30.189233927666194],[-97.778452006734611,30.189266895389689],[-97.778584313698474,30.189294878865525],[-97.778717584414011,30.189317838046389],[-97.778723606035243,30.189318759678844],[-97.778838806516831,30.189334497253729],[-97.778954451736681,30.189346539070311],[-97.779070423161613,30.189354872786062],[-97.779216266793298,30.189360263183545],[-97.779362209328696,30.189359818606199],[-97.779487085493528,30.189354949262945],[-97.779611720885299,30.189345795784856],[-97.779735968571401,30.18933236896298],[-97.779742776437899,30.189331514324863],[-97.77989359034278,30.189309352378398],[-97.780043326638776,30.18928080369291],[-97.780191714982749,30.189245919811963],[-97.780198310373422,30.18924421888752],[-97.780349706843225,30.189201570224746],[-97.780499021706774,30.189152124587636],[-97.780645949982997,30.189095982970706],[-97.780652696780436,30.189093225154092],[-97.780763554818591,30.189045627099546],[-97.780872612980303,30.188994038372247],[-97.780979727666065,30.188938526900309],[-97.781084757835359,30.188879165777024],[-97.781090926689203,30.188875524556412],[-97.781191938440415,30.188813405252588],[-97.781290530653493,30.188747513240074],[-97.781386562491761,30.188677942644063],[-97.78147989677602,30.188604792844512],[-97.78148532735112,30.188600361252053],[-97.7815810676084,30.188518877502446],[-97.78167326017693,30.188433400437575],[-97.781761738630507,30.188344084360825],[-97.781836402384087,30.188262501633794],[-97.781907802583831,30.188178047925028],[-97.781975828932048,30.188090853697037],[-97.781979161011463,30.188086400810111],[-97.782050423086346,30.187986601402496],[-97.782117043766107,30.187883645634791],[-97.782178883479901,30.18777774920013],[-97.782181530209101,30.187772962510486],[-97.782236609217918,30.187667779184455],[-97.782286751835585,30.187560155083148],[-97.782331850197465,30.18745032172281],[-97.782333784944726,30.18744527309012],[-97.78235352452073,30.187391961307053],[-97.782395137675465,30.187264834709719],[-97.783186160052892,30.18460754609168],[-97.783535640023942,30.183433580028112],[-97.783538104181332,30.183425249984765],[-97.783574147471967,30.183288065448789],[-97.783602081033322,30.183149461110478],[-97.783621832032821,30.183009798216283],[-97.783633348379183,30.182869441085025],[-97.783636600823613,30.182728756240387],[-97.783631580920598,30.182588110567668],[-97.783618301027403,30.18244787131319],[-97.783596796425911,30.1823084043139],[-97.783567123262316,30.182170073057065],[-97.783529358547099,30.182033238680475],[-97.783483601236483,30.181898258183242],[-97.783429970192984,30.18176548258235],[-97.783368606182478,30.18163526056378],[-97.783299668961817,30.181507929391483],[-97.783223338130767,30.181383823058745],[-97.783139813319764,30.181263264155206],[-97.783049313045069,30.181146568367367],[-97.782952071713297,30.181034039002299],[-97.782848343698632,30.18092597067508],[-97.782738400347085,30.180822643832652],[-97.782622527792327,30.180724329235968],[-97.782501028099716,30.180631283459856],[-97.782374219287561,30.180543747990093],[-97.782242431082878,30.180461952764979],[-97.782218952531807,30.180448900077195],[-97.782164202593265,30.180359878889419],[-97.782080680005905,30.180239319311337],[-97.781990181986671,30.180122622790186],[-97.781892942936295,30.180010092634795],[-97.78178921722305,30.179902023462404],[-97.781679276186921,30.179798695722084],[-97.781563405955495,30.17970038017716],[-97.78144190858815,30.179607333404967],[-97.781315102097082,30.179519796893857],[-97.781183316203226,30.179438000584806],[-97.781046895603211,30.179362156601105],[-97.780906195704361,30.179292463693848],[-97.780761583769703,30.179229102741857],[-97.780721259936911,30.179212843586495],[-97.780446386060262,30.179104033713369],[-97.780338563116459,30.179063430224915],[-97.780187267068612,30.179013212879635],[-97.780033218142833,30.178969772593831],[-97.779876817400634,30.178933223042641],[-97.779718472560475,30.178903659939252],[-97.779558597020596,30.178881158305462],[-97.779397607611884,30.178865779665038],[-97.779235923809352,30.178857561181324],[-97.779073968500526,30.178856527423374],[-97.778912164097875,30.178862678545418],[-97.778750931289579,30.178875999305458],[-97.778590692244208,30.178896455505001],[-97.778431864391422,30.178923992976433],[-97.778274861378804,30.178958541215518],[-97.778120093197955,30.179000007959633],[-97.777967964956389,30.179048287302152],[-97.777818871865762,30.1791032514687],[-97.777673203235096,30.179164758118802],[-97.777531339434901,30.179232646676731],[-97.777393649774879,30.179306740102042],[-97.777260494605585,30.179386844022364],[-97.777132221053535,30.17947275117848],[-97.777009163126152,30.179564236906014],[-97.776891641648646,30.179661061846122],[-97.77677996422274,30.179762973752513],[-97.776674421086796,30.179869706515017],[-97.776575288194323,30.179980982021025],[-97.776482825133769,30.180096510118997],[-97.77639727092604,30.180215990352721],[-97.776327319163215,30.180325072621748],[-97.776015459959154,30.180838406120909],[-97.775893554225419,30.181039107823722]]],[[[-97.712662252538948,30.188455512353858],[-97.712595222049359,30.188385591502445],[-97.712485345878335,30.188282203742268],[-97.712369536371128,30.188183824954265],[-97.712248095428691,30.188090711880669],[-97.712121340917065,30.188003106183363],[-97.711989602420346,30.187921237983296],[-97.711853224512623,30.187845319591652],[-97.711712562489154,30.187775549953454],[-97.711567983514954,30.187712110147878],[-97.711419864457966,30.18765516696584],[-97.711268164691631,30.187605810831929],[-97.7112628573134,30.187604553517684],[-97.711111417710242,30.187561828449908],[-97.710955035389674,30.187525198622868],[-97.710799593769266,30.187496026657744],[-97.710793816966586,30.187495079083579],[-97.71063980101296,30.187473318571978],[-97.710633875773681,30.18747261692446],[-97.710478874757058,30.187457726296735],[-97.710472832026525,30.1874572819817],[-97.710427955816812,30.187454976915856],[-97.712662252538948,30.188455512353858]]],[[[-97.800715820319581,30.196953569377598],[-97.800553986764754,30.1969597480857],[-97.80039272653066,30.196973096356921],[-97.800232461857789,30.196993579920868],[-97.800073610242379,30.197021144538468],[-97.799916585394172,30.197055719634893],[-97.799761797361356,30.197097212877292],[-97.799609651303925,30.197145518289844],[-97.799460542479366,30.197200508030285],[-97.799314860238027,30.197262039691424],[-97.799172984985958,30.19732995263217],[-97.799035286062548,30.197404069748693],[-97.798902123842623,30.197484196606514],[-97.798773845471487,30.197570125886699],[-97.798650784968629,30.197661632867213],[-97.798533263166135,30.197758478133714],[-97.798421587666638,30.197860409386905],[-97.798316048703199,30.19796716046617],[-97.798216922218757,30.198078453211053],[-97.7981244677852,30.19819399742487],[-97.798038924400714,30.198313492609785],[-97.797960517854762,30.19843662447806],[-97.797889451157218,30.198563073826374],[-97.79783064486007,30.198682197945086],[-97.79767450704334,30.199020226755678],[-97.797669767331897,30.199030517327369],[-97.797649764853517,30.199075745887907],[-97.797645210524266,30.199086075833574],[-97.797612978916931,30.199162304619215],[-97.797588409662552,30.199217858380983],[-97.797540396074368,30.199352248575551],[-97.797500344906652,30.199488593887146],[-97.797468360145047,30.199626537229204],[-97.797444526052075,30.199765719363821],[-97.797430797778759,30.199889401884239],[-97.79738285011085,30.200023797707459],[-97.797342798438564,30.200160142985073],[-97.797310813226147,30.200298086303391],[-97.797286978737475,30.200437268424448],[-97.797271357473818,30.200577326115358],[-97.797263989091448,30.200717893937508],[-97.797264893501776,30.200858605204264],[-97.797274067728623,30.200999092830369],[-97.797291489008387,30.201138990289987],[-97.797317111647615,30.20127793246612],[-97.797350868021226,30.201415557475986],[-97.797392670694677,30.201551504899957],[-97.797442410196908,30.201685422071019],[-97.797499958286849,30.201816957803587],[-97.797565162584974,30.201945769532525],[-97.797637853917593,30.202071520728708],[-97.79771784413208,30.202193885381242],[-97.797804922080672,30.20231254160009],[-97.79789886277554,30.202427180815011],[-97.797999420189299,30.202537504034922],[-97.798106331374754,30.202643223727527],[-97.798219318545549,30.202744063855604],[-97.798338085913201,30.202839761630404],[-97.798462323869799,30.202930066680505],[-97.798591708946176,30.203014742858951],[-97.79872590374984,30.203093570954952],[-97.798864557068697,30.203166344175305],[-97.799007307929344,30.203232872735359],[-97.799153783536752,30.203292982919265],[-97.799271161383629,30.203335581526446],[-97.799996292749938,30.20358402788456],[-97.800036275125905,30.203597699285655],[-97.800791286127293,30.203855857779317],[-97.800821704422603,30.20386610256454],[-97.800974476785711,30.203912921116842],[-97.801129802011744,30.203952904065055],[-97.801287274522494,30.20398594493868],[-97.80144648407861,30.204011958884958],[-97.80160701590421,30.204030877247124],[-97.801768449564193,30.204042651160908],[-97.80193036522769,30.204047250759256],[-97.802092340630097,30.204044661503406],[-97.802253951907048,30.204034893237729],[-97.802414778025437,30.204017968514055],[-97.802574399474167,30.203993934321293],[-97.802732399554017,30.203962851259217],[-97.802888366292692,30.203924800804046],[-97.803041893547856,30.203879882615034],[-97.80319257892701,30.203828214498561],[-97.80334003009186,30.203769929804928],[-97.803483862574893,30.203705181910493],[-97.803623700943788,30.203634138813619],[-97.803759180799986,30.203556986784964],[-97.803889947841938,30.203473925831233],[-97.804015661923174,30.203385174285163],[-97.804135994076432,30.203290962425477],[-97.804250630592392,30.203191536163672],[-97.804359273040419,30.203087156139858],[-97.804461637331514,30.202978093186363],[-97.8045574556959,30.202864632881749],[-97.804646479927797,30.202747070182795],[-97.80467641388033,30.202704394248745],[-97.805351123508004,30.201722518635286],[-97.805403185681939,30.20164383708974],[-97.805477939911768,30.201519000409718],[-97.805545258036716,30.201391012199853],[-97.805604964929032,30.201260203934282],[-97.805656903921303,30.201126919157261],[-97.805700940134258,30.20099150449995],[-97.805736958313062,30.200854313259494],[-97.8057648649486,30.20071570362721],[-97.805784587278282,30.200576036863268],[-97.805796073285734,30.2004356772966],[-97.805799293801442,30.200294991457355],[-97.805794240463257,30.200154346233138],[-97.805780925715609,30.200014108869428],[-97.805759384931207,30.199874645198076],[-97.805729674350843,30.199736318697617],[-97.805691871082587,30.199599490493522],[-97.805646074183031,30.199464517568696],[-97.805592402617933,30.199331750920575],[-97.805530997259467,30.199201539211547],[-97.805462017971692,30.199074219678764],[-97.805385644464508,30.198950126285126],[-97.805302076479535,30.198829581586484],[-97.805211532645984,30.198712901232142],[-97.80511424748353,30.198600388489318],[-97.805010475481112,30.19849233792954],[-97.80490048809925,30.198389029953294],[-97.804784571586637,30.19829073527227],[-97.804663028123329,30.198197710409683],[-97.80453617584152,30.198110196796318],[-97.804404344581954,30.198028424313829],[-97.804267879159383,30.197952605022998],[-97.804127135098213,30.197882937610633],[-97.803982479776465,30.197819602889112],[-97.803834290262643,30.197762767375433],[-97.80373915352753,30.197730610160495],[-97.80370294373725,30.197718660389135],[-97.803689234827715,30.197714094930706],[-97.803369716065447,30.197610238344911],[-97.801885688135499,30.197127849596654],[-97.801829364394337,30.197110065653291],[-97.801675276585215,30.197066651476291],[-97.801518838071502,30.197030128456277],[-97.801360456669968,30.197000592237188],[-97.801200545873883,30.196978117770737],[-97.801039522606686,30.196962766509781],[-97.80087780643089,30.196954575546371],[-97.800715820319581,30.196953569377598]]],[[[-97.657368102957051,30.225484336579083],[-97.657503211747525,30.226141243031968],[-97.657456050391602,30.226836088164731],[-97.65745642295505,30.226836221599719],[-97.657609161768988,30.226883212668138],[-97.657764464281257,30.226923370992434],[-97.65792192497608,30.226956589644139],[-97.658081133643037,30.226982783307424],[-97.65824167550997,30.22700188285722],[-97.658403130114422,30.227013838954885],[-97.658565077569889,30.227018621259404],[-97.658727095532825,30.227016214755636],[-97.658888760022649,30.227006628809701],[-97.659049649872017,30.226989885498412],[-97.659209345399475,30.226966031337493],[-97.65936742971536,30.226935126456738],[-97.659523490627265,30.226897251867722],[-97.659677121746583,30.226852506771788],[-97.659827920408475,30.226801008521591],[-97.659975493981477,30.226742890025189],[-97.660119457676501,30.226678304225565],[-97.66025894241082,30.226607668172687],[-97.661704608248513,30.225270086188868],[-97.661791259557589,30.225341313181911],[-97.664320850087876,30.223035095546656],[-97.664427939397257,30.222932408733787],[-97.664530484035154,30.222823458239287],[-97.664626487816108,30.22271010317349],[-97.664715702052362,30.222592638220398],[-97.664797893360472,30.222471371001539],[-97.664872846914633,30.222346616711079],[-97.664940367376957,30.222218702653279],[-97.665000279095338,30.22208796010937],[-97.665052424864612,30.221954732451017],[-97.66509666926774,30.221819366161206],[-97.665132896506364,30.221682214410365],[-97.665161012525886,30.221543635287322],[-97.665180944017919,30.221403989972728],[-97.665192638420265,30.221263642738993],[-97.665196066019448,30.221122960084784],[-97.665191217913218,30.220982308889571],[-97.665178106009961,30.22084205641363],[-97.665156765153554,30.22070256852885],[-97.665127251063723,30.220564208777073],[-97.665089640335296,30.220427338369962],[-97.665044031522868,30.220292314401139],[-97.66499054310313,30.22015948800049],[-97.66492931546712,30.220029207987388],[-97.664860508018975,30.219901811776754],[-97.664784300017658,30.219777633531205],[-97.664700890774839,30.219656996028625],[-97.664610498504047,30.219540215161054],[-97.664513357331188,30.219427594456022],[-97.664409721367861,30.219319428767523],[-97.664397812251011,30.219307693208354],[-97.664380157776705,30.219290497369812],[-97.66294118167886,30.217900661533179],[-97.662858326979631,30.21782364962727],[-97.662742532727904,30.217725225113611],[-97.662621102579436,30.217632064140417],[-97.662494354373109,30.21754440849487],[-97.662362617675484,30.217462488427852],[-97.6622262370568,30.217386516386266],[-97.662085567818835,30.217316691454823],[-97.661940977145932,30.217253194857069],[-97.661792841936034,30.217196193531965],[-97.661641547892472,30.217145834693007],[-97.661487491495635,30.217102250384894],[-97.661331073825792,30.217065554657765],[-97.661172702644976,30.21703584360586],[-97.66101279142292,30.217013192637328],[-97.66085175708001,30.216997663665143],[-97.660690019211913,30.21698929424446],[-97.660528000843769,30.216988109339031],[-97.660366124555651,30.216994109497463],[-97.660204811221703,30.217007279870099],[-97.660044483220446,30.217027586652346],[-97.659885558214327,30.217054976065668],[-97.659728450102435,30.217089377991506],[-97.659573569153352,30.217130700549301],[-97.659421320766356,30.217178838209907],[-97.659272100468186,30.217233663566919],[-97.659126297898467,30.217295034642355],[-97.65898429377738,30.217362791214416],[-97.658846457780214,30.217436756586345],[-97.658713150641049,30.21751673672086],[-97.658584719880565,30.217602524681386],[-97.658461499916669,30.217693896113964],[-97.658343811998023,30.217790611957643],[-97.658289169427164,30.21783904998437],[-97.655614134091209,30.220269968359531],[-97.655560283558003,30.220319063580291],[-97.655502628383346,30.220372062775752],[-97.655396905538012,30.220478695452616],[-97.655297589899732,30.220589877021677],[-97.655204941533981,30.220705317577391],[-97.655119199942803,30.22082471688984],[-97.655040591437,30.220947760924357],[-97.654969319550077,30.221074130705073],[-97.65494374633171,30.221126024851468],[-97.655565439420187,30.221762890779843],[-97.65683067956904,30.224069435343274],[-97.657368102957051,30.225484336579083]]],[[[-97.680458284965781,30.23940660326814],[-97.680592433477031,30.239485556559977],[-97.680731049658775,30.239558459088574],[-97.680873772634484,30.239625120732455],[-97.681020229682204,30.239685367428301],[-97.681170038272271,30.239739043016176],[-97.681322809277404,30.239786005682099],[-97.681478142635072,30.239826135111542],[-97.681635632748495,30.239859324451331],[-97.681794869330901,30.239885488462036],[-97.681955437537141,30.239904558095883],[-97.68211691683598,30.239916484092536],[-97.682278887276894,30.239921236189289],[-97.682440926455598,30.239918799449779],[-97.682602610336943,30.239909183319263],[-97.68276351770227,30.239892409953175],[-97.682923228825132,30.239868525945557],[-97.683081326774712,30.239837591504305],[-97.683237399322906,30.239799687717888],[-97.683391040051262,30.239754913863752],[-97.683541846269506,30.239703387369975],[-97.683689425326421,30.239645241218042],[-97.683833392418961,30.239580628423123],[-97.683973371764736,30.239509716630884],[-97.684045700391792,30.239468640355575],[-97.684112321222202,30.239499754804758],[-97.684258780114419,30.239559997767827],[-97.684408590322448,30.2396136695377],[-97.684561362714774,30.239660628310251],[-97.684716697225369,30.239700753781108],[-97.684874188254341,30.239733939107644],[-97.685033425512529,30.239760099060646],[-97.685193994153053,30.23977916460306],[-97.685355473643611,30.239791086485138],[-97.68551744403301,30.239795834455006],[-97.685679482917323,30.239793393586993],[-97.685841166261937,30.239783773337159],[-97.686002072849789,30.239766995871712],[-97.68616178295629,30.239743107795363],[-97.686319879653411,30.23971216932658],[-97.686475950716328,30.239674261564438],[-97.686629589730273,30.239629483796676],[-97.68678039400973,30.239577953461577],[-97.686927970908215,30.239519803550685],[-97.68707193562858,30.239455187089021],[-97.687211912394531,30.239384271731723],[-97.687347536445415,30.239307243416739],[-97.68747845310466,30.239224301827115],[-97.687604321833803,30.239135664985064],[-97.687698461253632,30.239062979396959],[-97.687919355553916,30.238885484885142],[-97.68794570746536,30.238864068312296],[-97.68806050702851,30.23876474635129],[-97.688169316308134,30.238660465120521],[-97.68827185078149,30.238551495193896],[-97.688367842233248,30.238438121906675],[-97.688457042007897,30.238320639990054],[-97.688539216759935,30.238199357109981],[-97.688614151706375,30.238074588501544],[-97.688681651558355,30.237946661506257],[-97.688741540717075,30.237815907439096],[-97.68879366203663,30.237682669701844],[-97.688837880163646,30.23754729480374],[-97.688874079368233,30.237410135937761],[-97.688902165669077,30.237271551211144],[-97.6889220658353,30.237131901819136],[-97.688928672257859,30.237064857732548],[-97.688946409016808,30.236854665235469],[-97.688951464120478,30.236781359549649],[-97.688954857395231,30.236640675902677],[-97.688949973632546,30.23650002526184],[-97.688936824833931,30.236359774886196],[-97.688915445939401,30.236220290641928],[-97.688885892767956,30.236081936061424],[-97.688848242016377,30.235945072342883],[-97.688802592343748,30.235810056562507],[-97.68874906233296,30.235677239828828],[-97.688687792484302,30.235546970935864],[-97.688618942311365,30.235419587269618],[-97.688542691184921,30.23529542296],[-97.68845923852902,30.235174800748439],[-97.688368802670794,30.235058036486983],[-97.688271617849239,30.234945433660158],[-97.688167938290235,30.234837287075223],[-97.688092132277717,30.234764837435431],[-97.687432340161948,30.234156338365878],[-97.6873982435296,30.234125378140291],[-97.687282404379275,30.2340269757272],[-97.687160929721543,30.233933837956819],[-97.687034137511262,30.233846206555505],[-97.686978245410472,30.233811472912798],[-97.686969850472494,30.233786640591191],[-97.686916324132028,30.233653823128982],[-97.686855058068375,30.233523553394978],[-97.686786211785275,30.233396168777428],[-97.686709964643413,30.233272003408867],[-97.686706785800141,30.233267141448408],[-97.686638038970173,30.233162260238306],[-97.686699409935201,30.23310807608058],[-97.686779347296593,30.233124919841305],[-97.686938574093162,30.233151077379873],[-97.687099132039208,30.233170140495417],[-97.687260600630324,30.233182059944589],[-97.687422559944011,30.233186805481786],[-97.687584587604803,30.233184362187696],[-97.68774625960782,30.23317473952476],[-97.687907154765256,30.233157959665423],[-97.688066853382637,30.233134069220736],[-97.688224938561675,30.233103128415234],[-97.688380998107661,30.233065218354152],[-97.688534625635839,30.233020438331206],[-97.688685418490806,30.232968905790653],[-97.688832984055779,30.232910753729648],[-97.68897693756324,30.2328461351789],[-97.689116903266083,30.232775217798981],[-97.68925251643256,30.232698187533128],[-97.689383422414522,30.232615244069525],[-97.689509280701316,30.232526605435144],[-97.689629761950627,30.232432501613477],[-97.689744552063985,30.232333178234132],[-97.689749504330592,30.23232865854234],[-97.689881373102182,30.232208029828907],[-97.691350875869333,30.230866357599805],[-97.691456834683734,30.230764661034019],[-97.691559356971212,30.230655688593991],[-97.691655336625118,30.230542312968268],[-97.691744525020582,30.230424828894048],[-97.691826688841786,30.23030354404289],[-97.69190161333438,30.230178773655144],[-97.691969103236815,30.230050845076939],[-97.692028982976126,30.22992008962726],[-97.692081095431035,30.229786850711665],[-97.692125305271162,30.229651474842402],[-97.692161496788515,30.229514315214928],[-97.692189576021576,30.229375729938557],[-97.69220946975787,30.229236080209926],[-97.692221125533777,30.229095730313119],[-97.692224513736704,30.228955046753587],[-97.692219625567134,30.228814396413114],[-97.692206473038112,30.228674146549974],[-97.692185091099333,30.228534663028988],[-97.692155535577641,30.228396309380706],[-97.692117883176209,30.228259446800976],[-97.692072232558203,30.228124432362822],[-97.692018702308914,30.227991617171444],[-97.69195743292947,30.227861350016713],[-97.691888583932084,30.22773396828013],[-97.691812334684599,30.22760980608663],[-97.691728884605922,30.227489186172061],[-97.691638452016534,30.227372424382491],[-97.691541271147031,30.227259824195993],[-97.69143759621295,30.227151680412973],[-97.691327698423933,30.227048273677635],[-97.691244581706698,30.226977034719152],[-97.691233967848746,30.226939841195325],[-97.691188319104612,30.226804826468754],[-97.691134790817344,30.226672010933644],[-97.691073523482956,30.226541743380889],[-97.691004676608358,30.226414361192912],[-97.690928429555782,30.226290198495899],[-97.690844981738579,30.226169578026909],[-97.690754551471301,30.226052815633594],[-97.690657372978265,30.225940214795507],[-97.690553700469124,30.225832070314738],[-97.690443805146913,30.22572866283743],[-97.690377556257843,30.225671158529778],[-97.690213306883592,30.225532736526112],[-97.690184347284145,30.225397155102925],[-97.690146698875822,30.225260292006279],[-97.690101052463262,30.225125276926246],[-97.690047526620845,30.224992460969784],[-97.689986261837959,30.224862192928658],[-97.689917417614936,30.224734810186732],[-97.68984117330713,30.224610646871579],[-97.689757728320615,30.224490025721892],[-97.689667300962597,30.224373262587076],[-97.68963777855069,30.224339052921277],[-97.689643262866696,30.224273630302051],[-97.689662244472274,30.22392895279545],[-97.689665735123981,30.223786456806312],[-97.68966085097307,30.223645806486356],[-97.689647702897645,30.223505556476997],[-97.689626325835931,30.2233660726436],[-97.689596775601828,30.223227718517304],[-97.689559128884738,30.223090855295318],[-97.689513484333204,30.222955840052379],[-97.68945996051653,30.22282302389571],[-97.689398697919003,30.222692755617814],[-97.689329856035201,30.222565372603018],[-97.68925361421438,30.222441208979603],[-97.689170171856148,30.222320587487186],[-97.689079747260848,30.222203823975946],[-97.688982574638047,30.222091221928402],[-97.688878908182048,30.221983076149847],[-97.688769019080098,30.221879667289699],[-97.688653193322878,30.22178126632242],[-97.688531732853548,30.221688130048108],[-97.688404955589817,30.221600500189282],[-97.688298004166384,30.221534028402303],[-97.688373519383518,30.221526141212042],[-97.688389203463458,30.221524142929717],[-97.68854691529792,30.221500501815424],[-97.688704981133611,30.221469560471625],[-97.688861021547211,30.221431649893081],[-97.689014630203829,30.221386869375031],[-97.689028429618133,30.221382470857332],[-97.689751149931297,30.221150481944075],[-97.690608415453497,30.22087896876215],[-97.690619725266473,30.220875365585801],[-97.691254160852168,30.220672048202282],[-97.691392759734811,30.220624389393109],[-97.691540304651269,30.220566234306141],[-97.691684237792714,30.22050161281949],[-97.691824183465272,30.220430692601301],[-97.691838276674275,30.220422685664353],[-97.692084400869135,30.220344381352103],[-97.692679626349999,30.22015609772544],[-97.692709054267695,30.220146792503474],[-97.69327891582023,30.219966590549348],[-97.694343962075394,30.219629792787291],[-97.69514720962087,30.219375775961034],[-97.695899367942062,30.219137907776119],[-97.695946305398294,30.21912306385185],[-97.696097983593049,30.219071205565793],[-97.696144127220578,30.21905421906294],[-97.696605107946013,30.218884515737525],[-97.6970264899836,30.218751481487235],[-97.697144809257125,30.21871412658513],[-97.69716005334142,30.218709314019268],[-97.697178399374536,30.21876918485038],[-97.697228007771372,30.218903141585571],[-97.697285428645074,30.219034723035069],[-97.697350509947015,30.219163586512757],[-97.697423082825068,30.219289395355215],[-97.697502959433805,30.219411823402428],[-97.697589928924245,30.219530548596932],[-97.697683766590927,30.219645262190323],[-97.697784226675026,30.219755664996665],[-97.697891046482951,30.219861469275603],[-97.698003948467019,30.219962398770139],[-97.698122637060862,30.220058190457618],[-97.698246802862798,30.220148593721689],[-97.698376122592563,30.220233372159804],[-97.698510259026392,30.220312306294506],[-97.698611701833244,30.220366467756111],[-97.699168230256674,30.220651241944552],[-97.699205389748286,30.220669963081583],[-97.699348097444258,30.220736603776302],[-97.699494537239786,30.220796829000047],[-97.699644326650429,30.220850482648981],[-97.699797076598273,30.220897422966161],[-97.699952387076479,30.220937529695473],[-97.700109852547598,30.22097069604315],[-97.700269062789275,30.220996836829542],[-97.700429603024858,30.221015883067455],[-97.70045867787357,30.221018059123296],[-97.700616492559163,30.221051347779149],[-97.700775703072992,30.221077487931229],[-97.700936243544334,30.221096533529362],[-97.701097693514754,30.221108435376145],[-97.701259633110027,30.221113163271792],[-97.701421640006046,30.221110702342962],[-97.701583290252543,30.221101062098203],[-97.701744162718015,30.221084264755913],[-97.701903837767517,30.221060356972522],[-97.702061898564125,30.221029399017983],[-97.702217932976765,30.220991472042243],[-97.702371534686151,30.220946675382979],[-97.702522301104594,30.220895126528113],[-97.702669839684006,30.220836958517367],[-97.702813765727356,30.220772324422896],[-97.702953703559217,30.220701391945866],[-97.703089288520601,30.220624347068885],[-97.703220166036715,30.22054138951842],[-97.703345995671469,30.22045273735802],[-97.703466448157215,30.220358620606572],[-97.703581209470499,30.220259284927455],[-97.703689980853895,30.220154990725035],[-97.703792477883411,30.220046008607184],[-97.703888432441715,30.219932623941123],[-97.703977595969064,30.219815131487447],[-97.704059735214784,30.219693838939637],[-97.704134635488444,30.219569061558165],[-97.704202101591903,30.21944112670737],[-97.704232350011466,30.219375047304172],[-97.704748200812105,30.219801825110739],[-97.704955453429164,30.219974633210114],[-97.70500485855149,30.220060263932979],[-97.705084745487056,30.220182687230004],[-97.705171725068482,30.220301407250687],[-97.705265572564002,30.220416115260001],[-97.705366042189226,30.220526512086639],[-97.705472871225595,30.220632310005868],[-97.705585782101551,30.220733232777203],[-97.705704479227251,30.220829017395534],[-97.705828653178912,30.220919413263104],[-97.705957980654844,30.221004183996502],[-97.706092124411285,30.221083110138331],[-97.706230733370433,30.221155984638838],[-97.706253578072179,30.221167203919137],[-97.708475323785535,30.222247863815134],[-97.708991737363803,30.222499595792893],[-97.710160991310389,30.223068584929639],[-97.71028147788428,30.223124292424512],[-97.710423422500327,30.223182769494915],[-97.710575322212762,30.223241478202979],[-97.710857669190105,30.223352998480646],[-97.711194962327269,30.223486161527461],[-97.711347383826507,30.223546337816501],[-97.711413360024665,30.223572386285241],[-97.711556120424518,30.223628754983032],[-97.712460365285949,30.223985543130297],[-97.712465576509075,30.223988602192943],[-97.713052517847785,30.224333096576327],[-97.713676367547833,30.224699250392533],[-97.713741251090468,30.224736335274425],[-97.713879871148833,30.224809201475725],[-97.714022595210523,30.224875825736525],[-97.714169050550481,30.224936034091108],[-97.714318854644063,30.224989670479676],[-97.714471618374759,30.225036593190087],[-97.714626941700047,30.225076682012382],[-97.714784419048598,30.225109830199504],[-97.714943640167306,30.22513595261918],[-97.715104190251054,30.225154980331965],[-97.715265648816271,30.225166864187301],[-97.715427595966645,30.225171574032188],[-97.715589609357707,30.225169095040293],[-97.715751265022874,30.225159436767598],[-97.715912141815991,30.225142621479236],[-97.7160718200914,30.225118695878631],[-97.71622988300328,30.225087720282183],[-97.716385918415028,30.225049775885825],[-97.716539520005142,30.225004962072671],[-97.716690285185919,30.224953396375476],[-97.716837821412625,30.224895211877893],[-97.716981743994396,30.22483056169504],[-97.717121677264714,30.224759613570235],[-97.717257256576602,30.224682553526591],[-97.717388127369929,30.224599581330324],[-97.717513949226401,30.224510915083176],[-97.717634392898375,30.224416784840798],[-97.717749144385564,30.224317436301831],[-97.717857904956119,30.224213129904058],[-97.71796039021433,30.224104136287249],[-97.718056332073431,30.223990740848642],[-97.718145482006918,30.223873238376836],[-97.7182201523202,30.223763554323757],[-97.718445237336994,30.223414749903654],[-97.719015271270038,30.222531372102395],[-97.719051915279493,30.222474581903931],[-97.719173184220551,30.22253118630924],[-97.71931963921314,30.222591388705105],[-97.719469442524243,30.222645019001781],[-97.719622205039272,30.222691935502944],[-97.719777526718971,30.222732018014881],[-97.719935001996262,30.222765159807036],[-97.720094220623466,30.222791275763825],[-97.720254767801933,30.222810296962614],[-97.720416223055707,30.222822174269897],[-97.72057816649712,30.222826877549661],[-97.720740175791278,30.222824391992834],[-97.720901826982484,30.222814727172331],[-97.72106269893608,30.222797905370619],[-97.72122237201917,30.222773973307937],[-97.721380429399346,30.222742991317631],[-97.721403986290269,30.222737261770511],[-97.721502286221494,30.222737549977328],[-97.72165002682479,30.222734993637296],[-97.721811677773474,30.222725327659663],[-97.721972549417302,30.222708504706432],[-97.722132222124159,30.222684571500956],[-97.72229027906279,30.222653588379504],[-97.722337941319182,30.222642785164602],[-97.722538169160458,30.222595954991977],[-97.722751141896623,30.222546144489005],[-97.722844157085689,30.222589117799863],[-97.722990614472593,30.222649315965811],[-97.723140419928299,30.222702941935772],[-97.723293184332533,30.222749854024688],[-97.723448507641265,30.222789932050386],[-97.723605984283026,30.222823069294016],[-97.723765204006639,30.222849180651902],[-97.723925752010544,30.222868197213316],[-97.72408720781668,30.222880069856956],[-97.724249151535972,30.222884768458869],[-97.724411160832688,30.222882278222226],[-97.724572811751258,30.222872608732235],[-97.724733683157609,30.222855782283414],[-97.724893355420349,30.222831845608255],[-97.725051411709231,30.222800859052018],[-97.725207439904906,30.222762903839282],[-97.725361033704743,30.222718079381256],[-97.725511790541489,30.222666503238671],[-97.72565931789201,30.222608308522364],[-97.725803231088719,30.222543648374057],[-97.725943154489485,30.222472690563006],[-97.726078723473236,30.222395621137807],[-97.726209583506602,30.222312639889001],[-97.726335394199538,30.222223964941897],[-97.726455826333421,30.222129826374978],[-97.726570565938061,30.222030469908585],[-97.726679314312761,30.221926156001054],[-97.726781787093486,30.221817155311928],[-97.726877716226142,30.221703753256858],[-97.726966853217277,30.221586244641621],[-97.727041929887022,30.221475907502121],[-97.72710717484361,30.221374715977504],[-97.727202494583295,30.22122688433009],[-97.727297487845888,30.221079550328788],[-97.727393674832271,30.220930372588764],[-97.727489135292771,30.22078231997288],[-97.727583469361278,30.220636012732495],[-97.727678480739527,30.220488655300805],[-97.727774627751941,30.220339532643621],[-97.727869639625808,30.220192173287508],[-97.727964237277021,30.220045456464348],[-97.728059453939437,30.219897777000909],[-97.728155761780783,30.219748406548867],[-97.728264478065185,30.219579788564214],[-97.728389168986126,30.219386391697146],[-97.728547288604332,30.219141149203747],[-97.728752317119444,30.218823145691591],[-97.729058343752783,30.218348491300201],[-97.729065393415212,30.218337497659359],[-97.729140260073791,30.218212705571183],[-97.729207691843982,30.218084757477293],[-97.729267513303284,30.217953984747471],[-97.729319567483685,30.217820730832596],[-97.729363719206233,30.217685342283819],[-97.729399852914696,30.217548172329948],[-97.72942787479839,30.21740957910696],[-97.729447711794293,30.217269923832283],[-97.729459311586879,30.217129570804541],[-97.72946264470967,30.216988886537255],[-97.729457702506721,30.216848237914029],[-97.729448534032713,30.216750868588392],[-97.72973146994741,30.216790764026562],[-97.730356488217907,30.216878892440501],[-97.730925594639558,30.216959132346169],[-97.731083597957323,30.216977902152223],[-97.731242274069459,30.216989702384282],[-97.731401315696203,30.216994510190943],[-97.731560414849938,30.216992316261781],[-97.731574977142245,30.21699752854866],[-97.731727736580908,30.217044430454322],[-97.731883054170297,30.21708449813346],[-97.732040524353707,30.217117624894215],[-97.732183588232999,30.21714123701372],[-97.732199733326311,30.217143744581112],[-97.732746205068551,30.217223372499728],[-97.732762390014415,30.217225692666997],[-97.732802161528141,30.217230400879629],[-97.732923929493822,30.217266792718743],[-97.733046969696474,30.217298618996431],[-97.733171111019331,30.217325835450659],[-97.733296180814236,30.217348404230453],[-97.734220070712325,30.217499144416422],[-97.734297221341166,30.21751087768434],[-97.734457762492099,30.217529880923838],[-97.734619210609637,30.217541740176571],[-97.734781145824897,30.217546425353603],[-97.734943145823962,30.217543921693],[-97.735104786675961,30.217534238815151],[-97.735265647272684,30.217517399049438],[-97.735425308011372,30.217493449163054],[-97.735583352091467,30.217462449535798],[-97.735682435288766,30.217438336422841],[-97.735706033162273,30.217450736310369],[-97.73584876143525,30.217517335977561],[-97.735995219239101,30.217577519105699],[-97.736145024042713,30.21763112970082],[-97.73629778672732,30.217678026117806],[-97.736453107253737,30.217718088215527],[-97.736610580057459,30.217751209316734],[-97.736744371042647,30.217773364644984],[-97.736769785506254,30.217777349394101],[-97.737690597681606,30.217913947118358],[-97.73879415779075,30.218077616274751],[-97.738819723854007,30.218081314922269],[-97.738919169453354,30.218093937534853],[-97.73945322979867,30.218154235028607],[-97.739579773618544,30.218167151111381],[-97.739706823304616,30.218173359236232],[-97.739707000423778,30.218173396740241],[-97.739866216808068,30.218199487905604],[-97.740026760216324,30.218218484111787],[-97.740188210182694,30.218230336290734],[-97.74024601921073,30.21823283256823],[-97.741299885444505,30.218269953460069],[-97.741404013131358,30.218272134400102],[-97.741566014183718,30.218269622296372],[-97.741727655590196,30.218259930993266],[-97.741888516240962,30.218243082842108],[-97.742048176533274,30.218219124631933],[-97.742206219667636,30.218188116764409],[-97.742362233559192,30.218150140519484],[-97.74251581194261,30.218105295363237],[-97.742666552291041,30.218053698910587],[-97.742814062124111,30.217995484325275],[-97.742957956820192,30.217930804800869],[-97.743097860785255,30.217859828157163],[-97.743233409449019,30.217782740491881],[-97.743364248331119,30.217699741643173],[-97.743490037096734,30.217611049782299],[-97.743610446584398,30.217516895031796],[-97.743631210225345,30.217498908271619],[-97.743853084696639,30.217521976588671],[-97.743882425659677,30.217524906822629],[-97.744024578866572,30.217535338413747],[-97.744157543393456,30.217553919430824],[-97.744291251013308,30.217566047579961],[-97.744386233441148,30.217573304411466],[-97.746476368862147,30.217735549553581],[-97.747892160269842,30.217845006061182],[-97.747953802621922,30.217849246468621],[-97.748934845801415,30.217908368994671],[-97.748968300986604,30.217910230049917],[-97.749130237524412,30.217914896942354],[-97.749292237770064,30.21791237498941],[-97.749453877792462,30.217902673859435],[-97.749614736485114,30.21788581592925],[-97.749774394250636,30.217861848013577],[-97.749932434295971,30.217830830539206],[-97.750088444544318,30.217792844811274],[-97.750242018739925,30.217747990320508],[-97.750392754366914,30.217696384706365],[-97.750540258957088,30.217638161156302],[-97.750684147902604,30.217573472887405],[-97.750796084851089,30.217516675171147],[-97.750826471230866,30.217546744160977],[-97.750939426217244,30.217647626576376],[-97.751058164835513,30.217743368776929],[-97.751182377552922,30.217833720275255],[-97.751311740966642,30.21791844480364],[-97.751445917739801,30.217997323025113],[-97.751584556707982,30.218070148015297],[-97.751620625551396,30.218086972951625],[-97.751707168477367,30.218185764826611],[-97.751798529809122,30.218280118521079],[-97.751894482251885,30.218369799295658],[-97.751917232267516,30.218390704343438],[-97.751922633325179,30.218395650033056],[-97.751939775907587,30.218412109281317],[-97.751943306444574,30.218415542879846],[-97.751946085038625,30.218417838558995],[-97.751973911724463,30.218446114486746],[-97.751977751058746,30.218449874478893],[-97.751989077604634,30.218461106769627],[-97.752000309411002,30.218472561583038],[-97.752167259216847,30.218653370743748],[-97.752489473063662,30.219002325942188],[-97.75259602546673,30.219118208104636],[-97.752570009159626,30.219206606126875],[-97.752537953155866,30.219344538605476],[-97.752514048916026,30.219483712762859],[-97.752498359123436,30.219623765386896],[-97.752490923612996,30.219764331051874],[-97.752491762471308,30.21990504307697],[-97.752500872893137,30.220045534374798],[-97.752518232281574,30.220185438410336],[-97.752543795104657,30.220324390049321],[-97.752577493892943,30.220462027384084],[-97.752619241362893,30.220597989962986],[-97.75266892818648,30.220731925079384],[-97.752726426261248,30.220863481501354],[-97.752791583337412,30.220992316609035],[-97.752864230364935,30.221118093812645],[-97.752944179306112,30.221240487033977],[-97.753031219121638,30.221359174307615],[-97.753125124923201,30.221473846983084],[-97.753225650774198,30.221584205981568],[-97.753226020086572,30.221584571412418],[-97.752883981501739,30.222133145846701],[-97.752859929262101,30.222172478018404],[-97.752788785467615,30.222298902634705],[-97.752725166515617,30.222428317040844],[-97.75266924064664,30.22256038430724],[-97.752621152383142,30.222694758043428],[-97.752581027562215,30.222831089719026],[-97.752548970362071,30.222969022282971],[-97.752525065234238,30.223108196525711],[-97.752509374864403,30.223248249234903],[-97.75250193908893,30.223388814984556],[-97.752502777995161,30.22352952709366],[-97.752511888777633,30.223670018474689],[-97.752529248838641,30.223809922592306],[-97.752554812644433,30.223948874312107],[-97.752588512723008,30.224086511726103],[-97.752630261787317,30.224222474382561],[-97.752679950505339,30.224356409574575],[-97.752737450769672,30.224487966070061],[-97.752802610324736,30.224616801248978],[-97.752875260114081,30.224742578521287],[-97.752955212092843,30.22486497180866],[-97.7530422552137,30.224983659145504],[-97.7531361645798,30.225098331881142],[-97.753236694245189,30.225208690936707],[-97.753343581334903,30.225314448686163],[-97.753456548125627,30.225415328993513],[-97.753575298881941,30.225511068964789],[-97.753699524039646,30.225601418118497],[-97.753828900163285,30.22568614019297],[-97.753947049717667,30.225756038261469],[-97.754030688832273,30.225803159382611],[-97.754032343814984,30.225828666077227],[-97.754049706486512,30.225968570036642],[-97.754075273072502,30.226107521499728],[-97.754108976093633,30.226245158559241],[-97.75415072825534,30.226381120764248],[-97.754200420217387,30.226515055409148],[-97.754257923863932,30.226646611263199],[-97.754323086930626,30.226775445708064],[-97.75439574035174,30.226901222155639],[-97.754475696073072,30.227023614529728],[-97.754562743037454,30.227142300867076],[-97.754656656338014,30.227256972519672],[-97.754757190018566,30.227367330411468],[-97.754864081193574,30.227473086919417],[-97.754977052129306,30.227573965910803],[-97.755095807079286,30.227669704495124],[-97.75522003646843,30.227760052194441],[-97.755349416850251,30.227844772750899],[-97.755483965394902,30.22792384385119],[-97.755816264959151,30.228107146358617],[-97.755901511481028,30.22815550419692],[-97.755923460793753,30.228167926292031],[-97.756038770160359,30.228227889323961],[-97.756181528610767,30.228294466271464],[-97.756328015650055,30.228354626071848],[-97.756477848671025,30.228408212792104],[-97.756630638481028,30.228455084849159],[-97.756785984970378,30.228495122165633],[-97.756943482506472,30.228528218129046],[-97.757102720784147,30.228554287743112],[-97.757263284952913,30.228573262206005],[-97.757424754492888,30.228585092506609],[-97.757586709479426,30.228589748631158],[-97.757748727546542,30.228587215893533],[-97.757910384716737,30.228577503990241],[-97.758071259838687,30.228560635326122],[-97.758230933272316,30.228536656743959],[-97.758388988183498,30.228505628698386],[-97.758545012456722,30.228467632522058],[-97.758614679765543,30.228447282100696],[-97.758739354189387,30.228528264756097],[-97.758794918321598,30.228563547333341],[-97.758929116157162,30.228642417791534],[-97.759067776210742,30.22871523474511],[-97.759210537491256,30.228781808295501],[-97.75935702717679,30.228841964609405],[-97.759506862653268,30.228895547762921],[-97.759564325694541,30.228913174282638],[-97.759634821845154,30.228999243382418],[-97.759735363085724,30.229109597367483],[-97.759842261697415,30.229215349718501],[-97.759955239926839,30.229316224313326],[-97.760074002008665,30.229411958273047],[-97.760198238349233,30.229502301131877],[-97.760327625483797,30.229587016644452],[-97.760461826013838,30.229665885497372],[-97.760600488712768,30.229738700790882],[-97.760687219341094,30.229780113238977],[-97.761259031347805,30.230043143571407],[-97.761437905560456,30.230124666116705],[-97.761525275902017,30.230165017974223],[-97.761581032140512,30.23019064491956],[-97.761727525467393,30.230250798514987],[-97.761877364471857,30.230304378886103],[-97.762030159945596,30.230351244466302],[-97.76218551176423,30.23039127519522],[-97.762343014280987,30.230424364477507],[-97.762502257177772,30.230450427334389],[-97.762662825592301,30.230469394981629],[-97.762824298993351,30.230481218425808],[-97.762986257446286,30.230485867671206],[-97.763148278576125,30.230483328049463],[-97.763309938397327,30.230473609275172],[-97.763470815751589,30.230456733771113],[-97.763630490993137,30.230432748397888],[-97.763788547283056,30.230401713627781],[-97.763865271080263,30.230383558338769],[-97.763944710712536,30.23036367708178],[-97.764098312627993,30.230318693901093],[-97.764120371801724,30.230311883221191],[-97.764274459573031,30.230268111645152],[-97.764425207335023,30.230216489280593],[-97.764572722668916,30.230158249323384],[-97.764716620939311,30.230093545033249],[-97.764856526542587,30.230022544294684],[-97.764992074904356,30.229945433268004],[-97.765122911544651,30.22986241185269],[-97.765248696135131,30.22977369827851],[-97.765369099524747,30.229679522724975],[-97.765483807818313,30.229580131008817],[-97.765592522397569,30.229475783680243],[-97.765694958985833,30.229366751486079],[-97.765790849623869,30.22925331992445],[-97.765879945918428,30.229135783877545],[-97.765949554593192,30.229033815217235],[-97.766056380608262,30.228869359656038],[-97.766068840767019,30.228849995581591],[-97.766089279650913,30.228817413805928],[-97.76634680879863,30.228400220284975],[-97.766401196113407,30.228307987860031],[-97.766468585237362,30.228180019789392],[-97.766528362151305,30.228049229309637],[-97.766580370003865,30.227915959918306],[-97.766624473736996,30.227780558206597],[-97.766660557919352,30.227643377437833],[-97.766688528869636,30.227504775776115],[-97.766708313657844,30.22736511446082],[-97.766719860104317,30.227224757806496],[-97.766723138882071,30.22708407233587],[-97.7667181414769,30.226943424935737],[-97.766704880187021,30.226803182856933],[-97.766683390246158,30.226663711943807],[-97.766677960094214,30.226638387729714],[-97.76667810361306,30.226637947277151],[-97.766714187288386,30.226500766518747],[-97.766742157827707,30.226362164871041],[-97.766761942301812,30.22622250357345],[-97.766773488532095,30.226082146940499],[-97.766776767192027,30.225941461494777],[-97.766771769767729,30.22580081412298],[-97.766758508557587,30.225660572075974],[-97.766737018794771,30.225521101197987],[-97.76670735658719,30.225382764986389],[-97.766669598916337,30.225245924591867],[-97.766623844720172,30.225110937029282],[-97.766570212853409,30.224978153334018],[-97.766508844083788,30.224847922213289],[-97.766439898180963,30.224720580954784],[-97.766363554766912,30.224596463578003],[-97.766280013505394,30.224475892701506],[-97.766189492955547,30.224359184043166],[-97.766100107891901,30.224255759212184],[-97.76617053931345,30.224215688622767],[-97.766301367111026,30.22413266607197],[-97.766427143090851,30.224043951414529],[-97.766547538124385,30.22394977483275],[-97.766662238338256,30.223850382146058],[-97.766770945135107,30.223746033907194],[-97.766873374258779,30.223637000865359],[-97.766969257769475,30.223523568520875],[-97.767058347292448,30.223406031757982],[-97.767140409770789,30.223284698386003],[-97.767155090574022,30.223261399145056],[-97.76740060340795,30.222867270020522],[-97.767548526036123,30.222629887911346],[-97.767608887079604,30.22252801555015],[-97.76767627052709,30.222400046960331],[-97.767736042188034,30.222269256036444],[-97.767788045224933,30.222135986277134],[-97.767832144592234,30.222000584274724],[-97.767868224869929,30.221863403293057],[-97.767896192386971,30.221724801496936],[-97.767915974222248,30.221585140126059],[-97.767927518203905,30.221444783495194],[-97.767929382872722,30.221364726468074],[-97.76804607741964,30.221290667855794],[-97.768171848055005,30.221201951513134],[-97.768292237804189,30.221107773322625],[-97.768406932807679,30.221008379107818],[-97.768515634481631,30.22090402942543],[-97.768618058583272,30.220794995028498],[-97.768713937185979,30.220681561420861],[-97.76880302192771,30.220564023489981],[-97.76888507976409,30.220442689048326],[-97.768911229823672,30.220400806193762],[-97.768970621646005,30.220303687721088],[-97.769019287937908,30.220220754971695],[-97.769086667880174,30.220092785682802],[-97.76914643617755,30.219961994145354],[-97.769198436001574,30.219828723859727],[-97.769242532314806,30.219693321419467],[-97.769278609705253,30.219556140089722],[-97.769306574509571,30.219417538036033],[-97.769326353813554,30.219277876498914],[-97.76933789545194,30.21913751979346],[-97.769341170110252,30.218996834442471],[-97.769336169284998,30.218856187332445],[-97.769330532948018,30.2187965987623],[-97.769404457496108,30.218705882235138],[-97.769474158913411,30.218611882024831],[-97.769539491542957,30.218514794566183],[-97.769812886800906,30.21808891868374],[-97.769835813153989,30.218053203328868],[-97.769840748836842,30.218045486383005],[-97.769915562173324,30.217920670287388],[-97.769982939302025,30.217792700572073],[-97.770042704942114,30.217661908663001],[-97.770094702272075,30.217528638061431],[-97.77013879626098,30.217393235361847],[-97.770174871502903,30.217256053830003],[-97.770202834340111,30.217117451632017],[-97.770222611863431,30.216977790008716],[-97.770234151912419,30.21683743327549],[-97.770237425176603,30.21669674795514],[-97.77023242315623,30.216556100934117],[-97.770219158161694,30.216415859462355],[-97.770197665435987,30.216276389382507],[-97.770168001094731,30.216138054189926],[-97.770130242124992,30.21600121503263],[-97.770084487468154,30.215866228922234],[-97.770030855980082,30.215733446890358],[-97.76996948842752,30.215603217639842],[-97.769900544576913,30.215475878453475],[-97.76982420404498,30.215351763345417],[-97.769740666487849,30.215231194928265],[-97.76965015045495,30.215114488913461],[-97.769552890393868,30.215001948634512],[-97.76944914072746,30.214893868735089],[-97.769339172858977,30.214790529692443],[-97.7692232729854,30.214692202299176],[-97.769101743243411,30.214599143163642],[-97.768974901730118,30.214511593806463],[-97.768843078257404,30.214429784202185],[-97.768706617620353,30.214353926508718],[-97.768581052477316,30.214291343114368],[-97.76850087022747,30.214253475440938],[-97.768495062201666,30.214244032109956],[-97.768411527281842,30.214123462841378],[-97.768321013913351,30.21400675590138],[-97.768223756536841,30.213894214625988],[-97.768120009568136,30.213786133661468],[-97.768010044403482,30.213682793487749],[-97.767894147232823,30.213584464900457],[-97.767772620185696,30.213491404511082],[-97.767645781352371,30.213403853843431],[-97.767513960537457,30.213322042875514],[-97.767377502529342,30.213246183768849],[-97.767236762832539,30.213176475313869],[-97.767225911182422,30.213171439024219],[-97.767104358206495,30.213115282677141],[-97.766694126775647,30.212921657362156],[-97.766687269627411,30.212918429685324],[-97.766681979353578,30.212915947348513],[-97.766680292581597,30.212911770920815],[-97.766618931387796,30.212781540113763],[-97.76654999401795,30.212654199169727],[-97.766473660071782,30.212530082107453],[-97.766390129188295,30.212409511544685],[-97.766299619899542,30.212292803198409],[-97.766202366635355,30.212180260408243],[-97.766098623801085,30.212072177824496],[-97.765988662781936,30.211968835931224],[-97.765872769757209,30.211870505528609],[-97.765751246845696,30.211777443232844],[-97.765624412126598,30.211689890572757],[-97.765492595394107,30.211608077531451],[-97.765356141425727,30.21153221627598],[-97.76523443181965,30.211471930263091],[-97.765180796598699,30.211421522031838],[-97.765064905064463,30.211323190901432],[-97.764943383631078,30.21123012784166],[-97.764816550374093,30.211142574383228],[-97.76468473508379,30.211060760511479],[-97.764548282533895,30.210984898395424],[-97.76440754821482,30.210915186833443],[-97.764262899479633,30.210851806753144],[-97.76415098819875,30.21080896175939],[-97.764114569167603,30.210795216965231],[-97.764098439082176,30.210789269366536],[-97.764060864698294,30.210775212223403],[-97.763964084997895,30.210737353288259],[-97.76389401747727,30.21071001359304],[-97.76386179690499,30.210697628146178],[-97.763758078619702,30.210658354170878],[-97.763595433348172,30.21059634167122],[-97.763528044961674,30.210570084042612],[-97.763437456602276,30.210536246320746],[-97.763286119734261,30.210486008572591],[-97.763132027889455,30.210442547554329],[-97.762975582241225,30.210405976995212],[-97.762817190625,30.210376392663076],[-97.762657266561419,30.210353869635281],[-97.762496227007347,30.210338469491209],[-97.762334491568964,30.210330229450378],[-97.762325859923109,30.210330173254892],[-97.762225692512573,30.210269549087023],[-97.762123271965763,30.210212814340597],[-97.762018749231501,30.21016005263208],[-97.761981369632181,30.210142000681554],[-97.761863824548954,30.210088002950673],[-97.761744301358519,30.210038537725719],[-97.761478210075268,30.209934275485896],[-97.761472488610949,30.209932040267095],[-97.761321911089794,30.209873350010525],[-97.761260720408657,30.20978601931386],[-97.761196080126197,30.209701210211037],[-97.761128094034461,30.209619058878914],[-97.761056871297825,30.209539697226809],[-97.761053496246987,30.209536068644361],[-97.761049303872781,30.209531559598858],[-97.760965565022772,30.209445197384241],[-97.760855612551197,30.209341851094912],[-97.760739727968257,30.209243516054411],[-97.76061821337062,30.20915044889097],[-97.760491386816085,30.209062891146235],[-97.760359578077257,30.208981072816485],[-97.760299357842655,30.208946535050472],[-97.76029522658105,30.20894422384703],[-97.760287685250688,30.208940007405946],[-97.760212213455162,30.208899100346805],[-97.760104271954731,30.20884489298145],[-97.758051660820769,30.207860291685993],[-97.758045320198562,30.207857257974858],[-97.757743606753095,30.20771330691543],[-97.757806986845409,30.207562026967956],[-97.757855334692934,30.207437454319525],[-97.757899441328178,30.207302056096744],[-97.757935530287838,30.207164878272554],[-97.757963507878046,30.207026279003276],[-97.757983301151413,30.206886619522205],[-97.75799372976104,30.206766059641083],[-97.758002693628782,30.206619436976787],[-97.758003821770529,30.206599641475194],[-97.758007112634701,30.206458956712666],[-97.758002129093185,30.206318309453028],[-97.75798888340816,30.206178066946698],[-97.757967410772466,30.206038595039225],[-97.757937767248961,30.205900257230656],[-97.757900029770724,30.205763414675769],[-97.757854297222934,30.205628424395073],[-97.757800688403776,30.205495637431149],[-97.757798019109103,30.205489969974426],[-97.757873994332869,30.205395957129685],[-97.757945447548138,30.205298463090731],[-97.758012219485025,30.205197705172687],[-97.758506190385418,30.204415119770765],[-97.75850999432356,30.204409075652521],[-97.758736058603063,30.204048788444446],[-97.760051079805493,30.201952684169047],[-97.760115743249258,30.201843926133638],[-97.760183122160171,30.201715961961323],[-97.760242891147456,30.201585175016064],[-97.760294893380845,30.201451908786037],[-97.760338993816447,30.201316509854394],[-97.760375077031895,30.201179331477075],[-97.760403049348227,30.201040731811943],[-97.760422837831669,30.200901072093249],[-97.760434390293298,30.200760716631404],[-97.760437677390087,30.200620031945878],[-97.760432690586143,30.200479384921564],[-97.760419442152241,30.200339142808289],[-97.760397967288185,30.200199671450424],[-97.760368322062817,30.200061334346699],[-97.760330583413662,30.199924492650016],[-97.760284850228757,30.199789503378721],[-97.760231241308205,30.199656717572573],[-97.76016989735956,30.199526483944378],[-97.760100978087934,30.199399139788284],[-97.760024663045812,30.199275019131424],[-97.759941151822858,30.19915444460084],[-97.759850662899595,30.19903773192404],[-97.759753430653262,30.198925184451742],[-97.759649709433901,30.198817096846472],[-97.75953977057064,30.19871374960551],[-97.759423900184771,30.198615413542964],[-97.759302400336054,30.198522345289678],[-97.759175589043622,30.198434786390141],[-97.759043796040501,30.198352966843704],[-97.75890736604228,30.198277098834289],[-97.75876665448051,30.198207381175639],[-97.758622028648986,30.19814399481125],[-97.758473865538463,30.198087106392705],[-97.758322550924007,30.198036862839547],[-97.758168481339638,30.197993395894368],[-97.758141526949245,30.197986560387257],[-97.757298112279656,30.197776169349233],[-97.757168643776936,30.197746427405338],[-97.757010274868918,30.197716835898774],[-97.756850373288202,30.197694305611233],[-97.756689355932863,30.197678898141138],[-97.756527642351415,30.197670650727069],[-97.756365655508745,30.197669588013671],[-97.75620381789993,30.197675710230751],[-97.756042550299384,30.197689002211376],[-97.755882274966581,30.197709429832496],[-97.75572340942594,30.197736939000887],[-97.755566367422858,30.197771459286013],[-97.755411559051311,30.197812898498292],[-97.755259389523246,30.197861150803149],[-97.755110254158183,30.197916088496441],[-97.754964542375362,30.197977569306858],[-97.754822634657728,30.198045432726062],[-97.754684900429524,30.198119501779072],[-97.754551700158018,30.198199582157265],[-97.754423381086966,30.198285466662902],[-97.754300277342324,30.198376930690497],[-97.754182709869241,30.198473734937739],[-97.754070986389337,30.19857562721262],[-97.753965397260885,30.198682341455878],[-97.753941518057331,30.198708074613467],[-97.75241814320151,30.200370117701862],[-97.752284803607822,30.20029654641267],[-97.752123640377278,30.200207626753581],[-97.751963031315356,30.200119009597906],[-97.751802433803249,30.200030400575955],[-97.751643473328883,30.199942694515816],[-97.751486042027281,30.199855830752742],[-97.751324343992479,30.199766612209228],[-97.75115297896771,30.199672058516168],[-97.751023281525804,30.199600496725857],[-97.750897284142169,30.199530975610692],[-97.750847808261724,30.199502569274284],[-97.75081011619352,30.19946767088695],[-97.750698929803093,30.199364720443707],[-97.750659682885569,30.19932902696014],[-97.750543820865289,30.199230682789068],[-97.750422328858107,30.199137606034377],[-97.750295524862878,30.199050038262762],[-97.750163738593272,30.198968209496655],[-97.750027314747484,30.198892331944123],[-97.749886608741122,30.198822604443713],[-97.749741987853284,30.198759207964596],[-97.749593829061951,30.198702309184824],[-97.749442518130991,30.19865205505085],[-97.749288451584732,30.198608577332941],[-97.749132030530703,30.198571989803874],[-97.748973662739928,30.198542388275669],[-97.748813761671371,30.198519847870557],[-97.748652744221545,30.198504430213408],[-97.748491029939359,30.198496172569147],[-97.748329041791308,30.198495099609293],[-97.748167202276107,30.19850121159033],[-97.748005932173044,30.198514493371999],[-97.747845653748101,30.198534910857905],[-97.747802466293194,30.19854238633733],[-97.746214924501174,30.197667180881481],[-97.746156950523684,30.197635973110835],[-97.746016249176336,30.197566241339302],[-97.745871632743302,30.197502840468502],[-97.745723478190911,30.19744593718783],[-97.74557217127176,30.197395678455482],[-97.745418108500047,30.197352196053842],[-97.745261690973095,30.197315603767745],[-97.745103326452949,30.197285997421801],[-97.744943428390059,30.19726345215069],[-97.744782413672951,30.197248029591879],[-97.744620701843687,30.197239767023294],[-97.744458715861938,30.197238689129172],[-97.744296878221078,30.197244796178943],[-97.744135609695476,30.197258073045102],[-97.743975332546938,30.197278485644247],[-97.743816464304643,30.197305979922138],[-97.743659418720981,30.19734048548715],[-97.743504605899446,30.19738191018806],[-97.743352431063443,30.1974301482283],[-97.743203289546372,30.197485071940822],[-97.743057570783478,30.197546539090762],[-97.742915655275908,30.197614389205452],[-97.742777912468227,30.197688445344653],[-97.742644702850228,30.197768513233438],[-97.742516373689739,30.197854385706588],[-97.742393259139348,30.197945838190076],[-97.742275680172213,30.198042631411631],[-97.742163944539911,30.198144513208032],[-97.74205834263266,30.198251217547341],[-97.741959150557264,30.198362466391263],[-97.741866628056684,30.198477969658057],[-97.741781014306099,30.198597426955782],[-97.741736350267118,30.198665653906463],[-97.741652934891206,30.198797407955659],[-97.741560669272417,30.198943142752107],[-97.741469090840454,30.199087793118299],[-97.7413782516021,30.199231272289236],[-97.741285831652391,30.199377249160246],[-97.741192817990495,30.199524161936097],[-97.741102206014915,30.199667280651678],[-97.741006029778163,30.199819191509189],[-97.74091460648269,30.199963591157299],[-97.740821548637769,30.200110916956859],[-97.740810265607934,30.200128938853968],[-97.740707715506858,30.200294198991692],[-97.740631411249439,30.200389598239173],[-97.740559917984783,30.200488654128606],[-97.740493410653244,30.200591124275345],[-97.740469448207918,30.200629042550386],[-97.740309315232736,30.200885783184727],[-97.740298791252911,30.200902679464594],[-97.740117265150602,30.201194123897967],[-97.740106696702256,30.201211093503527],[-97.739638703092567,30.201962454830426],[-97.739615350370116,30.202000660447432],[-97.739544204079479,30.20212707722045],[-97.73948058063479,30.202256484557466],[-97.739424648287738,30.202388545547645],[-97.739376551578133,30.202522913816708],[-97.73935110008189,30.202609364556693],[-97.738773851177982,30.202802179328803],[-97.738651591938435,30.202841955658947],[-97.7386221454707,30.202851501515603],[-97.738527198763251,30.20288646084601],[-97.738463677574927,30.202858609627654],[-97.738315519142816,30.202801697656575],[-97.738164207654549,30.202751430056054],[-97.738010139635932,30.202707938631736],[-97.737853716198273,30.202671337192033],[-97.737695345118723,30.202641721585252],[-97.737535439865141,30.202619166970422],[-97.73737441734454,30.202603735009259],[-97.737212697119475,30.202595463004208],[-97.737050702171558,30.202594375664233],[-97.73688885501754,30.202600473283386],[-97.736727576456516,30.202613740758711],[-97.736697021771121,30.202617629789128],[-97.736652765608198,30.202535813865563],[-97.736576478430877,30.202411679060774],[-97.736492993969946,30.202291089056075],[-97.736402530635914,30.202174359619306],[-97.736305322739454,30.202061794144733],[-97.736201624566917,30.201953687341916],[-97.736091707387615,30.201850319758393],[-97.735975857266055,30.201751962261131],[-97.735854376209048,30.201658871536939],[-97.735727582187181,30.201571289189094],[-97.735595804887765,30.201489445277861],[-97.735459388985987,30.201413552051044],[-97.735318689876337,30.20134380838789],[-97.73522129469923,30.201300219974343],[-97.734900678773442,30.201162764697052],[-97.734801194376061,30.201100975799655],[-97.734665374449008,30.201025412358252],[-97.734658451940007,30.201020714515959],[-97.734526676310281,30.200938869503613],[-97.734390262038389,30.200862975136079],[-97.734249564514641,30.200793230295577],[-97.734104950996439,30.200729815996709],[-97.733956798442136,30.200672898963827],[-97.733831700374736,30.200631333949925],[-97.733574671352414,30.200438452389882],[-97.733538090695873,30.200411419210287],[-97.733411300440025,30.200323834569694],[-97.733279526832987,30.200241988273689],[-97.733143114540098,30.200166092576175],[-97.733002418946484,30.200096346363004],[-97.732937273349421,30.200066780942223],[-97.7302197830804,30.198868043664977],[-97.730140318988632,30.198834191682373],[-97.729992171717868,30.198777270045181],[-97.729840870946362,30.198726992567423],[-97.729686813171909,30.198683491080683],[-97.729530399479017,30.198646879419393],[-97.729372037619612,30.198617253458732],[-97.729212141037507,30.19859468838456],[-97.729051126616923,30.198579245885988],[-97.728889413899594,30.198570963292909],[-97.728727425847055,30.198569865341927],[-97.728565584958559,30.198575952354727],[-97.72840431201665,30.198589209256031],[-97.728244029294601,30.1986096020145],[-97.728085154336355,30.198637076627801],[-97.727928100911512,30.198671562755408],[-97.727773279144401,30.198712968296871],[-97.727621094281304,30.198761187505806],[-97.727471941682225,30.198816092764023],[-97.7273262108111,30.19887754188489],[-97.727184282200611,30.198945374442879],[-97.727046525329541,30.199019413543287],[-97.726913300724547,30.19909946495595],[-97.726784955692253,30.199185321558531],[-97.726661824426685,30.199276758818261],[-97.726544227944785,30.199373537502677],[-97.726432474043705,30.199475405486531],[-97.726326853161382,30.199582096773831],[-97.726227641454059,30.199693333360326],[-97.726135098715872,30.199808825196499],[-97.726049464174608,30.199928271919742],[-97.72602164656675,30.199970216540837],[-97.726013257762048,30.199983125141461],[-97.726026638999414,30.199888930256304],[-97.726038241697538,30.199748577953006],[-97.72604157923648,30.199607894188638],[-97.72603664294877,30.199467245845504],[-97.726023444973265,30.19932700017684],[-97.726002020378189,30.199187523036411],[-97.72597242510146,30.199049177938011],[-97.725934735949963,30.198912326055368],[-97.725889051682827,30.198777324433451],[-97.725835490972869,30.198644524144164],[-97.725774194401041,30.198514273938287],[-97.725705321549796,30.19838691115314],[-97.725629051849836,30.198262769864318],[-97.725545584772959,30.198142172752963],[-97.725455138684154,30.198025435605473],[-97.725357947849318,30.197912861836116],[-97.72525426651012,30.197804746176146],[-97.725144365892177,30.197701369196235],[-97.725028532016594,30.197603001787865],[-97.724907066847862,30.19750990066365],[-97.724780288315188,30.197422307454044],[-97.724648526065351,30.197340452247644],[-97.724512124734446,30.197264547321733],[-97.724371439678777,30.197194791586032],[-97.724226838123414,30.197131366083557],[-97.724078696995306,30.197074437567952],[-97.723927402012762,30.197024153063072],[-97.723851297498427,30.197001714652881],[-97.723406821977406,30.196876097236672],[-97.722546723851281,30.196631933724099],[-97.72231146360599,30.196564431625294],[-97.722068730963386,30.196440405106639],[-97.722018700431406,30.196407988837144],[-97.721897041579851,30.196332985183986],[-97.721772217245132,30.196263376925788],[-97.721644466551197,30.196199297409965],[-97.719707079402198,30.195278707063874],[-97.719686507108378,30.195269017191329],[-97.719541911557258,30.195205586377991],[-97.719393776187005,30.195148652418808],[-97.719242486700992,30.195098362351832],[-97.719088439567315,30.195054848041583],[-97.718932035842755,30.195018223356048],[-97.71877368325319,30.194988584204133],[-97.718613795218445,30.194966005806279],[-97.718452788600146,30.19495054988635],[-97.718291082919976,30.194942253809067],[-97.718129101120908,30.194941142346419],[-97.717967265685914,30.194947215855333],[-97.717805997383465,30.194960459295579],[-97.7176457184746,30.194980838671128],[-97.717486846493358,30.195008300014489],[-97.717329795201465,30.195042773019686],[-97.717174974717935,30.195084165620546],[-97.717022790285384,30.19513237210456],[-97.716873637262921,30.195187264886517],[-97.716727905115491,30.195248701812524],[-97.7165859743792,30.195316522488724],[-97.71644821453809,30.195390550051471],[-97.716314986126918,30.195470590300733],[-97.716186636462041,30.195556436143359],[-97.716152567463112,30.195581731451281],[-97.715870787844239,30.195344680926812],[-97.715823044833172,30.195305341339434],[-97.715701591515582,30.195212231451773],[-97.715574824432508,30.195124629091659],[-97.715443073200873,30.195042764371326],[-97.715306682427823,30.194966849592937],[-97.71516600744242,30.194897083692037],[-97.715021415443218,30.194833647738033],[-97.714929975739494,30.19479850032031],[-97.714975585690112,30.194681765559043],[-97.715019747012562,30.194546382526351],[-97.71505589252267,30.194409217190668],[-97.715083928378689,30.194270627675991],[-97.715103781481517,30.19413097519006],[-97.715115399473461,30.193990624024234],[-97.71511875284034,30.193849940687166],[-97.715113832873456,30.193709292060063],[-97.715100651669104,30.193569045396778],[-97.715079244251754,30.19342956655381],[-97.715049666514346,30.193291219049346],[-97.715011995218291,30.193154364063364],[-97.714966329075864,30.19301935864889],[-97.714912786712802,30.192886553887821],[-97.714851508662036,30.192756298542559],[-97.714782654457849,30.192628929963853],[-97.714706403482211,30.192504782242445],[-97.714622955158106,30.19238417807615],[-97.714532527801538,30.192267433269972],[-97.714435355629547,30.192154851257939],[-97.714331692835245,30.192046726792878],[-97.714221810595703,30.191943340468548],[-97.714162880905846,30.191892029321213],[-97.713672035231895,30.19147572763864],[-97.713542205999602,30.191678351595574],[-97.71248290115669,30.193323269105335],[-97.712440135366052,30.1933926764675],[-97.712388180122232,30.193477000337271],[-97.712080651861839,30.193976286527494],[-97.712079193201731,30.193975048849214],[-97.710388625835805,30.192540498098861],[-97.710439544435388,30.191538407496601],[-97.710211002610436,30.190202061154867],[-97.710155211182453,30.190209886038442],[-97.710105134973347,30.190216450642801],[-97.710054978102349,30.19022260153373],[-97.710004767615672,30.19022833919869],[-97.709954505637526,30.190233661867861],[-97.709904159878818,30.190238570767061],[-97.70985379273128,30.190243067925113],[-97.709846581571028,30.190243652101465],[-97.70980337305393,30.190247150068366],[-97.709752902884816,30.190250819041594],[-97.709702411350435,30.190254075369957],[-97.709651868306722,30.19025691760573],[-97.709601305630258,30.190259318298651],[-97.709550720899529,30.190261335263173],[-97.709500086392765,30.190262909237163],[-97.7094494616871,30.190264072936035],[-97.709398848928529,30.190264823686391],[-97.709348215892689,30.190265160003111],[-97.709297561475154,30.190265084578382],[-97.70924691965449,30.190264569095731],[-97.709196287659893,30.19026364243437],[-97.709145668029535,30.190262329048977],[-97.709095059914631,30.19026057739433],[-97.70904449458699,30.190258385322235],[-97.70899394156082,30.190255809237161],[-97.70896140139206,30.190253883467705],[-97.70894339634836,30.190252819225005],[-97.708632296244261,30.190232223386193],[-97.708017645387557,30.190191595050162],[-97.707986924795776,30.190189562640679],[-97.707950617069102,30.190757945904274],[-97.707481205852289,30.191194056795812],[-97.707044900553441,30.191599404489025],[-97.705258736847512,30.190108616380655],[-97.705258077229644,30.190109218304421],[-97.705251123030266,30.19010341442916],[-97.705039113227528,30.190297041797045],[-97.704871118236127,30.190450473341695],[-97.704870126689329,30.190451377542178],[-97.703214442655636,30.191963452478017],[-97.701739198539727,30.193310737756015],[-97.701732070404788,30.193327162599992],[-97.70172727315753,30.193338216245706],[-97.701714099829758,30.193356976230248],[-97.701706264335272,30.19336561808262],[-97.701688365279324,30.193381119396033],[-97.701673769872187,30.193391522048298],[-97.701668412398959,30.193395340497311],[-97.701656748097406,30.193399254572903],[-97.701647940691345,30.193402336190065],[-97.701633284435246,30.193407463588692],[-97.701529282123445,30.193502442978925],[-97.701281875867693,30.19372838426057],[-97.700936964686022,30.194043336544432],[-97.700671016662739,30.193813847276928],[-97.700493804912313,30.193660932833048],[-97.699934919593176,30.193178670571857],[-97.699255192376285,30.192589726782636],[-97.699190603029649,30.192534233353612],[-97.699178346691042,30.192523704436528],[-97.699170490473321,30.192516943686329],[-97.699109363021677,30.192464335321976],[-97.699030037246985,30.192397546540018],[-97.698756223289905,30.192166935225451],[-97.698647817471866,30.192077419853369],[-97.698640047723359,30.192071005074105],[-97.698444413028668,30.191896979166525],[-97.698430352637089,30.191884312891048],[-97.698331797419399,30.191792458884606],[-97.698332018386353,30.191792271232657],[-97.698410406207827,30.191725317458523],[-97.698016282442879,30.191288150804304],[-97.697810214714366,30.19099781674079],[-97.697606211850612,30.190710386461866],[-97.697458803457138,30.190532879269014],[-97.697334708666375,30.190390545691908],[-97.697142724854274,30.190183956321565],[-97.69701487025749,30.190046378201043],[-97.696402026489693,30.189549096482345],[-97.695880433137404,30.189125852303942],[-97.693262459141394,30.187001422374141],[-97.69418785950792,30.185495569451692],[-97.695034905787665,30.184119699526878],[-97.695048415098753,30.184096792316033],[-97.695898218452527,30.182716920991723],[-97.697319499282543,30.180409013645331],[-97.697287063748831,30.180403917174285],[-97.697263565551594,30.180396481264733],[-97.697253135223676,30.180393180473075],[-97.697242343926149,30.180390698520085],[-97.697192450225387,30.180379223043666],[-97.697057459937696,30.180363242107394],[-97.697004415767438,30.180354613193838],[-97.696946716527066,30.180340251438292],[-97.696934253874531,30.180335007158863],[-97.6969182671167,30.180328279641198],[-97.696898568563284,30.180317009841971],[-97.696841659088221,30.18027601230791],[-97.696814121428574,30.18026199672418],[-97.696790811431711,30.180253096889881],[-97.696758539167121,30.18024077457844],[-97.69670106960082,30.180223830430176],[-97.696494394912719,30.180157306112317],[-97.696435604276786,30.180118001886758],[-97.696404919134224,30.180112557239543],[-97.696384079912306,30.180110135255816],[-97.696371563720817,30.180108680568672],[-97.696328553530904,30.180103613544453],[-97.69625960808122,30.180092073300106],[-97.696228122721152,30.180086803942899],[-97.696199067037497,30.180081968287755],[-97.696108049681996,30.180050802394636],[-97.696025920297402,30.180017924501545],[-97.696018019458947,30.180014760799377],[-97.695957217668123,30.179991175391638],[-97.695937382188433,30.179991412229167],[-97.695868423821679,30.179992234217806],[-97.695849721874879,30.179990507247904],[-97.695833151470708,30.179988976246541],[-97.695801997090584,30.179979809163065],[-97.6957794670206,30.179971022733692],[-97.695767825252204,30.179966480297246],[-97.695700576441212,30.179933191413888],[-97.695675979699331,30.179920861622605],[-97.695650109074904,30.179907893066574],[-97.6956239909114,30.179897257849266],[-97.695607780711967,30.179890655387389],[-97.695562634894372,30.179872234723053],[-97.695518756457872,30.179853728553436],[-97.695494578477451,30.179843026355577],[-97.695435997985712,30.179831972053634],[-97.69536448532179,30.179824693369738],[-97.695219845957666,30.179809970082498],[-97.695203469165634,30.179807658712988],[-97.69518995038419,30.179805752682149],[-97.69515826254694,30.179798826806451],[-97.695121946907037,30.17978954058092],[-97.695112646444883,30.179787161438284],[-97.695018432611803,30.17976294211751],[-97.694882177000395,30.179716760090002],[-97.694835700462079,30.17970414152056],[-97.694792462844958,30.179708586624489],[-97.694737058047508,30.179711129373153],[-97.694713847278351,30.179704434087846],[-97.694672051093391,30.179688529259725],[-97.694652719131511,30.179681200122197],[-97.694568158210515,30.179645489998595],[-97.694511826009446,30.179621693919891],[-97.694458950073553,30.179599431420655],[-97.694341070723922,30.17954979989112],[-97.694312361162389,30.17953927918046],[-97.694274527311308,30.179531906113091],[-97.694273849959501,30.179531774483916],[-97.694248420213015,30.179529820272947],[-97.694210816093516,30.179531931976605],[-97.694184854572114,30.179538805949456],[-97.694163401290893,30.179544487072608],[-97.694102684413494,30.179565293160188],[-97.694085067716642,30.179569326256534],[-97.694061909757295,30.179574628360299],[-97.69401073051192,30.179578908220851],[-97.693965650267245,30.179561586575439],[-97.693951205291526,30.179549564615137],[-97.693939556417021,30.179539872493841],[-97.693911057713578,30.179530839946327],[-97.693843595990202,30.179511242337199],[-97.693794523877742,30.179497440786115],[-97.693569507108919,30.179451188806272],[-97.693563647879685,30.179450017452588],[-97.693362212675311,30.179409755857431],[-97.693233665921099,30.179379217155486],[-97.693182554377259,30.179367106841315],[-97.693120939359133,30.179352497730573],[-97.693042423458479,30.179336520273569],[-97.693000238291447,30.179327976617472],[-97.692961594308144,30.179320073140559],[-97.692889111846,30.17930525024531],[-97.692846404049462,30.179296330005748],[-97.692837238170128,30.179294416005789],[-97.692784143456095,30.179279624296949],[-97.692691924154857,30.179240021136817],[-97.692467681297558,30.179143719366142],[-97.692434856427312,30.179092356873891],[-97.6924196252602,30.179068524594484],[-97.692379841557894,30.17899756815218],[-97.692360620519977,30.178961737335854],[-97.69234498950658,30.178932601037616],[-97.692289980786214,30.178887104028394],[-97.69213189085491,30.178788015898203],[-97.692128855606811,30.178786113800413],[-97.691859374122075,30.17869779601866],[-97.691666057587611,30.178634921946035],[-97.691439748554814,30.178552663843973],[-97.691096333913421,30.178427887820867],[-97.690885380296336,30.178354774645189],[-97.690822895874703,30.178338414657123],[-97.690818095657946,30.17833764664449],[-97.690771995640432,30.178330266878529],[-97.690729595489003,30.178326009103479],[-97.690707545942061,30.17832085116202],[-97.690639593384617,30.178297198247392],[-97.69058132954676,30.178276989556789],[-97.690535114347426,30.178259533938075],[-97.690393208425078,30.17820709865159],[-97.690365248094196,30.178190044536791],[-97.690326995264243,30.178169646352536],[-97.690258568897036,30.178133275678242],[-97.690219783992958,30.178117947562683],[-97.690110405364365,30.178074715337139],[-97.689905390820542,30.177997486675931],[-97.68988936268984,30.177992080112489],[-97.689859971439859,30.177982165246753],[-97.689826291921534,30.177972562918015],[-97.689766053226634,30.177955388937136],[-97.689641836032095,30.177920617573449],[-97.689533867597177,30.177891296488959],[-97.689469407846261,30.177881191983214],[-97.689381162225274,30.177872658967267],[-97.689201348998608,30.178498775677227],[-97.688866327962316,30.179693758991309],[-97.688837322437493,30.179803101448819],[-97.688809004661223,30.179909853697009],[-97.688345717128755,30.181650085236484],[-97.688040494253599,30.182795798217359],[-97.68802816701492,30.182842073881599],[-97.687796720411924,30.182695681987536],[-97.687660280660609,30.182609383054185],[-97.687623360982286,30.182585994272273],[-97.687423840936091,30.182459603445757],[-97.687403653161596,30.182446813508367],[-97.686598572553535,30.181759001090754],[-97.686427997339393,30.181614656433148],[-97.686378833284152,30.181573099110445],[-97.686264011880283,30.181476031189106],[-97.686257823895644,30.181470802519559],[-97.686208719718749,30.181429314022893],[-97.685818449259457,30.181030693425651],[-97.685683199057792,30.180922529965699],[-97.685633520480863,30.180883520493083],[-97.685587434271298,30.180846998376069],[-97.685538337111581,30.180808088959573],[-97.685414525122454,30.18070877171181],[-97.685354232963476,30.180661533630104],[-97.685256377926024,30.181029051298417],[-97.685253146533427,30.181041179733533],[-97.685190474375261,30.180984206016152],[-97.685130476850958,30.180924202767034],[-97.685110475135076,30.180904207055438],[-97.684570474584035,30.180424210402027],[-97.684350475325843,30.180214204785443],[-97.684320483764154,30.180184205352425],[-97.682750479409734,30.17889420041195],[-97.681574888245294,30.17802532824734],[-97.681148707672747,30.177634662847449],[-97.680766922015209,30.177039786361245],[-97.680367376757758,30.176613605877822],[-97.679719227557371,30.176356122379072],[-97.678973412188057,30.176249577007084],[-97.677561689019683,30.175974335205911],[-97.676931295909199,30.175743486659528],[-97.675040603197615,30.174962525005103],[-97.675020468290938,30.174954208109668],[-97.674918012267554,30.17492005470773],[-97.672731643507362,30.174074281176047],[-97.670645134040072,30.173390615949948],[-97.6703027694262,30.173270220289286],[-97.669314030079491,30.175207921242354],[-97.66843893983679,30.176708076944077],[-97.667313822632465,30.178571905371903],[-97.666472734734057,30.179970148647474],[-97.664598698052416,30.178788903098116],[-97.661288121910701,30.17876481871858],[-97.660364161482207,30.178152278306456],[-97.659779831719263,30.1779554115775],[-97.659256171361804,30.177657038034933],[-97.658886813529421,30.177378601138262],[-97.658466315339297,30.1767023932481],[-97.657966265045445,30.175929586552961],[-97.657801473692999,30.175707973085022],[-97.65673318228454,30.175770480044303],[-97.656454744653317,30.175844351218217],[-97.656220532647893,30.175998538443274],[-97.656092641882765,30.176018325472214],[-97.648101955891619,30.179202108309443],[-97.647342101294825,30.183582364729997],[-97.647952946488928,30.184530458220621],[-97.64792141248644,30.184510836917948],[-97.64778509018187,30.184434849807502],[-97.647644479806033,30.184365009285141],[-97.64749994838985,30.18430149661523],[-97.647351872676367,30.18424447877852],[-97.647200638214542,30.184194103031523],[-97.647046641328288,30.184150501463275],[-97.646890282943104,30.184113788168876],[-97.646731970666437,30.184084059288296],[-97.646572117814358,30.184061390276177],[-97.6464111411549,30.184045843092601],[-97.646249460133646,30.184037455340192],[-97.646087497626866,30.184036252030687],[-97.645925676069069,30.184042233760511],[-97.645764416192165,30.184055385728108],[-97.645604140234568,30.184075674176928],[-97.645598153265595,30.184076705913377],[-97.645593677613945,30.18407382493346],[-97.645467746132809,30.183993429028774],[-97.64554077210326,30.185076180138537],[-97.645541604498277,30.185090039205431],[-97.645543411823724,30.185120131290788],[-97.645545502901257,30.185143966317952],[-97.645548277667004,30.185175131356562],[-97.64555043386585,30.185204577188728],[-97.645553726193711,30.185233057767878],[-97.645555313310922,30.185246693965109],[-97.645557276427297,30.185263579036494],[-97.645559008932935,30.185278668016522],[-97.645560106136358,30.185288227835116],[-97.64556182838605,30.185300260049594],[-97.645564055218529,30.185315813831188],[-97.645568375475563,30.185350531484328],[-97.645572252956285,30.185377346811041],[-97.644168602717926,30.184721818788983],[-97.640445725213141,30.182983054666892],[-97.640404591826439,30.182960381889213],[-97.640340621275385,30.182925122712103],[-97.640323959918518,30.182979971695111],[-97.640317916796306,30.183001379320636],[-97.640274913066818,30.182979103886797],[-97.640221646105232,30.182951665510402],[-97.639975141845767,30.182824680481261],[-97.639937841597813,30.182822743441342],[-97.639775881222391,30.182821532085136],[-97.639614061321211,30.182827505773783],[-97.639452802621818,30.182840649726472],[-97.639292527359501,30.182860930207774],[-97.639133653059517,30.182888293507794],[-97.63897659348865,30.182922669575913],[-97.638821758789163,30.182963966599019],[-97.638669554238746,30.183012079114899],[-97.638520375250735,30.183066879782476],[-97.638374611356639,30.183128226688204],[-97.638351817601176,30.183138554689609],[-97.638325590284197,30.183150555516221],[-97.638206415827938,30.183207960475556],[-97.638097860418952,30.183265496797823],[-97.638052051065245,30.183290885774664],[-97.639652794586297,30.184173956999945],[-97.640359163696147,30.184496393487866],[-97.640569992218147,30.18459247108153],[-97.641923194967546,30.185210085752246],[-97.641977622276087,30.185234884329535],[-97.641079001201845,30.185243411570351],[-97.641001162343272,30.185244194423976],[-97.640535368363132,30.185248644157664],[-97.64025492728554,30.185454497430246],[-97.639998906845619,30.185498645158962],[-97.639917167364317,30.185535954268495],[-97.639803325936455,30.185588044644348],[-97.639727115544588,30.18563028217099],[-97.639535594643334,30.18573645894768],[-97.639393426247835,30.185932514398775],[-97.639232814215873,30.186032603257832],[-97.638950868994201,30.186208223447206],[-97.638936915352701,30.186219159779867],[-97.638915912662824,30.186235623504583],[-97.638762535045259,30.18635553006602],[-97.63865904842271,30.186397985867821],[-97.638624216133067,30.186412274965075],[-97.638431068275494,30.186491573340213],[-97.638253046115295,30.186644901149208],[-97.638175579718094,30.186711699062435],[-97.638086461437098,30.186749471021987],[-97.637924400644906,30.186818160039937],[-97.637905128677147,30.186826327714684],[-97.637847924807545,30.186850570889909],[-97.637385298620856,30.18712136948724],[-97.637092000066531,30.187301570497944],[-97.63667979465184,30.187554824052292],[-97.636569160538016,30.187557609445829],[-97.636485990829371,30.187559900486374],[-97.636446987595178,30.187560949376731],[-97.636167274647008,30.187653960808866],[-97.635921031718155,30.187802326478465],[-97.635895393398386,30.187796076058181],[-97.635787926576995,30.18776987812457],[-97.63493693692422,30.187055759113786],[-97.632881251966751,30.185330637306919],[-97.632739911613754,30.185474252681693],[-97.632371605711214,30.186422453217585],[-97.632358884677672,30.186455204781993],[-97.632302676980146,30.186864906431115],[-97.63240305008523,30.187093221362108],[-97.632409671156125,30.187108285062845],[-97.632580295209706,30.18723345745321],[-97.632638077350208,30.187457662324412],[-97.632635585171997,30.187833580265433],[-97.632695692836492,30.188197303103898],[-97.632889111922026,30.18857612630644],[-97.632855166023987,30.188945624331261],[-97.632719710616982,30.189194037356472],[-97.632407567504615,30.189380659767657],[-97.63201427128547,30.189469146675844],[-97.631610319737746,30.189432795339254],[-97.632440949571517,30.189781430688562],[-97.632549651162748,30.189938839016566],[-97.632440447248001,30.190336683886116],[-97.631724762360648,30.191212687066272],[-97.630993191788036,30.190903662140919],[-97.630555125712107,30.190822320504722],[-97.630190834003244,30.190830189254228],[-97.62991574632693,30.190869333508427],[-97.628924088516669,30.190842304348685],[-97.628512156152553,30.190804277272299],[-97.628009473355419,30.190729329808114],[-97.627555629086444,30.190633664953697],[-97.627138101604459,30.190565102227939],[-97.626902174866146,30.191010549543201],[-97.626760994117276,30.191260464316755],[-97.626620909536854,30.191510840615134],[-97.626481917943849,30.191761681094579],[-97.626398201205319,30.191914297857092],[-97.626344055103203,30.192013012644416],[-97.626207314065198,30.192264779991369],[-97.626071701424479,30.192517011287688],[-97.62593721614769,30.192769706517723],[-97.625803825603839,30.193022838857502],[-97.625671591631331,30.19327643297169],[-97.625540485692994,30.193530464824956],[-97.625107796326404,30.194150455575262],[-97.625007663752143,30.194258564759611],[-97.624614345260568,30.195079147544021],[-97.62062534286693,30.191626297813009],[-97.620550001980931,30.191556741050416],[-97.620417123631398,30.191434061132608],[-97.620405150369308,30.191422998177529],[-97.620381418514114,30.191401070656145],[-97.620367719742873,30.191388416790208],[-97.618819254769818,30.189958081298492],[-97.618291984632478,30.189471021072332],[-97.61826562512644,30.189445737764107],[-97.618146584516722,30.189480562658439],[-97.618062904363342,30.1895100006254],[-97.618059576348529,30.189511171342801],[-97.617740744251037,30.189624271873885],[-97.617352924169367,30.189706890321101],[-97.616649446485667,30.189895439820781],[-97.616343517793467,30.190133844481014],[-97.615996063259502,30.190377443052732],[-97.615784087291061,30.190526224652345],[-97.615522596864921,30.190955236285795],[-97.615509607052985,30.191417028495909],[-97.615501877822496,30.191503463467782],[-97.615485310931916,30.191688718900309],[-97.615509693755143,30.191762837788943],[-97.614586064545861,30.191664208527357],[-97.612992920896858,30.193802007801455],[-97.61253199990017,30.194420482959718],[-97.612672685267569,30.196859250247851],[-97.612733591019975,30.197915028986102],[-97.611597496151106,30.198715197554662],[-97.611615181864551,30.19881214710038],[-97.611617895573687,30.198824744566778],[-97.611675524190247,30.19908881249577],[-97.611706299506508,30.199213889114791],[-97.611747837898335,30.199349897373104],[-97.611797316856453,30.199483886978651],[-97.611854608822995,30.199615506559052],[-97.611919562085447,30.199744413327206],[-97.611992008125995,30.199870270507432],[-97.612071759428233,30.199992751814488],[-97.612158605472771,30.200111535050418],[-97.612252321874877,30.200226311316797],[-97.612352663192482,30.200336781263562],[-97.612459367041481,30.200442656974761],[-97.612572156176924,30.200543662007842],[-97.612690735326794,30.200639533142361],[-97.612814795375428,30.200730019554822],[-97.612867767083088,30.20076480935132],[-97.612877554871972,30.200776796586847],[-97.612923315426073,30.200828618822118],[-97.613085186951665,30.201007501353587],[-97.613139769212637,30.201066148514006],[-97.613246474742795,30.201172023577396],[-97.613359265565705,30.201273027924358],[-97.613477846404905,30.201368898336252],[-97.613601908140396,30.201459383991448],[-97.613722021906995,30.201538557986332],[-97.613936879660685,30.20167331520852],[-97.613945985543182,30.201679005479892],[-97.614080026456151,30.201758028461455],[-97.614218537478678,30.201831003056466],[-97.61436115800818,30.2018977389559],[-97.614501002423665,30.201955377514434],[-97.614626926481947,30.20206896221584],[-97.614692076137189,30.202126036975915],[-97.61481065936448,30.202221906157842],[-97.614934723461914,30.202312390524838],[-97.61506394541513,30.202397253463253],[-97.615175703269585,30.202463732684102],[-97.615605351495972,30.202707767874823],[-97.615707113248547,30.202762982447336],[-97.615810440775633,30.202815208163752],[-97.615915246314913,30.202864400665629],[-97.615924161975542,30.203006459963518],[-97.61594131894168,30.203146382147825],[-97.615966679234404,30.203285360755473],[-97.616000175911921,30.203423033807454],[-97.616041722219833,30.20355904075976],[-97.616091209352206,30.203693028789473],[-97.616148509729825,30.203824646528343],[-97.616164267092543,30.203857611058421],[-97.616327704469398,30.204193360142476],[-97.616161742102179,30.204287641524619],[-97.616029967462197,30.204366697209064],[-97.615939908630097,30.204425857200484],[-97.61571523632368,30.204578542838174],[-97.615388920638637,30.204616635473812],[-97.615248884332161,30.204635741562097],[-97.615109710156432,30.20466035372473],[-97.614971614518041,30.204690433691429],[-97.614834812146526,30.204725934689836],[-97.613648505460148,30.205059408117194],[-97.613617787007485,30.205068192576778],[-97.613465534714422,30.205116275077668],[-97.613316306922869,30.20517104635594],[-97.613170493291406,30.205232364574748],[-97.613028474569106,30.205300069650395],[-97.612890620469386,30.205373985020142],[-97.612757291773903,30.205453916777522],[-97.612628836058775,30.205539658112205],[-97.612505587807334,30.205630984791572],[-97.612387868342338,30.205727657871314],[-97.612275985781665,30.205829425502777],[-97.612170230898798,30.205936021950627],[-97.612070880199227,30.20604716945871],[-97.611978193839505,30.206162578210634],[-97.611892411420854,30.206281948058759],[-97.61181375936124,30.206404965046154],[-97.611742441307058,30.206531310266961],[-97.611678642451892,30.206660653618822],[-97.611622531504196,30.206792658360058],[-97.611574253472085,30.206926978261777],[-97.611533934684857,30.207063264934536],[-97.611501679828592,30.207201161444043],[-97.611477573869465,30.207340308675708],[-97.611461680017186,30.207480343488079],[-97.611454038639238,30.207620900500689],[-97.611454670359137,30.207761613055986],[-97.611463572912086,30.207902114064616],[-97.611480724243378,30.208042036967445],[-97.611506079364091,30.208181016580752],[-97.611539571345872,30.208318690922976],[-97.61158111344669,30.208454699446687],[-97.611630596871436,30.20858868932493],[-97.611687894050775,30.208720309184542],[-97.61169918799952,30.208744060358232],[-97.611753588676834,30.208856963343425],[-97.612108181784862,30.209592864085227],[-97.612519352396617,30.210446165280104],[-97.613010011338304,30.211464406194569],[-97.61306367164012,30.21156954514683],[-97.613136128120402,30.211695401927269],[-97.613215890723183,30.211817882762009],[-97.613302748899443,30.211936665454232],[-97.613396478233156,30.212051441106919],[-97.613496833248149,30.212161910371652],[-97.613603551524704,30.212267785334276],[-97.613716355780397,30.212368789554127],[-97.613834950703421,30.212464659812927],[-97.613959027137199,30.212555145289485],[-97.614088262035153,30.212640009367266],[-97.614222318393473,30.212719032345394],[-97.614360845363336,30.212792006920626],[-97.614503482301075,30.212858742784146],[-97.614649856709121,30.212919065678715],[-97.614799586273051,30.212972819245348],[-97.614855133047016,30.212989931595111],[-97.615445458667665,30.212760506714623],[-97.616405144296749,30.212222229369566],[-97.617333394818374,30.211701582140982],[-97.617609536355275,30.211563723796921],[-97.618465623032392,30.211136339065426],[-97.619643142290613,30.210548483625974],[-97.622217049319801,30.210055674312883],[-97.628355585058557,30.208703135475762],[-97.626196257638895,30.210870474220201],[-97.628770923229638,30.210179217733895],[-97.630560742250694,30.209448634203451],[-97.631920029499796,30.208893789195649],[-97.634308287740367,30.208670722007035],[-97.635140291451407,30.208787187674591],[-97.635163062802306,30.208760311930806],[-97.635252300157333,30.208642867938433],[-97.63533451677516,30.20852162006107],[-97.635409497764343,30.208396883442507],[-97.635478078937737,30.208269798289319],[-97.635522386862505,30.208229162269571],[-97.63562494862164,30.208120235369552],[-97.635720971855463,30.208006902421541],[-97.635810207825585,30.20788945805235],[-97.635892423091533,30.207768209829393],[-97.635967402765402,30.207643472897526],[-97.63603495144055,30.207515574515561],[-97.636094893391942,30.207384845924],[-97.636110267012555,30.207345594257635],[-97.636129107156705,30.207328985734819],[-97.636321732992016,30.207154758431891],[-97.63640934337576,30.207072214126786],[-97.636493480925367,30.206986132686328],[-97.636509784918914,30.206968741936603],[-97.636512140343811,30.2069661685317],[-97.636526344099778,30.206955480207263],[-97.636546387538303,30.20694017143396],[-97.636631460429641,30.206872777751691],[-97.636737957776631,30.206781042325311],[-97.637642942044621,30.205963734950497],[-97.638002904949019,30.205638641763596],[-97.638011222894718,30.20563110023885],[-97.638073172433067,30.205573079247557],[-97.638149004669756,30.205499977316574],[-97.638195881164009,30.205453760474036],[-97.638260151003166,30.20538549716537],[-97.63869294115878,30.204985154091325],[-97.639374745049139,30.204354878709729],[-97.63947063839872,30.204262355049703],[-97.639561951813931,30.204165308553833],[-97.639648472226028,30.204063965668304],[-97.63972999775018,30.203958562864401],[-97.639754921475088,30.203948749590459],[-97.639898864559242,30.203884186942538],[-97.640038824268899,30.203813323956687],[-97.640174435887346,30.203736346434177],[-97.640305344771136,30.203653453925426],[-97.640431210401147,30.2035648643249],[-97.640551703416747,30.20347080748763],[-97.640657748249438,30.203379471906704],[-97.641733627936517,30.20240811398768],[-97.642544947808787,30.201675591359475],[-97.642553704641188,30.201667653590501],[-97.642662521307344,30.201563411964042],[-97.642765067821685,30.201454479424591],[-97.642853480368117,30.201350107654282],[-97.642520459679105,30.20106785817222],[-97.64198320614031,30.200612488923245],[-97.641788828605954,30.200456616563745],[-97.64089839270757,30.199742562363653],[-97.640934850944404,30.19970028175695],[-97.64097682549243,30.199651606185242],[-97.641110358505614,30.199496761576658],[-97.64144192486205,30.199198412927135],[-97.641602088515739,30.199054362983752],[-97.641773646261115,30.198900065440014],[-97.643025039544952,30.19773817041083],[-97.645121045750145,30.195882181238407],[-97.64518218893474,30.195828037663016],[-97.645225572756715,30.195794789155705],[-97.645301079533496,30.195737021670983],[-97.646123101613071,30.195011645356207],[-97.646213204646202,30.194931024134195],[-97.646252046460205,30.194896272686638],[-97.646303310604139,30.19485040471444],[-97.646544429482077,30.194631336755496],[-97.646785673149921,30.194412269775427],[-97.647211481825707,30.194765927601704],[-97.648771130694726,30.196061269320644],[-97.650026725392252,30.197104045059291],[-97.651637580501131,30.198441420272513],[-97.651624005982868,30.198453352254496],[-97.651633365246042,30.19846118073],[-97.650539999344943,30.199406302610196],[-97.649708646174361,30.20013707278116],[-97.64962511216855,30.20021050167994],[-97.645789843201428,30.203603888951378],[-97.644181826026923,30.204953725554979],[-97.645008013298792,30.205585478298069],[-97.646830456369528,30.206514225009148],[-97.64863045940146,30.207444222133812],[-97.650130459937742,30.208234216522605],[-97.652990467190278,30.209764227346358],[-97.653100465030775,30.209834218350366],[-97.654110468361736,30.210374224559246],[-97.654300467979482,30.210464222808657],[-97.654550464542965,30.210584222622121],[-97.654810463477602,30.210714226325276],[-97.65724109341329,30.211723101340699],[-97.6587523286058,30.212438701163521],[-97.661143940865443,30.213700418720922],[-97.662320916075331,30.214430143756701],[-97.664674866500377,30.215663613047795],[-97.665993077037399,30.216402753667587],[-97.666779296654724,30.216930037302156],[-97.667952637700154,30.217531354592317],[-97.669978185704466,30.218568750314436],[-97.672330769942221,30.219759293082749],[-97.672433484469252,30.219811271444968],[-97.674038288415986,30.218340680459985],[-97.674246025889246,30.218172922503832],[-97.676966877646336,30.218092791648388],[-97.677530485656192,30.218074215964201],[-97.678060485103174,30.21806421593929],[-97.678540487999257,30.218064217492405],[-97.678970479259306,30.218674215084224],[-97.679860488761804,30.217854211028126],[-97.680170485547862,30.217644213387292],[-97.680450491944313,30.217434214481528],[-97.680612569499147,30.217537357503542],[-97.680614301873732,30.217566510181793],[-97.680615038555558,30.217577663255643],[-97.680618037886831,30.21761937091496],[-97.680619181349925,30.217630490732319],[-97.680635066525312,30.21775930678686],[-97.680636757381762,30.217770347096092],[-97.680660203519594,30.217898330224131],[-97.680662528668037,30.217909227519954],[-97.680689359222484,30.21802051506786],[-97.680692728570435,30.218033773800876],[-97.680699353376014,30.218057642147723],[-97.680734536078418,30.218172226406665],[-97.68076712373356,30.218269445112053],[-97.680804395242149,30.218364966139017],[-97.680846262611894,30.218458563977112],[-97.680851337140865,30.218469369517241],[-97.680902903065942,30.218572904574643],[-97.680958961715504,30.218674077597477],[-97.681019405134492,30.218772693751539],[-97.681084116923813,30.218868563126538],[-97.681090842251493,30.21887808792102],[-97.681161101621854,30.218973093750613],[-97.681235291027846,30.219065063413101],[-97.681313279420493,30.21915383445225],[-97.681394929040238,30.219239250061921],[-97.681403341725712,30.219247704504525],[-97.681490519891469,30.219331706118908],[-97.681581004002211,30.219412135774551],[-97.681674647813551,30.219488863477526],[-97.68177129997423,30.219561765217147],[-97.681781178566666,30.219568922859096],[-97.68188280509375,30.21963949306085],[-97.681987072127285,30.219706100043211],[-97.682093825192766,30.219768645126084],[-97.682202906132559,30.219827035647185],[-97.682213990770919,30.219832708213634],[-97.682327150562713,30.219887908240601],[-97.682442277267867,30.219938879048101],[-97.682559212890027,30.219985550685365],[-97.682677796950358,30.220027859101673],[-97.682689791423229,30.220031897435224],[-97.682701744131279,30.220035897940107],[-97.682854484481524,30.220082858614816],[-97.683009786548311,30.220122986044036],[-97.683167244816531,30.220156173379888],[-97.683183744614254,30.220159226139099],[-97.683196334982242,30.220161525061027],[-97.683323439942157,30.220182383453796],[-97.683451204882388,30.220198719408998],[-97.683579468944799,30.220210512359397],[-97.683708070642837,30.220217747457468],[-97.683720924244525,30.220218243942575],[-97.683847721714542,30.220220937489128],[-97.683974536245259,30.220219226233279],[-97.684101214864896,30.220213112239261],[-97.684204836160049,30.220206303025837],[-97.684326727821684,30.220196234904904],[-97.684448211810817,30.220182072114913],[-97.684550917703774,30.220168339046975],[-97.684686347415607,30.220147611835738],[-97.684791400013239,30.22012787328573],[-97.68484715971276,30.220116534607129],[-97.685009002206286,30.220249910577405],[-97.68502679824266,30.220264463542382],[-97.68529210578771,30.220479754563751],[-97.685242168203544,30.22047269102519],[-97.685213167206825,30.220471138422354],[-97.685096512148192,30.220459646414387],[-97.685083252843398,30.220458404074353],[-97.685067683231281,30.220457348365311],[-97.685052015067086,30.220456192318153],[-97.68490603211788,30.2204486661416],[-97.684890216040088,30.220448203492861],[-97.684744060820293,30.220447162310538],[-97.684728179180581,30.220447388232138],[-97.684595068205866,30.220452310771957],[-97.684579179264517,30.220453011164675],[-97.684566306106532,30.220453581181868],[-97.684404990279361,30.220466782281495],[-97.684244661622259,30.220487119606979],[-97.68408573779918,30.220514539300265],[-97.684053862337223,30.220521311813123],[-97.684038411310553,30.220524610204929],[-97.683928592279827,30.220548834820519],[-97.683913301016091,30.220552586323077],[-97.683773601642628,30.220589886473491],[-97.683758588857998,30.220594261399871],[-97.683621195962445,30.220637730133415],[-97.683606547909733,30.220642734577211],[-97.683532670786533,30.220667660181032],[-97.683518014700113,30.220673039646496],[-97.683397458371132,30.220719845598513],[-97.683278789891887,30.220771250050049],[-97.683162184591808,30.220827177052435],[-97.683047814752015,30.220887543975063],[-97.683034396790106,30.220894971924668],[-97.683003135446484,30.220912502648599],[-97.682869843634421,30.220992508167814],[-97.682741429841556,30.221078320589374],[-97.682618228441399,30.221169715495463],[-97.682611879915413,30.221174686767192],[-97.682600076711978,30.221183955826245],[-97.682504067519929,30.221262504626601],[-97.682411435590197,30.22134500919972],[-97.682322343784719,30.221431324489167],[-97.682236948741391,30.22152129873864],[-97.682227094487786,30.221532149230466],[-97.682162097331229,30.221606260536475],[-97.682073412247036,30.22171655529193],[-97.681728204270001,30.222169017465269],[-97.68172427232885,30.222174182856506],[-97.681638562463206,30.222293600086701],[-97.681559986800721,30.22241666055131],[-97.681488748789548,30.222543045231738],[-97.681425033413973,30.222672423923246],[-97.681369009165707,30.222804459790737],[-97.681320820825135,30.222938806524851],[-97.681280594488925,30.223075115665864],[-97.681248434601173,30.223213030221146],[-97.681224425880714,30.223352191028656],[-97.681208631283567,30.22349223491133],[-97.68120574659477,30.223546012694229],[-97.681133210150861,30.223529009248093],[-97.680974822153658,30.223499322843345],[-97.680814895469979,30.2234766967693],[-97.680653847061166,30.223461192874087],[-97.680492096558879,30.223452848647572],[-97.68033006702214,30.223451688987598],[-97.6801681810594,30.223457714376838],[-97.680006859570184,30.223470909900133],[-97.679846524954513,30.223491241686894],[-97.679687594891902,30.223518655893638],[-97.679530483294826,30.223553082337155],[-97.679375600440565,30.22359442907284],[-97.679223351733953,30.223642590508227],[-97.679074132702041,30.223697439175218],[-97.679004761154559,30.223725654782413],[-97.677692400750317,30.224276744398203],[-97.677623498296029,30.224305801371987],[-97.677546800786999,30.224338498363753],[-97.67740479925456,30.224406275597723],[-97.677266967345517,30.224480261034479],[-97.677133665783344,30.22456026058418],[-97.677005242074472,30.224646067259759],[-97.676882030618046,30.224737456658424],[-97.676764352640674,30.224834189672475],[-97.676652516152231,30.22493601429623],[-97.676546811805736,30.225042664646296],[-97.676447515975212,30.22515386282554],[-97.676354888674453,30.225269318884909],[-97.676269169350647,30.225388732554443],[-97.67619058425629,30.225511789761573],[-97.676119336863934,30.225638171496271],[-97.676055612182338,30.225767547561418],[-97.676016226054458,30.225860353479455],[-97.675925104775487,30.225774588992294],[-97.67580928749905,30.225676176256695],[-97.675687834575982,30.2255830276479],[-97.675561063904524,30.225495384920727],[-97.675429305109958,30.225413478292442],[-97.675292902820004,30.225337520174897],[-97.675152212393243,30.225267709616414],[-97.675007601068984,30.22520422780309],[-97.674859445799157,30.225147241635298],[-97.674708132339418,30.225096898287092],[-97.674554057220675,30.225053329762616],[-97.674397621572396,30.225016650070881],[-97.674239233203238,30.224986955264388],[-97.674079305627657,30.224964320708757],[-97.673918255808942,30.224948808274235],[-97.673756503382734,30.224940455472925],[-97.673594471412841,30.224939287225133],[-97.673432582514224,30.224945304035856],[-97.67327125759401,30.224958491012302],[-97.673110919061116,30.224978814306262],[-97.672951984605348,30.225006220096343],[-97.672794868150532,30.22504063822128],[-97.672639979986783,30.225081976758137],[-97.672487725532633,30.225130130136023],[-97.672338500330213,30.225184970907673],[-97.672192694032191,30.225246357054839],[-97.672050687368412,30.22531412831643],[-97.671912850020732,30.225388107957347],[-97.671779542726824,30.225468101903001],[-97.671651113007997,30.225553903180842],[-97.671527895279212,30.225645287402219],[-97.671410210783179,30.225742015472854],[-97.67136722902778,30.225779921008662],[-97.669326471531306,30.227614704888516],[-97.66924789285072,30.227674126891102],[-97.669171450596679,30.227736273212248],[-97.669097239174079,30.227801067102309],[-97.668677302013577,30.22818081377455],[-97.668788935123146,30.22828081348743],[-97.668959878028815,30.228421848227274],[-97.670953658861748,30.230066763085684],[-97.670732982173931,30.230270238779386],[-97.67039480452442,30.230582051876464],[-97.669976296945961,30.230967929861507],[-97.669343258523483,30.231551541695772],[-97.670726459076064,30.232699074135166],[-97.672461475160929,30.234138400550719],[-97.673099494300814,30.233568159999699],[-97.673405562367392,30.233294528059218],[-97.675706579598497,30.235180241060139],[-97.67577833522806,30.23511593225448],[-97.676022020155571,30.234897277194616],[-97.676765069645711,30.23423756893559],[-97.676781882322402,30.234222528291102],[-97.67848572283998,30.23268653514377],[-97.678496523190432,30.232676749966569],[-97.678605335964406,30.232572477025407],[-97.678707874798661,30.232463514920887],[-97.678803871466471,30.2323501489678],[-97.678893077298682,30.232232673878361],[-97.678975258933775,30.232111397300638],[-97.679050201571158,30.231986634453261],[-97.679117709901675,30.23185871266271],[-97.679177608304556,30.23172796323043],[-97.679229739609553,30.231594729546085],[-97.679273968437272,30.231459358108321],[-97.679310179030139,30.23132220210109],[-97.679338277376871,30.231183619624275],[-97.679358190215154,30.231043971867187],[-97.679369865031546,30.230903623108649],[-97.67937327216373,30.23076293985137],[-97.679368402762819,30.230622288976299],[-97.679357985265838,30.230511044842054],[-97.679359567001555,30.230511161419638],[-97.679521521409768,30.230515917022867],[-97.679683544756003,30.230513483802181],[-97.679845213046264,30.230503871193633],[-97.68000610510262,30.23048710134352],[-97.680165801238559,30.230463220836764],[-97.680323884562313,30.230432289871967],[-97.680479942884133,30.23039438952873],[-97.680633569822334,30.230349619075405],[-97.68068680433673,30.2303314294378],[-97.680744002586863,30.23043061203159],[-97.680795615687629,30.230509739478219],[-97.68075956003922,30.230631905981792],[-97.680727396865777,30.23076982057545],[-97.68070338549559,30.230908981456231],[-97.680687588891587,30.231049025446914],[-97.680683734436883,30.231120867412155],[-97.680625609206146,30.231172398501446],[-97.680211692679379,30.231539360437104],[-97.679448457316553,30.2322160035934],[-97.679276026090662,30.232368545971017],[-97.678518707185347,30.233038505245549],[-97.678480088414872,30.233073273633362],[-97.677938802412228,30.233569213574189],[-97.677890565431341,30.233614411416369],[-97.677784852890241,30.233721062946664],[-97.677685549504204,30.233832262250068],[-97.677592915306775,30.233947719374637],[-97.677507189763119,30.234067134047628],[-97.677428599141834,30.234190192193761],[-97.677357346930151,30.234316574800669],[-97.677293618149079,30.234445951668871],[-97.677237581325628,30.234577985968055],[-97.67718938127291,30.234712331392991],[-97.67714914411809,30.23484863948735],[-97.677120446086676,30.234971671016915],[-97.677379918719851,30.234680596746205],[-97.678036551780949,30.23406715303538],[-97.678435899491134,30.234402670382906],[-97.67828343932824,30.234540081948076],[-97.677805937106356,30.234969967387709],[-97.677852746540452,30.235008233089157],[-97.677988123300892,30.235118909355478],[-97.678030646071193,30.235153667616146],[-97.678123530554146,30.235229586030989],[-97.677856273607517,30.235473548936177],[-97.677157806028944,30.23611113480812],[-97.67719728928077,30.236240055767059],[-97.677246878790029,30.236374020681904],[-97.677304282695658,30.236505611532589],[-97.677369348992485,30.236634485608118],[-97.677441908868119,30.236760306217619],[-97.67752177451078,30.236882747170529],[-97.677608735100222,30.237001486375448],[-97.677702565954419,30.237116215047681],[-97.67780302133211,30.237226633961853],[-97.677909838551898,30.237332455335515],[-97.678022740073047,30.237433402867175],[-97.678056282032628,30.237461485174457],[-97.680085968855735,30.239135684699523],[-97.680119955136547,30.239163354176867],[-97.680228987524842,30.239249562176987],[-97.680341842610233,30.239330701629065],[-97.680458284965781,30.23940660326814]],[[-97.711331721427726,30.209581105239931],[-97.711318666494776,30.209689741077831],[-97.711310724274398,30.209798869890186],[-97.711307912268708,30.209908251191948],[-97.711310236674478,30.210017643941654],[-97.711172840825938,30.210019710706128],[-97.711095297915563,30.210021709307213],[-97.710873788288978,30.210029775617993],[-97.710795997391813,30.210033440229676],[-97.710574781883977,30.210046228586865],[-97.710567851371096,30.210046636178625],[-97.710497068875384,30.210051555136324],[-97.710276281830133,30.210069060731684],[-97.710194669143732,30.210076456673136],[-97.709951395142056,30.21010127057982],[-97.709942495555936,30.210102189588412],[-97.709866007519338,30.210111003009107],[-97.709623596758618,30.210141543561249],[-97.709539169830862,30.210153190665796],[-97.709348185184652,30.210181868833935],[-97.70926616503651,30.210086850162202],[-97.709162488680505,30.20997872114755],[-97.709052591460448,30.209875330035079],[-97.708936759388294,30.209776947752907],[-97.7088152944238,30.209683831052427],[-97.708775235250968,30.209656148420628],[-97.708921955116281,30.209522353305456],[-97.709434283995847,30.209522811920436],[-97.711340783769671,30.209528471810103],[-97.711331721427726,30.209581105239931]],[[-97.650500454331137,30.188484216119519],[-97.65030044679051,30.188694218105621],[-97.650250448935481,30.188744213523911],[-97.650220453785934,30.188784219508825],[-97.650180451702198,30.188844219544684],[-97.650150456214263,30.188894213392818],[-97.650140449925601,30.188934219389534],[-97.650120448822577,30.18896421984892],[-97.650110455754358,30.189014213973177],[-97.650100448727457,30.189104215427957],[-97.650100449692104,30.189190269642467],[-97.650067817256271,30.189055842934298],[-97.650057321401107,30.189014273350882],[-97.649624844490504,30.187362530715021],[-97.64959279107299,30.187250964380745],[-97.649555567082871,30.18714101510572],[-97.649513253600389,30.187032922378311],[-97.649416993794617,30.186802720698466],[-97.650500454331137,30.188484216119519]],[[-97.686593616485695,30.185334969926519],[-97.688031608762259,30.186534165284669],[-97.687008104839592,30.187465086079886],[-97.686846925679831,30.187464590077436],[-97.68668510088969,30.187470623731087],[-97.686523840848579,30.187483827446105],[-97.686363567795667,30.187504167330509],[-97.686204699250027,30.187531589519647],[-97.686047648964049,30.187566023809477],[-97.685934966675276,30.187596122231767],[-97.686593616485695,30.185334969926519]]],[[[-97.838531686336495,30.235439694850186],[-97.838369790235703,30.235445921766047],[-97.838208470514985,30.235459318119851],[-97.838048149570852,30.235479849515222],[-97.837889245045744,30.235507461588593],[-97.837732170787717,30.235542083641498],[-97.837577336973126,30.235583623218474],[-97.837425148882872,30.23563197422235],[-97.837276001882728,30.23568700869258],[-97.837130285423214,30.235748584104996],[-97.836988379999568,30.235816539704331],[-97.836850655029892,30.235890698275636],[-97.836717470956827,30.235970865275984],[-97.836589174983189,30.236056833281729],[-97.836466101174267,30.23614837747008],[-97.836348570396083,30.236245258329664],[-97.836236890275572,30.23634722346792],[-97.836131351057261,30.236454006636222],[-97.836032228685085,30.236565329590157],[-97.835939782720743,30.236680902053997],[-97.835854252139839,30.236800423456749],[-97.83581426438144,30.236861389488119],[-97.835454303486728,30.237427737586668],[-97.835436251896311,30.237455443028395],[-97.835429342905243,30.237466178125057],[-97.835426001526343,30.237471308486363],[-97.835414688084214,30.237488881613061],[-97.835409469328155,30.237497107910499],[-97.835375680299435,30.237550779082959],[-97.835357211121433,30.237578163707042],[-97.835348971074467,30.237591084651612],[-97.834791207077828,30.238471272848958],[-97.834755810712764,30.238528727845825],[-97.834684762840041,30.238655198609326],[-97.834621243647462,30.238784654320465],[-97.834565421116366,30.238916757940586],[-97.834517439497716,30.239051162985135],[-97.834477424352457,30.239187520841888],[-97.834445479571201,30.239325474391727],[-97.83442168931299,30.239464664369848],[-97.834406115963787,30.239604727522678],[-97.834398799054441,30.239745298397743],[-97.834399758362323,30.239886010300115],[-97.834408990767841,30.240026496143187],[-97.834426473356118,30.240166389405406],[-97.834452160273614,30.240305324980781],[-97.834485983727419,30.240442941004002],[-97.834527856107741,30.240578877078701],[-97.834577667762318,30.240712780567556],[-97.834635290261716,30.240844300320262],[-97.834700571031632,30.240973093814056],[-97.834773340699059,30.241098824567061],[-97.834853410908352,30.241221166621386],[-97.834940570301072,30.241339798146651],[-97.835034593678174,30.241454410636415],[-97.835135234796155,30.241564705169527],[-97.835242230489342,30.241670394288761],[-97.835355302751253,30.241771202036386],[-97.835474155571063,30.241866865708431],[-97.835598479117863,30.241957135022254],[-97.835727949699034,30.242041773924161],[-97.835862229699714,30.242120563300368],[-97.835941456362491,30.242163123954313],[-97.836467089646248,30.242436309305422],[-97.836526601303731,30.242466481565518],[-97.836669436850983,30.242532968238748],[-97.836815996149952,30.24259303539052],[-97.836965896405658,30.242646527329828],[-97.837118748248827,30.242693302719768],[-97.837274151409559,30.242733241736158],[-97.837431700105356,30.242766238023098],[-97.837590983898821,30.242792206844076],[-97.837751587820307,30.242811079659788],[-97.837913091246207,30.242822807725375],[-97.837948427887099,30.242824415025424],[-97.838680212855564,30.242854138222253],[-97.83880685919452,30.242857083760683],[-97.838968899194214,30.24285444747871],[-97.839130572158041,30.242844632247085],[-97.839291456891047,30.242827660740055],[-97.839451133730478,30.242803580068369],[-97.839609185831662,30.24277245095335],[-97.839765201086777,30.242734354991246],[-97.839918773227339,30.242689391959743],[-97.840069499743294,30.242637679782817],[-97.840216988188729,30.242579351925414],[-97.840360853999499,30.242514561876472],[-97.840500721655985,30.24244347774431],[-97.840544289793058,30.242419590678672],[-97.84074926961668,30.242305174533332],[-97.840829700618244,30.242271985685381],[-97.840926463007236,30.24223878674599],[-97.841073950317153,30.242180457897927],[-97.841217814949616,30.242115666883141],[-97.841357681388075,30.242044581812518],[-97.841493185161269,30.241967389066179],[-97.84162397190444,30.241884288757262],[-97.841749701420781,30.241795499320723],[-97.841870044701892,30.241701251134597],[-97.841984688009532,30.24160179020501],[-97.842093332896155,30.241497377262295],[-97.842195695265559,30.241388283224826],[-97.842291507353082,30.241274793752623],[-97.842380520969741,30.241157203877755],[-97.842462503257536,30.24103582154855],[-97.84253723993379,30.240910962260063],[-97.842564602947661,30.240855861154667],[-97.842574728938956,30.240838269048496],[-97.842605818148286,30.24078354488336],[-97.842623376215911,30.240757531421782],[-97.842628715959293,30.240748443545929],[-97.84263813835895,30.240732411583178],[-97.842663812012205,30.240687734968564],[-97.842671619586923,30.240673734950729],[-97.842676962630179,30.240664083924578],[-97.842685918692212,30.240647907535958],[-97.842717810863746,30.240588497880267],[-97.842730982301035,30.240563181075856],[-97.842733600936413,30.240558137699235],[-97.842747687940559,30.240530908159194],[-97.842772464214079,30.240481735970146],[-97.84279771602219,30.24042873699532],[-97.842804421784464,30.240414237330381],[-97.842809989282486,30.240402199880076],[-97.842838181920811,30.240339001034755],[-97.84284968774142,30.240312235733821],[-97.842855909498041,30.240297636545595],[-97.84287602995434,30.240248583297053],[-97.842884333562509,30.240227716614932],[-97.842886732834899,30.24022168684267],[-97.842911352396982,30.240157270193787],[-97.842918864718015,30.240136772480227],[-97.842921448397931,30.240129719774622],[-97.842928538771915,30.240110112590973],[-97.84294403662598,30.24006534729391],[-97.842953240650701,30.240037920953007],[-97.842974149041794,30.239972640346416],[-97.842982573270476,30.239945026293423],[-97.843001499184865,30.239879377549727],[-97.843004481269986,30.239868918025138],[-97.843032187215044,30.239768245027665],[-97.843053960677594,30.239666124568693],[-97.843067971256275,30.239596538561596],[-97.843069353900134,30.239589186128423],[-97.843072809795956,30.239567946070455],[-97.843078600747148,30.239531687381827],[-97.843083367078918,30.239501075892775],[-97.843087542870421,30.239475745610072],[-97.843089764528429,30.239470019283637],[-97.843098886104514,30.239406105293796],[-97.843100726189903,30.239391844871747],[-97.843102601925992,30.239377295768406],[-97.843107623225762,30.239335449831319],[-97.843110312737053,30.239310003922725],[-97.843113167942647,30.239281545015928],[-97.843118997365067,30.239213790024063],[-97.84312023998794,30.239196469299657],[-97.843121023885885,30.239185558427163],[-97.843123961825867,30.239138114699735],[-97.843124927944217,30.239117860258556],[-97.843125780990192,30.239098234904329],[-97.843126153117552,30.23908970546433],[-97.843128163212199,30.239021039493494],[-97.843128240425969,30.239015805624998],[-97.843128584344868,30.238993220005877],[-97.843128803836123,30.238940316874054],[-97.843128436672757,30.238911809609661],[-97.843128010072476,30.238889134072661],[-97.843127899288746,30.238883232559136],[-97.843127083902147,30.238851279700821],[-97.843126164703975,30.238822735947579],[-97.843122236706634,30.238742568609549],[-97.843120983322422,30.238724569096242],[-97.843120397619856,30.23871659293366],[-97.843118871541904,30.23869581435574],[-97.843117568708564,30.238678901539132],[-97.843087679625825,30.238308039075228],[-97.843084498570789,30.238268555362527],[-97.843073694399365,30.238163432483105],[-97.843052090766108,30.238023974260528],[-97.843022314527687,30.237885655613731],[-97.842984442963242,30.237748837647786],[-97.842938575307954,30.2376138773188],[-97.842884830711512,30.237481125591444],[-97.842823350237666,30.237350931089004],[-97.84275429394549,30.237223631003793],[-97.842677841746365,30.237099559248101],[-97.842594193586876,30.236979038321152],[-97.842503568306043,30.236862383810177],[-97.842406200635139,30.236749898915292],[-97.842302345278725,30.236641878135245],[-97.842192273914748,30.236538601792702],[-97.842076273010946,30.236440340517071],[-97.841954644967501,30.23634735074431],[-97.841827708137288,30.236259873813538],[-97.841695792581703,30.236178139510951],[-97.841559243335269,30.23610235979756],[-97.841418416141181,30.236032733256959],[-97.841273678594092,30.235969440594975],[-97.841125407977202,30.235912648218921],[-97.840973990344395,30.235862502798177],[-97.840819822499668,30.235819135818236],[-97.840663305814701,30.235782660763494],[-97.840653173107455,30.235780554899062],[-97.840633858220031,30.23577662148428],[-97.839305814509075,30.235510018176797],[-97.839176600095541,30.235486526136707],[-97.839016616218842,30.235464099124044],[-97.838855522235178,30.235448795693095],[-97.83869373789031,30.235440652811398],[-97.838531686336495,30.235439694850186]]],[[[-97.86448002934651,30.245709764684985],[-97.864804465978651,30.245811015052308],[-97.864900533783853,30.245839497192289],[-97.864958429603419,30.245855240486495],[-97.865420179844591,30.245976600423496],[-97.865795884280573,30.246075343581158],[-97.866200542389564,30.246181695358718],[-97.866298070156077,30.246205857138616],[-97.866455634550761,30.246238817468839],[-97.866614931977225,30.246264749933331],[-97.866775547430095,30.246283586087451],[-97.866937060255708,30.2462952772824],[-97.867099050417636,30.246299793866108],[-97.867261095455518,30.246297121516395],[-97.867422771324556,30.246287270295085],[-97.867583656821466,30.24627026297016],[-97.867743332282359,30.246246146745811],[-97.867901380865334,30.246214982436101],[-97.86805739047206,30.246176851729118],[-97.868210954848919,30.246131854492969],[-97.86836167150615,30.246080108741349],[-97.868509148023335,30.24602174802655],[-97.86853821098417,30.246009298933245],[-97.870000725378162,30.245374765227282],[-97.870820471138899,30.245019093933745],[-97.870834467699112,30.245012984018974],[-97.871132890260981,30.244881899480056],[-97.871860438347312,30.244566522421515],[-97.87196661562902,30.244518330375136],[-97.872071026285184,30.244466421769243],[-97.872173540273451,30.244410861255439],[-97.872274029913768,30.244351718033734],[-97.873943341386578,30.24332767230251],[-97.874051702211673,30.243258155362192],[-97.874177403477645,30.243169333834771],[-97.87429771658411,30.243075054930994],[-97.874412327871568,30.242975564736895],[-97.874520938976517,30.242871124059093],[-97.874623265890335,30.242762003888565],[-97.874719040941343,30.242648489953471],[-97.874808016036695,30.242530877349449],[-97.874889958419359,30.242409474084152],[-97.874964653910368,30.242284595707428],[-97.875031907849262,30.242156569846969],[-97.875091545274103,30.242025728074665],[-97.875143409700215,30.241892414022704],[-97.875187366442375,30.241756974398363],[-97.875223300452703,30.241619762564071],[-97.875251118442321,30.241481136764516],[-97.875270747879611,30.241341458302145],[-97.875282136990336,30.241201091536738],[-97.87528525685839,30.241060403016601],[-97.875280099384028,30.240919759636508],[-97.87526667728342,30.240779528637454],[-97.875245026209541,30.240640075834282],[-97.875215202690754,30.240501764677301],[-97.875177284129549,30.240364956252037],[-97.875131369883746,30.240230007489661],[-97.875077579224168,30.240097269324743],[-97.875016053335571,30.23996709034499],[-97.875003159622295,30.239942016159514],[-97.874845360725899,30.239639214864983],[-97.87484253219796,30.239633802239673],[-97.874840170791444,30.23962929782401],[-97.874831928916421,30.239613572983018],[-97.87455904162411,30.239022329253515],[-97.87450661143049,30.238908727185812],[-97.874488016651796,30.238868210141934],[-97.874325535559421,30.238515539466253],[-97.874303340058006,30.238468618698874],[-97.873821012427214,30.23747497179545],[-97.8735834410937,30.236976766763096],[-97.873555504536355,30.236919990063704],[-97.873067267928235,30.235957788814932],[-97.873040880241902,30.235905603197441],[-97.872991242636189,30.235812132674717],[-97.872937786453477,30.235720792283594],[-97.87288060294118,30.23563173793816],[-97.872819789709055,30.235545121650325],[-97.872786595155645,30.235445785044114],[-97.872749271791207,30.235347924908321],[-97.872707885034316,30.235251712767379],[-97.872662507425659,30.235157317257197],[-97.871928110919583,30.233704910295579],[-97.871858246641423,30.233576101662759],[-97.871781759674761,30.233452047489848],[-97.871698078100266,30.233331545791263],[-97.871607420844484,30.233214912103787],[-97.871510022721864,30.233102449573661],[-97.871406138516605,30.232994452641254],[-97.871296039981502,30.232891201566623],[-97.871180013655504,30.232792966913518],[-97.871058362005158,30.232700005048574],[-97.870931403444487,30.232612557237715],[-97.870799468092102,30.232530853191523],[-97.870662901033711,30.23245510479185],[-97.870522058059251,30.232385510540752],[-97.870377306804215,30.232322251059593],[-97.870229024588127,30.232265492669342],[-97.870077597494458,30.232215381950923],[-97.869923422352159,30.232172050298772],[-97.869766900552023,30.232135611105381],[-97.869608440128403,30.232106159796153],[-97.86944845477926,30.23208377110107],[-97.869287361624387,30.232068506249441],[-97.869125026876759,30.232060387402584],[-97.867752514449009,30.232022551994866],[-97.865920426143759,30.231790098789261],[-97.86591656096455,30.231789615322281],[-97.865881318685211,30.231785296238645],[-97.865720226600331,30.231770026866531],[-97.865558446187947,30.231761918185025],[-97.865396400590981,30.231760994476026],[-97.865234512455189,30.231767255606783],[-97.865073202686958,30.231780686049181],[-97.864912893657007,30.231801251317652],[-97.864754002976568,30.231828896960298],[-97.864596944457887,30.231863552191328],[-97.864442128235723,30.231905124468554],[-97.864289959545658,30.231953507609269],[-97.864140833702322,30.232008573569296],[-97.864132719466596,30.232011797418966],[-97.864004495762643,30.232062919545672],[-97.863866916246039,30.232121301730832],[-97.863725035156591,30.232189287138809],[-97.863587336093318,30.232263474635651],[-97.863454179430931,30.232343669602628],[-97.863325912301363,30.232429664543243],[-97.863202868694231,30.232521234564505],[-97.863085369396998,30.232618140087769],[-97.862973721954177,30.232720128655849],[-97.862868216525271,30.232826933959277],[-97.862769128966079,30.232938277695805],[-97.862676718747579,30.233053869535205],[-97.862591224752236,30.233173408856491],[-97.862512872640025,30.23329658125547],[-97.862441865279806,30.233423067423811],[-97.862378387052971,30.233552536893228],[-97.862322605834265,30.233684652588515],[-97.862274665766492,30.233819067994013],[-97.862234692302479,30.233955434470371],[-97.862202789224042,30.234093394876052],[-97.862179040581367,30.234232589928208],[-97.862163508651761,30.234372656360001],[-97.862156232858311,30.234513228710554],[-97.8621572328708,30.234653940280989],[-97.862166505463776,30.234794423985765],[-97.862184027617189,30.234934313308528],[-97.862209753374273,30.235073243153728],[-97.862243614841233,30.235210851671077],[-97.862285524308376,30.235346778483692],[-97.862335871311231,30.235480971374063],[-97.8623275665325,30.235492300033137],[-97.862317129208392,30.235505463230552],[-97.862281238461563,30.235549148179548],[-97.862254961591759,30.235579619011364],[-97.862234607171956,30.235604091871789],[-97.862224844166008,30.235614888842282],[-97.862174326589738,30.23567271242635],[-97.862160462535044,30.23568785110087],[-97.862152506719625,30.235696649853999],[-97.862145762239834,30.235703745928596],[-97.862130650612428,30.235719737797197],[-97.862117328966335,30.235734036720455],[-97.86209907079126,30.2357537264173],[-97.862089298432991,30.235764007931536],[-97.862033922449683,30.235819047628581],[-97.862013952809207,30.235839569145845],[-97.861999579243488,30.23585313709221],[-97.861968163665964,30.235884006876553],[-97.861957953040104,30.235893258565682],[-97.861894091855049,30.23595286447625],[-97.861884240617314,30.235962433187741],[-97.861875052167107,30.235970573855255],[-97.861845839653313,30.235996446208365],[-97.861789367326992,30.236043310419983],[-97.861764164539764,30.236065153215481],[-97.861738282478242,30.236087109331656],[-97.861727022773934,30.236096761911959],[-97.861700553580619,30.236118341111503],[-97.861694661665652,30.236122827148762],[-97.861673103110235,30.236139243863185],[-97.861646910108718,30.236159176061097],[-97.861619741726599,30.23617942723217],[-97.86157892878046,30.236210618837415],[-97.861540342039348,30.236238625071],[-97.861512804000441,30.236259156573336],[-97.861496626531491,30.236270975576485],[-97.86147061628364,30.236288593820575],[-97.86146040770393,30.236295650554187],[-97.861406787750653,30.236332157371532],[-97.861368690987547,30.236358497561778],[-97.861362292750172,30.236362577296596],[-97.861332130744188,30.236381813446201],[-97.861301358327125,30.236401062821077],[-97.861279777730076,30.236414682977518],[-97.861245594533614,30.236436451387501],[-97.861183678870731,30.236473462165559],[-97.861155059801547,30.236489244681547],[-97.861115013249133,30.236511696353443],[-97.861064752988582,30.236541151292823],[-97.861046387338249,30.236551087411033],[-97.860983236299717,30.236586158979314],[-97.860973843994643,30.236591532574792],[-97.860839655650864,30.236668602334941],[-97.860501303623238,30.236862927635279],[-97.86037750822257,30.236937758161009],[-97.860249232182824,30.237023750060196],[-97.860126179737065,30.23711531717062],[-97.860008671695567,30.23721221992119],[-97.859897015625933,30.237314205861946],[-97.85979150170995,30.237421008690308],[-97.859692405825612,30.237532350110403],[-97.859599987465558,30.237647939798133],[-97.85951448553368,30.237767477138057],[-97.859436125710531,30.237890647731255],[-97.859365110885022,30.238017132274052],[-97.859301625458173,30.238146600302322],[-97.859245837323428,30.23827871474473],[-97.859197890641582,30.23841312908884],[-97.859157910882885,30.238549494698006],[-97.85912600184534,30.238687454433073],[-97.85910224759489,30.238826649012847],[-97.859086710423526,30.238966715171806],[-97.859079429767689,30.23910728744973],[-97.859080425310239,30.239247999148024],[-97.859089693836992,30.239388483180637],[-97.859107212338856,30.239528373030517],[-97.859132934868526,30.239667303600605],[-97.85916679354041,30.239804913038878],[-97.859203266570546,30.239924680522471],[-97.85969335704695,30.241402723497323],[-97.859661821574079,30.24190926764155],[-97.859657686456742,30.242006237968496],[-97.859658682878546,30.242146949727154],[-97.859667952533485,30.242287433782415],[-97.85968547240951,30.242427323617108],[-97.859711196555764,30.24256625413426],[-97.859745057082407,30.242703863481903],[-97.859786966282527,30.242839791280943],[-97.859836814408311,30.242973684915818],[-97.859894472934741,30.243105193261552],[-97.859959789193624,30.243233973825614],[-97.860012748134636,30.243326972286873],[-97.860107269178485,30.243485373766397],[-97.860233568154825,30.243697023458985],[-97.860438724987603,30.244042726628738],[-97.86060015850876,30.244314747386163],[-97.86062326305462,30.244352941416881],[-97.860703368985455,30.244475267247335],[-97.860790563339251,30.24459388110521],[-97.860884620826155,30.244708474529602],[-97.860985295113707,30.244818748649475],[-97.861092322949716,30.244924416060883],[-97.861205426243686,30.245025200862457],[-97.861324308904202,30.24512084041039],[-97.86144866102191,30.245211084484925],[-97.861578158829772,30.245295697097994],[-97.861712464642366,30.245374459204513],[-97.861851226956674,30.245447164183972],[-97.861994084515345,30.245513622429439],[-97.862140664244635,30.245573660408692],[-97.862290583296769,30.245627122506956],[-97.862443452252947,30.24567386746476],[-97.862598870799133,30.245713775537634],[-97.862756433112111,30.245746740450578],[-97.862915728719287,30.245772677548661],[-97.863076342620076,30.245791518375402],[-97.863237854164794,30.2458032142696],[-97.863399843320451,30.245807735567027],[-97.86356188762926,30.245805067933158],[-97.86372356304831,30.245795221417534],[-97.863884448375543,30.245778218775865],[-97.864003176062056,30.245760987484626],[-97.864425018416668,30.24569259699906],[-97.86448002934651,30.245709764684985]]],[[[-97.627154846408501,30.245211918920543],[-97.626122104273932,30.246836519972444],[-97.626163003226978,30.246855929141446],[-97.626254454544011,30.246899178610178],[-97.626332662340843,30.246937234579228],[-97.626694284287197,30.247109285543967],[-97.626786433902552,30.247151435671491],[-97.626932868428767,30.247211744752818],[-97.627082658469519,30.247265484145263],[-97.627235414946995,30.24731251186919],[-97.627390737835313,30.247352707439525],[-97.62754822156613,30.247385963830556],[-97.627707455868673,30.247412195628137],[-97.627868025904235,30.247431333607892],[-97.62792602050709,30.247435641667931],[-97.628082962180841,30.247191892290576],[-97.628223626370257,30.246978100493237],[-97.628475783357118,30.24659485047232],[-97.629044954361788,30.245729735784924],[-97.629557400933024,30.244971319930482],[-97.630376497732911,30.243759008627439],[-97.63058583943419,30.243449166096575],[-97.63108313621558,30.242884849787057],[-97.631142892735511,30.242809704662118],[-97.631201431048552,30.242736238239601],[-97.631361071384362,30.242535732289358],[-97.631386796507712,30.242503421623137],[-97.631407685246955,30.242480958199785],[-97.631527268944879,30.242352362689008],[-97.631608634367637,30.242264551937399],[-97.631714337762617,30.242150490665448],[-97.631732234011324,30.242131179019289],[-97.631794866546798,30.24206407725271],[-97.631852148039286,30.242002706004929],[-97.631967508261098,30.241879168258532],[-97.63196899070654,30.241877578524591],[-97.63213994303095,30.241683183222445],[-97.632194409851252,30.241604570581753],[-97.63228652292824,30.241512998999607],[-97.632346462999536,30.241453863986575],[-97.632379299784205,30.241421441529234],[-97.632382182844864,30.241418707131466],[-97.632419000858818,30.241383773233412],[-97.632446894767213,30.241357338452044],[-97.632472885545809,30.241332705253068],[-97.63251228267761,30.241294777228362],[-97.632568073582618,30.241241061483191],[-97.632594608928301,30.241216509825513],[-97.63263665936006,30.241177682835445],[-97.632664065026646,30.241152377120748],[-97.63268308868065,30.241121176324253],[-97.63268568753081,30.241116922333131],[-97.632702143567116,30.241089975202975],[-97.632738694227257,30.241039176393613],[-97.632750717893401,30.241022505365212],[-97.632775307642191,30.240988406769549],[-97.632779611009639,30.240982423425685],[-97.632819175698486,30.240927419922627],[-97.632972267719708,30.240861858743131],[-97.633056161746808,30.240805869063003],[-97.633093477391839,30.240774753939178],[-97.633155927312373,30.240722682590068],[-97.633192757572772,30.240692457030164],[-97.633247548559467,30.240647492624564],[-97.633286834718902,30.240615508279948],[-97.633294128897077,30.240609548070044],[-97.633308198631269,30.240598052841683],[-97.633359378926812,30.24055652978987],[-97.633938143312761,30.240209935844202],[-97.634067507570592,30.240132468219105],[-97.63414587256419,30.240085541133812],[-97.634218936258392,30.240041792517058],[-97.63417773636921,30.239939411586231],[-97.634116537988859,30.239809116314184],[-97.634087357938085,30.239755062075847],[-97.634187297083457,30.239819571931527],[-97.634289645429547,30.239880186866223],[-97.634394251257675,30.239936817025832],[-97.634734909901738,30.239732836380455],[-97.63494651443844,30.23967829652894],[-97.635029088596866,30.239657043753262],[-97.635830160663573,30.239450556133647],[-97.638024939944529,30.238886471231407],[-97.638352256321113,30.238802375633036],[-97.638891870177815,30.238655688821801],[-97.639413607689661,30.238513877771993],[-97.639465522935012,30.238496928237463],[-97.639498579850596,30.238486112284821],[-97.639632906711881,30.238442163231063],[-97.639650906244214,30.238436274026025],[-97.639682233913106,30.238426040666283],[-97.639734247842597,30.238408927414941],[-97.639800892334975,30.23838747337328],[-97.639827958839817,30.238380094496449],[-97.639894581889578,30.238361664972398],[-97.640013824342233,30.238324869426819],[-97.640120047820005,30.238314147218876],[-97.640205470710413,30.238283791386284],[-97.640313515242966,30.238245248032491],[-97.640353537382154,30.238231099566651],[-97.640415751480973,30.23821056915957],[-97.640434558383106,30.238204362143961],[-97.640471060534523,30.238192314400219],[-97.640707532270611,30.238114772921978],[-97.640787839973825,30.238090525360764],[-97.640819771309822,30.23808088333438],[-97.640826589707231,30.238078826618754],[-97.640891214782968,30.238059362320016],[-97.640949256870286,30.238041907550169],[-97.641066171947799,30.238006740331077],[-97.641141477123043,30.237985852275241],[-97.641185879570429,30.237973639069253],[-97.641307177459709,30.237940350238635],[-97.641321238962888,30.237936788878233],[-97.641326732185988,30.237935397334176],[-97.641432484753011,30.237908631912312],[-97.641460827308364,30.237901514141246],[-97.64154882187384,30.237879418474897],[-97.641610382427842,30.237864099889634],[-97.641659027158724,30.237851947165471],[-97.64172613762041,30.237836443121655],[-97.641741112492937,30.237833039696753],[-97.641756708267124,30.23782949500665],[-97.641790466341519,30.2378218981566],[-97.641910907025832,30.23779444298123],[-97.641914634587451,30.237793592724032],[-97.641996874317897,30.237775049578346],[-97.642037421197713,30.237765917879436],[-97.642113604246475,30.237731764096374],[-97.642125433259892,30.237728461373457],[-97.642171609599188,30.237715572866126],[-97.642197955264237,30.237708234361726],[-97.642225784364356,30.237700483099626],[-97.642265758849177,30.237689138435702],[-97.642355125551717,30.237660431924102],[-97.642575851523915,30.237590807338496],[-97.642615378276929,30.237583056913238],[-97.642644690719365,30.237577348210831],[-97.642667640174992,30.237572878457811],[-97.642777411766801,30.237549633637155],[-97.642807476991038,30.237549468049764],[-97.642892196581585,30.237555593121499],[-97.643032181433526,30.237533779963293],[-97.643113910255835,30.237525871853979],[-97.643195719310484,30.237517960660046],[-97.64322617899758,30.237517334893653],[-97.64332959354995,30.237515271200952],[-97.643554795706379,30.237475993830522],[-97.643629869412592,30.23746456184714],[-97.643739414465358,30.23744826959436],[-97.643822090996125,30.237438398727335],[-97.643823141902189,30.237395663736923],[-97.643818324342703,30.23725501135673],[-97.643805241494135,30.237114756306944],[-97.643783928124506,30.236975264466281],[-97.64375443988196,30.236836899386919],[-97.643716853293967,30.236700022294322],[-97.643671266852053,30.236564990299676],[-97.643617798974674,30.236432154553725],[-97.643556589999093,30.236301863900316],[-97.643487799281189,30.236174455782137],[-97.643411606035826,30.236050264392787],[-97.643345667170081,30.235954870060468],[-97.642852807175643,30.236040720097442],[-97.639129594342535,30.236824606442685],[-97.635704697876221,30.237645026506829],[-97.634252294750027,30.238186843476687],[-97.633101960875706,30.238653463215297],[-97.633139324690745,30.238727547559687],[-97.633054487439139,30.23867271958834],[-97.631971725284245,30.239111914806433],[-97.631117141210638,30.239476505380061],[-97.631114331538555,30.239477704221404],[-97.627154846408501,30.245211918920543]]],[[[-97.715386786169731,30.25471916266196],[-97.715224849589148,30.254725232737179],[-97.7150634802897,30.254738472826112],[-97.71490310079686,30.254758848941581],[-97.714744128906645,30.254786307124398],[-97.714586978640995,30.25482077707699],[-97.714432060377348,30.254862166741013],[-97.714279779614301,30.254910370411757],[-97.714130531961118,30.254965260511316],[-97.713984707129811,30.255026694892575],[-97.713842685898427,30.255094513168565],[-97.713704837986882,30.255168538481779],[-97.713571524160088,30.255248576638024],[-97.713443091957117,30.255334420549566],[-97.713319875799058,30.255425845716665],[-97.713202196924215,30.255522612938279],[-97.713090363345472,30.255624470119308],[-97.712984665707765,30.255731151291648],[-97.712885380367922,30.255842378477631],[-97.712792767312791,30.255957861652256],[-97.712707065952159,30.2560773004754],[-97.712628502491256,30.256200380808071],[-97.7125572803468,30.256326783580409],[-97.712506342459207,30.256428744391521],[-97.71249295613201,30.256457284631381],[-97.712477903105651,30.256490467878685],[-97.712429040316039,30.256591521282392],[-97.712425863559986,30.256598216415572],[-97.712336497566966,30.256787253790062],[-97.712291464426727,30.256882256600356],[-97.712277091891693,30.256913103369445],[-97.71222109014127,30.257045153553346],[-97.712172927842886,30.257179512713833],[-97.712132731026045,30.257315832358813],[-97.712100604057198,30.257453755468312],[-97.712076631569929,30.257592922857675],[-97.712060876425824,30.257732971332686],[-97.712053378629847,30.257873535478009],[-97.7120541584314,30.258014248617023],[-97.71206321317905,30.258154743659247],[-97.712080520421651,30.258294654060311],[-97.712106034763266,30.258433614669201],[-97.712139688860418,30.258571263554551],[-97.71218139554685,30.25870724023488],[-97.712231045600149,30.258841191966631],[-97.712288511015061,30.25897276747504],[-97.712353639625974,30.259101624089674],[-97.71242626245764,30.259227425164983],[-97.712506191535269,30.259349844561058],[-97.712593215871507,30.259468560243221],[-97.712687110618958,30.259583263487766],[-97.71278762986941,30.259693655135731],[-97.712894510774689,30.259799447476087],[-97.713007475628359,30.259900364282768],[-97.713126228699338,30.259996142566433],[-97.713250460417967,30.260086531745586],[-97.713379847331993,30.260171295454441],[-97.713514052042839,30.260250214253933],[-97.713652723313118,30.260323081113405],[-97.713795500122771,30.260389706004482],[-97.713942009609255,30.260449914959814],[-97.714031375731665,30.260482834556001],[-97.714156788154497,30.260527079047645],[-97.714175626572171,30.26053366384393],[-97.714245025519617,30.260557554451513],[-97.714343262126945,30.260591806779026],[-97.714349845693107,30.260594875052316],[-97.71442025459173,30.260620393825043],[-97.714519210280471,30.26065502327366],[-97.714524463991509,30.26065686796122],[-97.714748021337897,30.260735658847953],[-97.714807477121823,30.260756010058333],[-97.714960298122179,30.260802932447334],[-97.71511567963789,30.260843020899525],[-97.715273215945643,30.260876168668865],[-97.715432496638741,30.260902290624173],[-97.715593106756842,30.260921317827183],[-97.715754625659116,30.260933201128704],[-97.715916633292323,30.260937910377109],[-97.716078707154281,30.260935430747708],[-97.716240423120141,30.260925771798057],[-97.716401359886618,30.260908955795124],[-97.716561097651606,30.260885029444207],[-97.71671921941396,30.260854053063603],[-97.716875312883616,30.260816107851333],[-97.717028971587922,30.260771293192583],[-97.717179792789423,30.260719726622384],[-97.717327383797539,30.260661541226625],[-97.717471359778557,30.260596890122702],[-97.717611344926539,30.260525941056326],[-97.717746974459359,30.260448880053211],[-97.717877893685511,30.260365906881944],[-97.718003762060718,30.260277239646808],[-97.718124250215652,30.26018310840605],[-97.718239044033965,30.260083758860848],[-97.718347844673701,30.259979451451606],[-97.718450367634333,30.259870456820813],[-97.718546344730456,30.259757060368308],[-97.718635527344318,30.259639556885276],[-97.718717682175367,30.259518254094033],[-97.718792594492129,30.259393467281697],[-97.718860069065457,30.259265523837371],[-97.718871325236435,30.259242362646106],[-97.718992045073605,30.258990761329457],[-97.719089751911511,30.258787510161358],[-97.719139184921389,30.258678178042643],[-97.71919127531487,30.258544927409357],[-97.719235460117233,30.258409541498231],[-97.719271623685515,30.258272373531096],[-97.719299672131328,30.258133781638854],[-97.719319532322686,30.257994127035364],[-97.71933115188304,30.257853774017647],[-97.719334501294753,30.257713089098981],[-97.719329571859475,30.257572439164864],[-97.719316375697716,30.257432191472489],[-97.719294947873422,30.257292711881046],[-97.71926534433284,30.257154363910701],[-97.719227641904354,30.257017508742543],[-97.71918193938204,30.256882503430301],[-97.719128355485879,30.256749699055401],[-97.719067030857929,30.256619444379375],[-97.71899812515376,30.256492076751254],[-97.718921817889509,30.256367930259103],[-97.718838308635384,30.256247327597865],[-97.718747815866763,30.256130584568339],[-97.71865057397018,30.256018004600129],[-97.718546837321114,30.255909882440665],[-97.718436877289903,30.255806498677693],[-97.718320980052198,30.255708124220273],[-97.718199447737646,30.255615015799535],[-97.718072598451329,30.255527415064936],[-97.717940762023943,30.255445552124723],[-97.717804283285432,30.255369639276374],[-97.717663517794008,30.255299875450334],[-97.717518832984581,30.255236441710718],[-97.717370606001069,30.255179504832629],[-97.717358628767172,30.255175243249973],[-97.716652246733133,30.254926689447668],[-97.716641346622765,30.254922546590254],[-97.716636488762248,30.25492062050159],[-97.716500861910518,30.254876408237138],[-97.71634671990941,30.25483289017625],[-97.716190219649945,30.254796261756542],[-97.716031769109676,30.25476661889671],[-97.715871781964282,30.254744036826935],[-97.715710675333639,30.254728577280517],[-97.715548869000159,30.25472027763179],[-97.715386786169731,30.25471916266196]]],[[[-97.743279283943536,30.262578915949067],[-97.74338620173441,30.262684682697884],[-97.743499202104999,30.262785572451914],[-97.743617989231552,30.262881322292515],[-97.743742253455309,30.262971681712525],[-97.743871671239134,30.26305641442357],[-97.744005905104387,30.263135301067276],[-97.744144603737226,30.263208134697351],[-97.744287406046212,30.263274725371851],[-97.744433939102237,30.263334899212694],[-97.744583820177709,30.263388500250297],[-97.744735906778601,30.263435174613509],[-97.74481114759115,30.263455817916757],[-97.744891764091392,30.263476297079581],[-97.744967358157197,30.26349671331387],[-97.745124909151542,30.263529824105539],[-97.745284202390195,30.263555908671012],[-97.745444822879875,30.263574898169473],[-97.745606349952823,30.263586743550366],[-97.745768363534651,30.263591414760768],[-97.745930441107106,30.263588897075184],[-97.746092158536413,30.263579200150719],[-97.746253094514572,30.263562346353297],[-97.746412829242402,30.26353838248675],[-97.746570945726148,30.263507368967396],[-97.746727031689701,30.263469387090058],[-97.746880680679794,30.263424536335361],[-97.747031489984892,30.263372934332967],[-97.747179066944653,30.263314714261039],[-97.747323026762714,30.263250029327374],[-97.74746299367493,30.263179047366005],[-97.747598602947122,30.263101954488363],[-97.747729499940107,30.263018950546297],[-97.747855344168229,30.262930253724249],[-97.747975806324746,30.262836094157816],[-97.74809057236115,30.262736717622069],[-97.748179484332255,30.262651433512268],[-97.748274200364577,30.262658377312938],[-97.748436212506576,30.262663045123041],[-97.748598288438203,30.262660524036811],[-97.748760004030302,30.262650823720275],[-97.748920937979548,30.262633966548243],[-97.749080670492205,30.262609999333293],[-97.749238784580044,30.262578982500454],[-97.749394867973209,30.262540997353234],[-97.749548514225452,30.262496143380787],[-97.749699320632047,30.262444538221256],[-97.749846894540497,30.262386315060837],[-97.749990851162167,30.262321627115575],[-97.750130814741368,30.262250642227244],[-97.750266420552506,30.262173546514937],[-97.750397313965593,30.262090539838049],[-97.750523154504279,30.26200184038791],[-97.750643612871372,30.261907678307129],[-97.75075837502834,30.261808299377321],[-97.750867142216279,30.261703964115323],[-97.750969630021444,30.261594943236524],[-97.751065570350491,30.261481522209341],[-97.751154714681277,30.261363995888644],[-97.751197989189919,30.261300772732177],[-97.751237236316598,30.261242879040061],[-97.751327943942599,30.261109313702164],[-97.751366253390145,30.261050942328175],[-97.751441124377109,30.260926136254209],[-97.751508556426401,30.260798175457634],[-97.751568374114541,30.260667391341201],[-97.751620420483462,30.260534127385764],[-97.751665479702439,30.260399095387296],[-97.751709402266897,30.260317856124122],[-97.751769219380989,30.260187071922825],[-97.751821265209614,30.260053807894966],[-97.751865404595748,30.259918410617871],[-97.751901522014947,30.259781233343169],[-97.751929523699545,30.259642634225894],[-97.7519493366392,30.259502974498872],[-97.751960908580642,30.259362618472409],[-97.751964210130723,30.259221932667614],[-97.751959232715947,30.259081283972204],[-97.75194598858188,30.258941039640369],[-97.751924512917697,30.258801565522315],[-97.751894861794497,30.258663225123954],[-97.751857112164686,30.258526379606806],[-97.751811362945404,30.25839138599919],[-97.751757732978419,30.258258595352103],[-97.751696363026454,30.258128356391168],[-97.751627412862518,30.25800100642433],[-97.75155106211939,30.257876879493914],[-97.751467510480296,30.257756298243407],[-97.751400927025301,30.257669226916313],[-97.751362053185957,30.257620426369769],[-97.751338102716389,30.257590777864166],[-97.751240821046849,30.257478222803979],[-97.751137046042487,30.257370127218323],[-97.751027049173246,30.257266771625353],[-97.750911116711293,30.257168426860925],[-97.750789550878153,30.257075349578681],[-97.750662669865946,30.256987781346609],[-97.750530803588546,30.25690595218845],[-97.7503946092923,30.256829767044003],[-97.750302371527539,30.256758596946156],[-97.750175491380091,30.256671028232159],[-97.750043625954717,30.256589198572701],[-97.749907120156891,30.256513320178115],[-97.749766329615412,30.256443591889216],[-97.7496216218303,30.256380194677305],[-97.749546680500401,30.256351431263266],[-97.749536124910449,30.256313408599272],[-97.749490380018202,30.256178414202466],[-97.749436754506689,30.256045622621688],[-97.749375389127238,30.255915382584806],[-97.749306443640876,30.255788031402684],[-97.749230097668203,30.255663903120794],[-97.749146550879985,30.255543320386113],[-97.749056021849839,30.255426598947622],[-97.748958745058573,30.255314042178792],[-97.748941736040521,30.25529553906717],[-97.748871683451057,30.255219997414709],[-97.74878492251753,30.255130403067209],[-97.7487246346642,30.255073751465446],[-97.748655928879202,30.254989010253485],[-97.748583627921136,30.254907314908706],[-97.748055308633823,30.2543349864989],[-97.747964127568977,30.254240613174574],[-97.747854137715265,30.254137254886395],[-97.747738212296866,30.254038907276129],[-97.747616653516829,30.253945827004973],[-97.7474897795489,30.253858255648662],[-97.747357920288607,30.253776423239128],[-97.747221420625152,30.253700541993844],[-97.747080636171447,30.253630810761017],[-97.746935934411596,30.253567410519704],[-97.746787692534298,30.253510507957621],[-97.746636296519569,30.253460250031136],[-97.746482143114989,30.253416768520527],[-97.74632563365391,30.253380177208356],[-97.746167176137988,30.253350571916563],[-97.746007184260435,30.25332802777729],[-97.745846075154375,30.253312606424899],[-97.745684268607718,30.25330434513419],[-97.74552218782793,30.253303268586183],[-97.745360255555582,30.253309377046666],[-97.745198892811075,30.253322655384494],[-97.74503852210286,30.253343069512436],[-97.744879561203874,30.253370565372251],[-97.744722424107806,30.253405072568203],[-97.744567521157038,30.253446498944758],[-97.744415257810829,30.253494738701011],[-97.744266029632726,30.253549664165408],[-97.744120226283982,30.253611133098488],[-97.743978228486824,30.253678985022976],[-97.743840405899832,30.253753042993839],[-97.743707119221725,30.253833112731375],[-97.743585040591995,30.253914541179427],[-97.743226640166768,30.254165830231873],[-97.743220315462793,30.254170276100332],[-97.743097129220246,30.254261730108464],[-97.742979481853666,30.254358524873009],[-97.742867681293902,30.254460408226677],[-97.742762018099697,30.25456711413344],[-97.74273713009606,30.25459392711722],[-97.741984861812298,30.255414811799017],[-97.741910498954311,30.255499248803389],[-97.741817921218868,30.255614753112535],[-97.741732256351256,30.255734211491852],[-97.741653730461024,30.255857309750777],[-97.74158254686715,30.255983728772918],[-97.741518890411541,30.256113138264283],[-97.741462929433169,30.256245201308449],[-97.741414808546011,30.256379571525635],[-97.741374653672139,30.256515900394781],[-97.741342569068038,30.256653830872054],[-97.741318639257017,30.256793003753337],[-97.741302926989249,30.256933055830086],[-97.741295472158029,30.257073621677748],[-97.741296294900408,30.257214334615117],[-97.741305392453185,30.257354827552405],[-97.741322742253317,30.25749473395031],[-97.741348298793909,30.257633688668562],[-97.741381994621491,30.257771329791215],[-97.741423742460626,30.257907296856914],[-97.741473432982147,30.258041237147243],[-97.741515041592962,30.258136431350252],[-97.741536079250835,30.258250813517286],[-97.74156977556531,30.258388454603256],[-97.741611523939824,30.258524421620173],[-97.741661215043862,30.258658361849847],[-97.741718720764609,30.2587899240471],[-97.741783888831179,30.258918765576855],[-97.741856550165508,30.259044549832595],[-97.741936516692874,30.259166950717987],[-97.742023577327444,30.259285646247267],[-97.742117507127304,30.25940032774864],[-97.742218060092924,30.259510696120238],[-97.742324973288277,30.259616463711893],[-97.742437968922346,30.259717354361779],[-97.742556751184139,30.259813105149028],[-97.74268101042739,30.259903465563873],[-97.742713827149174,30.2599249524147],[-97.74271175079744,30.259930511546589],[-97.742699035837788,30.259965396835057],[-97.742663763266165,30.260064919940124],[-97.742623608624911,30.260201249281049],[-97.742591524584711,30.260339180151718],[-97.742567595667495,30.260478353346969],[-97.742551884621179,30.260618405657411],[-97.742544431335588,30.260758971657822],[-97.742545255944066,30.260899684666789],[-97.742554355678266,30.2610401775942],[-97.742571707969716,30.26118008390084],[-97.742597267304902,30.261319038446601],[-97.742630966223032,30.26145667931603],[-97.742672717440698,30.26159264604847],[-97.742722411619752,30.261726585926336],[-97.742779920639379,30.261858147705443],[-97.74284509222025,30.26198698875179],[-97.742917757274896,30.262112772460139],[-97.7429977277191,30.262235172735437],[-97.743084792456656,30.262353867593777],[-97.743178726535049,30.262468548364936],[-97.743279283943536,30.262578915949067]]],[[[-97.713795296641024,30.262485494092413],[-97.713633346832225,30.262491562147606],[-97.713471964231431,30.262504800232186],[-97.713311571398918,30.2625251743641],[-97.713152586165549,30.262552630589528],[-97.712995422587866,30.26258709861586],[-97.712840491078182,30.262628486389833],[-97.712688197169626,30.262676688211613],[-97.712538936505865,30.262731576508116],[-97.712393098832649,30.262793009137027],[-97.712357399790704,30.262809287709338],[-97.712267895336126,30.262850859562633],[-97.712250445705308,30.262858846465708],[-97.712232240350389,30.262867210313136],[-97.712164345141247,30.262899131576276],[-97.712125389373085,30.262917940656639],[-97.712039305666423,30.262958256725721],[-97.711901445046564,30.263032280172872],[-97.711768118770465,30.263112316534606],[-97.711639674409611,30.263198158727896],[-97.71151644641661,30.263289582257439],[-97.711398756060902,30.263386347926492],[-97.711286911385073,30.263488203643959],[-97.711181203063191,30.263594883445581],[-97.711081907479937,30.263706109357251],[-97.71098928464896,30.263821591357306],[-97.710903574005215,30.263941029108619],[-97.710825001778602,30.264064108475129],[-97.710753771408534,30.264190510389408],[-97.710690067858593,30.264319904601891],[-97.710634059590959,30.264451954236407],[-97.710585891343229,30.264586312947998],[-97.710545689160327,30.264722632245668],[-97.710513557422871,30.264860555110356],[-97.710489580776752,30.264999722358077],[-97.710473822094414,30.265139770795038],[-97.710466321390143,30.265280335005897],[-97.710467098920901,30.2654210483139],[-97.710476152041196,30.265561543628106],[-97.7104934583041,30.26570145440348],[-97.710518972316223,30.265840415488],[-97.710552626734994,30.265978064949106],[-97.710594334393335,30.266114042303759],[-97.710643986066231,30.266247994806687],[-97.710701453744477,30.266379571181091],[-97.710767822175228,30.266510710238258],[-97.710783637345244,30.266539813293434],[-97.710811675701521,30.266588690056548],[-97.710827004994201,30.266615463671872],[-97.710859213812384,30.266671039464715],[-97.710900741708045,30.266742976770651],[-97.710945444979771,30.266812985053026],[-97.710954947269229,30.266827378598755],[-97.710964538051726,30.266842209487201],[-97.710987175011965,30.26687663361254],[-97.711004077368642,30.266901912213729],[-97.711027442647747,30.266936280738239],[-97.711045419067688,30.266962289252813],[-97.711055685960545,30.266977026534533],[-97.711072979394331,30.267001674815678],[-97.711103817052731,30.267044732851112],[-97.711120472703058,30.267067567879437],[-97.711138842796316,30.267092750842515],[-97.71121635245116,30.267192582458112],[-97.711274290132351,30.267263267808179],[-97.711289571826896,30.267281582258896],[-97.7113004000649,30.267294667086649],[-97.711400925808789,30.267405059960694],[-97.71150781378617,30.26751085359102],[-97.711620786272277,30.267611771748278],[-97.711739547516004,30.267707551439557],[-97.711863787926333,30.267797942079792],[-97.7119931840286,30.267882707299297],[-97.712127398400156,30.267961627655072],[-97.712266079778175,30.268034496112474],[-97.712408867116551,30.268101122638921],[-97.712555387524972,30.268161333262722],[-97.712705258308787,30.268214971918262],[-97.712858090178301,30.268261896887356],[-97.713013482912487,30.268301987954224],[-97.713171030758829,30.268335138365973],[-97.713330323280516,30.268361262984552],[-97.713490945486427,30.268380292864812],[-97.713652476704041,30.268392178850455],[-97.713814496847988,30.268396890782931],[-97.713976583383726,30.268394413830542],[-97.714138312153011,30.26838475754381],[-97.714299261819264,30.268367944182845],[-97.714459012546683,30.268344020445937],[-97.714617147300373,30.268313046644636],[-97.714773253756334,30.268275103970232],[-97.714926925408093,30.268230291801284],[-97.715077759484274,30.26817872766631],[-97.715225363260757,30.268120544644781],[-97.715354358483609,30.268063008828005],[-97.715432725426083,30.268026066676462],[-97.715556186053078,30.26796786707493],[-97.715572459208175,30.267960151469786],[-97.715712456522056,30.267889204414857],[-97.7158480980071,30.267812145351222],[-97.715979028940595,30.267729174042422],[-97.716104908747809,30.267640508587963],[-97.716225408029459,30.267546379041285],[-97.716340212640233,30.267447031099337],[-97.716449023710041,30.267342725198258],[-97.71655155671111,30.267233731976564],[-97.71664754343179,30.267120336830363],[-97.716736735229361,30.26700283454759],[-97.716818898779209,30.266881532847265],[-97.716893819327126,30.266756747013865],[-97.716961301622533,30.26662880443374],[-97.717021170111821,30.266498036462256],[-97.717073267703356,30.266364786537853],[-97.717117459105495,30.266229401201304],[-97.717153628658266,30.266092233672939],[-97.717181682457635,30.265953642082543],[-97.717201547357618,30.265813987643227],[-97.717213170969401,30.265673634651364],[-97.717216523764833,30.265532949620468],[-97.71721159703668,30.265392299436161],[-97.717198402898362,30.265252051356249],[-97.717176976408624,30.26511257124108],[-97.717147373510215,30.264974222612054],[-97.717109671029917,30.26483736665211],[-97.717063967761703,30.264702360416873],[-97.717010382427787,30.264569554990342],[-97.716949055673865,30.264439299136736],[-97.716880147161049,30.264311930208034],[-97.71683160390171,30.264231212268182],[-97.716642435239123,30.263928945682565],[-97.716640143879346,30.26392528201993],[-97.716612158851788,30.263881504560462],[-97.71652864595579,30.263760900243117],[-97.716438148904558,30.263644155435095],[-97.716340902095766,30.263531573570447],[-97.716237159917597,30.263423449401753],[-97.716127193754971,30.263320063521856],[-97.716011289799383,30.263221686845391],[-97.71588975019823,30.263128576109267],[-97.715762893075393,30.263040972969009],[-97.71563104828212,30.26295910753916],[-97.71549456067028,30.262883192123653],[-97.715353785821051,30.262813425659605],[-97.715209091193728,30.262749989218051],[-97.715060853958093,30.262693049581145],[-97.714909460082396,30.262642753801803],[-97.714755306308618,30.262599233759353],[-97.714598793970879,30.262562603336832],[-97.714440331078208,30.26253295845811],[-97.714280331338557,30.26251037435857],[-97.714119211904588,30.262494912776912],[-97.713957392592164,30.262486611092619],[-97.713795296641024,30.262485494092413]]],[[[-97.760015611009194,30.27534963490244],[-97.760072436287516,30.275372924240134],[-97.76048946956125,30.275544014898056],[-97.760531834193301,30.275560828614967],[-97.760657745175237,30.27561250726583],[-97.760797211857067,30.27566260651891],[-97.761259683341422,30.275817658976827],[-97.761376628388135,30.275854643590304],[-97.76149485767057,30.27588729083153],[-97.76161421037952,30.275915556295455],[-97.761820151567733,30.27605386825979],[-97.762552697590124,30.276627814569533],[-97.76258556287668,30.276654341553375],[-97.762703232239062,30.276749313948322],[-97.762865130262725,30.276884803293388],[-97.762964622892298,30.276964527014758],[-97.763067278432558,30.277040134521926],[-97.763172926699553,30.277111500471573],[-97.76328139254791,30.277178506552108],[-97.763536308512656,30.277329212784952],[-97.763637071305752,30.277386376235018],[-97.763739776703545,30.277439971027288],[-97.763844298367331,30.277489931234388],[-97.764220878225231,30.277662040906229],[-97.764338854971882,30.277723722285813],[-97.764459217522329,30.277780607800558],[-97.764581771018626,30.277832605357069],[-97.76470631705584,30.27787963077521],[-97.764796985410655,30.2779119404073],[-97.765067599068345,30.278033516552131],[-97.765087992141488,30.278042598091481],[-97.765104751840397,30.278049994819504],[-97.765113807356173,30.278053975366969],[-97.765172858597268,30.278079167447157],[-97.765228486690845,30.278102281517466],[-97.765316004236297,30.27813723936897],[-97.765465920155748,30.278190815907212],[-97.765618793770955,30.278237677521084],[-97.765774224753017,30.278277704160594],[-97.765931807248393,30.278310789241161],[-97.766091130730615,30.278336847794851],[-97.766251780127462,30.278355811048684],[-97.766413334695585,30.278367630020846],[-97.766575374289232,30.278372274727076],[-97.766737476321779,30.278369730511002],[-97.766899216596045,30.278360007099174],[-97.767060173743985,30.278343126926508],[-97.767219927911796,30.278319136865662],[-97.767378062054306,30.27828809740128],[-97.767534163849675,30.278250089895852],[-97.767687826803524,30.278205213896754],[-97.767838648167626,30.278153587099872],[-97.767986235250163,30.278095342747722],[-97.768130203228395,30.278030634111662],[-97.76827017631696,30.277959629087409],[-97.768405789765637,30.277882513846503],[-97.768536688924073,30.277799488299401],[-97.768662533301423,30.277710770686625],[-97.76878299359015,30.277616591198203],[-97.768897755746764,30.277517195661162],[-97.76895679103194,30.277460556756473],[-97.76898418414612,30.277453886511697],[-97.769137845143376,30.27740900876568],[-97.769288664472327,30.277357380254973],[-97.7694362494464,30.277299134226791],[-97.769580215248425,30.2772344239566],[-97.769720186098681,30.277163417344571],[-97.76985579725276,30.277086300566378],[-97.769986694066318,30.27700327353638],[-97.770112536054683,30.276914554499065],[-97.770232993916494,30.276820373648086],[-97.770347753614573,30.276720976814122],[-97.770456516396806,30.276616624560628],[-97.770558997860533,30.276507587647256],[-97.770654929929108,30.276394151584476],[-97.770744064101962,30.276276611266173],[-97.770773609218779,30.276234563640756],[-97.771425339906031,30.275288070309188],[-97.771431276944938,30.275279114124441],[-97.771446291563336,30.275257432729404],[-97.771528992468191,30.275133739280683],[-97.771578912687502,30.275058895796427],[-97.772069781983518,30.274354084698569],[-97.772159122733797,30.274225804444324],[-97.772164445440239,30.274218132947993],[-97.772207796388429,30.274155568466046],[-97.772297707821849,30.274025798328626],[-97.772356161132493,30.273937978389203],[-97.772431014843193,30.273813159713441],[-97.772498427924347,30.27368518753708],[-97.772558225001632,30.2735543932925],[-97.772610249170882,30.273421120487022],[-97.772654365331675,30.27328571572086],[-97.772690458020094,30.273148532265168],[-97.772718433532901,30.273009928291081],[-97.772738218928225,30.272870265044055],[-97.77274976202456,30.272729906843704],[-97.772753033504046,30.272589220216627],[-97.772748024871603,30.272448572052717],[-97.772734748454411,30.272308329604847],[-97.772713239525913,30.272168858718313],[-97.772683554243685,30.272030522890478],[-97.7726457696495,30.271893683271045],[-97.772599984751793,30.271758696872848],[-97.772546318484828,30.271625914728297],[-97.772484911706883,30.271495685540518],[-97.772415924286406,30.271368346592169],[-97.772339535953705,30.271244231896684],[-97.772255946489864,30.271123664065733],[-97.77216537458024,30.271006958809124],[-97.772068054816927,30.270894419458546],[-97.771997773045996,30.27082003590435],[-97.77159023739091,30.270403749950173],[-97.771516087542523,30.2703280046453],[-97.771482529138652,30.270294281668896],[-97.771372495480151,30.27019094347791],[-97.771256526492579,30.270092617075012],[-97.771134924492657,30.269999559066072],[-97.771008007766753,30.269912010968646],[-97.770876106322135,30.269830202754051],[-97.770739565157797,30.269754346576736],[-97.770723901341171,30.26974617967209],[-97.770558674557734,30.269660592783726],[-97.770395623575851,30.269576133199227],[-97.770349055311399,30.269552744503894],[-97.770333609263886,30.269544442148074],[-97.770304831961028,30.2695291573486],[-97.77028916717714,30.269520990372431],[-97.770234190595872,30.269492512700644],[-97.770173047962288,30.269458144639142],[-97.770065349629633,30.269400258689679],[-97.76998311218307,30.269356058875136],[-97.769954405964782,30.269340812307199],[-97.769905931440505,30.269315880267527],[-97.769589767899561,30.269156537327024],[-97.769435576696324,30.269078826870714],[-97.7670822273017,30.267859732637596],[-97.766954598941439,30.267796910477408],[-97.766809862633579,30.267733532721177],[-97.766661587032701,30.267676653211698],[-97.766510158206628,30.267626418845111],[-97.766355972988691,30.267582961340004],[-97.76619943279529,30.267546394416506],[-97.766040945708383,30.267516813832991],[-97.765880925497726,30.267494294656899],[-97.765719789370976,30.267478898457771],[-97.765557957185806,30.267470662444715],[-97.765395852217537,30.267469611232659],[-97.765233897269113,30.267475745021297],[-97.76507251342008,30.267489048613786],[-97.764912123234311,30.267509487856522],[-97.76475314453532,30.267537008625975],[-97.764595991363336,30.267571540461518],[-97.764441074102365,30.267612991143263],[-97.764288798249638,30.267661254806736],[-97.764139559400661,30.267716203718173],[-97.763993747244982,30.267777695576992],[-97.763851742527649,30.267845569845996],[-97.763713914925248,30.2679196495219],[-97.76358062514953,30.267999740268341],[-97.763452220677678,30.268085634860434],[-97.763329035857907,30.268177108666467],[-97.763211391846681,30.268273922358652],[-97.763099596566022,30.268375823720163],[-97.762993940560747,30.268482546668125],[-97.762894700079599,30.268593813115555],[-97.762802134992313,30.26870933293473],[-97.762716484583848,30.268828805690703],[-97.762709639035677,30.268839540896366],[-97.761839187550876,30.268480435461999],[-97.761833541711212,30.268478112132019],[-97.761746469714538,30.268444707312607],[-97.761717530872687,30.268397675142236],[-97.761633957261481,30.268277100380406],[-97.761543400983697,30.268160387607946],[-97.761446096590802,30.268047840176024],[-97.761342298621926,30.267939752746997],[-97.761232278606599,30.267836405817739],[-97.761116322877598,30.267738070201432],[-97.760994733717041,30.267645002527974],[-97.760867829377901,30.267557444340195],[-97.760735939835044,30.267475625635686],[-97.760727262175365,30.2674705457801],[-97.758939717476167,30.266427900424961],[-97.758931210833254,30.266422908438571],[-97.758922590881014,30.266417862924012],[-97.757953623936459,30.265852635028704],[-97.757931568238007,30.265839884229603],[-97.757864314387774,30.265801343238284],[-97.757853518262266,30.265795035200963],[-97.757778487880174,30.265751196758799],[-97.757648703534414,30.265679275869132],[-97.757507893888089,30.265609556056074],[-97.757363167134997,30.265546167567347],[-97.757214900528894,30.265489277060155],[-97.757063480114383,30.265439031459412],[-97.756909302702681,30.265395562513103],[-97.756752769689896,30.265358983971069],[-97.75659428913913,30.265329391622096],[-97.756434274803382,30.265306860564259],[-97.756273143874623,30.265291452398095],[-97.756111316197334,30.265283204363918],[-97.755949215034718,30.265282141108028],[-97.755787263180054,30.265288262861663],[-97.755625881704759,30.265301554459068],[-97.755465493166454,30.265321981778172],[-97.755306515384405,30.265349490726567],[-97.755149362396367,30.265384010874321],[-97.754994444586032,30.265425450032076],[-97.754842167451869,30.265473702365593],[-97.754692926592938,30.26552864017043],[-97.754547111703715,30.265590121175066],[-97.754405103536655,30.26565798487065],[-97.754267271777209,30.265732054281447],[-97.754133977148101,30.26581213509786],[-97.754005567138989,30.265898020121025],[-97.7538823761126,30.265989484744082],[-97.753764725241624,30.266086289663164],[-97.753652922465989,30.266188182684424],[-97.753547258350125,30.266294897746679],[-97.753448009163634,30.266406156783553],[-97.753355434799246,30.266521669686714],[-97.753269774565894,30.266641136039137],[-97.753191254560988,30.266764241629286],[-97.753120078088386,30.266890667321793],[-97.753056429970997,30.267020082805338],[-97.753000072973634,30.267153189951873],[-97.752990709584239,30.26717722646573],[-97.752867523816008,30.267477717542505],[-97.752787265883683,30.267567685401467],[-97.752694689600119,30.267683197843802],[-97.752609027504263,30.267802663772034],[-97.752530505698175,30.267925768975715],[-97.752459327490541,30.268052194320525],[-97.752398025564645,30.268176491656643],[-97.752237148576654,30.268526169968364],[-97.752234800703746,30.268531287805015],[-97.752198288200503,30.268615058653481],[-97.752121007340676,30.268801464688579],[-97.752101566307488,30.268849761840443],[-97.752053454011303,30.268984136342247],[-97.752013308994108,30.269120468833105],[-97.751981235486369,30.269258402259705],[-97.751957317982686,30.269397577410249],[-97.751941619201148,30.269537631070126],[-97.751934178999576,30.269678197810851],[-97.751935017477223,30.269818910948754],[-97.751944131829475,30.269959403393614],[-97.751961499449862,30.270099308607399],[-97.751987074784822,30.270238261452764],[-97.752020790331841,30.270375900018898],[-97.752062558764052,30.270511863850963],[-97.752112270698532,30.270645800239038],[-97.752169797968094,30.270777357947924],[-97.752234988245675,30.270906194354403],[-97.752307672395091,30.271031972865277],[-97.752387662282587,30.271154367399014],[-97.752474746760782,30.271273055986683],[-97.752568700825947,30.271387729974435],[-97.752669278415127,30.271498090280165],[-97.75277621652792,30.271603849274555],[-97.752889237308679,30.271704730818346],[-97.753008044880417,30.271800472014402],[-97.753132329530914,30.271890822378065],[-97.753261767669798,30.271975545644452],[-97.753304386512724,30.272000584922996],[-97.753321396867079,30.272034201180531],[-97.753394083298815,30.272159979091629],[-97.753474075516323,30.272282372962565],[-97.753561162366026,30.272401060826194],[-97.753655118838083,30.272515734030573],[-97.753755698863188,30.272626093495525],[-97.753862639434658,30.272731851594028],[-97.753975662690408,30.272832732189119],[-97.754094472746957,30.272928472386209],[-97.754218759885575,30.273018821703147],[-97.754348200509497,30.273103543877831],[-97.754482457080684,30.273182419579523],[-97.754621178225591,30.27325524189051],[-97.754764002794431,30.273321820898246],[-97.754910557799661,30.273381982755218],[-97.754932758810085,30.273390413520588],[-97.755128759061463,30.273464070460413],[-97.755133453582573,30.273473348334633],[-97.755206143485523,30.273599125236892],[-97.75528613922009,30.273721517994097],[-97.755373229623302,30.273840204642134],[-97.755467189676139,30.273954876532123],[-97.755567773299944,30.274065234587368],[-97.755674717478627,30.274170991184537],[-97.755787744340608,30.274271870190567],[-97.755906557993285,30.274367608714996],[-97.756030848708249,30.274457956280013],[-97.7561602928795,30.274542676628194],[-97.756294552959787,30.274621550433423],[-97.75643327756633,30.274694370783038],[-97.756576105540361,30.2747609477696],[-97.756722663885427,30.274821107550828],[-97.756737655771005,30.274826819815651],[-97.757158449707745,30.274986020219615],[-97.757282789108558,30.275034561018867],[-97.757301409282121,30.275041767409533],[-97.757316386787693,30.275047473927227],[-97.757608135198836,30.275157851953569],[-97.757743064586606,30.27520573108956],[-97.757895929659469,30.275252601967253],[-97.758051352570462,30.275292638028947],[-97.758208927487516,30.275325732665433],[-97.758368243903647,30.275351800883943],[-97.758528886764992,30.275370773886227],[-97.758690435345486,30.275382602665072],[-97.75885246951492,30.275387257210621],[-97.759014566700728,30.275384722840862],[-97.759176302718444,30.275375009256592],[-97.759337256211253,30.275358138867077],[-97.759497007334645,30.275334158519517],[-97.759655139051688,30.275303128673158],[-97.759810252264273,30.275265370928981],[-97.760015611009194,30.27534963490244]]],[[[-97.650388492574876,30.29144586254905],[-97.650350502245445,30.291507131104375],[-97.650279171662547,30.291633499631686],[-97.650215368165817,30.291762864048856],[-97.650159260478205,30.291894887558637],[-97.650110993597394,30.29202922388345],[-97.65007069382473,30.292165524590978],[-97.650038465795802,30.292303432710433],[-97.650014394407762,30.292442589096581],[-97.649998542780452,30.292582630584167],[-97.649990951170153,30.292723191775451],[-97.649991640071278,30.292863906001919],[-97.650000607069288,30.293004406169931],[-97.650017829942485,30.293144325722245],[-97.650043263514988,30.293283299483956],[-97.650076840653355,30.293420965489069],[-97.650118474393452,30.293556963211572],[-97.650168055701528,30.293690939852937],[-97.65022545675356,30.293822544074082],[-97.650290525550602,30.293951433128697],[-97.65036309327418,30.294077270286959],[-97.650442972092492,30.294199729315576],[-97.650529951150219,30.294318488075337],[-97.650623805718169,30.294433237731116],[-97.650724289992667,30.294543679002576],[-97.650831141216415,30.294649524048797],[-97.650944081760969,30.294750496506882],[-97.651062815958184,30.294846333241686],[-97.651187034288029,30.294936783519507],[-97.651316413334129,30.295021610815404],[-97.651450615717295,30.295100595524399],[-97.651589290206374,30.29517353044363],[-97.651608383298978,30.295182926360798],[-97.652531450233937,30.295633527117538],[-97.652542915198822,30.295644883106622],[-97.652655858721914,30.29574585405885],[-97.652774595866077,30.29584168920918],[-97.652898817103633,30.295932137827901],[-97.653028199010521,30.296016963394411],[-97.653162404200202,30.296095946308363],[-97.653301081434151,30.296168879371379],[-97.653443869677275,30.296235572382653],[-97.653590396036918,30.296295851197005],[-97.653740277802143,30.296349559570501],[-97.653893125656239,30.296396555604108],[-97.654048539334696,30.296436718895816],[-97.654206113031549,30.296469942504142],[-97.654365436241932,30.296496141100413],[-97.654373666492035,30.296497296420263],[-97.654521865107796,30.296517925832838],[-97.654529895042046,30.296518965344383],[-97.654682508360565,30.296537025294413],[-97.65484407974742,30.296548986040499],[-97.655006144609743,30.296553772930942],[-97.655168280297858,30.296551370938499],[-97.655330062523021,30.296541789417613],[-97.65549106981122,30.29652505043353],[-97.655650882174541,30.296501200490589],[-97.655809082418443,30.296470299707686],[-97.655965258047942,30.296432429085673],[-97.656119002376002,30.296387687815507],[-97.656269912440763,30.296336193239917],[-97.656417595320875,30.296278078257217],[-97.656561665942235,30.296213495801279],[-97.656701748252445,30.296142613438647],[-97.656837477215461,30.296065617021149],[-97.656968497880825,30.295982706148475],[-97.657094469438888,30.29589409876283],[-97.657215062251538,30.295800024765867],[-97.65732996192942,30.295700729709537],[-97.65743886935374,30.295596473892356],[-97.657541499746102,30.295487527821869],[-97.657637584639858,30.295374176770917],[-97.657726875137328,30.295256715413036],[-97.657809137655477,30.295135451360348],[-97.657884157182494,30.295010699798777],[-97.657951738208425,30.294882788025419],[-97.658011704923794,30.294752047315527],[-97.658063899978998,30.294618821035968],[-97.658108187828944,30.294483455666157],[-97.65814445256197,30.294346304374052],[-97.658167730365491,30.294234958014954],[-97.658833020495464,30.290632850919],[-97.658883404178923,30.290360047985228],[-97.658985970708798,30.290319681600064],[-97.659130030635396,30.290255096289894],[-97.659270102330112,30.290184211158845],[-97.659405820784443,30.290107212066221],[-97.659536831075428,30.290024298618466],[-97.659662792420519,30.289935688764633],[-97.659783375208235,30.289841612412783],[-97.659898265075284,30.289742315121007],[-97.660007162928721,30.289638057193688],[-97.66010978401485,30.289529109143857],[-97.660205859891491,30.289415756249461],[-97.660295141684344,30.289298293188935],[-97.660377395833152,30.289177027578837],[-97.660389902289339,30.289157272607682],[-97.660503874374726,30.288975488916709],[-97.660506717806683,30.288970947718475],[-97.660629534637152,30.288774759589767],[-97.660695191802958,30.288669876435449],[-97.660770815414537,30.288549074443928],[-97.660846440962089,30.288428270640487],[-97.660937187517249,30.288283310107659],[-97.66101280945503,30.288162508863451],[-97.661088365036548,30.288041814846125],[-97.6611741874774,30.287904751835431],[-97.661359446529232,30.287608804417829],[-97.661368056834021,30.28759505115616],[-97.661386995129888,30.287565885637271],[-97.661397346407881,30.28754981836693],[-97.661410067062263,30.287529720993707],[-97.662033865742103,30.286534391577192],[-97.662273407708966,30.286158795643281],[-97.662303560598275,30.286110379991431],[-97.662316423365283,30.286089224693278],[-97.662359811691019,30.286015180982229],[-97.662427380392742,30.285887266996525],[-97.662487335366833,30.285756524345938],[-97.662539519294583,30.285623296402481],[-97.662583796659888,30.285487929649815],[-97.662620051578202,30.285350777259591],[-97.662648189922962,30.285212197322309],[-97.662668138327646,30.285072551020683],[-97.66267984418559,30.284932202629776],[-97.662683277753942,30.284791518651161],[-97.662678430114951,30.284650865967944],[-97.66266531317531,30.284510611844127],[-97.662643961792497,30.2843711221559],[-97.662615114084147,30.2842359588882],[-97.66264387917694,30.2841009226495],[-97.6626813228592,30.283925110283466],[-97.662718727125736,30.283749498793362],[-97.662756189063927,30.283573780776806],[-97.66279369041051,30.283397680160839],[-97.662800917843356,30.283363736430886],[-97.663966335246599,30.28393130935412],[-97.664099762200323,30.283996421723472],[-97.664200151666236,30.284045283243056],[-97.664289280452522,30.284086504674129],[-97.664311683310402,30.284097340885161],[-97.664424683976719,30.284149436260915],[-97.664571198757073,30.284209702318979],[-97.664721067766251,30.284263397658012],[-97.664873901720355,30.284310380412798],[-97.66502930039178,30.284350530216109],[-97.665186858013385,30.284383740161765],[-97.665346164122354,30.284409924956535],[-97.665506803692608,30.284429015498588],[-97.665668356005796,30.284440962472694],[-97.665830400921365,30.284445735561683],[-97.665992515841253,30.284443319774461],[-97.666154276531557,30.284433724501376],[-97.66631526157397,30.284416971843616],[-97.666475051038972,30.28439310834122],[-97.666633227791564,30.284362194148375],[-97.666789379398011,30.284324310300981],[-97.666943099233976,30.284279556024401],[-97.667093984401731,30.284228048695411],[-97.667241642044715,30.28416992124561],[-97.667385687154734,30.284105326641434],[-97.667525743745912,30.284034432480983],[-97.667661446849294,30.283957424646914],[-97.66779244158198,30.283874502768768],[-97.667918387201908,30.283785884817441],[-97.668038954138694,30.283691800722103],[-97.668153828070359,30.283592496061093],[-97.66826270994558,30.283488231158039],[-97.668365315052284,30.283379276544135],[-97.668461374990201,30.283265917514584],[-97.668550640926327,30.283148448763615],[-97.668632879341956,30.283027177922694],[-97.668707875288035,30.282902420195487],[-97.668756972939235,30.282811212592016],[-97.669182142559166,30.281982205299226],[-97.669200602613543,30.281945495545081],[-97.669260545875076,30.281814749776686],[-97.669312718234337,30.281681519130832],[-97.669356984205251,30.281546150098148],[-97.669393227933227,30.281408995856232],[-97.669421355320623,30.281270414500366],[-97.669433081265126,30.281195547703945],[-97.669540493602753,30.280431401744888],[-97.670044157279335,30.280676314244598],[-97.670163514228406,30.28073148719616],[-97.670310027391068,30.280791746611946],[-97.670459894269271,30.280845435160661],[-97.670612725584476,30.280892410994699],[-97.670768121116012,30.280932553764995],[-97.670925675104897,30.280965756583633],[-97.67108497709782,30.280991934176033],[-97.671230223382651,30.281009189665443],[-97.671354989214151,30.281041418919919],[-97.671512543585536,30.281074621011975],[-97.671671845919917,30.281100797869605],[-97.671832481200923,30.281119880411584],[-97.671994028721599,30.281131819343734],[-97.6721560683538,30.281136584369833],[-97.672318177513276,30.28113416051966],[-97.672479931981186,30.281124557204794],[-97.672640910355327,30.281107796547285],[-97.672800692723754,30.281083925108074],[-97.672958861969718,30.281053003062095],[-97.673115005679463,30.281015111465649],[-97.673268717248831,30.280970349564377],[-97.673419593802109,30.280918834754988],[-97.673567242504859,30.280860699988569],[-97.673711278372295,30.280796098250608],[-97.673851325442811,30.280725197157867],[-97.673987018772166,30.280648182611035],[-97.674118003502855,30.280565254257212],[-97.674243938919176,30.280476630084159],[-97.674364495477192,30.280382540037309],[-97.674479358882138,30.28028322971058],[-97.674588230110004,30.280178959442217],[-97.674690824476627,30.280069999777535],[-97.674786873609705,30.279956636024977],[-97.674876128704369,30.279839162891001],[-97.674949226591821,30.27973207833616],[-97.675883761515735,30.278289645086303],[-97.675966175300957,30.278163549918304],[-97.67645128840374,30.277421314021964],[-97.676493595250165,30.27735658314819],[-97.676608021968732,30.277298646992584],[-97.676743708227662,30.277221629543057],[-97.67687468588619,30.277138698391603],[-97.677000614247063,30.277050071533321],[-97.677121163784761,30.27695597892065],[-97.677236020222793,30.276856666154089],[-97.67734488455541,30.276752393578381],[-97.67744747211637,30.276643431744862],[-97.677543514551175,30.276530065967503],[-97.677632763072367,30.276412590958156],[-97.677640384170061,30.276401349052104],[-97.677785477308831,30.276344212524183],[-97.677929503540156,30.276279606051354],[-97.678069540885105,30.276208700360336],[-97.678205224425028,30.276131681363747],[-97.678336199327987,30.276048748720282],[-97.678462124903675,30.275960120428888],[-97.67858267163416,30.275866026445861],[-97.678697525249987,30.275766712375283],[-97.67880638675301,30.275662438565174],[-97.678908971484148,30.275553475570135],[-97.679005011096478,30.275440108707272],[-97.679094256809833,30.275322632691104],[-97.679176475158371,30.275201355172133],[-97.67921054155417,30.275146583958616],[-97.67953541269911,30.274609845815071],[-97.679569429335274,30.274555649490679],[-97.679632958054142,30.274448960106884],[-97.679700495531307,30.274321037162789],[-97.679760419690226,30.274190286592901],[-97.679812573293148,30.274057051789942],[-97.679856820902742,30.273921679255494],[-97.679893046712309,30.273784522176292],[-97.679921156671057,30.273645938655001],[-97.679941077486433,30.273506289883752],[-97.679952756623933,30.273365940143947],[-97.679956164410328,30.273225255940751],[-97.679951291995081,30.273084604157813],[-97.679938151349774,30.272944352056804],[-97.679916777393416,30.272804865508665],[-97.67988722593212,30.272666508051724],[-97.679849573658259,30.272529640891833],[-97.679803919234828,30.272394621113897],[-97.679750381257165,30.272261799837107],[-97.679689100246421,30.272131525867248],[-97.679620235745332,30.272004136603563],[-97.67954396716209,30.271879966190696],[-97.679460493966303,30.271759337385895],[-97.67937003453892,30.271642566058567],[-97.679272823179957,30.271529955711475],[-97.679169114184631,30.271421801171559],[-97.679059178852043,30.271318383111296],[-97.678943303292769,30.271219972529082],[-97.678821789579885,30.271126826250015],[-97.678694955770553,30.271039186022868],[-97.678563131654457,30.270957282058465],[-97.678426662030063,30.270881326761561],[-97.678331441109606,30.270833201866285],[-97.677295347898749,30.270330248756238],[-97.677289983447437,30.270327651041963],[-97.676873506083766,30.270126393205871],[-97.676868380225301,30.27012392188043],[-97.676668428095297,30.270027716422288],[-97.676307964286067,30.269853567678819],[-97.676272271666306,30.269836582671346],[-97.676089268269422,30.26975081779279],[-97.675718133729617,30.269567236488932],[-97.675696502248201,30.269556634251888],[-97.675502784562951,30.269462547002504],[-97.675463600824941,30.269405915821128],[-97.675373148491985,30.269289141691573],[-97.675275944219536,30.269176528328565],[-97.675172242284603,30.269068370566938],[-97.675120110915941,30.269019325259361],[-97.67509036981437,30.268970898242131],[-97.675006904761446,30.268850266566371],[-97.674916453509766,30.268733492121655],[-97.674819250338061,30.268620878418943],[-97.674715549520172,30.268512720293909],[-97.674605622333871,30.268409298428352],[-97.674489754868503,30.268310883830512],[-97.67436824917597,30.268217733336119],[-97.674241423292585,30.268130088704886],[-97.674109606987273,30.268048180159109],[-97.673978560315177,30.267975074749607],[-97.673421827057695,30.267680995634819],[-97.673164370019791,30.267536739479119],[-97.673240086342261,30.267433276972465],[-97.673310337590266,30.267326028597541],[-97.673497898705449,30.26702305182225],[-97.673559799204156,30.266917728055855],[-97.673616678007718,30.26680960974468],[-97.673668409249487,30.266698936142891],[-97.673960768554821,30.266032128768863],[-97.67399267215734,30.266007225492967],[-97.67410751871185,30.265907915715303],[-97.674216374007884,30.265803645989141],[-97.674318953402647,30.265694686858513],[-97.674414988563171,30.265581323630389],[-97.674504230720771,30.26546385100977],[-97.674583154510685,30.265347715621136],[-97.674717829405736,30.265137977428186],[-97.674721121299513,30.265132838442131],[-97.674796095308864,30.265008077457338],[-97.674863632589009,30.264880157264063],[-97.674923557443961,30.264749409159492],[-97.674975712634108,30.264616176529831],[-97.675019962718025,30.264480805871031],[-97.675056191882391,30.264343650364907],[-97.675084306067802,30.264205068110083],[-97.675104231970678,30.264065420295282],[-97.675115917043186,30.263925071199552],[-97.675119331596576,30.263784387326353],[-97.675114466762636,30.263643735558322],[-97.675101334493164,30.263503483157258],[-97.675079969685399,30.263363995994894],[-97.67505042812158,30.263225637611029],[-97.675019004073349,30.263111377534472],[-97.675100243964152,30.263132364651273],[-97.675257770180849,30.263165562013995],[-97.675417043759111,30.263191734109661],[-97.675577649757486,30.263210811869516],[-97.675739167545728,30.263222746011841],[-97.67590117707303,30.263227506252839],[-97.676063255833554,30.263225077634868],[-97.6762249796882,30.263215469581898],[-97.676385927314328,30.263198704228412],[-97.676545678880373,30.26317482814747],[-97.676703817349946,30.26314390152627],[-97.676859930389469,30.263106005432984],[-97.677013611474734,30.263061239124919],[-97.677164457809994,30.263009720010441],[-97.677312076639339,30.26295158105172],[-97.677456083056015,30.262886975245284],[-97.677596101175212,30.262816070218495],[-97.677731766128218,30.262739051882253],[-97.677862723131639,30.262656119893666],[-97.677988631541979,30.262567492249801],[-97.678109161885956,30.262473398905346],[-97.678132704796795,30.26245303847546],[-97.678230711028291,30.262460278171389],[-97.678392719389976,30.262465035236968],[-97.678554796797371,30.262462603443009],[-97.678716519114943,30.262452992221881],[-97.678877465024101,30.262436223716211],[-97.679037214697672,30.26241234450745],[-97.679195351104369,30.262381414790791],[-97.679351461915829,30.262343515642609],[-97.679505140613742,30.262298746328089],[-97.679655984408512,30.26224722426343],[-97.679803600550883,30.262189082418626],[-97.67994760414129,30.26212447379762],[-97.680087619302071,30.262053566035188],[-97.680223281172289,30.261976545049322],[-97.680354234976662,30.261893610504028],[-97.680480140079993,30.261804980403106],[-97.6806006670176,30.261710884707608],[-97.680715501571882,30.261611569026076],[-97.680824344794274,30.261507293710807],[-97.680926912073502,30.261398329320293],[-97.681022935108174,30.261284961175228],[-97.681090286423611,30.261197522428613],[-97.681121481024434,30.261155300092781],[-97.681230297563332,30.261009795678678],[-97.681323108675585,30.260885689197345],[-97.681331845733453,30.26087461213049],[-97.681390880597817,30.260796985076929],[-97.681465539384931,30.260695114293021],[-97.681561145223512,30.260567301398577],[-97.681664552558018,30.260429057861604],[-97.681696119169573,30.260385987856687],[-97.681778321406156,30.260264708928794],[-97.681853282415702,30.260139943875323],[-97.681920806841262,30.260012020028572],[-97.681980719020217,30.259881268695136],[-97.682032861746151,30.259748033269801],[-97.682077099610026,30.259612660255684],[-97.682113316830609,30.259475502840871],[-97.682141419379462,30.259336919128881],[-97.682161333983373,30.259197270312225],[-97.682173008124067,30.259056920672613],[-97.682176412141274,30.258916236714857],[-97.682171537194293,30.258775585321864],[-97.682158395261354,30.258635333754455],[-97.682137021264793,30.258495847882138],[-97.682107471010781,30.258357491241448],[-97.682069821188577,30.258220625036031],[-97.682024170454767,30.258085606348391],[-97.681970637394969,30.257952786294876],[-97.681933785870044,30.257874439254426],[-97.681988366600535,30.257793146219495],[-97.682103898333366,30.257623187105612],[-97.682215097800295,30.257543900977307],[-97.682776671716809,30.257787748553991],[-97.682835991527625,30.25781350865369],[-97.682874954439143,30.257830428511056],[-97.682970445557899,30.257871890377732],[-97.683188094963853,30.257966750627226],[-97.683489022879101,30.258097901536189],[-97.683587569489418,30.258139020065293],[-97.683687347020495,30.2581770544199],[-97.683788258975213,30.258211967816113],[-97.683807342933363,30.258218246117099],[-97.683949609726511,30.258261722156302],[-97.684104974139146,30.258301848491662],[-97.684262495533147,30.258335034672797],[-97.6844217635403,30.258361195468304],[-97.684582363233616,30.258380261838891],[-97.684609177786726,30.258382741892245],[-97.684627759306707,30.258384390322668],[-97.684764176404926,30.258393985430054],[-97.684926178214809,30.258398734167177],[-97.68508824857706,30.258396294045767],[-97.685249963375043,30.258386674519954],[-97.685410901309481,30.258369897754001],[-97.685454026888138,30.258364166629629],[-97.685474180154074,30.258361364897787],[-97.685590795832965,30.258343208600515],[-97.68574892340736,30.258312270751702],[-97.685905024995691,30.258274363580167],[-97.686058694104005,30.258229586371968],[-97.686209527967549,30.258178056563999],[-97.686263933824975,30.258157538659553],[-97.686282577268244,30.25815032739532],[-97.686375777292028,30.258112695868608],[-97.686519770323216,30.258048079844013],[-97.686659774662303,30.257977164888157],[-97.686795425476888,30.257900136937764],[-97.686926368020195,30.257817195675013],[-97.686985341367773,30.257776826316654],[-97.687001214484695,30.257765693404131],[-97.687068134787836,30.25771742620044],[-97.687188650112901,30.257623324318587],[-97.687303472938552,30.257524002749054],[-97.687412304346935,30.257419721859332],[-97.687514859757428,30.257310752222537],[-97.687569631370806,30.257247569353332],[-97.687579790021417,30.25723549526564],[-97.687657170051281,30.257139514513351],[-97.687730152372836,30.25704014875177],[-97.687798589109562,30.256937599315407],[-97.68783497868958,30.256880244862533],[-97.687915685137227,30.256753050570399],[-97.687921689087403,30.256743543418985],[-97.688138659731337,30.256398382602693],[-97.688147573914733,30.256384101660089],[-97.688424880505934,30.255936698759147],[-97.688400948617229,30.256017788774631],[-97.68836878792132,30.256155705856123],[-97.688344781288038,30.256294868739413],[-97.688328991668058,30.256434914242153],[-97.688321459156313,30.256575476956463],[-97.688322204092756,30.25671619020968],[-97.68833122391689,30.256856686910837],[-97.688348496268702,30.256996600511417],[-97.688373975843334,30.257135565852135],[-97.688407595387773,30.257273220989099],[-97.688449267826442,30.25740920542458],[-97.688498884025606,30.257543166394751],[-97.688556316068869,30.257674752601012],[-97.688621411877506,30.257803621344674],[-97.688694002561988,30.257929435948629],[-97.688773900230885,30.258051870237949],[-97.688860893979495,30.258170602138737],[-97.688954759039888,30.258285322885236],[-97.689055249581358,30.258395733272806],[-97.689162102830593,30.258501545541272],[-97.689275041153337,30.25860248341295],[-97.689393768887683,30.258698283843099],[-97.689517976530126,30.258788696192813],[-97.689647340691621,30.258873484035746],[-97.689781524032455,30.258952427869943],[-97.689920175371128,30.259025320599296],[-97.689954148793575,30.259041450562211],[-97.690062351501155,30.259092882772524],[-97.690491392023162,30.259300834839987],[-97.690560958554343,30.259335388512632],[-97.690704709900132,30.259402531069068],[-97.690851203362541,30.259462766623571],[-97.691001048384919,30.259516430790541],[-97.691153855745057,30.2595633817857],[-97.691309225285465,30.259603499324911],[-97.691466751314735,30.259636676586247],[-97.691626023452571,30.25966282836162],[-97.691786626761157,30.259681885635214],[-97.691948140617342,30.259693799179011],[-97.692110144980845,30.259698538762734],[-97.692272217358564,30.259696089482635],[-97.692433933628877,30.259686460816763],[-97.692594872488371,30.259669674953226],[-97.692754614128759,30.259645778518735],[-97.692912741539345,30.259614831753439],[-97.693068842415229,30.259576915778148],[-97.693222510264249,30.259532129901928],[-97.693373342325046,30.25948059158441],[-97.693520945879001,30.259422433837795],[-97.693664936059335,30.259357809707545],[-97.693804937023316,30.25928688686896],[-97.693940583947281,30.259209851279241],[-97.694071522094774,30.259126902640617],[-97.694197410871567,30.259038258993616],[-97.694317920855426,30.258944150334621],[-97.694432737873043,30.258844822306063],[-97.694541563021772,30.258740535292318],[-97.694644111737205,30.258631559882499],[-97.694682452506186,30.258586279909068],[-97.694727447125885,30.258557775857415],[-97.694853334547929,30.258469131568603],[-97.694973843171681,30.258375022296132],[-97.695088658827288,30.25827569368386],[-97.695197482615498,30.258171406117807],[-97.695300029975783,30.258062430188431],[-97.695396032658834,30.257949051246683],[-97.695485241980307,30.257831564038458],[-97.695567424569731,30.257710276243429],[-97.695642365623499,30.257585503109617],[-97.695709869836989,30.257457571990326],[-97.695733308457918,30.257406399311925],[-97.695844480518616,30.257452106245857],[-97.695994325192984,30.257505764510896],[-97.69614713179304,30.257552709489829],[-97.696302500163469,30.257592820914333],[-97.69646002461576,30.257625991978447],[-97.696619294773811,30.257652137490229],[-97.696779895704921,30.257671188450164],[-97.69694140679222,30.257683095646687],[-97.697103408002548,30.257687828866114],[-97.697265476851157,30.257685373221307],[-97.697427189225564,30.257675738206917],[-97.697588123832446,30.257658946027679],[-97.697747860874699,30.257635043326616],[-97.697905983353635,30.25760409036041],[-97.698062078977244,30.257566168265981],[-97.698215741266907,30.257521376368285],[-97.698366567476072,30.257469832142768],[-97.698514164901013,30.257411668617031],[-97.698658148691266,30.257347038851613],[-97.69879814302061,30.257276110536374],[-97.698933783082836,30.257199069643029],[-97.698945608902648,30.257191577630511],[-97.699082334343359,30.257214019400596],[-97.699242935029758,30.257233067247697],[-97.699404445684578,30.257244971314378],[-97.699566446275711,30.257249701394855],[-97.699728514320014,30.257247242610287],[-97.699890225707179,30.257237604463555],[-97.700051159146369,30.257220809167517],[-97.700210894843622,30.257196903373334],[-97.700369015803673,30.257165947345804],[-97.700525109738535,30.257128022229729],[-97.700678770173923,30.257083227358052],[-97.700829594368216,30.257031680213924],[-97.70097718962289,30.256973513832612],[-97.701121171093149,30.256908881282008],[-97.701261162958858,30.256837950259392],[-97.701396800420198,30.256760906743438],[-97.7015277287651,30.256677950456915],[-97.701653607425243,30.256589299460309],[-97.701774107004724,30.256495183769285],[-97.701888913357266,30.256395849044544],[-97.701955976836885,30.256331572436178],[-97.702081050255273,30.256376521708848],[-97.702298741642508,30.256449449191308],[-97.702441833135751,30.256498054306693],[-97.702587536091244,30.256547547220741],[-97.702731362197056,30.256596623634213],[-97.702740526668805,30.256599737354652],[-97.702883289214711,30.256648007852672],[-97.702925440931196,30.256662179304261],[-97.703026248011696,30.25669735031628],[-97.703075594176354,30.25671488730352],[-97.703209631971063,30.25676234795537],[-97.703606898349847,30.25689652496521],[-97.703945095839472,30.257010995051122],[-97.704538115442247,30.257211599332145],[-97.704555750239777,30.257217512925916],[-97.704590508005126,30.257228188150108],[-97.704673442546195,30.257258202065586],[-97.704932816531809,30.257346376728009],[-97.704939063095139,30.25734849378043],[-97.705502087490345,30.257538702351177],[-97.705518440425536,30.257544182234266],[-97.705671251752975,30.257591115765692],[-97.705826624172488,30.257631215550798],[-97.705984151984765,30.257664374813942],[-97.706143424805092,30.257690508393981],[-97.706304027693733,30.257709547322399],[-97.706465540028745,30.257721442419243],[-97.706627541773798,30.257726163502294],[-97.706789610442527,30.257723695715967],[-97.706951321923214,30.257714048586777],[-97.707112254924539,30.257697244350972],[-97.707271989653933,30.257673329683076],[-97.707430109118476,30.257642364870946],[-97.707586201034104,30.257604431082456],[-97.707739858931873,30.257559627672943],[-97.707890680076787,30.257508072148092],[-97.708038271778179,30.2574498975649],[-97.708182249200647,30.257385257012665],[-97.708322236534585,30.257314318209556],[-97.7084578689919,30.257237267154498],[-97.70858879187368,30.257154303590038],[-97.708714664625901,30.257065645595539],[-97.708835157867966,30.256971523205014],[-97.708949957470267,30.25687218209664],[-97.709058764575559,30.256767882688827],[-97.709161294666657,30.256658895603085],[-97.709257279539443,30.256545506219574],[-97.709346470555957,30.256428009311136],[-97.709428634393547,30.256306712582941],[-97.709503556297435,30.256181931306227],[-97.709571041013234,30.256053992855655],[-97.709606742252134,30.255978389060186],[-97.709770458135495,30.255616483852229],[-97.709789266974028,30.255604564806486],[-97.709915136579369,30.255515905644589],[-97.710035626693127,30.255421782138846],[-97.710150423193767,30.2553224399702],[-97.710259227232342,30.255218139559933],[-97.710361754299385,30.255109151532114],[-97.71045773619899,30.254995761269413],[-97.710546924300658,30.254878263546953],[-97.710629085289483,30.254756966071994],[-97.710704004418076,30.254632184117753],[-97.710771486439356,30.254504245060613],[-97.710785231032091,30.254475887747216],[-97.711123998961384,30.253765860132454],[-97.711196113198,30.253614715232569],[-97.711269447494018,30.253461005799196],[-97.711333430561737,30.253326899389723],[-97.711379550852598,30.253224500689051],[-97.711431649072566,30.25309125334778],[-97.711475842324347,30.252955870247991],[-97.711512014942912,30.252818704604159],[-97.711540073016238,30.252680114541075],[-97.711559943387229,30.252540461267984],[-97.711571573652833,30.25240010907828],[-97.711574934267404,30.252259424483224],[-97.711570016503359,30.252118774367311],[-97.711556832450768,30.251978525988299],[-97.711535417141974,30.251839045207255],[-97.71150582649058,30.251700695547253],[-97.711468137291348,30.251563838193952],[-97.711422448303807,30.25142883020672],[-97.711368878212809,30.251296022673994],[-97.71130756762409,30.251165764365535],[-97.71123867615681,30.251038392639781],[-97.711162383289889,30.250914241595591],[-97.711078888556017,30.250793633939704],[-97.710988410392559,30.250676885486076],[-97.710891508511494,30.250564149138548],[-97.710874954545957,30.250536527199344],[-97.710791460503017,30.25041591936176],[-97.710700983046465,30.250299170710477],[-97.710603756523071,30.250186584689484],[-97.710500035268041,30.250078456062194],[-97.71039009061171,30.249975065433166],[-97.710274208689526,30.249876683729386],[-97.710152691591205,30.249783567700767],[-97.710025857382149,30.249695959016787],[-97.709894035853608,30.24961408780635],[-97.709757571796942,30.249538166388536],[-97.709616820731782,30.249468393716104],[-97.709472150055575,30.249404950876304],[-97.709323936875236,30.24934800466789],[-97.709172567096843,30.249297702160874],[-97.709144958940897,30.249289346616074],[-97.708979623319806,30.24924004968317],[-97.7088531019036,30.249204878155176],[-97.708696613701505,30.24916824054268],[-97.708538174786838,30.249138588368961],[-97.708378198805121,30.249115996888538],[-97.708217102846888,30.249100527859262],[-97.708055306666978,30.249092218680079],[-97.707893233444508,30.249091094157244],[-97.707821271311872,30.249093270637889],[-97.707749355547179,30.249095902648044],[-97.707657825251459,30.249099691518438],[-97.707614966580678,30.24910294785699],[-97.707496372960065,30.249111955727031],[-97.707256361579624,30.249128146459068],[-97.707137907044952,30.249138562292835],[-97.706977535240284,30.249158928391882],[-97.706818570370231,30.249186376639837],[-97.706661426438288,30.249220836764994],[-97.706506513805564,30.249262216734785],[-97.70637792168155,30.249302915216251],[-97.706257859430991,30.249285958415406],[-97.706096763529345,30.249270486698627],[-97.705934967246264,30.249262174820533],[-97.705772893761306,30.249261047594317],[-97.705636073092947,30.249265694502736],[-97.705187903163406,30.249290250474182],[-97.705051212742333,30.249296846417028],[-97.705026090866696,30.249297952291062],[-97.70486472929899,30.249311179422989],[-97.704704356722274,30.249331542654733],[-97.704545390914689,30.249358988060894],[-97.704428420110233,30.249384636009026],[-97.704305370106212,30.249349881529415],[-97.704148883406361,30.249313238317747],[-97.703990445659443,30.249283580475289],[-97.703830470508024,30.249260983271185],[-97.703771566709335,30.249254485820067],[-97.703586204042892,30.249235565655344],[-97.703484012411465,30.249226588164639],[-97.703322216429299,30.249218272961137],[-97.703160143049303,30.249217142403797],[-97.702998214993912,30.249223196899361],[-97.70285645889976,30.249234814923355],[-97.702735984040373,30.249200785294331],[-97.702579498184306,30.249164140151578],[-97.702421061169701,30.249134480353739],[-97.702261086637364,30.249111881175221],[-97.702174085129599,30.24910262486123],[-97.701756262389793,30.249063245423084],[-97.701682168991638,30.249057024712247],[-97.701573123151405,30.249051418582269],[-97.701558230012751,30.249024397676823],[-97.701540294392231,30.248991856800345],[-97.70150985352295,30.248935717511173],[-97.701475917941139,30.248875070731934],[-97.701399639446706,30.248750913871156],[-97.701316158886868,30.24863029984429],[-97.7012256946619,30.248513544482183],[-97.701128481084297,30.248400951246111],[-97.701089677228367,30.2483591650847],[-97.701059092402204,30.248326879011657],[-97.701047292605111,30.248271677064594],[-97.70100961969284,30.24813481668459],[-97.700963947076659,30.247999805011542],[-97.700910393398857,30.247866993143376],[-97.700849099222111,30.24773672986132],[-97.700780224123008,30.247609352536809],[-97.700703947537619,30.247485195283183],[-97.700620468956259,30.247364580823447],[-97.70053000677396,30.24724782498939],[-97.700432795297914,30.247135231243675],[-97.700329088824034,30.247027094369837],[-97.700219158643918,30.246923694994088],[-97.700103290855438,30.246825304066114],[-97.699981787511334,30.246732178359959],[-97.69985496664124,30.246644559570353],[-97.699723158001589,30.246562677852491],[-97.699586706349947,30.246486745552925],[-97.699445967173844,30.246416961652841],[-97.699407446257865,30.246399273779215],[-97.699326797593187,30.246362853626696],[-97.699166685626409,30.246290524616104],[-97.698570567231528,30.246017622985669],[-97.698457674084324,30.24596843499155],[-97.69834309516969,30.245923313003868],[-97.698226976875802,30.245882314671306],[-97.698109467557529,30.245845492374109],[-97.69744635352896,30.245650280646434],[-97.69707468906573,30.24553118942719],[-97.69626589457414,30.245272050137935],[-97.696245710559566,30.24526565068722],[-97.695279783843503,30.244962594131398],[-97.695157340895875,30.244924179378938],[-97.695137619995634,30.244918055745678],[-97.694983503719101,30.244874511850544],[-97.694827027893396,30.244837857189498],[-97.69466860043228,30.244808187749612],[-97.694508634951518,30.244785578830403],[-97.694347548513988,30.244770092235303],[-97.694185760850019,30.244761765408967],[-97.694023695116243,30.244760623203824],[-97.693861774015204,30.244766666056975],[-97.693700418537844,30.244779879007911],[-97.69357504848108,30.244795787030284],[-97.693523322969696,30.244781171951175],[-97.693366847855003,30.244744515493178],[-97.693208421000278,30.244714844233894],[-97.693048456019895,30.244692233477462],[-97.692887369975281,30.244676745032152],[-97.692867146800623,30.244675704414391],[-97.692813311160407,30.244597904060999],[-97.692722861103093,30.244481142722279],[-97.692625661607778,30.244368543055547],[-97.692521966939012,30.244260399859858],[-97.692412048357738,30.244156993777928],[-97.692296191931462,30.244058595776927],[-97.692174699683292,30.243965462649342],[-97.692047889614031,30.243877836109331],[-97.691916091451759,30.243795946332195],[-97.691779649926929,30.243720005685631],[-97.691638920500338,30.243650213172511],[-97.69149427051309,30.243586749931723],[-97.691346077018153,30.243529782815379],[-97.691194725870247,30.243479458947856],[-97.6910406136994,30.243435910282265],[-97.690884141731246,30.243399250775937],[-97.690725717869512,30.243369576428709],[-97.690565755720769,30.243346962552756],[-97.690404672339014,30.243331470964545],[-97.690242887446757,30.243323139121774],[-97.690080824193274,30.243321991889911],[-97.689918905274666,30.243328029719198],[-97.689881927349276,30.243330419600223],[-97.689152445132535,30.24338138514668],[-97.689115506951808,30.243384154323451],[-97.689002718207504,30.243393583974839],[-97.688991098678557,30.243394676326581],[-97.688064279342811,30.243488310883681],[-97.687100578841367,30.243537407738017],[-97.686557398249178,30.243547041779479],[-97.686542173197651,30.243547343233036],[-97.685183479095755,30.243577095476319],[-97.685069676185194,30.243581361785743],[-97.684956062022863,30.24358918009569],[-97.684842747446226,30.243600542778925],[-97.68412864714054,30.243683478265559],[-97.683970588173182,30.243705370868234],[-97.683813651351926,30.243734228403628],[-97.683451323644562,30.243809207787944],[-97.682636681472502,30.24394101124436],[-97.682520402557969,30.243961785126967],[-97.682363258459688,30.243996215186044],[-97.682208343784254,30.244037565510343],[-97.682056064019889,30.244085730498078],[-97.681906814774237,30.244140582671857],[-97.681898417948815,30.244143903775278],[-97.681827424472786,30.244172088976288],[-97.68168999220336,30.244230165108164],[-97.681547964123311,30.244297947188713],[-97.681410106800783,30.244371937355883],[-97.681276781025488,30.244451941507517],[-97.681148334367151,30.244537752644554],[-97.681025101284604,30.244629146352548],[-97.680907403060829,30.244725883512523],[-97.680795547758734,30.244827712108023],[-97.680689826080098,30.244934366245314],[-97.680590514444503,30.245045568017296],[-97.680497872907011,30.245161027465553],[-97.680412140951603,30.245280444311327],[-97.680333544864141,30.245403504473749],[-97.680280568517674,30.245497467121488],[-97.680278958769279,30.24569266506494],[-97.680259319214315,30.246319810782367],[-97.680224232469698,30.247440752270943],[-97.68017461422852,30.247457647351752],[-97.680106837582699,30.247478988870927],[-97.680055138728576,30.247517000656121],[-97.680023660068628,30.247560409823119],[-97.679975703289188,30.247570610845102],[-97.679915253068259,30.24758352285394],[-97.679853382334969,30.247604353679058],[-97.679769897654822,30.247625480601563],[-97.679693739664955,30.247639332549756],[-97.679635827613907,30.247657936544947],[-97.679517494618153,30.247688323714534],[-97.679438367459525,30.247721449855099],[-97.679402492860419,30.24773465030195],[-97.679360665650378,30.247750067265923],[-97.679293073784748,30.247760024340391],[-97.679234571620015,30.247774654937203],[-97.679186583210338,30.247785981531983],[-97.679143108543428,30.247802519196831],[-97.679110611108854,30.24782769839576],[-97.679059963456226,30.24784240996048],[-97.679014014002291,30.247849818512478],[-97.678962037436477,30.247865655720794],[-97.678913151816118,30.24789346742503],[-97.678839622211157,30.24790506335221],[-97.678783625076292,30.247927694214962],[-97.6787210120238,30.247952496891305],[-97.678618694880655,30.247963744123094],[-97.678499094661035,30.247991822683478],[-97.67840324138794,30.248007684543978],[-97.678311067181724,30.24803952207904],[-97.678163849865257,30.248153691953277],[-97.678062183387908,30.248205877812797],[-97.677995418391106,30.248233254959967],[-97.677966605747798,30.248245068839598],[-97.677856495963951,30.2482943013508],[-97.677812942658321,30.24830792067279],[-97.677765681619789,30.248322728864206],[-97.677694008066055,30.24834176040029],[-97.677616703852181,30.248394998565249],[-97.677599975851535,30.248406535043387],[-97.677594344743284,30.248413183586468],[-97.677566579566175,30.248445915411342],[-97.677505726796923,30.248484973970395],[-97.677440390935928,30.248516569022229],[-97.677362034966649,30.248583842161842],[-97.677280462731616,30.248647060584261],[-97.677177683192909,30.248687862428323],[-97.677047223955697,30.248737413959407],[-97.676965439041027,30.248775077167107],[-97.676879972049321,30.248796764475323],[-97.676820509751821,30.248829003578145],[-97.676732292914153,30.248859737970641],[-97.67666695666037,30.2488924870994],[-97.676581611642305,30.248946578458753],[-97.676453628373153,30.249005257635741],[-97.676361946074536,30.249046756219784],[-97.67626513188965,30.249082512417246],[-97.676166832522412,30.249128494208787],[-97.675979384870772,30.249219412565857],[-97.675854555240278,30.249287781462577],[-97.675784265660155,30.249319768770935],[-97.675699885002686,30.249367552464573],[-97.675633584059568,30.249405397642622],[-97.675574844572381,30.249458498581497],[-97.675498855879894,30.249524939697597],[-97.675475696781632,30.249573277853955],[-97.675455411746597,30.249600112419976],[-97.675421506573343,30.249626293773847],[-97.675412635704845,30.249632642496227],[-97.675346008325064,30.249675431230845],[-97.67526068011172,30.249710489093918],[-97.675227877884709,30.249719021832011],[-97.675197591100584,30.249727140410194],[-97.67510963962981,30.24976885281415],[-97.675017836720258,30.249810074324646],[-97.6749632228167,30.249833034419183],[-97.6749143032322,30.249856276754997],[-97.674889486049679,30.249871660812104],[-97.674871131003272,30.249890530662935],[-97.674851682199844,30.249908857962069],[-97.674795768847929,30.249973211430802],[-97.674718878123329,30.250058500401224],[-97.67466504482924,30.250107165026513],[-97.674619607561411,30.250153472693121],[-97.674607184926288,30.250184735267919],[-97.674599349174116,30.250221922824643],[-97.674587553057535,30.250260320770501],[-97.674562429329711,30.250290300462652],[-97.674537086091533,30.250301738598999],[-97.674504009909185,30.250316784340672],[-97.674489994325882,30.250324139101149],[-97.67447573461844,30.250338118788726],[-97.674458673698695,30.25035368807222],[-97.674448336972347,30.250364393646443],[-97.674441037550935,30.250367129544809],[-97.674426232428274,30.250359478903295],[-97.674409045525465,30.250335882449619],[-97.674396074307822,30.25032719677278],[-97.674375463102507,30.250326740091023],[-97.674314674777975,30.250367972598006],[-97.674237501913098,30.250435899285822],[-97.674179832517069,30.250483467426601],[-97.674074125388159,30.250568240478596],[-97.673994923768078,30.250617807528023],[-97.673897782676846,30.250686008664864],[-97.673844190401667,30.250727030920054],[-97.673829854455676,30.250738011314834],[-97.673802555200325,30.250757219980557],[-97.673755486104028,30.250790292037127],[-97.673694232596958,30.250836849640233],[-97.673680628837118,30.250847179847273],[-97.673679648500766,30.250848056009787],[-97.673674074517919,30.250852163247018],[-97.673606371895275,30.250906315222391],[-97.673552052383528,30.250951888596955],[-97.673435353390843,30.2510630570982],[-97.673407224089146,30.251076774659936],[-97.673380146244199,30.251093676540766],[-97.673352556373686,30.251129216879121],[-97.673320518160892,30.251162903846094],[-97.673288763541521,30.251192030545138],[-97.673263912400827,30.251218991844038],[-97.673261128206434,30.251222322927706],[-97.673237504606234,30.2512507061621],[-97.673221793322014,30.25127474653279],[-97.673191257055521,30.251291908715206],[-97.673166915879406,30.251307217992714],[-97.673159405249308,30.251311956944104],[-97.673140517823484,30.251309803982977],[-97.673121650337109,30.251301299529583],[-97.673110193765538,30.251303179958448],[-97.673102455330934,30.251314982598188],[-97.673101706380905,30.251346760705729],[-97.673102537014998,30.251366753606835],[-97.673103601257182,30.251387203713676],[-97.673079392325363,30.251431064388488],[-97.673034826396275,30.251471065454304],[-97.673006367805627,30.251510464577827],[-97.672979944418174,30.2515427282238],[-97.672941215382721,30.251593905308265],[-97.672913572907703,30.2516313412934],[-97.672893460714747,30.251659886395224],[-97.672856767693148,30.251709593681742],[-97.672815640810455,30.251767266727533],[-97.672790985437103,30.251839998154011],[-97.672758741675267,30.251916807126431],[-97.67273777690832,30.251969426818036],[-97.672724845411736,30.252031674368357],[-97.672705069646014,30.25210783378532],[-97.672680652792863,30.252176526652725],[-97.672640095539563,30.25224914589333],[-97.672565036198392,30.2523115332496],[-97.672560402219261,30.252314105399744],[-97.672501942044164,30.25234669270316],[-97.672431585996549,30.252371717639253],[-97.672372404533263,30.252395929212451],[-97.672328053126122,30.252417727311972],[-97.672276949747157,30.252427006313468],[-97.672240002462999,30.252428438830318],[-97.672217838631909,30.252428005807467],[-97.672206779810452,30.252436138621157],[-97.672198365892498,30.252445947162904],[-97.67218500481944,30.252461787329963],[-97.672170131120737,30.252476109014488],[-97.672147925373579,30.252487557144022],[-97.672130463008969,30.252495831233144],[-97.672115951493041,30.252503946911641],[-97.67210894526302,30.252512134953548],[-97.672104734176202,30.25252241553261],[-97.672109415051395,30.252536513135677],[-97.672116311019437,30.252557504007829],[-97.672114674697141,30.252560604765261],[-97.672106749377832,30.252575760666677],[-97.672092424021187,30.252596613300028],[-97.67209243050155,30.252598703582873],[-97.672092517277576,30.252611631282612],[-97.672098281377799,30.252624348351354],[-97.672104247818339,30.252640094981814],[-97.672108678023662,30.252651738017995],[-97.672109869182535,30.252654486449128],[-97.672121315534483,30.252680632381391],[-97.672141195901844,30.252707586404558],[-97.672157578722633,30.252728141689683],[-97.672182691691347,30.252744560809884],[-97.672204034041997,30.252763376215732],[-97.672197879407065,30.252784344144601],[-97.672192374800218,30.252805902569968],[-97.672180920655805,30.252844444914022],[-97.672171645027916,30.252868372499961],[-97.672159184255548,30.252900899841823],[-97.672141666852752,30.252931834754882],[-97.67212722754833,30.252960331764637],[-97.672117416849133,30.252977179874676],[-97.672099477504091,30.253015449751757],[-97.672093356593223,30.253030614291724],[-97.672082986239715,30.253056308226565],[-97.672076538282312,30.253075289100909],[-97.672056166690808,30.253105229709895],[-97.672054502345063,30.253107597673019],[-97.672040617373867,30.253130293591727],[-97.672026703794515,30.253171864652181],[-97.672018851621772,30.253207319628725],[-97.672017331914148,30.253214191507233],[-97.67200829780802,30.253271843681723],[-97.671998437595747,30.253305468244221],[-97.672003518608292,30.253351009724547],[-97.671999830987062,30.25339048444393],[-97.671995193341331,30.253424272463544],[-97.671982415328443,30.253474091179012],[-97.671972956018777,30.253504672817726],[-97.671967042790442,30.253523801802338],[-97.671963283054964,30.253575156231744],[-97.67196811228672,30.253625230533],[-97.671972188507681,30.253687693710305],[-97.671960306842095,30.253765888905541],[-97.671944525711226,30.253822383272805],[-97.671937333113178,30.253876415910103],[-97.671943584127874,30.253924291387339],[-97.671951631442312,30.253958756534391],[-97.67195254808675,30.253989856386379],[-97.671953380833841,30.254051619189909],[-97.671947455351358,30.254106860247962],[-97.671936808092354,30.254186236144971],[-97.671935276162756,30.254200423376737],[-97.671929447298098,30.254254430368171],[-97.671930416986953,30.2543031872999],[-97.671930380827263,30.254368865907953],[-97.671915269291205,30.254403287492575],[-97.671882979371532,30.254441480745697],[-97.671842999462669,30.254477038863623],[-97.671812069590345,30.254514157685698],[-97.671791883022792,30.254556865041156],[-97.671755009953486,30.254606155613843],[-97.671746596100235,30.254614837687463],[-97.671707725074185,30.254654982437152],[-97.671657990427704,30.254692729528088],[-97.671614882706976,30.254737215643839],[-97.671588106670043,30.254759210702883],[-97.671569397400944,30.254772537225463],[-97.671542476508534,30.254791708079747],[-97.671514549468313,30.254822153898004],[-97.671488825807288,30.254843951243416],[-97.671481558627363,30.254850098555387],[-97.671450085620265,30.254874720598554],[-97.671399884043169,30.25490643444607],[-97.671354696289626,30.254933192813255],[-97.67130498581524,30.254967748916691],[-97.671265434212529,30.255007303382445],[-97.67122300466427,30.255051252135196],[-97.671218637338541,30.255055699607023],[-97.671177824745897,30.255097345519314],[-97.671136022278844,30.255131131546779],[-97.671116910926997,30.255145228122867],[-97.671088937743363,30.255165825183013],[-97.671046341982034,30.255190518169552],[-97.670993923300216,30.255216437861616],[-97.670931144411341,30.255251548130573],[-97.67087303289739,30.255285159996667],[-97.670842462004643,30.255302348143719],[-97.670814301467644,30.255318182789136],[-97.670770985033613,30.255355292276079],[-97.670734770962994,30.255393292206058],[-97.670685159019385,30.255442621171106],[-97.670626484272688,30.255490908010739],[-97.670565430650257,30.255530042915964],[-97.670525795054701,30.25555996748318],[-97.670521303978276,30.255563120775705],[-97.67048356484618,30.255589784820266],[-97.670431027607961,30.255639492216861],[-97.670387677548945,30.255676601868213],[-97.670346888695292,30.255710436963739],[-97.670319037574615,30.255733537608648],[-97.670257293617482,30.255783961261699],[-97.67017063501055,30.255847426608209],[-97.670162754605329,30.255850563871412],[-97.670075651487622,30.255885415928972],[-97.670007910990464,30.255938410061109],[-97.669972311403896,30.255977027668969],[-97.669919264023861,30.256013137626443],[-97.669856830132105,30.256042588925865],[-97.669795493387994,30.256086228597901],[-97.669753483460894,30.256112664974065],[-97.669689802236675,30.256151690734516],[-97.669654234289382,30.256174272778694],[-97.6696315013087,30.256188681542728],[-97.669590306520746,30.25621653770683],[-97.669570290402433,30.256230094027519],[-97.669504652847664,30.256280353733924],[-97.669468161046055,30.256304264922118],[-97.669453736696099,30.256313729854792],[-97.669369193963192,30.256363679032447],[-97.669293981679346,30.256410686591114],[-97.669245422880167,30.256436794793583],[-97.669193147459936,30.256471244312294],[-97.669182317726495,30.256476822616829],[-97.669152749187987,30.256492076906547],[-97.669112142602202,30.256505506008487],[-97.669079161479317,30.2565227263946],[-97.669072862820229,30.256525950457089],[-97.669039443380555,30.256542994641929],[-97.668995768833767,30.256564255295078],[-97.66897435042948,30.256573463540391],[-97.668914031114184,30.256589426753099],[-97.668875142630469,30.25658540022361],[-97.668856520052117,30.256580583643032],[-97.668850511894959,30.25659390856406],[-97.668845790311735,30.256618041508794],[-97.668843211532092,30.256660976433842],[-97.66881492269286,30.256703321415092],[-97.668811387574337,30.256706300522904],[-97.668785420191725,30.25671046478023],[-97.66873792857379,30.256719625130671],[-97.668726847874098,30.256741205024987],[-97.668718642169935,30.256758388810386],[-97.668690206681902,30.256765034606033],[-97.66866579089573,30.256893679921159],[-97.668577079574192,30.257365916859499],[-97.668559793691074,30.257470524934568],[-97.668543974957359,30.257610568003134],[-97.668536413326322,30.257751129568394],[-97.668537129213576,30.257891842960728],[-97.668546120134735,30.25803234108886],[-97.66856336380495,30.258172257400634],[-97.668588814994294,30.258311226729646],[-97.66862240652371,30.258448887121496],[-97.668664051390977,30.258584878064827],[-97.66871364053388,30.258718846778795],[-97.668771046107011,30.258850441944798],[-97.668836116100579,30.258979320840453],[-97.668908681692415,30.259105146762298],[-97.668988555056373,30.259227593506111],[-97.669075525351502,30.259346338965194],[-97.669169367870921,30.259461074338603],[-97.669269836842773,30.25957150038354],[-97.669376669549862,30.259677329298889],[-97.669489588411608,30.259778284763541],[-97.669608297817007,30.259874103686933],[-97.669732488310288,30.259964535381712],[-97.669861836547412,30.260049343371339],[-97.669996005229805,30.260128308101226],[-97.670134643214453,30.260201222420655],[-97.670277389568383,30.260267896177591],[-97.670321891609603,30.260287048662946],[-97.671178597377846,30.260648523899636],[-97.671280578028856,30.260689629828871],[-97.671430414005556,30.260743317071828],[-97.671583213729264,30.260790291597782],[-97.671738577061959,30.260830433061056],[-97.671817112324803,30.26084698632155],[-97.672299723766372,30.261056031294384],[-97.670926474798236,30.260866804006287],[-97.670778342481881,30.260849485193713],[-97.670629624990625,30.260838249882866],[-97.669493420117746,30.26077574108772],[-97.669400201300789,30.260771805333846],[-97.669281749185259,30.260770240152389],[-97.667973472297973,30.260774142096988],[-97.667866310133405,30.260776034045826],[-97.667759249410778,30.260781065015362],[-97.66643986850471,30.260862501381737],[-97.666313287661154,30.260872528755847],[-97.665549240030259,30.260946472028543],[-97.665417840429541,30.260961601925107],[-97.665287082285758,30.260981528707973],[-97.665157140654856,30.261006225699635],[-97.665113634527103,30.26101532957648],[-97.665094284532088,30.261019434748896],[-97.665050847615277,30.261028774929482],[-97.665031356660236,30.261033023055678],[-97.664987986805926,30.261042602212729],[-97.664968609300544,30.261046938298364],[-97.664925309675311,30.26105675468208],[-97.664906061344041,30.261061174495907],[-97.66486283407346,30.261071226337393],[-97.664843510693217,30.261075776754925],[-97.664800357836668,30.261086064996086],[-97.664783840431198,30.26109004586764],[-97.664738105164233,30.261101216013543],[-97.664718693432803,30.261106015211883],[-97.664675691485144,30.261116776291043],[-97.664656751616491,30.261121571492122],[-97.664613830459743,30.261132563664336],[-97.664594540933592,30.261137561268509],[-97.66455169939411,30.261148789936488],[-97.664532494015035,30.261153881290781],[-97.664489736300311,30.261165344723867],[-97.66447074720007,30.261170492477692],[-97.664428071271914,30.261182188830496],[-97.664409096154628,30.261187446222554],[-97.664366506198519,30.261199374668102],[-97.664347456939154,30.261204768104843],[-97.664304955014529,30.261216929585093],[-97.664287518233991,30.261221967514739],[-97.664243442856971,30.261234847715002],[-97.664224731960203,30.261240373014338],[-97.664182410349625,30.261252997026372],[-97.664163387158041,30.261258729934781],[-97.664121157741718,30.261271587058406],[-97.664102373019347,30.261277363214141],[-97.664060235862962,30.261290450738628],[-97.664041280346339,30.261296397325097],[-97.663999241673309,30.261309716268858],[-97.663980766099186,30.261315626463617],[-97.663938823959555,30.261329171366857],[-97.663919801748435,30.261335375268978],[-97.663877959088225,30.261349153418259],[-97.663859531387786,30.261355277831967],[-97.663817789446085,30.261369281113829],[-97.663799630909679,30.261375428546859],[-97.663757422468663,30.2613898553731],[-97.66373896908955,30.26139622067986],[-97.663697431574505,30.261410679706522],[-97.663678737879891,30.261417247616084],[-97.663637309343798,30.26143193463966],[-97.66361883440517,30.261438542723361],[-97.663577510706062,30.261453456763892],[-97.663559196762733,30.261460124753484],[-97.663517983193231,30.261475262292297],[-97.663499469796008,30.26148212278688],[-97.663458366267548,30.26149748743855],[-97.663440154744947,30.26150435347347],[-97.66339916344937,30.261519940758333],[-97.663380761863195,30.261526998566676],[-97.663339884815855,30.261542811234005],[-97.663321752569431,30.261549884833638],[-97.66328051455325,30.261566106711257],[-97.663262876774425,30.261573103507132],[-97.663222231522241,30.261589359768188],[-97.663203962924484,30.261596728278359],[-97.663163437168564,30.261613208210722],[-97.663145462249688,30.261620576687118],[-97.663105056078024,30.261637276676492],[-97.663086896122834,30.261644844251009],[-97.663046613654828,30.26166176618128],[-97.663028745318556,30.261669332780503],[-97.662988586642143,30.261686473037351],[-97.662970655345276,30.261694186735831],[-97.662930620416134,30.261711547126641],[-97.662912739752528,30.261719362097974],[-97.662872832778234,30.261736940892213],[-97.662855129120487,30.261744799792375],[-97.662813887600663,30.261763249948693],[-97.662797571854711,30.261770610008362],[-97.662757922937516,30.261788622937392],[-97.662740211093308,30.26179673119011],[-97.662700692234139,30.261814961657702],[-97.662683026792621,30.261823173817945],[-97.662643642199257,30.261841620093577],[-97.662626125414221,30.261849885606491],[-97.662586874067486,30.261868546767605],[-97.662569432166336,30.26187690134303],[-97.662530317232893,30.261895775639925],[-97.66251269516691,30.261904342963554],[-97.662473720766386,30.261923432280213],[-97.662456544639923,30.261931905638516],[-97.6624177056554,30.261951206264918],[-97.662400219603057,30.261959960501425],[-97.662359228771606,30.261980634574854],[-97.662344397852365,30.261988173764184],[-97.662305842168749,30.26200789814385],[-97.662288598702091,30.262016782490011],[-97.662250189928585,30.262036716583243],[-97.662233145790836,30.262045626285122],[-97.662194879763348,30.262065770015543],[-97.662177766019482,30.262074842967795],[-97.662139646901579,30.262095196412133],[-97.662122655524513,30.262104333083332],[-97.662084686505167,30.26212489358824],[-97.662067707754844,30.262134152531747],[-97.662029888811801,30.262154921001112],[-97.66201303140916,30.262164242740972],[-97.661975362564235,30.262185218271334],[-97.661958725795358,30.262194545870361],[-97.661921210281605,30.26221572400117],[-97.661914713510569,30.262219401530306],[-97.661904300971017,30.262225336781569],[-97.66186693969685,30.262246722953993],[-97.66185042004777,30.262256243448793],[-97.661813214208422,30.262277831356673],[-97.661796542365622,30.262287570538373],[-97.661759493976575,30.262309362931116],[-97.661742938188041,30.262319168428586],[-97.661706050438326,30.262341162652888],[-97.661689698517478,30.262350978222127],[-97.661652970410074,30.262373172451824],[-97.661596115052106,30.262408340251241],[-97.661588047818483,30.262413465194054],[-97.661561843344089,30.26243016468165],[-97.661548330509603,30.262438823740968],[-97.661522229334139,30.262455642647925],[-97.661509096149302,30.262464150477967],[-97.661483094152871,30.262481086920541],[-97.661469926885616,30.262489710742557],[-97.661444027213221,30.262506763874708],[-97.661430961381967,30.262515413064332],[-97.661405162992651,30.26253258286696],[-97.661392123429934,30.262541307572427],[-97.661366429490585,30.262558592295775],[-97.661353368513574,30.262567425993968],[-97.661327777939064,30.262584827426213],[-97.661314842737923,30.262593670666988],[-97.661289356613281,30.262611187020198],[-97.661276475187435,30.262620088201977],[-97.661251093512703,30.262637719476196],[-97.6612381726666,30.262646741976226],[-97.661211546478725,30.262665437922422],[-97.661200134256745,30.262673497332418],[-97.661174965689639,30.262691356718218],[-97.661162324056875,30.262700374403479],[-97.661137262087735,30.262718346037968],[-97.661124505690154,30.262727542418762],[-97.661099551315601,30.262745628128489],[-97.661086807300222,30.26275491423478],[-97.661061962624387,30.262773113154406],[-97.661049672228984,30.262782161701054],[-97.661024936343367,30.262800468389756],[-97.661012251087925,30.262809906547051],[-97.660987625941814,30.262828326465034],[-97.660975051667805,30.262837782933868],[-97.660950536220241,30.262856316062088],[-97.660938249196562,30.262865652149557],[-97.660913844598994,30.262884293989053],[-97.660901514766664,30.262893762181292],[-97.66087722416394,30.262912511886029],[-97.660864934331087,30.262922047710866],[-97.660840444518215,30.262941149940342],[-97.660828481291347,30.262950531754335],[-97.660804414404041,30.262969501631332],[-97.660792360619084,30.262979051737776],[-97.660768406707746,30.26299812855747],[-97.660756094423093,30.263007985802314],[-97.660732257607393,30.263027171448623],[-97.66072026676818,30.263036872779821],[-97.660696543969323,30.263056165388232],[-97.660684560174602,30.263065961771538],[-97.66066095349673,30.263085360476737],[-97.660649028770251,30.263095211283062],[-97.660625537150196,30.263114716969604],[-97.660613465257811,30.263124793790062],[-97.660590092859422,30.263144406534742],[-97.660578543663163,30.263154146718776],[-97.660555286433024,30.263173861926848],[-97.660543335843983,30.263184045843634],[-97.660520197835595,30.263203868109951],[-97.660509278684017,30.263213268206382],[-97.66048559081041,30.263233771044153],[-97.6604738104257,30.263244021370994],[-97.66045091207836,30.26326405054423],[-97.660439547286089,30.263274042724966],[-97.6604167662111,30.263294173496664],[-97.660405051784082,30.26330457962462],[-97.660382394183017,30.263324813916991],[-97.660370947450133,30.263335090264867],[-97.660348410222184,30.263355427117016],[-97.660337115287163,30.263365670997757],[-97.660314699539612,30.263386107717931],[-97.660303263396656,30.263396589475189],[-97.660280972230382,30.263417127024642],[-97.660239450332028,30.263456129396047],[-97.660133685213623,30.263562766742947],[-97.66003433040855,30.263673952774131],[-97.659941646084832,30.263789397572388],[-97.659855871837522,30.263908800896818],[-97.65977723406354,30.264031848702135],[-97.659745509680832,30.264088079941317],[-97.659730370060458,30.264105887728405],[-97.659726508499205,30.264110439969748],[-97.659706461095794,30.264134144952124],[-97.659701822332011,30.264139645701974],[-97.659682753222967,30.264162312756277],[-97.659678143825332,30.264167805005453],[-97.659659138253858,30.264190513908712],[-97.659654416526578,30.264196170435],[-97.659635478700807,30.26421891945656],[-97.659630868859551,30.264224472267632],[-97.659611994549323,30.264247264041856],[-97.659607372172303,30.264252860919978],[-97.659588565652015,30.264275691005309],[-97.659583987634846,30.264281262481795],[-97.659565244630144,30.264304135319836],[-97.65956058748155,30.264309833714336],[-97.659541912222664,30.264332746670885],[-97.659508862038891,30.264374092607486],[-97.659285361541563,30.264659214173921],[-97.659220218346164,30.264745765436057],[-97.659158560672893,30.264834833321462],[-97.659142361159255,30.264859266325981],[-97.65913787195089,30.264866059896395],[-97.659121751613014,30.264890534134945],[-97.659117067602367,30.264897670370331],[-97.659101032730376,30.264922184150699],[-97.659096656980338,30.264928894828024],[-97.659080700265292,30.264953448919687],[-97.659076151239773,30.264960473728589],[-97.659060277908708,30.264985067323792],[-97.659055906323118,30.264991863057702],[-97.659040113275296,30.265016495195308],[-97.659035630092646,30.265023510366792],[-97.659019919365917,30.265048182892503],[-97.659015460899639,30.265055209367208],[-97.658999832494047,30.265079922281007],[-97.658995529963107,30.265086747310459],[-97.658979982926041,30.26511149697868],[-97.658975614132714,30.265118476284584],[-97.658960148375883,30.265143266321836],[-97.658955762109287,30.265150321245979],[-97.658940380844072,30.26517514809527],[-97.658936123449777,30.26518204356633],[-97.658920822446078,30.265206909861877],[-97.658915461637321,30.265215657308332],[-97.658903891301506,30.265234724993874],[-97.658832591562941,30.265361097827746],[-97.658768817113895,30.265490466033793],[-97.658712736600904,30.265622492804617],[-97.658664494951012,30.265756831854389],[-97.658624218399822,30.265893134743482],[-97.658592011522288,30.266031044495506],[-97.658567959160251,30.266170201961096],[-97.658552124383803,30.266310243971873],[-97.65854454740554,30.26645080512899],[-97.658545248681534,30.266591518763914],[-97.658554225765101,30.266732017784648],[-97.658564308820914,30.266813895678002],[-97.657864671807218,30.268544595609754],[-97.657861169763734,30.268553303134116],[-97.657027342108691,30.27063818050835],[-97.657026634179132,30.270617602010194],[-97.65701352743578,30.270477347594859],[-97.656992187410495,30.270337857247679],[-97.656962669820601,30.270199494516927],[-97.656925051270136,30.270062620622063],[-97.656879430334357,30.269927592665752],[-97.656825925521161,30.269794761788411],[-97.656764677264889,30.269664476820978],[-97.656695845023421,30.269537075191366],[-97.65661960812011,30.269412891076396],[-97.656536165942441,30.269292247269156],[-97.656445736790175,30.269175459678298],[-97.656348554884403,30.26906283184876],[-97.656244874443544,30.268954658653218],[-97.656134966692406,30.268851220812895],[-97.656080832093465,30.268805225166574],[-97.65645788960488,30.268211195147014],[-97.656528379676146,30.26809352637116],[-97.656595943523627,30.267965615823698],[-97.656655895240092,30.267834876269873],[-97.656708077515219,30.26770165107353],[-97.656752354837195,30.267566286711133],[-97.656788611321801,30.267429136348209],[-97.65681675283804,30.267290558069917],[-97.656836706011333,30.26715091305471],[-97.656848418222538,30.267010565574154],[-97.656851859712177,30.266869882127615],[-97.656847021541708,30.266729229596695],[-97.656833915593296,30.266588975245028],[-97.656812576695685,30.266449484949469],[-97.656783060563271,30.266311122258148],[-97.656745443796396,30.266174248390417],[-97.656699824965386,30.266039220448924],[-97.656646322572882,30.2659063895739],[-97.656585077046813,30.265776104596448],[-97.656516247837956,30.265648702944407],[-97.656440014261776,30.265524518794649],[-97.656356575697018,30.265403874940439],[-97.65626615043405,30.265287087290496],[-97.65616897268383,30.265174459389893],[-97.656065296653992,30.265066286111459],[-97.655955393557576,30.264962848176694],[-97.655839549421145,30.264864416635696],[-97.65571806623565,30.26477124836828],[-97.655591261978955,30.264683585180713],[-97.655459466363212,30.264601657343523],[-97.65532302411286,30.264525677323896],[-97.655276874948697,30.264501861319701],[-97.655129936328123,30.264427482033561],[-97.655032660730299,30.264211861507373],[-97.654984400502514,30.264110841756395],[-97.654915574618698,30.263983439270078],[-97.654839344442522,30.263859254191988],[-97.654755909343947,30.263738609317837],[-97.654665487603964,30.263621820559056],[-97.654568313424775,30.26350919146347],[-97.654464641004338,30.263401016907256],[-97.654354741546612,30.263297577615091],[-97.654238901068368,30.263199144640595],[-97.654117421551163,30.263105974867361],[-97.653990620963199,30.263018310105558],[-97.653858829007177,30.262936380629874],[-97.653722390397945,30.262860398911815],[-97.65358166058833,30.262790564061248],[-97.653437006920782,30.262727057327648],[-97.653288806457311,30.26267004567644],[-97.653137445071323,30.262619676347963],[-97.653124224774317,30.262615937197825],[-97.653120950305862,30.262616877533066],[-97.653111589430665,30.262619736007274],[-97.653097718749819,30.262624009238539],[-97.653088908838086,30.262626356243462],[-97.653076442255212,30.262629175457445],[-97.653068791729225,30.262630832374867],[-97.653056624590405,30.262633161693348],[-97.653048125568731,30.262634551616774],[-97.653033675988397,30.262636863202491],[-97.653023207709424,30.262638459957053],[-97.653007356607702,30.262641015072031],[-97.652996605201565,30.262642605693017],[-97.652980463864552,30.262645402253007],[-97.652970540837288,30.26264676316741],[-97.652956415861894,30.26264883302667],[-97.652947638736919,30.262649969193593],[-97.652939164469757,30.262650773739281],[-97.652936145741265,30.262650755069039],[-97.652935757234459,30.262651096861056],[-97.652929529636722,30.262651763884719],[-97.652925557190741,30.262652202234047],[-97.652920765685749,30.262652404870931],[-97.652915930817471,30.262653102129143],[-97.652905202511377,30.262654939975953],[-97.652897242672509,30.262656341652939],[-97.652885659073334,30.262658189923624],[-97.652878588338496,30.262658371268586],[-97.652868113425143,30.262659005973436],[-97.652859080540637,30.262659146567721],[-97.652843838590769,30.262659240319536],[-97.652833087681003,30.262659620406271],[-97.652822044454879,30.262660241901656],[-97.652812735580866,30.262661147651468],[-97.652802824728141,30.262662011547427],[-97.652797458798545,30.262662450380187],[-97.652788395797884,30.262663607475197],[-97.652782161045835,30.262664523878765],[-97.652771704251847,30.262665651620239],[-97.652762650019824,30.262666535850791],[-97.6527567076281,30.262667209036358],[-97.652748786146049,30.262668362797235],[-97.652744261314012,30.262669285459129],[-97.652737427755724,30.262671178031589],[-97.652729797024122,30.262673301786691],[-97.65272438140174,30.262675470964162],[-97.652718720591963,30.262677360781247],[-97.652715595641723,30.262678064292423],[-97.652712155838429,30.262680991389352],[-97.6527087358605,30.262684384440618],[-97.652707006996479,30.262687318721031],[-97.652705243277012,30.262691462887474],[-97.652704341145849,30.262696614711814],[-97.652703140756643,30.262701017895498],[-97.652702233747107,30.262705178785438],[-97.65270219290943,30.262710075297409],[-97.652702669003546,30.26271572177577],[-97.652702619783085,30.262718665374141],[-97.652702556164996,30.262725511512119],[-97.652702220052916,30.26272847512648],[-97.652701884102257,30.26273262215177],[-97.652702089204752,30.262737767299985],[-97.652702320924732,30.262741953737333],[-97.652702555916051,30.262744901679699],[-97.652703078453413,30.262750055401686],[-97.652703314463608,30.262753004266937],[-97.652704110201029,30.262757421708496],[-97.652704312441074,30.262761578671686],[-97.652704818006242,30.262769592510399],[-97.65270616847485,30.262797399962434],[-97.652706407325695,30.262801337916361],[-97.652706330304156,30.262807498533217],[-97.65270601939838,30.262810708515982],[-97.652705677905189,30.262813891716355],[-97.652704797556552,30.262817092088259],[-97.652703632707698,30.262820257372894],[-97.652701903132467,30.262823220569931],[-97.652699304444894,30.262826630594674],[-97.652696999093124,30.262829800132966],[-97.652694410054181,30.262831753903114],[-97.652689857821159,30.262833666901599],[-97.652685887498237,30.262835123248792],[-97.652682757471794,30.262836076184755],[-97.652678199718352,30.262837024454214],[-97.652673078567048,30.262837716417017],[-97.652669676507628,30.262838168003196],[-97.652664861934724,30.262838121589567],[-97.652657214656756,30.262838539987293],[-97.65265353279166,30.262838764912697],[-97.652649257384525,30.262838731166756],[-97.652645873527604,30.262838439955189],[-97.652641058954771,30.262838393540648],[-97.652632253142542,30.262838319530839],[-97.652626018903646,30.262838024502766],[-97.652622622933677,30.262838227584965],[-97.652618372688679,30.262838442013681],[-97.652614133537853,30.262838161224952],[-97.652610428614693,30.262838137108243],[-97.652607031559484,30.262838341978124],[-97.65260307261299,30.262838314074425],[-97.652598542207954,30.262838273809813],[-97.652595039517394,30.262836584541446],[-97.652595873894739,30.262839807536565],[-97.652594006754043,30.262838482066936],[-97.652590306436707,30.262838185010036],[-97.6525863474902,30.262838157105801],[-97.652579543896948,30.262837848849362],[-97.65257387365358,30.262837785727118],[-97.652566525137146,30.262837742239981],[-97.65256224835673,30.262837679535949],[-97.652556603651902,30.26283789171729],[-97.652551195537342,30.262837586627583],[-97.652543547240072,30.262838004095634],[-97.652538147345638,30.262838468508058],[-97.652533343716982,30.26283916542479],[-97.652528508504105,30.262839833732379],[-97.652523680732386,30.262840283395885],[-97.652518844832969,30.262840979716128],[-97.652511461458388,30.262842146111836],[-97.652507214051312,30.262843349625509],[-97.652501504321435,30.262844770229258],[-97.652494104562038,30.262847667586861],[-97.652487003830089,30.262850049730481],[-97.652482166737698,30.26285198458277],[-97.652474459330904,30.262854601425168],[-97.652466216433893,30.262857013102167],[-97.652461670285263,30.262858677589808],[-97.652456821185154,30.262859869990226],[-97.652451990159719,30.262861557242335],[-97.652446013293826,30.26286346652445],[-97.652438046343974,30.262865114848843],[-97.652434636132384,30.262865813989329],[-97.652427841225148,30.262867488478054],[-97.652422992212749,30.262868677262549],[-97.652415607287523,30.262871054153869],[-97.652410751121351,30.262872492325037],[-97.652403938205126,30.262873669249572],[-97.652399672322105,30.262874351682758],[-97.652394583459667,30.262875043326719],[-97.652388614163442,30.262875496313168],[-97.652384356851329,30.262875956506612],[-97.652378403478892,30.262875887242789],[-97.652373573644795,30.262876335958534],[-97.652369613655765,30.262876308028286],[-97.652365649326043,30.262876499703218],[-97.652361675118527,30.262876966932346],[-97.652357144711701,30.262876926659121],[-97.652351461288532,30.262877358705783],[-97.652347792576634,30.262877089347196],[-97.652342669713789,30.262876788612655],[-97.652336175425688,30.262876735574785],[-97.652327959296144,30.26287593020513],[-97.65232368995585,30.262875648849192],[-97.652318027838589,30.26287533905861],[-97.652314637226397,30.262875323450242],[-97.652310659872114,30.26287477174958],[-97.652304711881712,30.262874482896368],[-97.652300480902753,30.26287395363298],[-97.652295387143567,30.262873655242139],[-97.65229197349646,30.262873389688576],[-97.652287173096681,30.262872849908337],[-97.652283783148974,30.262872807189794],[-97.652278664627445,30.262872286847479],[-97.652273300919504,30.262871487143904],[-97.652269879077821,30.262871470957609],[-97.652265648099217,30.26287094169302],[-97.65226111485687,30.262869912327737],[-97.65225717515581,30.262869141635374],[-97.652251773109001,30.26286858893392],[-97.652248689012453,30.262867837659609],[-97.652245566244432,30.262867304452381],[-97.652241614406421,30.262867028957608],[-97.652236224519157,30.262865980153801],[-97.652230855097727,30.262865456079727],[-97.652221782280492,30.262864633072851],[-97.652217267112476,30.262864098557941],[-97.652212458584998,30.262863805431756],[-97.65220762697858,30.262863264168089],[-97.652200544200383,30.26286270392799],[-97.652195742096211,30.262862191234476],[-97.652188369125895,30.262861870632928],[-97.652183554529884,30.262861825104707],[-97.652176181515415,30.262861506309804],[-97.652171935277238,30.262861472182493],[-97.652163991845157,30.262861141043455],[-97.652158633409982,30.262861358494437],[-97.65214982551403,30.262861284412729],[-97.652143592980579,30.262860962270818],[-97.652133685025319,30.262860644568576],[-97.652126880390981,30.262860336268716],[-97.652120078835409,30.262860029833398],[-97.652108446404284,30.262860172084181],[-97.652101082293328,30.262860594774576],[-97.65209145203842,30.262860504595782],[-97.652085784961287,30.262860439702134],[-97.652077850764698,30.262860878983251],[-97.652072465751203,30.262860821106919],[-97.652064800440456,30.262860742809746],[-97.652059700635803,30.262860691104855],[-97.652051483312263,30.262861124250787],[-97.652046667653281,30.262861079601795],[-97.652039285491469,30.262861006533015],[-97.652033895427735,30.262861197176917],[-97.65202569737464,30.262860886639722],[-97.652020019997877,30.262861071976211],[-97.652014052804972,30.262861524079888],[-97.652004986942814,30.262861692030413],[-97.651996744104167,30.26286184896469],[-97.651992220786298,30.262861562002342],[-97.651988539937577,30.262861787831412],[-97.651981462075739,30.262862216706246],[-97.651976355160784,30.262862412577821],[-97.651969815445767,30.262862853200236],[-97.651965856121947,30.262862798148092],[-97.651961895092683,30.262862770185965],[-97.651955351390185,30.262863458445125],[-97.65195025543693,30.262864396747403],[-97.651940578222323,30.262866009833736],[-97.651930911304461,30.262868392460547],[-97.651924955736803,30.262869559882471],[-97.651916434681937,30.262871719579024],[-97.651910723878444,30.262873141040693],[-97.65190192749327,30.262875019009616],[-97.651896824406251,30.26287620579317],[-97.651889142654753,30.262877860255525],[-97.651883439005331,30.262879032328904],[-97.651874063318843,30.262881175332002],[-97.651867821477722,30.262882337463285],[-97.651859005335723,30.262883746763759],[-97.651849070150789,30.262885601885021],[-97.651844517348835,30.262886305217318],[-97.651837144218405,30.262887223148102],[-97.651832325319958,30.262888415178701],[-97.651825235316039,30.262889339242864],[-97.651820391257374,30.262890283097104],[-97.651814149437158,30.262891444322076],[-97.651810453346599,30.262892164382652],[-97.651804762809334,30.262892843984666],[-97.651798522007539,30.262894006131713],[-97.651793971331116,30.262894707693377],[-97.651787449662251,30.262895644062091],[-97.651782898963518,30.262896346526954],[-97.651777233607859,30.262897273399975],[-97.651772398741045,30.262897969711108],[-97.651765022485989,30.262898887580025],[-97.651759901324866,30.262899579506069],[-97.651753089085432,30.262900728382743],[-97.651748261306935,30.262901178016804],[-97.651741163171678,30.262902348733164],[-97.651736314082555,30.262903540202451],[-97.651728392546516,30.262904694803392],[-97.651722403640278,30.262905862504102],[-97.651715013162303,30.262907275529678],[-97.651710747693585,30.262907983261083],[-97.651705651735568,30.262908921553574],[-97.651699980308422,30.262910096022129],[-97.651695715880379,30.262910803772233],[-97.651689446793497,30.262911717680375],[-97.651683788901224,30.262912425001723],[-97.651676672693569,30.262913100862473],[-97.651672984376802,30.262913546229896],[-97.651667610298105,30.262914231671871],[-97.651663074860735,30.262914438992151],[-97.651655401371755,30.262914609134459],[-97.651651156172477,30.262914575008985],[-97.651645486301504,30.262914538973948],[-97.651640387535139,30.262914487271455],[-97.651636149424888,30.262914206469361],[-97.651627920803421,30.262913868220238],[-97.651623973972306,30.262913345991635],[-97.651618565191896,30.262913067971677],[-97.651609518575782,30.262912493116239],[-97.651604995256747,30.262912206140108],[-97.65159792063065,30.262911398305867],[-97.651591953573103,30.262910612740754],[-97.651582347911159,30.262908542192754],[-97.651576420213729,30.262907510546945],[-97.651568193151277,30.262905961792725],[-97.651558580378889,30.262904138822663],[-97.651552652681985,30.262903107175745],[-97.651548119468032,30.262902076881346],[-97.651542768259517,30.262900809981215],[-97.651538797355386,30.262900037786075],[-97.65153172597293,30.262897993260516],[-97.651526945869392,30.262896710693031],[-97.651522979972938,30.262895691782731],[-97.651515622739751,30.262893667288807],[-97.651511672063137,30.262892155045233],[-97.651505473381491,30.262890622063388],[-97.651498692261001,30.262888335187348],[-97.651494158361402,30.262887332904043],[-97.651490764588985,30.262886299249139],[-97.651486831982865,30.262885281856871],[-97.651482575826648,30.262884505293918],[-97.651478351941265,30.262883729327029],[-97.651475236664922,30.262882975649713],[-97.651470988661515,30.262881951525863],[-97.651466175225835,30.262880669244314],[-97.651463067039103,30.262879668890569],[-97.651459958498293,30.262878640504553],[-97.651456023087334,30.262876633118974],[-97.651452642852092,30.262875132316552],[-97.651449567078686,30.262872894909687],[-97.651446455023986,30.26287090544762],[-97.65144338029188,30.262868668059834],[-97.651440830170273,30.262866909568974],[-97.651437180013332,30.262864906548899],[-97.651344845203525,30.262859426168713],[-97.651162014667918,30.262858707780872],[-97.650994723742372,30.262871240438066],[-97.650871617522355,30.262863739178226],[-97.650680867510488,30.262867529633454],[-97.65056519113196,30.262893656121996],[-97.650467996453841,30.262909167856286],[-97.650424632637652,30.262916703557185],[-97.650390058793064,30.26290555577366],[-97.650359469880314,30.262900509879177],[-97.650341002428149,30.262910413285542],[-97.650207624913293,30.262990385076801],[-97.650079125576013,30.263076165062387],[-97.649955839012804,30.263167528909058],[-97.649838086646128,30.263264237575594],[-97.649726176680176,30.263366039120189],[-97.649620399959446,30.263472667719284],[-97.649521033046852,30.263583845532679],[-97.649428336141924,30.263699282664636],[-97.649342548872411,30.263818678894101],[-97.64931102401637,30.263866233297687],[-97.647495122597121,30.266669625564575],[-97.645917912341616,30.269092785951901],[-97.645889904855522,30.269135363719538],[-97.645838705938829,30.269215557456029],[-97.645429679102847,30.269842279765111],[-97.645150734813484,30.270270736024784],[-97.644684340237589,30.270987105781593],[-97.644633902845385,30.271067677536141],[-97.64456257994101,30.271194042477671],[-97.644498782338061,30.271323403638522],[-97.644442678743502,30.27145542423003],[-97.644394414144742,30.271589757982238],[-97.644354114837043,30.271726056469468],[-97.644321885454829,30.271863962726695],[-97.644297810898678,30.272003117613732],[-97.644281954296559,30.272143157969094],[-97.644274355918,30.272283718398043],[-97.644275036274905,30.272424432233983],[-97.644283992975133,30.272564932384348],[-97.644301203823559,30.272704852292033],[-97.644326623675809,30.272843826781106],[-97.644360185434351,30.272981493883631],[-97.64440180217504,30.273117493070803],[-97.64445136490852,30.273251471540263],[-97.644508745858957,30.2733830779482],[-97.644573793080298,30.273511969542493],[-97.644646337810201,30.273637809586727],[-97.644726192276366,30.273760271840171],[-97.644813145687735,30.273879034155101],[-97.644906973381453,30.273993787687083],[-97.645007429624201,30.274104233145795],[-97.645114251731897,30.274210082679261],[-97.645227162151826,30.2743110599129],[-97.645345865294658,30.274406901699138],[-97.645470051721432,30.274497357291061],[-97.645599398098767,30.274582190149836],[-97.645718184639435,30.274652124633281],[-97.645693264232619,30.274664004446656],[-97.64555533552182,30.274737956069497],[-97.645421937543404,30.274817922982617],[-97.645293418054663,30.274903698284021],[-97.645170111704644,30.274995057652539],[-97.645052339967322,30.275091762058807],[-97.644940411097792,30.275193559571992],[-97.644834615989481,30.275300184379116],[-97.644735231253392,30.275411358649869],[-97.644642517135679,30.275526792497779],[-97.644556713308688,30.275646185710229],[-97.644478046247301,30.275769224268736],[-97.644406719636692,30.275895589211498],[-97.644402296430528,30.275903997268685],[-97.644278848305319,30.276139723174669],[-97.644274554106786,30.276148178821455],[-97.644224288937437,30.276248871055525],[-97.644178776583672,30.276351798889014],[-97.644138116177416,30.276456738131504],[-97.644102396282392,30.276563460211463],[-97.643927996402994,30.276880298530624],[-97.643906897640676,30.276919414887828],[-97.643843095339037,30.277048775830075],[-97.643786987487445,30.277180796244881],[-97.643738719084354,30.277315129862746],[-97.64369841643493,30.277451428258356],[-97.643666184182351,30.277589334466935],[-97.643642107234683,30.277728489348398],[-97.643626248726164,30.277868529741269],[-97.643618648931266,30.278009090250727],[-97.643619328365602,30.278149804209988],[-97.643628284639405,30.278290304526138],[-97.643645495558772,30.278430224641578],[-97.643670915979058,30.278569199379969],[-97.643704478801226,30.278706866772602],[-97.643746097098457,30.27884286629007],[-97.643795661877263,30.278976845128977],[-97.643853045356536,30.27910845194468],[-97.643918095583572,30.279237343983869],[-97.643990643788172,30.279363184509084],[-97.644070502189123,30.27948564727825],[-97.644157459984896,30.279604410142358],[-97.644251292501394,30.279719164255624],[-97.644351753992609,30.279829610326029],[-97.644458581760745,30.279935460500106],[-97.644571498238392,30.280036438401616],[-97.644690207820346,30.280132280881222],[-97.644814401050908,30.28022273719014],[-97.644943754578904,30.280307570787805],[-97.645077931091635,30.280386562052787],[-97.64521657942592,30.280459503764966],[-97.645225527826781,30.280463927613948],[-97.645822424912879,30.280757899175718],[-97.645821947699886,30.28075951493301],[-97.645789717391537,30.28089742174712],[-97.645765642697356,30.281036577098522],[-97.645749786745753,30.281176617824531],[-97.645742189804636,30.281317178529385],[-97.645742872381959,30.281457892545859],[-97.645751832080052,30.28159839278085],[-97.645757945314287,30.281656288894069],[-97.645767702974879,30.281736065619697],[-97.645774127547682,30.281793585985014],[-97.645784548078396,30.281876018452294],[-97.645886975033051,30.282753405568297],[-97.645922707946809,30.283058939343395],[-97.646024389463392,30.283928360548806],[-97.646262588830609,30.285964263545559],[-97.646263439273639,30.285971537076563],[-97.646497338134822,30.287967467009075],[-97.646551753903708,30.288437022032976],[-97.646601153489854,30.288863241235294],[-97.646612800389192,30.288949921060858],[-97.646638227907076,30.289088895419599],[-97.646671798680828,30.289226562240579],[-97.646713425762599,30.28936256099567],[-97.646763000136218,30.289496538883629],[-97.646820393995711,30.289628144562283],[-97.646885455360803,30.28975703528128],[-97.646958015432574,30.289882874306585],[-97.647037886399048,30.290005335400032],[-97.647124857425368,30.290124096417021],[-97.647218703803404,30.290238848516491],[-97.647319179750838,30.290349292411779],[-97.647426022532116,30.29045514025513],[-97.647538954540593,30.290556115676274],[-97.64765768013072,30.290651955532404],[-97.647781889804762,30.290742409081606],[-97.647911260168925,30.290827239790477],[-97.648045453866558,30.290906228045177],[-97.648184119689503,30.29097916663337],[-97.648326896632071,30.291045865339914],[-97.648473411831432,30.291106150004687],[-97.648623282605527,30.291159864368538],[-97.64877611966638,30.291206866516827],[-97.648931522777616,30.291247036031518],[-97.649089086160984,30.291280265954931],[-97.649248399338404,30.291306470941905],[-97.649409047265493,30.291325581837889],[-97.64957060920193,30.29133754927442],[-97.649732664982096,30.291342342881091],[-97.649894791979918,30.291339947613235],[-97.650056565929418,30.291330372807632],[-97.650217565378298,30.291313640512065],[-97.65037737035874,30.291289797213434],[-97.650504149678426,30.291265037923829],[-97.650388492574876,30.29144586254905]],[[-97.655812323450689,30.273676005420015],[-97.654581066900178,30.27676708279737],[-97.653733054120792,30.278619234552373],[-97.653677302330564,30.27875050990599],[-97.653662017214501,30.278792100128637],[-97.653628109712599,30.278884585011593],[-97.653224960373578,30.279967663225516],[-97.652519469993933,30.279700280967774],[-97.652506720317859,30.279695477360249],[-97.652082483170815,30.279536604593812],[-97.651918274747686,30.279474613027762],[-97.651946930116551,30.27938739533381],[-97.651969027325919,30.279316575456196],[-97.652005295106974,30.279179426216881],[-97.652033446995489,30.279040848754338],[-97.652053409589826,30.278901204244864],[-97.652065130246243,30.278760856958691],[-97.652068579183236,30.278620173394756],[-97.652063747442938,30.278479520434889],[-97.652050646890601,30.278339265343917],[-97.652029312340943,30.278199774000541],[-97.651999799497077,30.27806140995569],[-97.651962184950705,30.277924534432245],[-97.651916567266412,30.277789504537111],[-97.651863064943896,30.277656671415734],[-97.651801818410789,30.277526383904974],[-97.651732987120681,30.277398979439312],[-97.651656750394295,30.277274792203034],[-97.651630585697205,30.277236317720828],[-97.651754749555039,30.277228966618154],[-97.65191572500602,30.277212232207177],[-97.652075506038415,30.277188386823781],[-97.652233675539676,30.277157490574954],[-97.652389821095028,30.277119624449611],[-97.652543536095465,30.277074887627172],[-97.652694417656278,30.277023397438491],[-97.652842072930127,30.2769652867707],[-97.652986116915031,30.276900708546339],[-97.65312617362811,30.276829830320878],[-97.653261878100039,30.276752837935348],[-97.653392875444311,30.276669930978922],[-97.653518824911984,30.27658132738371],[-97.653639396922756,30.27648725704131],[-97.653754277141459,30.276387965494205],[-97.653863166500116,30.276283713031891],[-97.653965780267328,30.276174770152995],[-97.654061850020241,30.276061422122062],[-97.654151126900103,30.275943963604828],[-97.654233377359574,30.275822702205971],[-97.654236327977216,30.275818076346717],[-97.654699737499769,30.27508983971347],[-97.655069141787678,30.274531321105012],[-97.655089671301297,30.274499802849316],[-97.656045048865096,30.273010287014571],[-97.656132093575579,30.272876526658475],[-97.655812323450689,30.273676005420015]],[[-97.69106052125521,30.251352040320583],[-97.691126085873123,30.251404945518914],[-97.69113000840828,30.251408278573166],[-97.691248972973227,30.251504284100903],[-97.691253877590853,30.251507958638733],[-97.691292448122169,30.251539082215793],[-97.691333713488461,30.251570168844019],[-97.691362427170489,30.251591426502792],[-97.691386213877635,30.251609030009444],[-97.691411101411788,30.25162744906687],[-97.691435533561886,30.251645536199618],[-97.691459667338435,30.251663387376375],[-97.691489855269538,30.251685436605182],[-97.691515837857736,30.25170417748193],[-97.691539957722938,30.251721570038704],[-97.691551444869702,30.251729858131977],[-97.691657383226385,30.251802697349987],[-97.691667475942054,30.251809650144583],[-97.691693323190222,30.251827139133631],[-97.691719119427276,30.251844584700706],[-97.691822494804782,30.251911610318807],[-97.691834445212095,30.251918998231535],[-97.691860262467429,30.251934881958196],[-97.691887085575175,30.251951374287362],[-97.691914049333079,30.251967950528986],[-97.691997003403685,30.252017252899535],[-97.692023613053166,30.252032536228981],[-97.692051806891342,30.252048714394743],[-97.692078035943283,30.252063760269827],[-97.692100436554583,30.252076492781043],[-97.692127015278444,30.252091461822641],[-97.692153291866816,30.252106264452348],[-97.692181711766267,30.252122267692048],[-97.692195985507155,30.252130258263108],[-97.692280233008063,30.252175548264628],[-97.692307671753298,30.252189789755739],[-97.692335285388609,30.252204120300437],[-97.692363454512588,30.252218734850256],[-97.692417415316299,30.252246109059122],[-97.69245357008775,30.252263766036098],[-97.692480191702657,30.252276569685108],[-97.692508639520042,30.252290250861115],[-97.692537077002029,30.252303929130946],[-97.692578679780439,30.252323328530931],[-97.692453346956114,30.25232244365672],[-97.692291412976957,30.252328484516696],[-97.692130044548534,30.252341695489879],[-97.69196966419392,30.252362042665325],[-97.691810689711659,30.252389472159308],[-97.691653535130087,30.25242391374892],[-97.691498610838394,30.252465275449904],[-97.691346322350284,30.252513451630712],[-97.691197065295739,30.252568314784881],[-97.69105122941103,30.252629722835675],[-97.690909195502996,30.252697515464835],[-97.690771333324619,30.252771515881602],[-97.690638003678288,30.252851529956974],[-97.690509554143958,30.252937350666063],[-97.690386319187894,30.253028753569421],[-97.690268620097839,30.253125499524149],[-97.690156764939033,30.253227336490745],[-97.690098119329946,30.253286504698647],[-97.690217411113068,30.253098191580296],[-97.69057700843733,30.252530516540787],[-97.69062243709989,30.252458800299323],[-97.690650658710453,30.252414251732255],[-97.690718653166215,30.252300757191911],[-97.690733490590631,30.252274516486196],[-97.690786876991723,30.252175135459723],[-97.690835791176426,30.252073478690249],[-97.690880136368193,30.251969747305356],[-97.690919824830203,30.251864146537237],[-97.690954778038986,30.251756885316656],[-97.690962768091254,30.251730275199755],[-97.69098965678667,30.251633838092651],[-97.691012398306938,30.251536339678179],[-97.69103095107333,30.251437958214343],[-97.691045281165543,30.25133887357363],[-97.69106052125521,30.251352040320583]]],[[[-97.664766345672902,30.287500874660317],[-97.664604350476083,30.287506880283541],[-97.66444291896515,30.287520056180735],[-97.664282473828024,30.287540368532817],[-97.664123433032287,30.287567763546807],[-97.663966210778582,30.287602171089539],[-97.663811217633423,30.287643499265712],[-97.66365885928991,30.287691642531431],[-97.663509531560294,30.287746473465816],[-97.663363624364735,30.287807850076241],[-97.663221518696602,30.287875612126562],[-97.663083584495467,30.28794958290554],[-97.662950182752525,30.288029568361811],[-97.662821661235128,30.28811536154501],[-97.662698354597353,30.288206738087442],[-97.662580584313801,30.288303458914861],[-97.662468658636001,30.28840527205357],[-97.662362868448881,30.288511911649888],[-97.662263490350739,30.288623099834844],[-97.66217078457062,30.288738546685572],[-97.662084990758942,30.28885795195578],[-97.662006335364381,30.288981001595246],[-97.66193502204186,30.289107376613376],[-97.661871235971617,30.289236746830419],[-97.661815145831113,30.289368775433729],[-97.661766896572047,30.289503116132675],[-97.661726887627694,30.289638386745366],[-97.661513309841055,30.290444853142883],[-97.661303935458761,30.291233218770905],[-97.661291162887593,30.29128357399842],[-97.661261669581762,30.291405263714548],[-97.661241875936796,30.291494159049805],[-97.661217821030291,30.291633317539624],[-97.661201985918581,30.291773360406626],[-97.6611944108149,30.291913922249613],[-97.661195116170589,30.292054636398326],[-97.661196947955005,30.292083286221562],[-97.661193698639963,30.292087808220153],[-97.661115039447822,30.292210857365557],[-97.661043722544292,30.292337231942664],[-97.660979933118909,30.292466601772805],[-97.660923839858157,30.29259863004442],[-97.66087558772179,30.292732970467643],[-97.660845693117423,30.292831215054289],[-97.660399560704818,30.294419074447344],[-97.660371223768507,30.294517654099671],[-97.660367101825756,30.294532004312355],[-97.660320516560802,30.294531663395823],[-97.660158509192996,30.294537663361801],[-97.659997065219599,30.294550833628751],[-97.659836607361171,30.294571140392222],[-97.659677553618408,30.294598529873838],[-97.65952031822566,30.29463293195484],[-97.659365311783844,30.294674254754224],[-97.659212940020694,30.294722392742141],[-97.659063598783462,30.294777218511385],[-97.658917678027535,30.294838590082882],[-97.658775558781684,30.294906347233535],[-97.658637611020794,30.294980313265008],[-97.658504195771613,30.295060294138274],[-97.658375660836583,30.295146082914883],[-97.658252340904738,30.295237455238681],[-97.658134557485582,30.295334172046381],[-97.658022618864692,30.295435981374784],[-97.65791681596086,30.295542617380207],[-97.657865389692603,30.295598680122716],[-97.657862318638607,30.295602121360741],[-97.657835497853739,30.295632204424813],[-97.657733531026722,30.295746570128234],[-97.657688237675629,30.295797992230153],[-97.657591180012489,30.295905737427766],[-97.65754324437026,30.295960825586135],[-97.657450525797358,30.296076269117371],[-97.657364719527195,30.296195671328807],[-97.657286052041499,30.296318718178153],[-97.657214727026528,30.296445090682194],[-97.657150929692733,30.296574458667624],[-97.657094828747333,30.296706485327785],[-97.65704656917022,30.296840824376979],[-97.657006277243667,30.296977127375659],[-97.656974057582929,30.297115037347126],[-97.656949995063215,30.297254195141416],[-97.65693697514628,30.297369286035867],[-97.656897545995434,30.297449239552986],[-97.65684144418826,30.297581266117753],[-97.656793183814855,30.297715605087522],[-97.656752891159698,30.297851908022871],[-97.656720670839661,30.29798981794729],[-97.656696607731988,30.298128975710839],[-97.656680764934862,30.298269018144616],[-97.656673182681445,30.298409579848457],[-97.656672712456796,30.298488736021042],[-97.656626339428641,30.298603280710754],[-97.656586115954923,30.298720126831121],[-97.656552155596358,30.29883894449701],[-97.656524554231311,30.298959398257139],[-97.656521117017618,30.298967918052437],[-97.656447595593079,30.299095580527403],[-97.656383795457387,30.299224948176651],[-97.656327691901737,30.299356974548058],[-97.656279429912786,30.299491313356626],[-97.65623913577933,30.299627616163477],[-97.656206914122066,30.29976552599237],[-97.656187441137234,30.299878131111278],[-97.655556776481177,30.300844851000548],[-97.655505022629484,30.300927437402564],[-97.655433691831675,30.301053808990211],[-97.655369889021756,30.301183176166656],[-97.655313782921056,30.30131520212727],[-97.655265518522938,30.301449540588195],[-97.655225222122453,30.301585843111447],[-97.65519299834618,30.301723752721568],[-97.655168932080358,30.301862910269488],[-97.655153086431497,30.302002952586765],[-97.655145501640163,30.302143514273624],[-97.65514626209449,30.302283065409544],[-97.655146864091876,30.302300687595206],[-97.655147418347099,30.302318557517061],[-97.655154435846583,30.302554282195995],[-97.655156847973885,30.302674762816729],[-97.655157126527882,30.302694956514127],[-97.655166102025021,30.302835456513687],[-97.655183334213589,30.302975375561417],[-97.655208777893293,30.303114348483632],[-97.655242365904485,30.303252013316587],[-97.655284011254352,30.303388009537361],[-97.655333604879218,30.303521984351303],[-97.655391018922913,30.303653586424041],[-97.6554561013522,30.303782473015016],[-97.655528683313378,30.303908307400722],[-97.655608576937624,30.304030763355126],[-97.655695571330639,30.304149518747117],[-97.655789441723485,30.304264264750159],[-97.655889942271116,30.304374702093632],[-97.655996810173804,30.304480542946823],[-97.656109767759446,30.304581510957732],[-97.656228519315604,30.304677343002897],[-97.656352755276927,30.304767788360781],[-97.656482152180942,30.304852610519301],[-97.656616372601945,30.304931589886909],[-97.656755065261791,30.30500451927459],[-97.656897869084929,30.305071208491139],[-97.657044411138287,30.305131483401137],[-97.657194308669787,30.305185187770988],[-97.657347172321721,30.305232179712011],[-97.657502601788309,30.305272338832921],[-97.657660191222305,30.305305558203155],[-97.65781953007783,30.305331752505069],[-97.657980203243497,30.305350852611834],[-97.658141789913103,30.305362809183379],[-97.65830386985661,30.305367591877548],[-97.658466020384736,30.305365185678088],[-97.658627817170199,30.305355599950371],[-97.658788838700872,30.305338856770693],[-97.658874994229379,30.305326365703632],[-97.658948746723226,30.305315408274151],[-97.659312467008732,30.305260836875672],[-97.659422142349271,30.305251904341734],[-97.659531469746042,30.30523941471408],[-97.659640333862768,30.305223381168801],[-97.66009851240193,30.305148270676199],[-97.660102094947931,30.305145140742248],[-97.6601205202264,30.305144245709066],[-97.660124858762089,30.305143905146057],[-97.660140240847696,30.305143383546636],[-97.660219826506037,30.305144416568652],[-97.660381622742904,30.305134828610331],[-97.660542643595676,30.3051180832109],[-97.66070246904124,30.305094226891502],[-97.660860681850735,30.305063319787585],[-97.661016869496493,30.30502544291647],[-97.661170625260183,30.30498069548554],[-97.661321546149935,30.304929194853472],[-97.661469239216245,30.304871073934446],[-97.661613319358466,30.304806485677883],[-97.661753410499301,30.304735597665378],[-97.661889147579743,30.304658595763449],[-97.662020175628015,30.304575679586105],[-97.662146153815428,30.304487067089525],[-97.662226178813384,30.304423228060593],[-97.662265943227183,30.304392207574686],[-97.662300320496527,30.304363979230832],[-97.662345969107378,30.304328368490413],[-97.662460873697583,30.304229068679124],[-97.662569785234794,30.304124808342838],[-97.662672418929702,30.304015858000763],[-97.66276850630706,30.303902502936896],[-97.662857798462824,30.303785037835326],[-97.662940061809635,30.30366377031779],[-97.663015081333427,30.303539015579371],[-97.663082661524385,30.303411100925423],[-97.663142626575095,30.303280357638638],[-97.663194819140301,30.303147129092707],[-97.663239103681633,30.30301176177284],[-97.663275364295743,30.302874608852221],[-97.66330350684116,30.302736028422686],[-97.663312016117999,30.302683338941417],[-97.663361943168965,30.302350852213301],[-97.663414617383395,30.302044748471126],[-97.663473869030994,30.301739525888557],[-97.663539687376939,30.301435237599669],[-97.663612021604592,30.301132127661404],[-97.663690869461703,30.300830200542507],[-97.663779696737535,30.300517261778207],[-97.664334385954945,30.298638832276499],[-97.66442390170883,30.298335683264774],[-97.664455281206585,30.298216929396993],[-97.664495626541765,30.298213213376776],[-97.664503846412927,30.298212369878296],[-97.664640288758491,30.298195773114909],[-97.664775998296903,30.298173981203579],[-97.664910777292391,30.298147025896256],[-97.665044429364997,30.298114946468203],[-97.665052357119805,30.298112879805203],[-97.66507140670717,30.298107857673152],[-97.665225149470103,30.29806310538449],[-97.66537605727811,30.298011599991764],[-97.665523737215423,30.297953474421416],[-97.665566427896465,30.297935172565982],[-97.665573820331247,30.297931943370607],[-97.665695160466015,30.297876098004895],[-97.665814133309894,30.297815372428737],[-97.66593054268435,30.297749866774666],[-97.666044196637898,30.297679689057254],[-97.666050830457166,30.297675396300864],[-97.666088647537833,30.297650540815983],[-97.666214612851149,30.297561924376247],[-97.666335198804816,30.297467841709658],[-97.666450091027286,30.297368538390636],[-97.666463659322858,30.297356119727173],[-97.666469336590495,30.297350890874458],[-97.66656117137461,30.297262639238625],[-97.666648980808148,30.297170381544198],[-97.666732590311582,30.297074301214597],[-97.666811833655501,30.296974589273258],[-97.666816378495199,30.296968587452852],[-97.666889663803829,30.296867065850886],[-97.666958173600818,30.296762262321156],[-97.667307788209101,30.296199084083909],[-97.667358072536629,30.296114624648073],[-97.667404832290501,30.296032646366584],[-97.667451616271208,30.295946946256688],[-97.667495141504332,30.295859546006302],[-97.667535278032759,30.295774965463945],[-97.667578485711957,30.29567883857721],[-97.667611640930446,30.295596823148632],[-97.667644961118015,30.295510042743594],[-97.667663988116303,30.295458827944945],[-97.667706979047708,30.295327788704384],[-97.667733967349008,30.295237056235464],[-97.667770860980113,30.295097736997832],[-97.667780722086817,30.295053662472586],[-97.667799968888531,30.294963730038472],[-97.667818241500896,30.294869223290622],[-97.667832507170417,30.294775791205545],[-97.66784456327477,30.294684920471884],[-97.667850240471651,30.29463870525003],[-97.667862016859118,30.294496907493002],[-97.667866900839314,30.294404081741924],[-97.667870173197684,30.294266295725667],[-97.667869552859486,30.294227516593573],[-97.667913227518468,30.294170050232712],[-97.667996532259536,30.294047124665035],[-97.668000058035346,30.29404159231056],[-97.668164113060769,30.293783648533839],[-97.668634443669163,30.293044117971519],[-97.668703945192519,30.292935560223992],[-97.668870828502833,30.292674898375054],[-97.669087352468793,30.292336693210949],[-97.669162900961098,30.292211080775296],[-97.669230464947859,30.29208316306061],[-97.669290414513497,30.291952417085767],[-97.669342592353587,30.291819186231535],[-97.669386862967869,30.291683816989099],[-97.669423110489319,30.291546662536692],[-97.669451240810801,30.291408080970129],[-97.669471180586697,30.291268433476404],[-97.669482877232738,30.29112808433355],[-97.66948630103029,30.290987400045328],[-97.669481443087037,30.290846747495415],[-97.66946831533653,30.290706493947638],[-97.669446952664487,30.29056700527665],[-97.669417410847586,30.290428645026328],[-97.669379766552694,30.290291774409745],[-97.669334118422427,30.290156750520989],[-97.669280585035523,30.290023924489862],[-97.669219306901141,30.289893645134622],[-97.669150443554813,30.289766249868538],[-97.669074174401203,30.289642072851883],[-97.668990698911927,30.28952143685914],[-97.668900235473799,30.28940465777869],[-97.668803018397114,30.289292039133166],[-97.668699301992049,30.289183875771425],[-97.668589357577304,30.289080448388905],[-97.668473471286944,30.288982028008249],[-97.668351945221971,30.288888871480193],[-97.66822509747216,30.288801220580215],[-97.668093257862978,30.288719305547101],[-97.667956771233889,30.28864333881441],[-97.667894372587256,30.288611368785883],[-97.666403452107474,30.28786725867268],[-97.666325073881239,30.287829408425033],[-97.666180373949018,30.287765915954548],[-97.666032127157862,30.287708918945967],[-97.665880719501814,30.287658564601621],[-97.665726547758652,30.287614984954356],[-97.665570013309093,30.287578294042383],[-97.665411524219564,30.287548587947164],[-97.665251494267565,30.287525942064047],[-97.665090340683051,30.287510418292772],[-97.664928483372208,30.287502054174865],[-97.664766345672902,30.287500874660317]]],[[[-97.625510340308352,30.332942250281892],[-97.62558756356502,30.332977736215788],[-97.625594813263774,30.332927151466382],[-97.6256057283898,30.332796950511835],[-97.625510340308352,30.332942250281892]]],[[[-97.698824565343443,30.329773400271588],[-97.698804003393192,30.329809459037367],[-97.698753421853382,30.32989986266875],[-97.698689658361289,30.330029252075526],[-97.698633595100148,30.330161297655163],[-97.698585376950291,30.330295653072948],[-97.698545130086956,30.330431969846682],[-97.698512959007033,30.330569890963766],[-97.698488948459641,30.330709057244839],[-97.698473161405943,30.33084910549865],[-97.698465637933452,30.330989670310213],[-97.698466398359102,30.331130385001295],[-97.698475440081566,30.331270882477313],[-97.698492740684486,30.331410796187622],[-97.698518254789107,30.331549760972607],[-97.698551915052093,30.331687414889963],[-97.698593634291683,30.331823397445049],[-97.698631239423619,30.33192576869742],[-97.698635528053543,30.331937387461998],[-97.698643195148151,30.331957387373443],[-97.69881649483996,30.332404166193133],[-97.698843592200276,30.332474556467435],[-97.698874584214877,30.332543320939976],[-97.69890937385253,30.332610244319778],[-97.698967820300439,30.332741463899474],[-97.699032981166852,30.332870328691126],[-97.699105642453986,30.332996138696171],[-97.69918561608759,30.333118567751601],[-97.699272690962601,30.333237293797406],[-97.699366642101239,30.333352008082908],[-97.699467223447542,30.333462411420498],[-97.699574171990818,30.333568216068358],[-97.699687209849074,30.333669145768617],[-97.69980604109999,30.333764937498128],[-97.69993035597011,30.333855340640451],[-97.700059830791048,30.333940118793382],[-97.700194127934552,30.334019052480162],[-97.70033289592152,30.334091934631374],[-97.700475773480065,30.334158575178716],[-97.700485272370869,30.334162694894136],[-97.700512812940943,30.334174592862205],[-97.701095664582851,30.334428014336858],[-97.701232875930586,30.33448413509133],[-97.70138284419933,30.334537787593653],[-97.701535776399382,30.334584726610558],[-97.701691272046631,30.334624831889247],[-97.701848925120018,30.334657996639837],[-97.702008324908491,30.334684135686945],[-97.7021690561415,30.334703180047711],[-97.70233069786093,30.334715080528056],[-97.702492829693924,30.334719806931766],[-97.702655028814888,30.334717344389269],[-97.702816870770619,30.334707702413539],[-97.702977933929972,30.334690903227216],[-97.703137798160739,30.334666993491759],[-97.703296046131825,30.334636033482106],[-97.703452265224257,30.334598104353525],[-97.703606048637781,30.334553305449376],[-97.703756993308403,30.334501754263329],[-97.703904706223952,30.334443583841232],[-97.704048802232649,30.334378947261438],[-97.704188905215574,30.334308012231766],[-97.704324650083208,30.334230964741188],[-97.704455681842646,30.334148004523044],[-97.704581659656583,30.334059349647934],[-97.704702253869598,30.333965230141558],[-97.704817150088772,30.333865891674726],[-97.704926049205326,30.333761594658863],[-97.705028666461502,30.333652609709254],[-97.705124733425237,30.333539222200351],[-97.705214001245807,30.333421726900255],[-97.705296236399704,30.333300431509745],[-97.705345144200805,30.333220839264502],[-97.705963792668143,30.332173059476339],[-97.705989871835584,30.332127871387993],[-97.706057414782364,30.331999933413353],[-97.706117339045775,30.331869169368005],[-97.706169487387754,30.331735922679929],[-97.706183178101597,30.331694024327511],[-97.706385773145414,30.331366113471216],[-97.706439352968189,30.331275399340839],[-97.706506894712859,30.331147461141914],[-97.706566817828659,30.331016696899521],[-97.706618965080708,30.330883450042229],[-97.706663201048286,30.330748067102828],[-97.706699409954894,30.330610901295348],[-97.706727497794205,30.330472310745172],[-97.706747391331376,30.33033265666252],[-97.706759038102675,30.330192303343033],[-97.70676240851995,30.330051617300985],[-97.706757493830168,30.329910965424631],[-97.706744306114828,30.329770714976291],[-97.70672288041618,30.329631231822344],[-97.70669327267521,30.329492879492246],[-97.706655559730976,30.329356019178515],[-97.706609840405136,30.329221007948252],[-97.706556233461555,30.329088196898393],[-97.706494879602587,30.328957934807857],[-97.706463881080907,30.328900660965047],[-97.706573736742982,30.328965224778514],[-97.706626835273866,30.328994106518735],[-97.707581701867923,30.329502159722423],[-97.70760859572917,30.329540606516513],[-97.707688659432179,30.32964924482426],[-97.707772202128822,30.329751832555761],[-97.70782100576055,30.329808953178262],[-97.707911333830111,30.329909708312908],[-97.708006301255494,30.330006103050454],[-97.708060970853822,30.330059075694326],[-97.70816167891914,30.330152219742192],[-97.708266550058582,30.330240650348806],[-97.708326621291832,30.330289020011428],[-97.708436739501977,30.330373654463987],[-97.708550527843883,30.330453286266771],[-97.708615486298598,30.330496643151246],[-97.708734131937433,30.330572105327906],[-97.708855956161244,30.330642320612657],[-97.708925248953591,30.330680294009884],[-97.709046698143183,30.33074360710442],[-97.709180130832408,30.330806081757235],[-97.709253166392259,30.330838349084082],[-97.709385689398246,30.330893584698085],[-97.709520406364675,30.330943230031476],[-97.709596561794498,30.33096951425232],[-97.709734343585566,30.331013892716467],[-97.709873834786123,30.331052564088296],[-97.709952461939835,30.331072641058064],[-97.710094280145967,30.331105782273244],[-97.710237327588459,30.331133135023258],[-97.710317754094305,30.331146834411076],[-97.710462389385,30.331168470700501],[-97.710607778167855,30.331184269376223],[-97.71068931782672,30.331191475757098],[-97.710823776896916,30.331200860296743],[-97.710982207203017,30.331205548243823],[-97.711066013793996,30.331206211854258],[-97.711211329184039,30.331204404768361],[-97.711806321520527,30.331185187192727],[-97.711825047598509,30.331184534090276],[-97.711986882657868,30.33117488045459],[-97.712147938264053,30.331158069667826],[-97.712307794304735,30.331134148421704],[-97.712466033470193,30.331103177021117],[-97.712622243164276,30.331065236651138],[-97.712776016611301,30.331020426684308],[-97.712926950773451,30.330968864643356],[-97.71301683191669,30.330933459584077],[-97.713145727218702,30.331001140782835],[-97.713288609082355,30.331067766914209],[-97.713435226412699,30.331127977059847],[-97.713585196261633,30.331181615155351],[-97.713738129082202,30.331228539484098],[-97.713893624389073,30.331268629831946],[-97.714051276161783,30.331301779447848],[-97.714210673692818,30.331327903195827],[-97.714230476694169,30.331330640304607],[-97.715124751100092,30.33145174970009],[-97.715265676453683,30.331468040538248],[-97.715410716714374,30.331479035948917],[-97.715416498402817,30.331479358564252],[-97.715434920549029,30.331480349368341],[-97.71559704754975,30.331485059071383],[-97.715759240851995,30.331482579824385],[-97.715921076018347,30.331472921183977],[-97.715927032464478,30.331472427841934],[-97.715930799190801,30.331472112155591],[-97.716058597569159,30.331459298811808],[-97.716185860629949,30.331441957512858],[-97.716312427996883,30.331420110112163],[-97.716438140170396,30.331393784141707],[-97.716442190235782,30.33139286238686],[-97.716564984156037,30.331362672802705],[-97.716686611776453,30.33132808263365],[-97.716806915447279,30.331289136714343],[-97.71692573923481,30.33124588552522],[-97.716930514559479,30.331244050117384],[-97.7170456703941,30.331197416307191],[-97.717159020590501,30.331146550685425],[-97.717270409698685,30.331091523009874],[-97.717379684958175,30.331032408746236],[-97.717383150059206,30.331030449461576],[-97.71748797594762,30.33096868090071],[-97.717590350146708,30.330902928749744],[-97.717690121349307,30.330833290189116],[-97.71778714209546,30.330759868143311],[-97.717791148563364,30.330756708033977],[-97.717883723799872,30.330680846753847],[-97.71797315811574,30.330601306755199],[-97.718059305430685,30.330518217957117],[-97.718142025033359,30.330431716075221],[-97.718144948198898,30.330428531098782],[-97.718221802460519,30.330341394127412],[-97.7182949309029,30.330251107582313],[-97.718364204589477,30.330157830652379],[-97.718429501380228,30.330061727799002],[-97.71843209061177,30.3300577295084],[-97.718442594925065,30.330041411722014],[-97.718517562783489,30.329916623815166],[-97.718585087428494,30.329788679227985],[-97.718644993196378,30.329657909321149],[-97.718647409579773,30.329652198363931],[-97.718650526606197,30.329644813010482],[-97.718692288967802,30.329541795267492],[-97.718728181111928,30.329436588308564],[-97.718758089024561,30.329329526331289],[-97.718842995900175,30.329291425258447],[-97.718983080475212,30.329220473986044],[-97.719118806222184,30.329143410763717],[-97.719249818197753,30.329060435365914],[-97.71937577561647,30.328971765902573],[-97.719496348875964,30.328877632437841],[-97.719611223637969,30.328778280678652],[-97.71972010085004,30.328673971071158],[-97.719822695811118,30.328564974263553],[-97.719918740147762,30.328451575661369],[-97.720007985067852,30.32833407006131],[-97.720090197107865,30.328212765191267],[-97.720165161386845,30.328087976343777],[-97.720190603748762,30.328040533855798],[-97.720202214454858,30.328018740035727],[-97.720236992780457,30.327951539861683],[-97.720269312710926,30.327883123362078],[-97.720274339293113,30.327872215656459],[-97.720293560947965,30.327829586035914],[-97.720309321288056,30.327796596665376],[-97.720361447659442,30.327663344233148],[-97.720405662706028,30.327527956574389],[-97.720441850705683,30.327390786915359],[-97.720469917706907,30.327252193391384],[-97.720489790529001,30.327112537220621],[-97.720501416762374,30.326972182704122],[-97.720504226617948,30.326852433554599],[-97.72050420807048,30.326831505330468],[-97.720508258874915,30.326233683383887],[-97.720508272611681,30.326204484572127],[-97.720505904235836,30.326110724528299],[-97.720505409848357,30.326099713361213],[-97.720504915460992,30.326088702194184],[-97.720502349151786,30.326041810965691],[-97.720501535262841,30.326029687514051],[-97.720469222050554,30.325533747877635],[-97.720456101123332,30.325394821298467],[-97.720434656427855,30.325255340535843],[-97.72040503022609,30.325116991478264],[-97.720367299405311,30.324980135309701],[-97.720321562833718,30.324845129086469],[-97.720267939320109,30.324712323892413],[-97.720206569610369,30.324582068491182],[-97.720137613477434,30.324454700233659],[-97.720061250568918,30.324330553209709],[-97.719977680600536,30.324209950115495],[-97.719887122206487,30.324093206753137],[-97.719789809943407,30.323980626553055],[-97.719685998370679,30.323872504263289],[-97.719575161666015,30.323769696522024],[-97.719561415369455,30.323756784318245],[-97.719510646667871,30.323703907440596],[-97.719400607734968,30.323600523499927],[-97.719284627442178,30.323502148958546],[-97.719163008135624,30.323409040547819],[-97.719036068148057,30.323321439917152],[-97.718904137546048,30.323239577174647],[-97.718767561405855,30.323163664617216],[-97.718626695539328,30.323093901174548],[-97.718481907643366,30.323030467909813],[-97.718333575130814,30.322973531596812],[-97.718182084217972,30.322923239279866],[-97.718027831901139,30.322879722829363],[-97.717871219770927,30.322843096118834],[-97.717712656096552,30.322813455062562],[-97.71755255484895,30.322790874885879],[-97.717391333445548,30.322775417317402],[-97.717229411967665,30.322767119726095],[-97.717067213922618,30.322766006887896],[-97.716924114762207,30.322770997266929],[-97.716226399951182,30.322809013131973],[-97.716207447530905,30.322810094924527],[-97.716045963615144,30.322823336391028],[-97.715885470283041,30.322843713946465],[-97.715726385627164,30.32287117362802],[-97.715569123963078,30.322905645134096],[-97.715414095959119,30.322947036402322],[-97.715261707401055,30.322995241723753],[-97.715223860796272,30.323009151511059],[-97.715187947029392,30.322878854495773],[-97.715142218764996,30.322743846448649],[-97.715088603612443,30.322611039109031],[-97.715027242295861,30.322480781246153],[-97.714958294566358,30.322353410217257],[-97.714881940049608,30.322229260119595],[-97.714798378439397,30.322108653657228],[-97.714707828348111,30.321991906641113],[-97.714610524310743,30.321879322511105],[-97.714506720865288,30.321771196025651],[-97.714396689556935,30.321667807783676],[-97.714283192971678,30.321571426860221],[-97.713197029153406,30.320694098520867],[-97.713074181257241,30.320599984785233],[-97.712947250564895,30.320512378112301],[-97.712815329039557,30.320430509086432],[-97.712678761734011,30.320354590021044],[-97.712572801592643,30.320301339778513],[-97.712378664319289,30.320208065104584],[-97.712343767231175,30.320191545135891],[-97.712198987886893,30.320128104745333],[-97.712050663607044,30.32007116112894],[-97.71189918058684,30.320020861350045],[-97.711744935801562,30.319977337298461],[-97.711588330822508,30.319940702867676],[-97.71142977389998,30.319911053991991],[-97.711269678987534,30.319888465917266],[-97.711108463485886,30.319873000392572],[-97.71094654746112,30.319864694807677],[-97.71078435440613,30.319863573959452],[-97.710622307355038,30.319869638229314],[-97.710460827626363,30.319882872601003],[-97.710300338034642,30.319903243102306],[-97.710141256662823,30.319930695788727],[-97.709983997817801,30.319965160376963],[-97.709828972160665,30.32000654482265],[-97.709676585470874,30.320054743434738],[-97.70952723363321,30.320109628648403],[-97.709381306631343,30.320171058329393],[-97.709239185510413,30.320238872102912],[-97.70910124025005,30.32031289312312],[-97.708967831870183,30.320392927207113],[-97.708839308156286,30.320478767277773],[-97.708716003767563,30.320570188845288],[-97.708598240172648,30.320666952718053],[-97.70848632560589,30.320768806809618],[-97.708380550922868,30.320875485159885],[-97.70828119268181,30.320986709798664],[-97.708188511060357,30.321102190707474],[-97.70810274564559,30.321221627552084],[-97.708060970697559,30.321285171979042],[-97.707184715842075,30.322660145599354],[-97.707131047591673,30.322747302889773],[-97.707081429808852,30.322836828025928],[-97.707035966747654,30.322928532902793],[-97.706789767346635,30.323317208627117],[-97.706746901039423,30.323384778636768],[-97.706711723211797,30.323440565495833],[-97.706640443236807,30.323566966179271],[-97.706576694621134,30.32369635942954],[-97.706520645945915,30.323828408373025],[-97.706472442053354,30.323962766666536],[-97.706432209081655,30.324099085820119],[-97.706400051491386,30.324237008815103],[-97.706394923458149,30.324266750122558],[-97.706377499297986,30.324185326045058],[-97.706339788895775,30.324048465734435],[-97.706294072549653,30.323913454486096],[-97.706240469015839,30.323780643396997],[-97.706179118987635,30.323650381246285],[-97.706110182187089,30.323523005402404],[-97.706033838211098,30.323398849975007],[-97.705950286726164,30.323278237682242],[-97.705859746318055,30.323161484350262],[-97.705762451496767,30.323048893435264],[-97.705658656775995,30.322940759713404],[-97.705548633678404,30.322837363802631],[-97.705432668543509,30.322738976643741],[-97.705311063677939,30.322645855000829],[-97.705184137376875,30.322558240558184],[-97.705052219671089,30.322476363459558],[-97.704915655603372,30.322400436039519],[-97.704774800953928,30.322330657266541],[-97.704630023390621,30.322267208243712],[-97.704481700298885,30.322210255786054],[-97.704330217871046,30.322159946979742],[-97.704175973080808,30.322116413738438],[-97.704019367499356,30.322079769979418],[-97.703860809378668,30.32205011166138],[-97.70370071267557,30.322027514054799],[-97.703539494795166,30.322012038933604],[-97.703377575810066,30.322003723712577],[-97.703215379220481,30.322002593213757],[-97.703053328070183,30.322008647843823],[-97.702891843688093,30.322021872611536],[-97.702802398023252,30.322032323652262],[-97.702187140697561,30.322112509160387],[-97.702131447513395,30.322119259838509],[-97.702097818487047,30.322123670717517],[-97.702026366649505,30.322133463578041],[-97.701867279200229,30.322160905925941],[-97.701710013714248,30.322195360296242],[-97.701554980870185,30.322236734671314],[-97.701402586466088,30.322284923386466],[-97.701253226406962,30.322339798902579],[-97.701107290697848,30.322401219110695],[-97.700965160406625,30.322469023660734],[-97.700827205536768,30.322543035730977],[-97.700693787133488,30.322623061161838],[-97.700565253008151,30.322708892898753],[-97.700441937847273,30.322800306473706],[-97.700324163147428,30.32289706271575],[-97.700212237172138,30.322998909558635],[-97.700106450806629,30.323105581060958],[-97.700007080639608,30.32321679927043],[-97.699914386879868,30.323332274185496],[-97.699828609146067,30.323451705487376],[-97.699749973844902,30.323574779056894],[-97.699678684579141,30.323701175841737],[-97.699614926465756,30.323830565605487],[-97.699558868110401,30.323962611483978],[-97.699510654380703,30.324096967141752],[-97.699470411440529,30.324233284095811],[-97.699438243776299,30.324371205333271],[-97.699414236128362,30.324510371674382],[-97.699398451450307,30.324650419927679],[-97.699390929823394,30.324790984678273],[-97.699391691559725,30.324931699248054],[-97.699400734054521,30.325072196542767],[-97.699403407440201,30.325096205968993],[-97.699406303004835,30.325121637875892],[-97.69941164486589,30.325166652464549],[-97.699415099965748,30.325194646638685],[-97.699417395646279,30.325212170775178],[-97.699423761774455,30.32526560436823],[-97.699424793006628,30.325272258783272],[-97.699429156002836,30.325300158178759],[-97.699436770595455,30.325345960621263],[-97.699502655992902,30.325719989940445],[-97.699525705362745,30.325834546033718],[-97.699554202867034,30.325947869747942],[-97.699588083387539,30.326059702132728],[-97.699591569918766,30.326070302851797],[-97.699598388500164,30.326090733953258],[-97.699648055892453,30.326224691893337],[-97.699705544459334,30.326356274360265],[-97.699770701972895,30.326485138665291],[-97.699843359383465,30.326610948142878],[-97.699921866202061,30.326731263628655],[-97.699929129714931,30.326741769903347],[-97.700016930926736,30.326861551841137],[-97.700110876700506,30.32697626548045],[-97.700211452206872,30.327086668136744],[-97.700318394450463,30.327192472069978],[-97.700431425565554,30.327293401024129],[-97.700445604466765,30.327305356723915],[-97.700454745632399,30.327313016591585],[-97.700545603770109,30.327385806385848],[-97.700507585900127,30.327411192085364],[-97.700384264627431,30.327502605661767],[-97.700266484084793,30.327599361911265],[-97.700154552550828,30.327701208767287],[-97.700048760925284,30.32780788028866],[-97.699949385810626,30.327919098522884],[-97.699856687428564,30.328034573468322],[-97.699770905409665,30.328154004806187],[-97.699692266172164,30.328277078417251],[-97.699671125118542,30.328312889969599],[-97.698824565343443,30.329773400271588]],[[-97.705289911591549,30.327556118600054],[-97.70534740871183,30.327687698540679],[-97.705408945969182,30.327809385038062],[-97.705313305081006,30.32775282043664],[-97.705215667445003,30.327699776816292],[-97.705116162627831,30.327650324566747],[-97.705008607716053,30.327599048079371],[-97.705091640640504,30.327554153264884],[-97.705173023003454,30.327506331492518],[-97.70525265167106,30.327455643365624],[-97.705289911591549,30.327556118600054]]],[[[-97.758909539685945,30.301086290171046],[-97.758627340880182,30.301092205033246],[-97.758345467110772,30.301105372705091],[-97.758064166532947,30.301125782196006],[-97.757783686451305,30.301153414366166],[-97.757504273193376,30.301188247348698],[-97.75722617230052,30.301230248416456],[-97.757169188882258,30.301241683975032],[-97.756949949204156,30.301280761918871],[-97.756892816296528,30.301291593529914],[-97.756675031442697,30.301336158889445],[-97.756618193395497,30.301348276607939],[-97.756604089713434,30.301351480346618],[-97.756547494037392,30.301364458437668],[-97.756345516285947,30.301411631812346],[-97.756075090305089,30.30148187609058],[-97.755807181327853,30.301559043079276],[-97.755542025318718,30.3016430646367],[-97.755279854206378,30.301733867127275],[-97.755020899050351,30.301831369669468],[-97.754765386832418,30.301935487695246],[-97.754749855979412,30.301942231579179],[-97.75469715129573,30.301965107212776],[-97.754479875367153,30.302061059536211],[-97.754264984770558,30.302162241100799],[-97.754212664092663,30.302185702811233],[-97.753968813769873,30.302309096003146],[-97.753729284563846,30.302438703517954],[-97.753494285364511,30.302574413353554],[-97.753264023173784,30.302716105338945],[-97.753045486757429,30.302859078103168],[-97.752998686256703,30.302890621371471],[-97.752991900390342,30.302895199785404],[-97.752771715790288,30.303048477998541],[-97.752556860683356,30.303207351134546],[-97.752347525892105,30.303371678850613],[-97.752143894017948,30.303541316138958],[-97.751946143585712,30.303716114303928],[-97.751865379597007,30.30379187023404],[-97.751714189259957,30.303890872526793],[-97.751662383515935,30.303926103027944],[-97.75159863454499,30.303969765013782],[-97.751420089467985,30.304095080317868],[-97.751244542429291,30.304224562004467],[-97.75107209063178,30.304358138377737],[-97.750902829564467,30.304495735474546],[-97.750843716235977,30.304544988322803],[-97.750743302276632,30.304629894844268],[-97.75054554703992,30.304804690858269],[-97.750353847689254,30.30498449543261],[-97.750168373644044,30.305169148864167],[-97.750088490093987,30.305252195049768],[-97.750036397308889,30.305307076470321],[-97.7499006359416,30.30545343086203],[-97.749768357488378,30.305602940619682],[-97.749639635263691,30.305755522878464],[-97.749514540611017,30.305911093070637],[-97.749468712226374,30.305969516880623],[-97.749393967038998,30.306066263976536],[-97.749241941270569,30.306272654571615],[-97.749097032017374,30.3064828630744],[-97.748959363456265,30.306696705473737],[-97.748911601612662,30.306774539067025],[-97.74887360450245,30.306837263519665],[-97.748766830552498,30.307018878320616],[-97.748664996089602,30.307203308129694],[-97.748568175274031,30.307390418637109],[-97.748476438614929,30.307580073580855],[-97.748445504057173,30.30764634566837],[-97.748414502486455,30.30771360468411],[-97.748314728617387,30.307942739381225],[-97.748222824384825,30.308174338554675],[-97.748138869651811,30.308408198416753],[-97.74813337634744,30.308426415290139],[-97.748110287355445,30.308495067354233],[-97.748105935373573,30.308507950682365],[-97.748093416240565,30.308545306538548],[-97.748083135752708,30.308576303203584],[-97.748016855587451,30.308781068289434],[-97.747949014350766,30.309018833179461],[-97.747889322863116,30.309258237652529],[-97.747837833003544,30.309499071995489],[-97.747794592529331,30.309741124612469],[-97.74776372652579,30.309952418357813],[-97.746643481732349,30.318502238877837],[-97.746630162040447,30.318598097597768],[-97.746602575660219,30.318822308640318],[-97.746582043370978,30.319047275360244],[-97.746568585423248,30.319272775878243],[-97.746560035089502,30.319467576570649],[-97.746553777939084,30.319686108899063],[-97.746554184040903,30.319904730411213],[-97.746561253017632,30.320123237985594],[-97.746574978301496,30.320341428606557],[-97.746590243605411,30.320536660290813],[-97.746590739246869,30.320542963043398],[-97.746614235208213,30.320787056898315],[-97.746646057533539,30.321030439416774],[-97.746686181097758,30.321272896791239],[-97.746708180805385,30.321387900639102],[-97.746746555274797,30.321580096378106],[-97.746793291863895,30.321796919629321],[-97.746846584654477,30.322012225248155],[-97.74717162339563,30.323245091132279],[-97.74731170447231,30.323951122006626],[-97.747398560157791,30.324387155914977],[-97.747414342188691,30.324631651901079],[-97.747437841253188,30.324875745737916],[-97.747469667031169,30.325119128183918],[-97.747509794394617,30.325361585431601],[-97.74755818569291,30.325602904354202],[-97.747614799064792,30.325842873556937],[-97.747679585334467,30.326081282417945],[-97.747752486990493,30.326317920166471],[-97.747833440162864,30.32655258043777],[-97.747922374729285,30.326785056755263],[-97.748019212188552,30.327015144300677],[-97.748123867701594,30.32724264175868],[-97.748236248071365,30.327467348568685],[-97.748356255845962,30.327689067710057],[-97.748483786214237,30.327907604743061],[-97.748618724943753,30.328122766868379],[-97.748760956650315,30.328334365785835],[-97.748910353402863,30.328542214780516],[-97.749066786097259,30.328746132540576],[-97.749230116207158,30.328945939394991],[-97.749400201992088,30.329141459231742],[-97.749576891183651,30.329332520272459],[-97.749760031381825,30.329518956160612],[-97.74994946078526,30.329700601277437],[-97.750145012209714,30.329877297141373],[-97.750346514214584,30.330048888812005],[-97.750379856038535,30.330075645187424],[-97.75052163162529,30.330272881354269],[-97.750678070579482,30.330476797179756],[-97.750841407004856,30.33067660201133],[-97.751011499155098,30.330872119738618],[-97.751188194756409,30.331063178585175],[-97.751371341403114,30.331249612196491],[-97.751560777288162,30.331431254955646],[-97.751756335221614,30.331607948383265],[-97.751957843757154,30.33177953754096],[-97.752165127192072,30.331945871031834],[-97.752378001379142,30.33210680183025],[-97.752596280933716,30.332262191025865],[-97.752819774216576,30.332411899598302],[-97.753048284162873,30.332555797472718],[-97.75328160947295,30.332693757212549],[-97.75351954656854,30.332825659478207],[-97.753761885595324,30.332951385724655],[-97.753877999418975,30.333008327851964],[-97.753929735716881,30.333033588205808],[-97.753961029124156,30.333048814303517],[-97.758389711337756,30.335217767355822],[-97.758551584961396,30.33529524496613],[-97.758802097213604,30.335408287864645],[-97.759056361841587,30.335514841121228],[-97.759314155850433,30.335614812189732],[-97.759575251989602,30.335708112066623],[-97.75983942179468,30.335794658961206],[-97.760106432503875,30.335874376432862],[-97.76037604909979,30.335947195235754],[-97.760648036435626,30.33601305154772],[-97.76092215402609,30.336071886878976],[-97.761198161214764,30.336123649970919],[-97.761475816153421,30.336168295874607],[-97.761754874823936,30.336205783220986],[-97.762035091911272,30.336236081468918],[-97.762316220994165,30.336259162772187],[-97.762598014418074,30.336275007401373],[-97.762880226506056,30.336283600184395],[-97.763162608222814,30.336284935836737],[-97.763444910490719,30.336279010883484],[-97.763726887125117,30.336265831847356],[-97.764008289752752,30.336245409734932],[-97.76428887085271,30.336217763706436],[-97.7645683838834,30.33618291565368],[-97.764846583092805,30.336140898332964],[-97.765123224729606,30.336091748153915],[-97.765398065938157,30.336035507872477],[-97.76567086369586,30.335972227475946],[-97.765941380064646,30.33590196246714],[-97.76620937698226,30.335824773772796],[-97.766474618303818,30.335740729587677],[-97.766736871928074,30.335649903603439],[-97.766995906629546,30.33555237676115],[-97.767251495268923,30.335448233691427],[-97.767503413688203,30.33533756540697],[-97.767751439626565,30.335220471091731],[-97.767995356014836,30.335097050925956],[-97.768234947618353,30.334967415971914],[-97.768470005436072,30.334831678306429],[-97.768700322365035,30.334689958176988],[-97.768925695410246,30.33454237861617],[-97.769145926579526,30.334389071785523],[-97.769360824135347,30.334230169956989],[-97.769570197197126,30.334065813554577],[-97.769773863117564,30.333896147667161],[-97.769971643336675,30.333721321071881],[-97.770163363381926,30.333541486233891],[-97.770348853825595,30.333356802939363],[-97.770527954599373,30.333167432042337],[-97.770700505513219,30.332973539819061],[-97.77086635669356,30.332775297246371],[-97.770988353275726,30.332621156472097],[-97.776432014657289,30.325572991182487],[-97.776469017224827,30.32552471214251],[-97.776621014864872,30.325318288469326],[-97.776765892190582,30.325108048075862],[-97.776903525114491,30.324894175050137],[-97.777033790489469,30.324676858016279],[-97.777156574505455,30.324456287568569],[-97.777271770584818,30.324232657139028],[-97.777379276236061,30.32400616384615],[-97.777478997283325,30.323777005856648],[-97.777570845720149,30.32354538505999],[-97.77765474183397,30.323311505297347],[-97.777730612165286,30.323075570517776],[-97.777798389401809,30.322837789296685],[-97.777858014567016,30.322598370353418],[-97.777909435956929,30.322357523437137],[-97.777952605993917,30.322115460175432],[-97.777987489580909,30.321872393316401],[-97.778014054725858,30.321628536564887],[-97.778032278791727,30.321384104691557],[-97.778042144392444,30.32113931074888],[-97.778043645537451,30.320894370698955],[-97.778036778319816,30.320649500538718],[-97.778021550353358,30.320404913752295],[-97.777997974417914,30.320160825720734],[-97.777966072688486,30.319917451083249],[-97.777925870485006,30.319675003628582],[-97.777877405646919,30.319433696458418],[-97.777820720220745,30.319193740938278],[-97.777755863563684,30.31895534765588],[-97.777682893364229,30.318718727343104],[-97.777601873663173,30.318484086321035],[-97.777512874749021,30.318251631018711],[-97.777415975282295,30.31802156620201],[-97.777311260254564,30.317794093130114],[-97.777198823008334,30.317569412302912],[-97.777078761133126,30.31734772067734],[-97.776951179569537,30.317129212625733],[-97.77681619267112,30.316914080875879],[-97.776673915934055,30.316702513654647],[-97.77652447739203,30.316494697599289],[-97.776368006242379,30.316290813942622],[-97.776204641094736,30.316091042273335],[-97.776034523763187,30.315895558619737],[-97.775951264297206,30.315805558279902],[-97.775962411552754,30.315774481516904],[-97.776038280081934,30.31553854798727],[-97.776106056186009,30.315300767910426],[-97.77616568088942,30.315061350004818],[-97.776217102488474,30.314820504018581],[-97.776260273405683,30.314578441578551],[-97.776295158542737,30.314335375432165],[-97.776321725906556,30.314091519283593],[-97.776339952858095,30.313847087902857],[-97.776349822008697,30.313602294342186],[-97.776351327364537,30.313357354563308],[-97.776344465015143,30.313112484562758],[-97.776329242570029,30.312867897824759],[-97.776305672804256,30.312623809730088],[-97.776273777887113,30.312380434918214],[-97.776233583132864,30.31213798717792],[-97.776185126374145,30.311896679611134],[-97.7761284496505,30.311656723583798],[-97.776063602311467,30.311418329684027],[-97.775990642037286,30.311181708644209],[-97.775909632860049,30.310947066786142],[-97.775820645059028,30.310714610539577],[-97.77572375728505,30.310484544671162],[-97.77561905451941,30.310257070441043],[-97.775506630093659,30.310032388350113],[-97.775386581586204,30.309810695356454],[-97.775259013925975,30.309592185833537],[-97.775124041453921,30.30937705251052],[-97.774981779654041,30.309165483615569],[-97.774832356546582,30.308957665787471],[-97.774675901315447,30.308753780260496],[-97.774512552556217,30.308554006625158],[-97.774342452068666,30.308358520911284],[-97.774165752168713,30.308167494812487],[-97.77398260529381,30.307981094600073],[-97.773793173271784,30.30779948580561],[-97.773597623301484,30.307622826822403],[-97.773396126827492,30.307451272502281],[-97.773188859539971,30.307284974155372],[-97.772976005561716,30.307124078719834],[-97.772757750241652,30.306968725019416],[-97.772534285173606,30.306819051987873],[-97.772305807364262,30.306675189614204],[-97.772072518045562,30.306537265250157],[-97.77201401898229,30.306504036707032],[-97.770234427390918,30.305501249369527],[-97.770100427290487,30.30537277175284],[-97.770087123507011,30.305360414394841],[-97.770056815638512,30.305332322387351],[-97.770022567235287,30.305300744907221],[-97.769769139452976,30.305068300937499],[-97.769593312007601,30.304911295595861],[-97.769413478070206,30.304758895717875],[-97.769229758236563,30.304611203502176],[-97.76904227570833,30.304468317990462],[-97.768727745879929,30.304234796382634],[-97.768685045046794,30.304203281780676],[-97.768466803344964,30.304047920780867],[-97.768243351799342,30.303898240271877],[-97.768014887405087,30.303754370249319],[-97.767939842019871,30.303709035385712],[-97.767599202875473,30.303505353405605],[-97.767392255585364,30.303385073354789],[-97.767182455125464,30.303269842115352],[-97.766969924645821,30.303159727326467],[-97.766754788898908,30.303054793624014],[-97.766391987125743,30.302883112748816],[-97.766351538596666,30.302864081932317],[-97.766101102566722,30.302751054396527],[-97.765846917092247,30.302644515691124],[-97.765589205018841,30.302544558305453],[-97.765493696854932,30.302509511138791],[-97.765111081652648,30.302371232594336],[-97.764892349916366,30.302294928960269],[-97.764671985294342,30.302223477925327],[-97.764450095427662,30.302156914391048],[-97.764294730450857,30.302112155171212],[-97.764259211005097,30.302101989477041],[-97.764091018899904,30.302055662900909],[-97.764064982270909,30.302048721343933],[-97.762962282502272,30.301753225611886],[-97.762880996235737,30.301731786553461],[-97.761728059522454,30.301432563894672],[-97.761695079264427,30.30142406130561],[-97.761423189446006,30.30135820754067],[-97.761149170911366,30.301299373565758],[-97.760873264116526,30.301247610611938],[-97.760595710704749,30.301202963604705],[-97.760316754485189,30.301165473893906],[-97.760036640560386,30.301135172005676],[-97.759755615136555,30.301112085775607],[-97.759473925650752,30.301096234926824],[-97.759191817562026,30.301087634629575],[-97.758909539685945,30.301086290171046]]],[[[-97.624720039381813,30.330367335217431],[-97.623714998598103,30.330454499707024],[-97.623225406268716,30.330496957204399],[-97.623084940149482,30.330509138551488],[-97.623075392237723,30.330522833082242],[-97.62302359232244,30.330597135233802],[-97.622964640249251,30.330681696896068],[-97.622862366301362,30.33082838755254],[-97.622855835631867,30.330837754621466],[-97.622841568940601,30.330858231880438],[-97.622841226461617,30.330858719102139],[-97.622719882384658,30.33086891856809],[-97.622687825906624,30.330871616625622],[-97.621981837922377,30.330930965153538],[-97.621977639465058,30.330931318812542],[-97.621639586344202,30.33097065518653],[-97.621407320604959,30.330997851735731],[-97.621343745805206,30.331005280554507],[-97.621259539950316,30.331015121644018],[-97.621133644771589,30.331032676798774],[-97.620776910232763,30.331082416347996],[-97.620728723252981,30.331089143613926],[-97.620488509703307,30.331120380203593],[-97.620453571617901,30.331124912399627],[-97.620411338031019,30.331130410175074],[-97.620367733818185,30.331136080287987],[-97.620357514235693,30.331137408854147],[-97.620019054846267,30.331181413717534],[-97.619175221374704,30.331350397075621],[-97.61910113776716,30.331365232229096],[-97.619084182020643,30.331368626080813],[-97.619027417706505,30.331379990066004],[-97.618652716069477,30.331455030448719],[-97.618601185928753,30.331468603232906],[-97.61786942953951,30.331661356617783],[-97.617415690812422,30.331780887985765],[-97.616585348122754,30.33199904526975],[-97.615787742870211,30.333627966414578],[-97.615760577582179,30.333685222865736],[-97.615704397811257,30.333817231928212],[-97.615656061447709,30.333951555942956],[-97.615615694973641,30.334087846509842],[-97.615583403198869,30.33422574668441],[-97.615559271187053,30.334364897342429],[-97.615543362216343,30.33450493533352],[-97.615535716692193,30.334645495268919],[-97.615536355249972,30.334786210483461],[-97.615545275606223,30.334926713880861],[-97.615562455661419,30.335066638895718],[-97.615587850351432,30.335205620338819],[-97.615621392643675,30.3353432962239],[-97.615662995665701,30.335479305999392],[-97.615712550463073,30.335613296835184],[-97.615769929282209,30.335744917355612],[-97.615834980181035,30.335873824771166],[-97.61590753438837,30.335999682304486],[-97.615987404107599,30.33612216366944],[-97.616074378507022,30.336240946668031],[-97.61616823287028,30.336355722402384],[-97.616268721393766,30.336466191523915],[-97.616375581308745,30.336572066118855],[-97.616488534964731,30.336673069747608],[-97.616607286658805,30.336768939193412],[-97.61673152682566,30.336859423637268],[-97.616860931992463,30.336944286465325],[-97.616995164711369,30.337023307979965],[-97.617133873671989,30.337096280881948],[-97.617166929025672,30.337112457284942],[-97.619010420623667,30.338002050851816],[-97.619120191348415,30.33805260684904],[-97.619266760094717,30.338112925547701],[-97.619416688068171,30.338166674673985],[-97.619569585832807,30.338213712222878],[-97.619725052992564,30.338253917683751],[-97.619882683602484,30.338287184004937],[-97.619991987916762,30.338305180360315],[-97.622591286130628,30.334265530919193],[-97.622634138140867,30.334198927952457],[-97.62279825693868,30.333940584173938],[-97.622918112198747,30.33375190339002],[-97.623110071478962,30.333449708665082],[-97.623791067290057,30.332377822930084],[-97.623996055382818,30.332069651307286],[-97.624190330924989,30.331777745125738],[-97.624191627950111,30.331775793055041],[-97.624209675881417,30.331774453981534],[-97.624311683285399,30.331766872669075],[-97.624423891902822,30.331758534315394],[-97.624754780861664,30.331733955792785],[-97.62489719156369,30.331723398230576],[-97.624999754886801,30.331715795105627],[-97.625041737464187,30.33171268328627],[-97.625115409585462,30.331707220332248],[-97.625486451988593,30.331686488687815],[-97.625487567897466,30.331673182641776],[-97.625491057796566,30.331532498763362],[-97.625486262433341,30.331391843758201],[-97.625473193577719,30.33125158489624],[-97.625451885961851,30.331112088066153],[-97.625422395219019,30.330973716833256],[-97.625384797882901,30.330836832439083],[-97.625339192473419,30.330701792013745],[-97.625285697458295,30.330568946730086],[-97.625224453246034,30.330438645456905],[-97.625165078457499,30.330328735965171],[-97.624720039381813,30.330367335217431]]],[[[-97.717282610288748,30.341784615417982],[-97.717136655222077,30.341846054170588],[-97.716994507415166,30.341913876801833],[-97.716856536917177,30.341987906442846],[-97.716723104814108,30.342067948888193],[-97.716594558953318,30.342153797038844],[-97.716471234051681,30.342245226383998],[-97.716353451631178,30.342341997711802],[-97.716241519975569,30.342443858916212],[-97.716135729984686,30.342550544018774],[-97.716036358257014,30.342661775031466],[-97.715943665005497,30.342777261919235],[-97.715857889847129,30.342896704332315],[-97.715811395078248,30.342967678612506],[-97.715368036699275,30.343669680821161],[-97.715322151298125,30.343740946142368],[-97.715289695409098,30.343792902435933],[-97.71515839776994,30.343999761751732],[-97.71512626223543,30.344051870218522],[-97.715054978023687,30.344178275957464],[-97.714991227056117,30.344307673772956],[-97.71493517792031,30.344439726779477],[-97.714886975459308,30.344574088623233],[-97.714846745807833,30.344710410804989],[-97.714814593417515,30.344848336298231],[-97.714790602989112,30.344987505912101],[-97.714774837431264,30.345127556446489],[-97.714767336775182,30.345268122480704],[-97.714768121278382,30.345408837333274],[-97.714777188276599,30.345549333909123],[-97.714794515287892,30.345689245659926],[-97.714820056864497,30.345828207431182],[-97.714853745591284,30.345965857288533],[-97.714895494212143,30.346101834747884],[-97.71494519339501,30.346235787063737],[-97.715002715007856,30.346367362959715],[-97.715067906736394,30.346496219764536],[-97.715140599441597,30.346622020832033],[-97.715220604967797,30.346744440022377],[-97.715307712125949,30.346863155301531],[-97.71540169585451,30.346977857946719],[-97.715502310012411,30.347088248800716],[-97.715609291503313,30.347194040154491],[-97.715722362359216,30.347294955784587],[-97.715841226571797,30.347390732704767],[-97.715965574281469,30.347481120337203],[-97.716095081734125,30.347565882320058],[-97.716229411216759,30.347644799218742],[-97.716368211165445,30.347717664007771],[-97.716395976749169,30.347731252170156],[-97.720155204648094,30.34954938817199],[-97.720270352393939,30.349602419276518],[-97.720397258276904,30.349654975668756],[-97.720422574749293,30.349664869388256],[-97.720442318983018,30.349672515235724],[-97.720592321813797,30.349726145199707],[-97.720745287698776,30.349773061217665],[-97.720900816066234,30.349813143097169],[-97.720932112068567,30.349820311420959],[-97.720958995616982,30.349826342052651],[-97.721090899565397,30.349853326966979],[-97.721223715079745,30.34987539224182],[-97.721357258737115,30.349892507404249],[-97.721491346108962,30.34990464881761],[-97.721519018996332,30.349906643302727],[-97.721653992970289,30.349913865999088],[-97.721789141580132,30.349916100780334],[-97.721924280562135,30.349913344599535],[-97.722059225665703,30.349905601214513],[-97.722086887637673,30.349903500015539],[-97.722108828519737,30.349901767397252],[-97.722269913857673,30.349884943756742],[-97.722429798643461,30.349861009735065],[-97.722588065492104,30.34983002567056],[-97.722744301735332,30.349792072781288],[-97.722898100528383,30.349747250472358],[-97.723049058766961,30.349695676298946],[-97.723196783403282,30.349637483366607],[-97.723340889255468,30.349572824812451],[-97.723481000178509,30.349501868401578],[-97.723616751062593,30.349424800178827],[-97.723747786898628,30.349341819931574],[-97.723873766839205,30.349253145782573],[-97.723994361222907,30.349159007808105],[-97.72410925565643,30.3490596517269],[-97.724218151036212,30.348955337996308],[-97.724320762613544,30.348846337275354],[-97.724416821971587,30.348732934979797],[-97.724506080279326,30.34861542591587],[-97.724588304038306,30.348494117820536],[-97.724663278336806,30.348369325994732],[-97.724730807784283,30.348241377840555],[-97.724790716704376,30.348110604727896],[-97.724842847899595,30.347977350108561],[-97.724887065991055,30.347841960535575],[-97.724923255248612,30.347704789240275],[-97.724951321717597,30.347566194362233],[-97.724971192218803,30.34742653712312],[-97.724982814348408,30.347286181826792],[-97.724986158582851,30.347145494992539],[-97.72498121623731,30.347004843510707],[-97.724967999465392,30.346864594642653],[-97.724946543385357,30.346725114250635],[-97.72493917683822,30.346686798029253],[-97.724674149476357,30.345365739116183],[-97.724404218260815,30.344024370173528],[-97.724382233743242,30.343925764248361],[-97.724344489822485,30.343788908922903],[-97.724298738654795,30.343653903797524],[-97.724245099086829,30.343521099953129],[-97.724183711906676,30.343390846149891],[-97.724114736932691,30.34326347973456],[-97.724038353861744,30.343139334792184],[-97.723954762462014,30.343018734013487],[-97.723864181423806,30.342901993194594],[-97.723766845362633,30.342789415759182],[-97.723663008900033,30.342681296448202],[-97.723552943667443,30.34257791584195],[-97.723436936114396,30.342479544841325],[-97.723315288658128,30.342386440168358],[-97.723188319704917,30.342298843462885],[-97.723056359396864,30.342216984822599],[-97.722919752887833,30.342141076533714],[-97.722778856068771,30.34207131751495],[-97.722634036717395,30.34200788881779],[-97.722485672328531,30.341950957204286],[-97.722334149201444,30.341900669706334],[-97.722179864416859,30.34185715818181],[-97.722023219649913,30.341820536491412],[-97.72186462325493,30.341790900536267],[-97.721704489288186,30.341768325528591],[-97.721543235252483,30.341752873183264],[-97.721381281314152,30.341744580855778],[-97.721219051065276,30.341743473308377],[-97.721056967636954,30.341749550887723],[-97.721023778365847,30.341752273337889],[-97.720987829048653,30.341747204928751],[-97.720826575164224,30.341731751675241],[-97.720664621323721,30.341723458435624],[-97.720502391118941,30.341722349974475],[-97.720340307680956,30.341728426640916],[-97.720178792422743,30.341741673386462],[-97.720018268252005,30.341762056206402],[-97.719901145395113,30.341782272839556],[-97.719806608515015,30.341745993945093],[-97.719655087119875,30.341695703258264],[-97.719500803883363,30.341652188486368],[-97.719344160476808,30.341615563498841],[-97.719185565250967,30.341585924205269],[-97.719025432258945,30.341563345826575],[-97.718864179001073,30.341547890086478],[-97.718702225641579,30.341539594349317],[-97.718539995771238,30.341538483386177],[-97.718377912519955,30.341544557552705],[-97.718216397300438,30.3415578018069],[-97.718055873020205,30.341578182150698],[-97.717896757852472,30.341605644613988],[-97.717739466192256,30.341640118887835],[-97.71758440878618,30.341681512902742],[-97.717431991497023,30.341729720942588],[-97.717282610288748,30.341784615417982]]],[[[-97.703140001407391,30.347763405336458],[-97.703002011763928,30.347837420009508],[-97.702868559922322,30.347917447985367],[-97.702739993781208,30.348003282202829],[-97.702616648110379,30.34809469818746],[-97.702498844486172,30.348191456762031],[-97.702386891247514,30.348293305854117],[-97.702281079350712,30.348399979516582],[-97.70218168545118,30.348511199791254],[-97.702088969819911,30.348626676671341],[-97.702003172131882,30.348746109832959],[-97.701960865502585,30.348810462248188],[-97.701578211211412,30.349412165375966],[-97.701536953086617,30.349477020277799],[-97.701500059743879,30.349535480966697],[-97.70142875345401,30.349661879159086],[-97.701364980413686,30.349791270236803],[-97.701308909268334,30.349923317332109],[-97.701260684918523,30.350057674106424],[-97.70122043355579,30.350193992073905],[-97.701188259688692,30.350331914218884],[-97.701164248073653,30.350471081359327],[-97.701148461674961,30.350611130301694],[-97.701140940578,30.350751695629299],[-97.701141705093676,30.350892410662475],[-97.701150752609834,30.351032908305747],[-97.70116806069548,30.351172822008071],[-97.701193583952033,30.351311786609802],[-97.701227255012256,30.351449440169187],[-97.701268986666264,30.351585422192517],[-97.701318669626005,30.35171937992228],[-97.701376175802139,30.35185096206818],[-97.70144135292027,30.351979825942415],[-97.701514031879782,30.352105634880498],[-97.701594024560677,30.352228062722165],[-97.701681119807617,30.352346787410585],[-97.701775092590111,30.352461500198647],[-97.701875696795582,30.35257190190255],[-97.70198266935364,30.352677704784927],[-97.702095732319634,30.352778632592415],[-97.702214589705775,30.352874422306808],[-97.702338931670397,30.352964823316949],[-97.702468434474483,30.353049599226186],[-97.702602760416966,30.353128530563616],[-97.702741557943227,30.353201410265964],[-97.702769541277164,30.353214688024249],[-97.702883813855365,30.353269060800482],[-97.705500181105279,30.354536075540182],[-97.705615308168589,30.354589111467256],[-97.70576195670256,30.354649330637042],[-97.705911959106075,30.354702977938977],[-97.70606492574764,30.354749911632631],[-97.706220456053131,30.354790011479217],[-97.706378143910882,30.354823170703011],[-97.706537578519288,30.354849304142999],[-97.706698344517008,30.354868342830972],[-97.706860020854933,30.3548802375877],[-97.707022187070208,30.354884958231807],[-97.707184420247344,30.354882489908793],[-97.707346295844232,30.354872842146726],[-97.707507392141977,30.354856037183378],[-97.707667288922039,30.354832121695189],[-97.707825568768257,30.354801155972197],[-97.707981818978396,30.354763221184513],[-97.708135632671471,30.354718416690257],[-97.708286606703851,30.354666859997735],[-97.708434347987037,30.354608684167086],[-97.708578471295368,30.354544042290879],[-97.708718600438402,30.354473102090541],[-97.708854370258692,30.354396049568809],[-97.708985425697975,30.354313084471933],[-97.709111425857415,30.354224424883295],[-97.709148469481889,30.354196537197971],[-97.709274053624554,30.354100508230946],[-97.709373177356028,30.354021627384128],[-97.709468704004252,30.353938426653279],[-97.7095604454625,30.3538510698735],[-97.709648221077657,30.353759729063789],[-97.709697013873807,30.353737844102522],[-97.709837141007512,30.353666902677727],[-97.709972908783726,30.353589848970373],[-97.710103962149631,30.353506882729942],[-97.710229960211606,30.353418222042752],[-97.710351131502506,30.353323638694015],[-97.710555694380346,30.353155441326535],[-97.710669491062546,30.35305701474768],[-97.710778405636589,30.352952712466582],[-97.710881036803926,30.352843722529069],[-97.710977116096402,30.352730330322672],[-97.711066394631175,30.352612830627628],[-97.711148638856812,30.352491531156275],[-97.711223633808402,30.352366747187101],[-97.711291184041229,30.352238806101642],[-97.711351113825131,30.35210803925137],[-97.71140326590772,30.351974790071811],[-97.711447504855826,30.351839405101671],[-97.711483714884935,30.351702237560389],[-97.711511801986092,30.351563645577766],[-97.711531692926371,30.35142399036792],[-97.711543335248493,30.351283636229205],[-97.711546699376356,30.351142949678191],[-97.711541776573299,30.351002297604431],[-97.711528578941653,30.35086204727067],[-97.711507141549916,30.350722564543073],[-97.711477520369556,30.350584212949983],[-97.711439792274462,30.350447353681975],[-97.711394056126011,30.350312343803406],[-97.711340430731852,30.350179534407761],[-97.711298109076978,30.350089710057517],[-97.711280363285169,30.349974245758833],[-97.711250742664106,30.34983589412597],[-97.711213015188278,30.349699034803628],[-97.711167279717259,30.349564024856328],[-97.711113655056948,30.349431215377606],[-97.711052281956256,30.349300955142301],[-97.710983320197116,30.349173581513998],[-97.710906949441579,30.349049428596512],[-97.710823369426095,30.348928819101459],[-97.710732798811151,30.348812068847629],[-97.710635472184919,30.348699481283312],[-97.710531644144339,30.348591351175884],[-97.710421586299134,30.34848795913387],[-97.710305585079283,30.348389576087946],[-97.710183942885706,30.348296458791602],[-97.71005697811097,30.348208848917615],[-97.709925020886061,30.348126976597953],[-97.709788416357085,30.348051054154716],[-97.709688018655456,30.348000493893675],[-97.709345871180943,30.347835361555287],[-97.70930537307369,30.347816148096438],[-97.709160553959904,30.347752704018532],[-97.709012188681442,30.347695756653572],[-97.708860663540108,30.347645453074545],[-97.708706375621588,30.347601925181365],[-97.708549726609405,30.34756528687744],[-97.708391124868783,30.347535634107182],[-97.708230984470262,30.347513042126657],[-97.708069722933033,30.347497572695023],[-97.707907760443348,30.347489263212371],[-97.707745520615248,30.347488138485662],[-97.707583426605211,30.347494198906499],[-97.707421899853628,30.347507429468617],[-97.707261363298187,30.347527796209722],[-97.707102235144177,30.347555245195146],[-97.706944929820281,30.347589706151187],[-97.706789858109047,30.347631087043045],[-97.706637425910372,30.347679282188928],[-97.706488029227259,30.347734164032996],[-97.706378577013965,30.347780222578457],[-97.706298690125578,30.347741575064763],[-97.706285171552324,30.34773505268063],[-97.70624547887698,30.347716227036042],[-97.706100661942671,30.347652779476604],[-97.705952298639531,30.347595828544755],[-97.705800775264478,30.347545521322722],[-97.705646488898566,30.347501989720094],[-97.705489841221237,30.347465347649756],[-97.705331240594248,30.347435691066078],[-97.705171101085099,30.347413095235044],[-97.705009840210849,30.347397621925872],[-97.704847878155974,30.347389308548721],[-97.70468563853332,30.347388179920781],[-97.704523544498883,30.347394236443733],[-97.704362017493096,30.347407463121542],[-97.704201480454316,30.347427826002033],[-97.704042351589081,30.347455271160683],[-97.703885045327965,30.34748972833366],[-97.703729972455932,30.347531105496071],[-97.703577538875876,30.34757929697583],[-97.70342814059444,30.347634175226759],[-97.703282167716765,30.347695598132699],[-97.703140001407391,30.347763405336458]]],[[[-97.801683311132649,30.351616234035514],[-97.801521216138141,30.3516224141183],[-97.801359695463162,30.351635763924723],[-97.801199172030124,30.35165624918028],[-97.801040064009243,30.351683815641564],[-97.800882785778015,30.35171839272892],[-97.800727748046199,30.351759888104258],[-97.800575356627419,30.351808195786148],[-97.800426007416476,30.351863187926433],[-97.800280090391382,30.351924722111601],[-97.800137986571229,30.351992637693915],[-97.800000065890359,30.352066757562653],[-97.799866689304011,30.352146887276081],[-97.799738204516231,30.35223281950779],[-97.799614946084134,30.352324329528013],[-97.799497235355517,30.352421177914479],[-97.799385380427736,30.352523112359606],[-97.799279672000168,30.352629866694443],[-97.799180386458758,30.352741162749961],[-97.799087783792018,30.352856710320875],[-97.799002103381298,30.352976208900529],[-97.798923571377642,30.353099344192234],[-97.798852391115943,30.353225796983786],[-97.798788747428176,30.353355236893339],[-97.798732808622844,30.3534873269241],[-97.798684719253401,30.353621720626517],[-97.798644605161584,30.353758069418099],[-97.798624068465159,30.353842176933604],[-97.798568658372531,30.354091468808221],[-97.798549476538838,30.354175809496187],[-97.798537382535343,30.354229544430009],[-97.798513511497887,30.354368729953261],[-97.798497866905805,30.354508790986166],[-97.798490488474442,30.354649362081322],[-97.798491396142566,30.35479007654353],[-97.798500586924561,30.354930567279279],[-97.798518038015729,30.355070467754526],[-97.798543703644228,30.355209412844495],[-97.798577516071902,30.355347040658799],[-97.798619387718759,30.355482990770447],[-97.798669208933433,30.355616910505567],[-97.798726851264078,30.355748448671765],[-97.798792162081725,30.355877262697685],[-97.798806228811785,30.355902008291164],[-97.798863765672266,30.356003521333882],[-97.799529821681077,30.357202508725873],[-97.799588942283904,30.357303352705866],[-97.799669064730239,30.357425718928436],[-97.799756286331132,30.357544376522934],[-97.799850381727566,30.357659016915495],[-97.799951104487036,30.357769341112082],[-97.800058191230022,30.35787506157785],[-97.800171363713986,30.357975902273601],[-97.80029032566533,30.358071600409236],[-97.80041476696897,30.358161905612299],[-97.80054436362613,30.358246581735585],[-97.800678777692553,30.358325409568398],[-97.800817657382524,30.358398182318396],[-97.800960641132946,30.358464710202085],[-97.801107355540822,30.358524819505444],[-97.801257417405736,30.358578354427447],[-97.801410436939406,30.358625173519489],[-97.801566013431781,30.358665156842982],[-97.801723740648598,30.358698197926437],[-97.801883207686757,30.358724211916574],[-97.802043999099638,30.358743130156459],[-97.802205693772237,30.358754903782263],[-97.802367871194718,30.358759502927661],[-97.802530108419816,30.358756913055032],[-97.802691980897919,30.35874714401039],[-97.802853066915389,30.358730218347546],[-97.803012946283289,30.358706183057954],[-97.803171201628871,30.358675098744122],[-97.803327420314133,30.358637046885534],[-97.803481195540883,30.358592127145148],[-97.803632124266315,30.358540457333291],[-97.803649380352439,30.358534050812526],[-97.804402374157235,30.358252216098833],[-97.804506336828226,30.35821330272811],[-97.804757751674643,30.358119202020717],[-97.804888204702451,30.358067313105938],[-97.80503226801909,30.358002561990311],[-97.805172330680307,30.357931515577658],[-97.805308027702964,30.357854360147329],[-97.805439004217632,30.357771295714798],[-97.805564919532912,30.357682540621763],[-97.805685444154975,30.357588325156279],[-97.805800263872669,30.357488895239158],[-97.805909079778502,30.357384511520035],[-97.80601160732985,30.357275444840763],[-97.806107578329843,30.357161980789659],[-97.806196744177484,30.357044414333131],[-97.806278871616385,30.356923053358031],[-97.806353745985149,30.35679821330368],[-97.806421172155552,30.356670221697811],[-97.806480974718781,30.356539410023291],[-97.806532996756459,30.356406121833189],[-97.806577103173737,30.356270703767628],[-97.80661317853199,30.356133509132565],[-97.806641129173798,30.35599489612822],[-97.806660882221834,30.355855226023476],[-97.806672385578779,30.355714863155988],[-97.80667561003122,30.355574174064479],[-97.806670547206764,30.355433525645122],[-97.806657209573544,30.355293285151664],[-97.806635632565062,30.355153818424149],[-97.806605872516656,30.355015488949125],[-97.806568006664946,30.354878657859814],[-97.806522134230505,30.354743682146676],[-97.806468374375399,30.354610912814362],[-97.80640686820351,30.354480698532452],[-97.806337775841456,30.354353376544672],[-97.806261277293771,30.354229280820508],[-97.806177572629068,30.354108733921834],[-97.806141687594788,30.35406101649756],[-97.805721590178223,30.353514815184557],[-97.805706317462381,30.353495141146766],[-97.805687591165693,30.353471241729487],[-97.805648057755818,30.353421950591574],[-97.805637215313567,30.353408824071494],[-97.805617742373173,30.3533853927166],[-97.805562988430438,30.353321476563629],[-97.805542740092633,30.353298539894922],[-97.805510893608357,30.3532630675573],[-97.805486925739075,30.353237140349577],[-97.805465932015139,30.353214707923751],[-97.80540786016573,30.353154432907331],[-97.805386140253489,30.35313253127126],[-97.805364239883787,30.353110680761262],[-97.805326128077979,30.353073732497748],[-97.805303693191306,30.353052372691959],[-97.805242329945372,30.352995582857069],[-97.805219207866017,30.352974780728136],[-97.80520851751325,30.352965208769408],[-97.805155537319862,30.352919105510956],[-97.805131752372191,30.352898891310332],[-97.805067137229884,30.352845500536898],[-97.8050411937718,30.352824683154193],[-97.804974493745945,30.352772663054079],[-97.804949406550406,30.352753645903995],[-97.8048973492768,30.352715034872976],[-97.804880489709788,30.35270288571262],[-97.804854800065911,30.352684503635011],[-97.804784239647105,30.352635461641526],[-97.804757943448479,30.352617711852073],[-97.804718306207818,30.352591387586298],[-97.804685825692104,30.35257044559118],[-97.804658977355245,30.352553364285047],[-97.804584703758493,30.352507517178818],[-97.804557289736721,30.352491104120759],[-97.804531999703158,30.352476119024125],[-97.804484275308496,30.352448671545698],[-97.804457609488608,30.352433633765337],[-97.804401850625212,30.352402899748082],[-97.804374832821139,30.35238834767442],[-97.804341630387157,30.352370708249424],[-97.804320383972652,30.352359673030119],[-97.804293021932978,30.352345586907727],[-97.804236315682772,30.352317076680734],[-97.804208631646873,30.352303486725706],[-97.804150725686284,30.35227574679174],[-97.804120163767678,30.352261467994516],[-97.804066034754555,30.352236805467534],[-97.804037736837188,30.352224212885442],[-97.803979357563009,30.352198887532584],[-97.803950766594184,30.35218680156007],[-97.803915830564591,30.35217226098619],[-97.803891216868465,30.352162288586428],[-97.803862325470334,30.352150712711602],[-97.803758973800257,30.35211122127486],[-97.803187754992976,30.351903386165507],[-97.803179004191435,30.351900201118177],[-97.803158546373538,30.351892830737889],[-97.803137063577566,30.351885246480379],[-97.803030551706442,30.35184803501738],[-97.802950519179902,30.351821210677596],[-97.802916041139781,30.351810116704719],[-97.802846772603132,30.351787827506659],[-97.802798656135721,30.351772725428624],[-97.802644318900732,30.351729311427007],[-97.802487627232523,30.351692788758669],[-97.802328989607986,30.351663253066704],[-97.802168820189223,30.351640779301402],[-97.802007536573868,30.351625428913824],[-97.801845559002857,30.35161723899375],[-97.801683311132649,30.351616234035514]]],[[[-97.66738986036151,30.355340257516868],[-97.667476916008155,30.355459005655518],[-97.667570850847255,30.355573743740951],[-97.667671418865368,30.355684172523276],[-97.667778357086121,30.355790004194127],[-97.667891387654791,30.355890962425431],[-97.668010214667987,30.35598678411932],[-97.668134528363368,30.356077218581259],[-97.668264005076097,30.356162029327542],[-97.668398307172481,30.356240996796448],[-97.668537083160587,30.356313913830014],[-97.668581886363299,30.35633570361604],[-97.671431996453691,30.357695630525985],[-97.671530084568602,30.357740514990041],[-97.671676716478345,30.357800773459225],[-97.671826704708351,30.357854460956666],[-97.671979659664913,30.357901435637402],[-97.672135180803465,30.357941577155355],[-97.672292862037096,30.357974778626023],[-97.672452292580928,30.358000954778323],[-97.672613057084675,30.358020036532796],[-97.672774734502795,30.358031974597342],[-97.672936904369337,30.35803673867802],[-97.673099143760354,30.358034313807053],[-97.673261028116215,30.358024709398784],[-97.673422135696285,30.358007947578002],[-97.673582046251582,30.35798407490871],[-97.673740342330674,30.357953151569046],[-97.673896611189051,30.357915258618714],[-97.674050445896668,30.35787049530677],[-97.674201443255058,30.357818979033723],[-97.674349210115196,30.357760842754416],[-97.674493361184176,30.357696239458171],[-97.67463352019972,30.357625336765892],[-97.674769321925822,30.357548320582527],[-97.674900411221529,30.357465390559199],[-97.675026447099086,30.357376764688098],[-97.675147099751712,30.35728267291913],[-97.675262054634089,30.357183360850595],[-97.675371012484078,30.357079088825294],[-97.675473688391008,30.356970127393158],[-97.675569813769286,30.356856761867103],[-97.675658984232939,30.356739503807159],[-97.676009605433691,30.356251825212379],[-97.676092201404799,30.35613008469614],[-97.676413486975292,30.355627308490561],[-97.676519021296443,30.355462159467077],[-97.676593617281441,30.355338093786632],[-97.676657742904723,30.355215947870846],[-97.676661378340739,30.355210264414801],[-97.67674671897737,30.35509833389505],[-97.676828923220924,30.354977190618694],[-97.677057503144226,30.354619482179942],[-97.677330421541612,30.354192381420983],[-97.677405011163785,30.354068321534122],[-97.677472607800027,30.353940398379155],[-97.677532584850496,30.353809647433749],[-97.677584784938745,30.353676412091634],[-97.677607890853992,30.353605785396969],[-97.677718853484294,30.353594236181351],[-97.67787875559371,30.35357035812617],[-97.678037042984982,30.353539429459076],[-97.678193302936052,30.353501531253514],[-97.678347128540196,30.353456762772424],[-97.678498116622791,30.353405241429655],[-97.678645874058873,30.353347100193343],[-97.678790015580375,30.353282492065784],[-97.67893016494962,30.353211584680484],[-97.679065956956009,30.353134563954452],[-97.679197036483913,30.353051629550901],[-97.679323062570958,30.352962999473355],[-97.679443705435972,30.352868903682701],[-97.679558650559073,30.352769587787691],[-97.679667598703872,30.352665312141244],[-97.679770264984668,30.352556347302539],[-97.679866380841361,30.352442978593562],[-97.679955697296066,30.352325500733695],[-97.680026248235635,30.352222408722259],[-97.680842336975687,30.35096849410759],[-97.681273230473607,30.350306414631358],[-97.681913032566825,30.349323321047475],[-97.682735259258365,30.348059888277731],[-97.6832098898347,30.348285648324637],[-97.683304509268353,30.348328873947089],[-97.683451134171932,30.348389118778524],[-97.68360111425747,30.348442792335447],[-97.683754059952022,30.348489752809165],[-97.683909570735679,30.348529879890865],[-97.684067240548274,30.348563066733604],[-97.68422665863487,30.348589228104409],[-97.684387409677456,30.348608294962428],[-97.68454907266586,30.348620218054524],[-97.684711227171775,30.348624967125694],[-97.684873450311017,30.348622527247315],[-97.685035317566843,30.348612907872987],[-97.685196407242785,30.34859613116646],[-97.685356299136885,30.348572243730622],[-97.685514575846412,30.348541305782174],[-97.685670824677118,30.348503398418821],[-97.685824638751342,30.348458620927286],[-97.685975614924644,30.348407090745123],[-97.686123360102997,30.348348940863399],[-97.686267489050451,30.348284324307006],[-97.686407625562026,30.348213408731432],[-97.686543404460679,30.348136380075047],[-97.686674470664911,30.348053438021797],[-97.68680048324731,30.347964800595093],[-97.686921112461846,30.347870697775079],[-97.687036043824321,30.347771375188813],[-97.687144978134057,30.347667093206592],[-97.687247630541719,30.347558122404266],[-97.687343732523161,30.347444748119354],[-97.68743303513682,30.347327265085656],[-97.687515304768056,30.347205980971864],[-97.687522452948784,30.347194737823695],[-97.688110722678914,30.346264285471513],[-97.688178594758611,30.346150758363901],[-97.688214525119946,30.346082738881496],[-97.688268281995605,30.346007445493122],[-97.688319178832927,30.345930190021051],[-97.688861659011067,30.345072269752741],[-97.689205842301305,30.344527907947882],[-97.689258292568908,30.34444420564196],[-97.689306166179293,30.344357804114097],[-97.68934932461309,30.344268953361816],[-97.689373659278061,30.344265317109592],[-97.689531927567629,30.344234374181259],[-97.689688167777035,30.344196461905852],[-97.68984197305133,30.344151679582918],[-97.689992940268851,30.344100144662644],[-97.690140676359121,30.344041990148447],[-97.690284796109736,30.343977369077351],[-97.690424923339719,30.343906449116549],[-97.690560692896355,30.343829416215886],[-97.690691749722532,30.343746470070375],[-97.690817752915123,30.343657828714136],[-97.690938372752811,30.343563722137503],[-97.691053294775656,30.343464395977431],[-97.691162219807637,30.343360110613496],[-97.691264863023278,30.343251136630286],[-97.691360955922733,30.343137759373786],[-97.691450249587902,30.343020273585427],[-97.691532907984509,30.342898364025931],[-97.691761996026443,30.342539511295751],[-97.691925536963566,30.342283330003287],[-97.692093650354096,30.342019987253011],[-97.692258038494359,30.341762443166495],[-97.692332164698669,30.341639055739723],[-97.692399732609516,30.341511124858428],[-97.692459681483129,30.341380367085048],[-97.692511854017013,30.341247125831067],[-97.692556114724809,30.341111747614942],[-97.692592347765185,30.340974585638236],[-97.692620459069076,30.340835998016313],[-97.692640375340389,30.340696345951908],[-97.692652044056061,30.340555993735229],[-97.692655435570728,30.340415307877777],[-97.692650541076347,30.340274655267365],[-97.692637372601567,30.340134403168083],[-97.692615965138572,30.339994917450753],[-97.692586374580898,30.339856561651505],[-97.692548677722456,30.339719696971834],[-97.692502973343196,30.339584680490315],[-97.692449380168114,30.3394518633175],[-97.692388038863342,30.339321594248439],[-97.692319109128448,30.3391942106696],[-97.692242770541611,30.339070046710805],[-97.692159222755521,30.338949425112514],[-97.692068684346239,30.338832661725185],[-97.692040431778139,30.338799963814914],[-97.692245766197885,30.3384765554101],[-97.692499981627464,30.338076153276429],[-97.692770725389153,30.337649716159021],[-97.692778533127779,30.33763734469861],[-97.693547997441769,30.336410546352337],[-97.693562271281749,30.336387786934491],[-97.693625117644629,30.336282218632114],[-97.693692680046738,30.336154287152922],[-97.693752623799853,30.336023528861023],[-97.693804791614767,30.335890287169384],[-97.69384904801737,30.335754908597441],[-97.693885277177827,30.33561774634774],[-97.693913385037007,30.335479158536423],[-97.693933298307755,30.335339506366619],[-97.693944964474952,30.335199154128865],[-97.693948353899813,30.335058468334758],[-97.693943457779696,30.334917815871872],[-97.693930288147627,30.334777564003929],[-97.693908879998688,30.33463807860117],[-97.69387928922815,30.334499723198881],[-97.693841592630775,30.334362858997533],[-97.693795888985505,30.334227843074483],[-97.693742297015447,30.334095026538744],[-97.693680957383734,30.333964758183765],[-97.693612029785498,30.333837375394154],[-97.693535693793365,30.333713212297624],[-97.693452149053201,30.333592591632414],[-97.693361614133195,30.333475829246559],[-97.693264323528865,30.333363228619788],[-97.69316053174289,30.333255084553599],[-97.69305051029059,30.333151677692999],[-97.69293454550693,30.333053279007277],[-97.692812939697617,30.332960145290652],[-97.692686011160561,30.332872518258934],[-97.692554089932074,30.332790628088691],[-97.692417521064399,30.332714687148599],[-97.692297033728778,30.332654481799374],[-97.691626611452094,30.33233622868871],[-97.691447110322812,30.332250776241022],[-97.69143971605169,30.332247268111441],[-97.690597872587475,30.331849655715651],[-97.690403764721765,30.331753749673997],[-97.690336212365466,30.331721309702957],[-97.690191430171382,30.331657844169658],[-97.690043101121532,30.331600874807119],[-97.689891611423576,30.331550548745607],[-97.689737358070616,30.331506997943926],[-97.689580742655792,30.331470336365147],[-97.689422173456748,30.331440660014383],[-97.689262064459527,30.331418044209212],[-97.689100833100881,30.331402550770971],[-97.688938899488988,30.331394217162185],[-97.688776687161806,30.331393068253071],[-97.688614619204472,30.331399104498111],[-97.688453116989677,30.331412310954086],[-97.68829260339065,30.331432653721709],[-97.688133496553036,30.331460078928853],[-97.687976210849811,30.331494516363655],[-97.687821157012664,30.331535874052758],[-97.687668740894154,30.331584046375159],[-97.687519358456072,30.331638905834247],[-97.68737339976181,30.33170031036305],[-97.687231245939003,30.331768099652404],[-97.687117854419498,30.331828910767459],[-97.687102879696823,30.331822066904405],[-97.687088915787243,30.331815443926992],[-97.687044712553075,30.331794147940361],[-97.687008677369775,30.331776764951282],[-97.686863897297869,30.331713295630905],[-97.686715570142212,30.331656322388532],[-97.686564082105889,30.331605992364643],[-97.686409830177297,30.33156243752833],[-97.68625321594611,30.331525771853183],[-97.686094647686872,30.331496091354996],[-97.685934539383027,30.331473471362127],[-97.685773308469678,30.331457973706989],[-97.685611375053711,30.331449635862924],[-97.685449162672711,30.331448482711291],[-97.685287094411834,30.331454514717695],[-97.685125591644621,30.33146771694976],[-97.684965077245707,30.331488055519472],[-97.684805969362856,30.331515476565464],[-97.684648682371744,30.331549909886871],[-97.684493627007456,30.331591263521023],[-97.684341209126501,30.331639431857408],[-97.684191824695191,30.331694287409903],[-97.684045863782302,30.331755688121746],[-97.683903707521125,30.331823473693699],[-97.683847166978154,30.331853793385136],[-97.683779641554111,30.331756279868276],[-97.683689120167941,30.331639510628278],[-97.683591842806464,30.331526902632749],[-97.683488063937972,30.331418750702451],[-97.683378055043832,30.33131533550306],[-97.683262102426454,30.331216928025412],[-97.683140508359713,30.331123785086803],[-97.683013591111063,30.331036148427042],[-97.682881680687061,30.330954248247803],[-97.682745122111982,30.330878296944007],[-97.682604271151419,30.330808493546296],[-97.682459495463789,30.330745019222078],[-97.682311172429579,30.330688040852202],[-97.682159688240915,30.330637705590519],[-97.682005439876392,30.330594145419926],[-97.681848828916188,30.33055747432779],[-97.681690263626237,30.330527788344135],[-97.681530157982593,30.330505162811548],[-97.68136892941304,30.330489659576855],[-97.68120699801861,30.330481316128086],[-97.681123077685868,30.330480716646001],[-97.681137957843006,30.330452547109935],[-97.681197915173072,30.330321794831498],[-97.681250097353711,30.330188558387963],[-97.681294368873452,30.330053184285088],[-97.681330613863054,30.329916025713807],[-97.681358738221945,30.329777440780603],[-97.681378668620084,30.329637790681261],[-97.681390352497601,30.32949743970066],[-97.681393760169456,30.329356754347288],[-97.681388882785399,30.329216101507658],[-97.681375732329613,30.329075848446237],[-97.681354343747088,30.328936361036522],[-97.681324772882093,30.328798002819092],[-97.681287096477419,30.328661135001703],[-97.681241413259386,30.32852611467111],[-97.681187841897938,30.328393292947798],[-97.681126523002106,30.328263018638861],[-97.681057616213224,30.328135629144409],[-97.680981301049457,30.328011458609662],[-97.680897777102473,30.327890829792192],[-97.680807262886006,30.327774058561502],[-97.680709992841798,30.32766144842013],[-97.680606221418756,30.327553294194466],[-97.680496220079206,30.327449876556134],[-97.680380275105549,30.327351466502456],[-97.68025868875182,30.327258320857283],[-97.680131779265281,30.327170681367573],[-97.679999876632394,30.327088778242445],[-97.679863325856999,30.32701282388436],[-97.679778426522049,30.32696975733872],[-97.678943761814111,30.326561261828513],[-97.678939703316686,30.326558741390585],[-97.678837676106255,30.326501188743546],[-97.67852041122832,30.326329634376901],[-97.678433416295462,30.326283933609314],[-97.678344863301632,30.326241330255165],[-97.678254862485772,30.326201877351028],[-97.678165648646754,30.32615345667827],[-97.677941497687726,30.326027124523566],[-97.67784016128023,30.325968507839836],[-97.677742044846411,30.325893235150708],[-97.677641206301686,30.325821650234623],[-97.677537784179961,30.325753851436311],[-97.67731086219149,30.325611569675637],[-97.677107366046499,30.325479550551776],[-97.676906330093956,30.325344645970397],[-97.676691146312976,30.325195329613209],[-97.676119277217978,30.324796199307784],[-97.676042439518227,30.324744234194338],[-97.675910543726545,30.324662326855968],[-97.675773999656087,30.32458636813336],[-97.67563316303459,30.324516557076517],[-97.675488401483122,30.324453074872785],[-97.675340092345223,30.324396088423757],[-97.67518862177694,30.32434574490409],[-97.675034386721151,30.324302176318319],[-97.674877788723336,30.324265496675913],[-97.674719236015662,30.324235802028959],[-97.674595908458016,30.32421772281986],[-97.673749271157448,30.324108441493856],[-97.673712505323138,30.324103886172271],[-97.673551288799416,30.324088373043846],[-97.673389368913263,30.324080019652083],[-97.673227169166424,30.324078850918866],[-97.673065112611411,30.324084867350493],[-97.672903620591256,30.324098054055025],[-97.672851529796986,30.324103854374464],[-97.672634365983711,30.324129621058699],[-97.670520177123251,30.32437222838599],[-97.670541688520828,30.324462211959339],[-97.670561364263619,30.324637269210232],[-97.670558440001258,30.324835127940659],[-97.670528929483424,30.325031332653971],[-97.670514840612654,30.32508504702005],[-97.670497997219982,30.325149259512269],[-97.670440332289445,30.325306402199164],[-97.670376333018424,30.325438109750451],[-97.670280365679901,30.325593080882268],[-97.670166428704178,30.325738576442198],[-97.668463202165142,30.32634182647244],[-97.668157153830904,30.326447405937259],[-97.668005889643595,30.326496792686122],[-97.667836803437879,30.326551999214491],[-97.667526175433125,30.326647745642052],[-97.667177419371313,30.326748720914402],[-97.666868051987905,30.326832156586519],[-97.666814226334623,30.326846673054465],[-97.666689972279727,30.326877807082411],[-97.666473158798581,30.326932130019316],[-97.666216139070158,30.326992380578993],[-97.665908889643191,30.327059835559844],[-97.665711510273809,30.327100532512201],[-97.66522601137639,30.327192140303445],[-97.664979550750459,30.327234043523163],[-97.664792490441656,30.327263787739987],[-97.664669157489669,30.327282232858654],[-97.664605066421927,30.327291818138786],[-97.664543927491792,30.327300389891807],[-97.664417339075044,30.327318137634531],[-97.664216745206801,30.327344325464679],[-97.664088613600342,30.327359794336978],[-97.664015824209713,30.327368582226509],[-97.663852352971944,30.327386823747723],[-97.663705950880782,30.327401918719744],[-97.663663485421836,30.32740629734241],[-97.663558018493504,30.327416216963837],[-97.663487029291517,30.327422893184082],[-97.663310392670098,30.327438000093629],[-97.663259311902436,30.327441983457174],[-97.663171477137197,30.327448831911543],[-97.660550730442679,30.327643960033974],[-97.660929992669963,30.327811988728669],[-97.66094935285021,30.327820566268134],[-97.660817669515765,30.32783014259121],[-97.660656173192322,30.327841797711301],[-97.65995920669242,30.327892088124855],[-97.659961270457785,30.327874213906188],[-97.660006811261979,30.327479805645449],[-97.660009266319847,30.327458542968113],[-97.660009672524467,30.327457870585764],[-97.660054552564077,30.327383884132388],[-97.660087705657972,30.32732923138629],[-97.660095686838133,30.327316044188692],[-97.660109435948755,30.327293323981401],[-97.660123884646225,30.327268459549455],[-97.660135843446824,30.327232815386498],[-97.660186790007231,30.327173397340093],[-97.660289086660626,30.327014933631084],[-97.660298234258406,30.327000753519297],[-97.660357573954983,30.326908765457564],[-97.660373065839082,30.326884749212983],[-97.660706920862992,30.326367427555947],[-97.660680070604897,30.326356992703268],[-97.659986749117451,30.326126879333597],[-97.659910687505715,30.32610149260082],[-97.659591480467199,30.325994956167357],[-97.659576257008567,30.325989875497836],[-97.659493298972905,30.325962175600342],[-97.65943304007277,30.325942057111835],[-97.659402481331981,30.325930418245633],[-97.659371796555902,30.325918777052816],[-97.659250638269071,30.325878101426522],[-97.659136206989032,30.32583951943041],[-97.658977895937497,30.325787232421963],[-97.658444319482172,30.325610554904603],[-97.658389089573376,30.325591193879209],[-97.658337848074183,30.325561603560249],[-97.65832424014323,30.325553835772414],[-97.658299289604557,30.325539590405377],[-97.658298086985752,30.32553890830042],[-97.658269067484682,30.325530134441372],[-97.658259500887965,30.325527227151181],[-97.658239229793736,30.325521067061608],[-97.657649752925906,30.325318356091703],[-97.657316782054437,30.325203818021606],[-97.657256272234804,30.325183003162024],[-97.65718766961237,30.325159403876508],[-97.657055946785619,30.325114093506521],[-97.657193680573059,30.324910303486469],[-97.657334366409771,30.32470181775918],[-97.657418042030116,30.324561763673724],[-97.65749664938906,30.324430190329203],[-97.657730845476792,30.324049611273903],[-97.657840542677519,30.323859812749518],[-97.657915980825052,30.323739782651462],[-97.657929266100666,30.323718642586961],[-97.658392583505787,30.322976708181237],[-97.658658329368279,30.322551100321011],[-97.658677418772385,30.322521271408743],[-97.658696377959757,30.322491440097117],[-97.65914185452489,30.321777404227618],[-97.659158852078832,30.321750944162449],[-97.659169175631874,30.321734685654548],[-97.659180003094619,30.321717636325019],[-97.659298892170156,30.321527671362155],[-97.659363346385774,30.321424719515363],[-97.659557298597292,30.321114945275959],[-97.65956832888584,30.321095646728342],[-97.659634471091849,30.32099003623782],[-97.659922210192065,30.320531190605202],[-97.660223303609399,30.320047926366211],[-97.660227106302386,30.320041525048236],[-97.660250737648553,30.320001740783564],[-97.660912875366918,30.319012098467226],[-97.660915033111564,30.319008872680325],[-97.661038130918726,30.319069214179532],[-97.661549488996314,30.318326318683162],[-97.661989794656535,30.317640571847335],[-97.662007426816999,30.317613110561716],[-97.661987405297737,30.317600673320435],[-97.661850882343984,30.317524699727031],[-97.661710066261861,30.317454873323804],[-97.661565324618977,30.317391375338076],[-97.661417034706801,30.317334372712519],[-97.661371327613367,30.317318360366166],[-97.661351943022282,30.317311720721808],[-97.661303834833717,30.317295632559791],[-97.661291968777419,30.317291760160462],[-97.661255194898601,30.3172799839198],[-97.661243274673964,30.317276238896412],[-97.661222411779903,30.317269755573573],[-97.66120521769615,30.317264519509102],[-97.661199403119127,30.317262768103266],[-97.661193933825743,30.317261129725466],[-97.661156314111338,30.317249981593623],[-97.661144291666488,30.317246496858743],[-97.661106871707801,30.317235874028327],[-97.661094799216229,30.317232518553151],[-97.661057516579874,30.317222374673218],[-97.661045398207676,30.317219148534353],[-97.66102000569191,30.31721248876238],[-97.66100766799795,30.317209325487106],[-97.660995502681374,30.317206229568885],[-97.660957414742782,30.317196760648191],[-97.660945206603742,30.317193796834591],[-97.660907595946256,30.317184881824719],[-97.660895347111946,30.317182048346638],[-97.660857124905846,30.317173426743413],[-97.660844835331872,30.317170725408104],[-97.660814512816103,30.317164197325809],[-97.660806774577878,30.317162575966371],[-97.66079444947195,30.317160006869578],[-97.66075566891034,30.317152146130432],[-97.660743306144994,30.31714971104104],[-97.66070512372913,30.317142404627806],[-97.660692727514544,30.317140101815241],[-97.660654080282271,30.317133139421237],[-97.660641653698903,30.3171309707501],[-97.660604896273952,30.317124752787173],[-97.660590869040945,30.317122458840021],[-97.660551655848209,30.3171162698256],[-97.660539169568139,30.317114369456466],[-97.660500887536671,30.31710875264681],[-97.660488374056115,30.317106984669302],[-97.660449395308945,30.317101692243408],[-97.660436858727721,30.317100059444979],[-97.660396865781223,30.317095077425652],[-97.660389770187905,30.317094236313444],[-97.660384641712469,30.317093619429908],[-97.660346214560022,30.317089251124099],[-97.660333634901605,30.317087888741266],[-97.660294593695554,30.317083873460742],[-97.660281996143709,30.317082646352752],[-97.660242405951166,30.317079007895217],[-97.660229791503141,30.317077917888493],[-97.660191230835679,30.317074791971198],[-97.66017860166275,30.317073835489463],[-97.660172209966319,30.317073357185656],[-97.660139028226766,30.31707253882546],[-97.660126396540306,30.31707172784607],[-97.660096317854553,30.317069466723623],[-97.660087142593596,30.317068956191783],[-97.660074485545181,30.317068287582266],[-97.660035196408472,30.317066316262398],[-97.660022542912131,30.317065715517568],[-97.659983159077314,30.31706395218157],[-97.659970500800313,30.317063419148131],[-97.65995964944689,30.317062970888752],[-97.659932868439299,30.317061962854417],[-97.659918726933057,30.317061701771276],[-97.659879066067617,30.317061083271462],[-97.659866391466196,30.317060919688224],[-97.659827252040259,30.317060667870138],[-97.659814574195366,30.317060679609856],[-97.659773519161533,30.317060824670776],[-97.659762229736998,30.317061075309827],[-97.659746808470814,30.317061458761508],[-97.659723330950342,30.317062105325398],[-97.659710663127953,30.317062474343256],[-97.659670983329988,30.317063738589042],[-97.659658316953013,30.317064176336931],[-97.659619382893709,30.317065626060071],[-97.659608413139182,30.317066099542302],[-97.659567724027966,30.317067090238567],[-97.659555071607912,30.31706776690508],[-97.65953408812949,30.317068950232478],[-97.659514833205819,30.317070141858803],[-97.659502190923348,30.31707095793201],[-97.659463497115709,30.317073662344825],[-97.659450867186337,30.317074612441285],[-97.659411642183329,30.317077775366883],[-97.659399026645715,30.317078861332202],[-97.659359754601155,30.317082456421389],[-97.659347156579912,30.3170836783131],[-97.659322120302264,30.317086193741531],[-97.659307938791429,30.317087696581275],[-97.659295358286371,30.317089054399379],[-97.659256817611933,30.31709342232773],[-97.659244258855381,30.31709491343797],[-97.659205057741403,30.317099783606952],[-97.659192519625307,30.317101410701166],[-97.659153176086676,30.317106735687911],[-97.659140663818732,30.317108498861892],[-97.659111434878497,30.317112738879068],[-97.659102253971383,30.317114121275992],[-97.659089765534446,30.317116017780585],[-97.659050889178204,30.317122137867436],[-97.65903843079947,30.317124168721293],[-97.658999945608912,30.317130655808445],[-97.658987516268709,30.31713282008883],[-97.658949267559066,30.317139693027109],[-97.658936869362492,30.317141989868716],[-97.658900248796499,30.317148971413374],[-97.658885566610792,30.317151857244806],[-97.658847840191228,30.317159487424906],[-97.658835512613862,30.317162049542397],[-97.65879655315932,30.317170373027565],[-97.658784261866487,30.317173070513146],[-97.658746617950456,30.317181544767099],[-97.658734367240996,30.317184372275662],[-97.658696288215879,30.317193380942278],[-97.658683966908484,30.317196368069364],[-97.658646376041887,30.317205697608305],[-97.658634208515281,30.317208787912335],[-97.658596265997303,30.317218647975569],[-97.658584145280841,30.31722186932133],[-97.658546813846101,30.317232009125519],[-97.658534739983821,30.317235359705894],[-97.658497476379921,30.317245921132915],[-97.658482936862185,30.317250130378145],[-97.658447948044369,30.31726047872348],[-97.65843597203407,30.31726408875349],[-97.65839843112353,30.31727563408969],[-97.658386510299437,30.317279373507727],[-97.658350084007637,30.317291018907753],[-97.658338215311261,30.317294884945611],[-97.658301374606552,30.317307113054206],[-97.658289562181935,30.317311106692159],[-97.658280438263404,30.31731420508364],[-97.65825318946348,30.317323628182518],[-97.658241437543083,30.317327746786408],[-97.658204426986401,30.317340953550673],[-97.658192732334626,30.317345201581304],[-97.658157066732358,30.317358378851512],[-97.658145433670327,30.317362750060106],[-97.658109220379288,30.317376590758595],[-97.658097651987276,30.31738108701003],[-97.658084413205017,30.317386264000284],[-97.658061742757027,30.317395276837122],[-97.658050237993351,30.317399898112306],[-97.658014758186894,30.317414381516706],[-97.658003321284028,30.317419125181505],[-97.657968046833119,30.317433988443934],[-97.657956677790935,30.317438854498391],[-97.657921502279279,30.317454145382932],[-97.657910204244615,30.317459132981007],[-97.657892848593931,30.317466853208948],[-97.657875140170702,30.31747485171784],[-97.657863914184887,30.317479960878803],[-97.65782917019159,30.317496012767606],[-97.657818017318178,30.317501242607051],[-97.657783449027988,30.317517693698061],[-97.657772373477385,30.317523042485458],[-97.657744461325592,30.317536702350008],[-97.657735960587033,30.317540905189414],[-97.657727171427084,30.317545269064116],[-97.657706240260779,30.317555765791234],[-97.657693142221149,30.317562428898128],[-97.657682221338121,30.31756801467812],[-97.657648294925551,30.31758561486323],[-97.657637455575539,30.317591317860877],[-97.657604036233636,30.317609147059727],[-97.657593279502393,30.317614965486985],[-97.657559934388203,30.317633252592639],[-97.657549260253504,30.317639187353187],[-97.657525067907372,30.31765277283634],[-97.657516665511153,30.317657555167862],[-97.657506076144699,30.317663602685716],[-97.657472466765114,30.317683063798135],[-97.657461968349665,30.31768922689918],[-97.657430272510211,30.31770807774372],[-97.657423605986637,30.31771210098653],[-97.65741614803953,30.317716613214827],[-97.657384771301878,30.317735794483632],[-97.657377098132372,30.317740542322014],[-97.657367163247173,30.31774671398658],[-97.657354635233077,30.317754523963799],[-97.657350952352658,30.317756791321749],[-97.657346690279724,30.317759391555107],[-97.657341025367487,30.317762810343485],[-97.657335401693587,30.317766162086592],[-97.657329600310518,30.317769579265047],[-97.657325582197302,30.317771919101105],[-97.657321188347694,30.317774453622178],[-97.657315239566884,30.317777847291648],[-97.657310999243393,30.317780239990373],[-97.657306535515986,30.317782734349223],[-97.657300859815365,30.317785869966013],[-97.657296341480375,30.317788338909107],[-97.657292003288674,30.31779068550556],[-97.657287759589209,30.317792960613293],[-97.657283197637312,30.317795380837296],[-97.657278618287791,30.317797788083844],[-97.657274394218533,30.31779998489937],[-97.657268376673869,30.317803079864014],[-97.657263942760878,30.317805335194333],[-97.657259454618753,30.317807592237852],[-97.65725354822662,30.317810531038369],[-97.657247560590164,30.317813468342166],[-97.657241439831509,30.317816437548018],[-97.657235054690645,30.317819479633133],[-97.657226349459265,30.317823562953041],[-97.657221924841082,30.31782560871093],[-97.657217212063486,30.31782776216858],[-97.657211105851943,30.31783052009056],[-97.657205023815393,30.31783322692608],[-97.657198930053539,30.317835901903177],[-97.657194148415073,30.317837973630169],[-97.657189412604112,30.317840003710181],[-97.657184979554287,30.31784188296422],[-97.657180280660654,30.31784385224773],[-97.657175553865073,30.31784581197655],[-97.657170856054677,30.317847736980696],[-97.657166248194358,30.317849605781607],[-97.657161332472768,30.317851578303024],[-97.657154770765786,30.317854170525507],[-97.65714894765928,30.317856431001243],[-97.65714097096874,30.317859486256385],[-97.657134094745302,30.317862070876284],[-97.657127578192274,30.31786447859659],[-97.657064245799361,30.317888676338953],[-97.656918288540311,30.317950045813994],[-97.656776133575349,30.318017800948404],[-97.656638150972725,30.318091765049179],[-97.656504701850096,30.318171744082203],[-97.656376134098309,30.318257531113968],[-97.656252782491777,30.318348901792742],[-97.656153990326445,30.318430001857262],[-97.656022933179528,30.31843484994431],[-97.655861448343714,30.318448015005288],[-97.655700949560696,30.318468316618532],[-97.655541854937866,30.318495701019085],[-97.655384578815969,30.318530098101395],[-97.65522953190235,30.318571415997503],[-97.655077120030569,30.318619549190498],[-97.65499483629138,30.318648780222297],[-97.654921995121981,30.318675695511196],[-97.653353191598939,30.319255304589156],[-97.653341803770303,30.319259515352982],[-97.653329717804311,30.319263979029724],[-97.653222243926621,30.319303328041503],[-97.653127592158086,30.319337980081432],[-97.652989787227042,30.319388433462155],[-97.652857294342425,30.31942751224793],[-97.652726600870182,30.319472241793893],[-97.652446351700078,30.319574680203072],[-97.652367944812767,30.319604425017555],[-97.652221981928164,30.319665789118371],[-97.652079821092741,30.319733539020511],[-97.651941832389724,30.319807498044351],[-97.651869016489144,30.31985004965869],[-97.65185214833545,30.319860203681699],[-97.651791508786275,30.319897626184293],[-97.651662934494126,30.319983408472549],[-97.651539576166542,30.320074774602372],[-97.651421755412926,30.320171485526689],[-97.651309780616756,30.320273289297614],[-97.651237280243251,30.320345130792195],[-97.651213497266184,30.32036982817565],[-97.651200512607716,30.320383472994482],[-97.65111999202675,30.320471575157104],[-97.651043556932564,30.320563244297993],[-97.650971365149985,30.320658291136688],[-97.650961156827165,30.320665851331722],[-97.650843334761944,30.320762561728024],[-97.650731358659513,30.32086436499797],[-97.650625519535964,30.320970995313509],[-97.650526094117453,30.321082174830014],[-97.650433342756742,30.321197613647254],[-97.650347505222328,30.321317011539715],[-97.650268808078152,30.321440054476543],[-97.65019745508728,30.321566423484576],[-97.650133631533208,30.321695788399698],[-97.650077506191863,30.321827812423237],[-97.650029224106589,30.321962149276363],[-97.650029051337739,30.321962734629547],[-97.649995704692373,30.322000022293562],[-97.649902951803099,30.322115460738338],[-97.649817112784319,30.322234858287654],[-97.649738414204123,30.322357900911587],[-97.649686134460765,30.322450488281799],[-97.649958308495187,30.322424414670269],[-97.650148229747288,30.322408999591865],[-97.650349474199544,30.322391855088625],[-97.65056215250145,30.322373737139632],[-97.651255339671835,30.322313253877741],[-97.652163904681458,30.322233971015326],[-97.652163916117573,30.322232697401883],[-97.652163930412613,30.32223109476233],[-97.652164140490328,30.322231197182845],[-97.652442325609712,30.322206756198042],[-97.652466389031929,30.322471330395953],[-97.652486260932847,30.322740845691747],[-97.652509165363554,30.323041559212641],[-97.652520491793183,30.323191884271601],[-97.652524064183808,30.323239225457993],[-97.65253180050432,30.323341743412573],[-97.652549946337942,30.323582983038182],[-97.6525537715155,30.323633828518464],[-97.652567574612917,30.323814818997629],[-97.652576354886605,30.323931290544209],[-97.652523294581414,30.323921708254968],[-97.652277117932172,30.323876954773183],[-97.652112486064993,30.323847052707691],[-97.65134093717991,30.323706803182738],[-97.650540987114951,30.323561386504554],[-97.65026138568453,30.323402999267064],[-97.650197866783856,30.323367068244465],[-97.650150268707975,30.32334008138875],[-97.650012081734829,30.323261799589357],[-97.649981534810095,30.323244494688922],[-97.649663876446525,30.32368877581612],[-97.649626986842122,30.323740368932864],[-97.649681120188035,30.324343979042936],[-97.649683541407285,30.324370832880632],[-97.649685579098161,30.324393443190079],[-97.649688949093687,30.324403258496154],[-97.64969525760732,30.324421617254657],[-97.64969944681981,30.324433763004055],[-97.649704966995813,30.324449764767166],[-97.64973489575182,30.324537382698814],[-97.649745484473613,30.324568384311085],[-97.649786027512206,30.324687197784026],[-97.649633125465286,30.32514166604042],[-97.649614379366611,30.325197400530289],[-97.649588329439851,30.325274844044291],[-97.649591616273952,30.325288089642665],[-97.649630062007319,30.325429636880365],[-97.649632049961127,30.32543691335486],[-97.64966060428354,30.325533066493794],[-97.649705342705289,30.325673212058767],[-97.649718435451291,30.325713057386345],[-97.649725769361979,30.325734436582454],[-97.649742272945801,30.325781842329157],[-97.6497870106096,30.325901132083214],[-97.649838069197273,30.326017856222148],[-97.649895302321539,30.326131680092544],[-97.649898533270957,30.326149327440902],[-97.649932121727687,30.326286994109594],[-97.649973769554364,30.32642299249714],[-97.65002336768039,30.32655696980321],[-97.650053505236869,30.326628564282526],[-97.650125709591634,30.326792998500935],[-97.650177866415689,30.326922611182741],[-97.650225790318075,30.327053405010417],[-97.650247810744631,30.327119949472177],[-97.650240204260598,30.327260553609271],[-97.650240893776598,30.327401268505739],[-97.650249864375226,30.327541769326324],[-97.650267093825747,30.32768168951203],[-97.650292536935126,30.327820663886371],[-97.650296470840004,30.327838761778057],[-97.650470800678193,30.328626258167208],[-97.650500456844611,30.328745826842638],[-97.650542106548244,30.328881825088526],[-97.650591706743455,30.329015802216773],[-97.650649129557422,30.329147406886982],[-97.650714222933672,30.329276296351733],[-97.650786817989953,30.329402133880105],[-97.650866726823693,30.329524593237831],[-97.650953738500391,30.329643352284943],[-97.651047628206513,30.329758102185497],[-97.651148150046467,30.329868543658531],[-97.651215601025655,30.329935334651804],[-97.652122194299906,30.329872170787453],[-97.653464214296619,30.329778662228325],[-97.653472154851087,30.329778104439303],[-97.653721233324092,30.329765146453077],[-97.654376294448582,30.329731064753027],[-97.65459053923243,30.329727139842703],[-97.65465621708951,30.329725937836759],[-97.654610914826733,30.329841822576391],[-97.654485595335615,30.33016241261684],[-97.654625018870632,30.330382526270753],[-97.654687150358569,30.330480613612224],[-97.654893436841675,30.330806275947644],[-97.655225903009224,30.331335440517243],[-97.655260402533074,30.331390349159093],[-97.655418752042465,30.331642370707833],[-97.655742516475968,30.332113950102972],[-97.656393035494233,30.332338491624522],[-97.656435300754723,30.332353079843397],[-97.65676827956375,30.332468013304105],[-97.65690443493493,30.332515009283934],[-97.6568133078366,30.332657372461934],[-97.656763660644472,30.332734860138839],[-97.656765391938293,30.332735704782429],[-97.656898913117999,30.332800959521986],[-97.656872232690432,30.33284292290238],[-97.656747211720159,30.333039756265041],[-97.656715617106556,30.333024244579313],[-97.656643870302958,30.332989045887036],[-97.65661279554692,30.332973799601501],[-97.656612608976403,30.332974098121792],[-97.65656659732926,30.333047261666582],[-97.656370450028305,30.333359188895045],[-97.656299069044124,30.333334796690558],[-97.655967809849258,30.333221594263559],[-97.655916841429132,30.333487308627376],[-97.655916614539578,30.33353198236243],[-97.655915722817113,30.333699050435612],[-97.655894989443709,30.333878658404206],[-97.655891590941138,30.333908099895844],[-97.655884270229876,30.333971471849548],[-97.655883410465506,30.333978916339586],[-97.655865123328965,30.334066547465159],[-97.655839961604585,30.334188478653775],[-97.655835737277272,30.334208954698131],[-97.655801319296501,30.334263436707449],[-97.655739539829966,30.334360968667784],[-97.655726470643273,30.334387163555306],[-97.655682496527135,30.334475294978297],[-97.655496485303772,30.33478335580083],[-97.654947190360872,30.335693057520572],[-97.654946388715516,30.335694382565958],[-97.654710165329931,30.336064329324941],[-97.654343182553376,30.336606386209816],[-97.654266236008269,30.336719108228422],[-97.654059983463597,30.337021252964568],[-97.654018071063746,30.337082647144449],[-97.653919605316062,30.337226910923658],[-97.653880602469911,30.337284064414533],[-97.653841566129586,30.337341264288341],[-97.653857071377871,30.337386914379994],[-97.653860872767112,30.337398088203987],[-97.653867947683224,30.337418881974916],[-97.656889180848864,30.33880201615845],[-97.656895719868871,30.33880500790125],[-97.657254186646114,30.338973431642923],[-97.658039874218559,30.339342577347963],[-97.659743349630816,30.340142925096661],[-97.661177797811789,30.340816847707522],[-97.661288921601155,30.340869086864259],[-97.661330301156909,30.340888539955053],[-97.661389020137577,30.340917139046205],[-97.661415779800834,30.340930172113847],[-97.661383209013451,30.340982203447233],[-97.661382468224744,30.340983385905822],[-97.661768846054116,30.341170754446786],[-97.663936855033583,30.342222063391141],[-97.664364467768223,30.342429329098234],[-97.66610545856561,30.343273475755396],[-97.666192444639691,30.343315653034374],[-97.666194917047093,30.343316850164349],[-97.667180036319181,30.343793146092704],[-97.667310178105112,30.34385606927254],[-97.667320986956,30.343861294946706],[-97.667539505378642,30.343966960443474],[-97.667808044721667,30.344096812179117],[-97.668447982051063,30.344406144309303],[-97.668704228496182,30.344521267670771],[-97.668737550128839,30.34453620493306],[-97.668739548360492,30.34453710131168],[-97.668743273670685,30.344538771572235],[-97.66930223072454,30.34480589193641],[-97.669910608081594,30.345096628577359],[-97.669936404442794,30.345107964235083],[-97.669946077212188,30.345112213281347],[-97.669958688442691,30.345117743858868],[-97.670187111728168,30.345217886908042],[-97.670243215461056,30.345237150123779],[-97.670260505550473,30.345243078250622],[-97.670306482481251,30.345258845322522],[-97.670353425093538,30.345264188139303],[-97.670476996639209,30.345278253322885],[-97.670595635043568,30.345286182599917],[-97.670610846520162,30.345287193396654],[-97.670673800799619,30.345280413761369],[-97.670705543403287,30.345276951946953],[-97.67073893940541,30.345273352239268],[-97.670778717745833,30.345264826508597],[-97.670809089023635,30.345258306433724],[-97.670851417059865,30.345244636232877],[-97.670890411528987,30.345232041397853],[-97.670905108490942,30.345227295616375],[-97.670928212693099,30.345271266350618],[-97.670981845956533,30.345373338610031],[-97.671092891183562,30.345535425636609],[-97.671119844941444,30.345574771101489],[-97.671364654824572,30.34593210848579],[-97.671059365474378,30.346507893145237],[-97.670703625820735,30.346853683997896],[-97.670089680819984,30.348000309941842],[-97.669407960332094,30.347688171580582],[-97.668985617348767,30.34749660681134],[-97.668781472516585,30.347401877044362],[-97.668745865385304,30.347385596982466],[-97.668295451532146,30.348098767407127],[-97.668530459449457,30.348202390829208],[-97.668706295511484,30.348283472567303],[-97.668962991642672,30.348401841861953],[-97.669415965256235,30.348610904456525],[-97.669442431135053,30.348623120367545],[-97.671156161784552,30.349414097091213],[-97.671163472370353,30.34941747106356],[-97.671038613689532,30.349505892043151],[-97.670989682384203,30.349540546819938],[-97.670985316600152,30.349542568849664],[-97.670978957095258,30.349545517210696],[-97.670912810763483,30.349576178201808],[-97.670912100361747,30.349576499700589],[-97.670865444640498,30.34959410297197],[-97.670622594098447,30.349698150970152],[-97.670622250687899,30.349698298373688],[-97.670503688423494,30.349746115128994],[-97.670443435272787,30.349767965199135],[-97.670317096361387,30.349813775220817],[-97.670286723355758,30.349826129095554],[-97.670227805544982,30.349850157898491],[-97.670175970597782,30.34987132754031],[-97.670053584480598,30.350052128432594],[-97.670034634590252,30.35008017351247],[-97.669803316871324,30.35044667276404],[-97.669794560857369,30.350460149291465],[-97.669785292792383,30.350474405687546],[-97.669732929552524,30.350555227320275],[-97.669469645938449,30.350959567785104],[-97.669619167361617,30.351028683673892],[-97.669618711954712,30.351029363324919],[-97.669472873129251,30.351247916386239],[-97.669370223276516,30.35140174656949],[-97.669321989738791,30.351473987297865],[-97.669284203853678,30.351530795369936],[-97.66926925347687,30.351553094158589],[-97.669260550732275,30.351566173842329],[-97.669244539018095,30.351590233287155],[-97.670920618012801,30.352347267758223],[-97.670928042050392,30.352350614888124],[-97.670946147543916,30.352358772783493],[-97.671084896827594,30.352422009490709],[-97.671087773259529,30.352423322404292],[-97.670757557828395,30.35286384520974],[-97.670721535402222,30.352910872389153],[-97.670491473794598,30.353259300363078],[-97.670395552852554,30.353404675959506],[-97.670303495490586,30.353549728061232],[-97.670076822103695,30.353906881950529],[-97.670000425710612,30.353876937194261],[-97.669909561077787,30.353833255988711],[-97.66972722109746,30.353745597414349],[-97.669474830631671,30.354139279003771],[-97.669396666443248,30.354261197748478],[-97.669265570524374,30.354458318753029],[-97.669138579436705,30.354649226165503],[-97.669043526412523,30.354793450488106],[-97.669008489196727,30.35484661487849],[-97.66873964654549,30.355254221024754],[-97.668110217669721,30.354949042766318],[-97.667637464544839,30.354719825136602],[-97.667528308537953,30.354667403655288],[-97.667314210174894,30.354564583201022],[-97.667263694101635,30.354546012459764],[-97.667171361558758,30.354512024676644],[-97.667141014945599,30.354497430890458],[-97.667116904183516,30.354485835393245],[-97.66703994273233,30.354448811420387],[-97.667004559228843,30.354431942837806],[-97.666990010960504,30.354425006806558],[-97.667023357155259,30.354561536116588],[-97.667065041569643,30.354697529403101],[-97.667114678271176,30.35483150053258],[-97.667172139291935,30.354963098180129],[-97.667237272475106,30.355091979616851],[-97.667309908834753,30.35521780813275],[-97.66738986036151,30.355340257516868]],[[-97.679456369207941,30.338246214143737],[-97.67945326167478,30.338264205210336],[-97.679448020753853,30.338267702346712],[-97.679324665387469,30.338359095637951],[-97.679206850203983,30.338455832526904],[-97.679094883572333,30.338557660997683],[-97.678989056483942,30.338664315156933],[-97.678889645633689,30.33877551709746],[-97.678796911336605,30.338890976860441],[-97.678714992889269,30.339004662156615],[-97.678636361710787,30.339119933441697],[-97.678462965989041,30.339374121897794],[-97.678429546567159,30.339248496777611],[-97.678413865927425,30.339189560618877],[-97.67831976389715,30.338822143719998],[-97.678310771252441,30.338787031350112],[-97.67844288254652,30.338742680644696],[-97.678474699764095,30.338732000284399],[-97.678566910613696,30.338701046368275],[-97.678658588956552,30.338668839587132],[-97.678806323549509,30.338610698273531],[-97.678950442773726,30.338546090085462],[-97.679090570449688,30.338475182656438],[-97.679226341423416,30.338398161903772],[-97.679357400634103,30.338315227490686],[-97.679456530308101,30.338245501970817],[-97.679456369207941,30.338246214143737]]],[[[-97.683783493356458,30.362989464307507],[-97.683621371578312,30.362995494216211],[-97.683459815355349,30.363008694386636],[-97.683299247702223,30.363029030936104],[-97.683140086905397,30.363056450008621],[-97.682982747478334,30.363090881408308],[-97.682827640293041,30.363132233177488],[-97.682675171341657,30.3631803997107],[-97.68252573672325,30.363235253526472],[-97.682379726637464,30.36329665257243],[-97.682237522346071,30.363364436553777],[-97.682099494045573,30.363438428702292],[-97.681966002973155,30.363518434910546],[-97.681837397129357,30.363604248174134],[-97.681714011387754,30.363695644072951],[-97.681596167428978,30.363792383482366],[-97.68148417369764,30.363894214379968],[-97.681378321255266,30.364000870865954],[-97.681280048879586,30.364112867366224],[-97.68126789327286,30.364127384805961],[-97.6811870094092,30.364228068222886],[-97.681175558880796,30.364243130995472],[-97.681100751070232,30.36434720411722],[-97.681090060564117,30.364362739092407],[-97.681075644076927,30.36438442069522],[-97.681058987805443,30.364409601790236],[-97.681048719180993,30.364425365945699],[-97.681010271546455,30.36448525377563],[-97.68084846610256,30.364726320590361],[-97.680829211781813,30.36475571154142],[-97.680783622510504,30.364828796848403],[-97.680743802910555,30.364899336584312],[-97.680709777238434,30.364946673360471],[-97.680656337681242,30.365028601933741],[-97.680560128337802,30.365182162752337],[-97.680404818856772,30.365428263760894],[-97.680365974445849,30.365485390409923],[-97.680250701375584,30.365665845647982],[-97.680213666637883,30.365723834270423],[-97.680172408123326,30.365789101341189],[-97.680101061555703,30.365915487834208],[-97.680037248849985,30.366044868481083],[-97.679981138755053,30.366176906441559],[-97.679932876273369,30.366311255400735],[-97.679892587695548,30.366447566893118],[-97.679860377627449,30.366585483919984],[-97.679836330919969,30.36672464731269],[-97.679820510629014,30.366864693887489],[-97.679812956928188,30.36700525823376],[-97.679813690213606,30.367145973674464],[-97.6798227079545,30.367286473113037],[-97.679839987797735,30.367426389993916],[-97.6798654844184,30.367565359149083],[-97.679899130518535,30.367703018624809],[-97.679940838953783,30.367839007911986],[-97.679990500496118,30.367972974234231],[-97.680047987112729,30.368104566279019],[-97.680113146579927,30.368233441332276],[-97.680185809843238,30.368359262700586],[-97.680265788823434,30.368481704191517],[-97.680352872401187,30.368600443712204],[-97.680446835576575,30.368715172477106],[-97.680547432261889,30.368825591260805],[-97.680654399406237,30.368931412281192],[-97.680767459079348,30.369032359237643],[-97.680886315301777,30.36912816906197],[-97.681010658235124,30.369218591090558],[-97.681140164138043,30.369303388872005],[-97.681196894563968,30.369337429022412],[-97.681274102673711,30.369382841095916],[-97.682007757564762,30.369818554107628],[-97.682086160278587,30.369863576991726],[-97.682224966449823,30.369936479219511],[-97.682367884913162,30.370003140400339],[-97.68251454243584,30.370063386471916],[-97.682664555964706,30.370117061276094],[-97.682817535839973,30.370164023000836],[-97.682973081452246,30.370204151334125],[-97.683130786650366,30.370237339425803],[-97.683290240587226,30.370263502039656],[-97.683451027851433,30.370282570131462],[-97.683612727337902,30.370294494444977],[-97.683774918523426,30.370299244721952],[-97.683937178428138,30.370296806030701],[-97.684099082439076,30.370287187821596],[-97.684260208764073,30.370270412255483],[-97.684420137105519,30.370246525932178],[-97.684578449965343,30.370215589065499],[-97.684734734555363,30.370177682750366],[-97.684888583904595,30.370132906270737],[-97.685039594776171,30.37008137706151],[-97.685187373985798,30.370023228111208],[-97.685331536208523,30.369958612442314],[-97.685471705152821,30.369887697707917],[-97.685607515556981,30.369810669844345],[-97.685738612257111,30.369727728533327],[-97.685864654246501,30.369639091796358],[-97.685985311702154,30.369544989611814],[-97.68610027006622,30.369445667605081],[-97.686209230067746,30.369341386144914],[-97.686311906790252,30.36923241580585],[-97.686408031645954,30.369119041924147],[-97.686497355634032,30.369001559232469],[-97.686579645083924,30.368880275398816],[-97.686595891675822,30.368854545503236],[-97.68668097853346,30.368718067263078],[-97.686739030485569,30.368625790761339],[-97.686760835578397,30.368591330104255],[-97.686764683235637,30.368585230724786],[-97.686964316792839,30.368267838698142],[-97.687018685228878,30.368182872278773],[-97.687147445534194,30.367981641236661],[-97.687164792301814,30.367953516522356],[-97.68722314597963,30.367855835401706],[-97.687233795297203,30.367835681218416],[-97.687286705489868,30.367758401652775],[-97.687318483631671,30.367709620098008],[-97.68733941047013,30.367677487625095],[-97.687342730021811,30.367672400222865],[-97.687443979122179,30.367516983138689],[-97.687512851734994,30.367411245297156],[-97.687525113027519,30.367392245942291],[-97.687600150457115,30.367267475669102],[-97.687667742788193,30.367139546891909],[-97.687727714181406,30.367008790929997],[-97.687779907275129,30.366875551190326],[-97.687824186529596,30.366740174187253],[-97.687860436055033,30.366603013119175],[-97.687888561739442,30.366464426099114],[-97.687908490249356,30.366324774328326],[-97.687920169029468,30.366184422096165],[-97.687923568408465,30.366043735914136],[-97.687918679557782,30.36590308267095],[-97.687905514491106,30.365762829632317],[-97.687884108192023,30.365623342671622],[-97.687854516551013,30.365484985328077],[-97.687816816364702,30.365348118807333],[-97.687771106421849,30.365213100192712],[-97.687717505461904,30.365080280600331],[-97.687656154171407,30.364950008831606],[-97.687587212276028,30.364822622280066],[-97.687510859385512,30.3646984550832],[-97.687427295190105,30.36457782998998],[-97.687336738308744,30.364461062860109],[-97.687239423293988,30.364348457185471],[-97.687135604712225,30.364240307780893],[-97.687025554149031,30.364136895305354],[-97.686909558015074,30.364038490742693],[-97.686787918697689,30.363945350902554],[-97.686660954582777,30.363857717516638],[-97.686528995798753,30.363775820778148],[-97.686392387496397,30.363699873073006],[-97.686251485570878,30.363630073422495],[-97.686106657813639,30.363566602984211],[-97.685958281740753,30.363509628628989],[-97.685917918929263,30.363495467507065],[-97.685009952030043,30.363183159984587],[-97.684898777489337,30.363146989185925],[-97.684744475482304,30.363103432156322],[-97.684587810274238,30.36306676428449],[-97.684429190272553,30.363037081591855],[-97.68426902959601,30.363014459412618],[-97.68410774581595,30.36299895958475],[-97.683945759177277,30.362990619587411],[-97.683783493356458,30.362989464307507]]],[[[-97.674751938845901,30.368782687238156],[-97.674590371630288,30.36879587615897],[-97.674429792382881,30.368816201532621],[-97.674270619420469,30.368843609532259],[-97.674113267288007,30.368878029990899],[-97.673958146890953,30.368919370979484],[-97.673805664255724,30.368967526920688],[-97.673656215517127,30.36902237036049],[-97.673510190911642,30.369083759273757],[-97.673367971738898,30.369151533392031],[-97.673229928234193,30.369225515972868],[-97.673096421674529,30.36930551293381],[-97.672967800100722,30.369391317294554],[-97.672844398427188,30.369482704658257],[-97.672726538376466,30.369579435922372],[-97.672614528434863,30.36968125908599],[-97.672508659706381,30.369787908269281],[-97.672409208994708,30.369899105578153],[-97.672316436719171,30.37001456106595],[-97.672230582701943,30.370133974463918],[-97.672151873550746,30.370257031700326],[-97.672122498770236,30.370307338077282],[-97.672106468564422,30.370335872764752],[-97.672080187729023,30.370383415046401],[-97.671950071762026,30.370617059056372],[-97.671854893410142,30.370769601078123],[-97.671832406527599,30.37080629975453],[-97.67182780415952,30.370813977858671],[-97.671709202501617,30.371012630723261],[-97.671700735338504,30.371026810668237],[-97.671551535332156,30.371271376149458],[-97.671493562723995,30.371366401283918],[-97.671486123895676,30.371378595719491],[-97.67147796944225,30.371391962290105],[-97.671469490022858,30.371405957568079],[-97.671398127773784,30.371532339267556],[-97.67133429955642,30.371661715637956],[-97.671278174160165,30.371793749850436],[-97.671229896627636,30.371928095599728],[-97.671189593288503,30.372064404428823],[-97.671157368787021,30.372202319345824],[-97.67113330801206,30.372341481187632],[-97.671117474055919,30.372481526774699],[-97.671109907128141,30.372622090698826],[-97.671110627659019,30.37276280628409],[-97.671119633151363,30.372903306433553],[-97.671136901283788,30.373043224589782],[-97.671162386762234,30.373182195581556],[-97.671196022317361,30.373319857450241],[-97.67123772083275,30.37345584968056],[-97.67128737310604,30.373589819488359],[-97.671344851128737,30.37372141555214],[-97.671410002699446,30.373850295147207],[-97.671482658784328,30.373976121568422],[-97.671562631323027,30.37409856861014],[-97.671649709212801,30.374217314164927],[-97.671743667468803,30.374332049431708],[-97.671844260016073,30.374442475167974],[-97.671951223814361,30.374548303573359],[-97.672064280942365,30.374649258328223],[-97.672183135427204,30.374745076343842],[-97.67230747743487,30.374835506935291],[-97.672436983226788,30.374920313628902],[-97.672571315093563,30.374999276873488],[-97.672710121465087,30.375072189522292],[-97.672796330167159,30.37511337940057],[-97.672801361147378,30.375115691781748],[-97.672960709031116,30.375188759181054],[-97.67310580931678,30.375255294379436],[-97.67317393008797,30.375286531316245],[-97.673191167401271,30.375294474064752],[-97.673201760669457,30.375299333621196],[-97.673248885849986,30.375320419134944],[-97.673395545780281,30.375380675751927],[-97.673545562529398,30.375434361337778],[-97.673698546429549,30.375481334052466],[-97.673854096860438,30.37552147355521],[-97.674011807658587,30.37555467296669],[-97.674171267962151,30.375580847021165],[-97.674332062343211,30.375599926644654],[-97.674493769678065,30.375611862550723],[-97.674655969422915,30.37561662445092],[-97.674818238575881,30.375614197383261],[-97.674980152499501,30.375604590767768],[-97.675141289376,30.375587826735025],[-97.675301228880045,30.375563951854726],[-97.675459553484615,30.375533026310897],[-97.675615850370789,30.375495131168883],[-97.675769712535569,30.375450365683541],[-97.675920736708491,30.37539884726101],[-97.676068529670701,30.37534070886166],[-97.676212706061349,30.375276103480513],[-97.676352889551779,30.37520519874376],[-97.676488714842492,30.375128180561664],[-97.676619826730743,30.375045248590727],[-97.676745884170117,30.374956620828037],[-97.676866557297345,30.37486252722854],[-97.676981531513704,30.374763213395262],[-97.67709050750679,30.374658939675633],[-97.677193200318499,30.374549976623936],[-97.677289341318939,30.374436609557428],[-97.67737868146537,30.374319133191076],[-97.67746098704491,30.374197855176313],[-97.677488815022627,30.374153387627146],[-97.677609875350356,30.373956583350573],[-97.677663287769661,30.37386663628422],[-97.677668873435991,30.373857739155376],[-97.677731921041143,30.373756663466114],[-97.677854589936501,30.373556477302351],[-97.677966762107232,30.373373424096698],[-97.678197062231106,30.372997590768108],[-97.678244927331335,30.372916252035882],[-97.678312536158558,30.372788328140732],[-97.678372523874486,30.372657576498781],[-97.678424733074408,30.372524340505642],[-97.678469028176963,30.372388966665902],[-97.678505293250922,30.372251808169697],[-97.678533434143603,30.372113223123463],[-97.678553377482046,30.371973572723157],[-97.678565070672192,30.371833221254544],[-97.678568484005126,30.371692535227314],[-97.678563608615889,30.371551881529722],[-97.678550456483009,30.371411627428493],[-97.67852906255645,30.371272138799924],[-97.678499482694164,30.371133779187648],[-97.678461793662322,30.37099690980315],[-97.678416094220566,30.370861887737245],[-97.678362503080763,30.370729064114975],[-97.678301160903999,30.370598787748413],[-97.678232227392201,30.370471396042955],[-97.678155882133154,30.370347223149668],[-97.67807232479727,30.370226591832289],[-97.677981773985636,30.370109817966828],[-97.677884464234737,30.36999720506272],[-97.677780650097517,30.369889047953603],[-97.677670603147817,30.369785627318663],[-97.677554609786938,30.369687214162951],[-97.677432972394939,30.369594065318452],[-97.677306009352847,30.369506422540574],[-97.677174050786107,30.369424516046873],[-97.677037441844959,30.369348558248781],[-97.676920831671978,30.369290199546338],[-97.676909318813742,30.369284715976285],[-97.676698221071348,30.369179935251161],[-97.676687905592459,30.36917477728613],[-97.676647305605513,30.369154580604253],[-97.676559731081909,30.369111571079841],[-97.676546572439506,30.369105510469439],[-97.676415062124818,30.369047913499848],[-97.67640147917831,30.369042410166873],[-97.676266797599567,30.368990730096748],[-97.676252884195009,30.368985826436422],[-97.676115375468342,30.368940188875317],[-97.676101173914461,30.368935902836373],[-97.675961164897785,30.368896414094905],[-97.675946748701634,30.368892766908171],[-97.6758200392226,30.368863669915054],[-97.675806989962794,30.368860792626204],[-97.675801974854551,30.368858953476288],[-97.675790010377838,30.368856529044425],[-97.675645969070885,30.368829604219815],[-97.675631368562122,30.368827278988594],[-97.675485812452052,30.368806747881052],[-97.675471238521055,30.368805088508005],[-97.675399912409105,30.368799132409396],[-97.675319227651968,30.368791166239546],[-97.675238257822286,30.36878699771734],[-97.675182589872179,30.368781752262507],[-97.675126676933402,30.368781329481859],[-97.675121040463011,30.368780519531036],[-97.675114897544688,30.368779012334858],[-97.675044872088975,30.368777327092015],[-97.674914070986318,30.368776668623514],[-97.674751938845901,30.368782687238156]]],[[[-97.740676279706435,30.360305256662809],[-97.740514166081127,30.360311359041365],[-97.740352622257291,30.360324631425485],[-97.740192071217507,30.360345039743457],[-97.740032931204439,30.360372529952279],[-97.739875616678162,30.360407031670864],[-97.739720538444502,30.360448452757954],[-97.73956810242133,30.360496687426544],[-97.739418704620846,30.360551608018131],[-97.739272735147168,30.360613072306101],[-97.739130575156281,30.360680919825228],[-97.738992594728956,30.360754973641868],[-97.738859154977007,30.36083503948721],[-97.73873060376819,30.360920910201362],[-97.738669531909537,30.360966197382606],[-97.738656914270251,30.360970835149359],[-97.738510943667933,30.361032298566723],[-97.738368782514314,30.361100145238392],[-97.73823080089312,30.361174198232892],[-97.738097359919379,30.36125426328363],[-97.737968807463943,30.36134013323273],[-97.737845478260624,30.361431583512605],[-97.737727693842473,30.361528374856714],[-97.737615762498748,30.361630255106771],[-97.737509975128205,30.361736958234641],[-97.737410608322605,30.361848206205345],[-97.737317922282386,30.361963708939271],[-97.737232156605572,30.362083166045807],[-97.737153537667638,30.362206263337715],[-97.737082269028633,30.362332681701144],[-97.737018535751346,30.36246209084371],[-97.736990200916594,30.362526275551879],[-97.73695648623027,30.362605596064295],[-97.736952679901222,30.362614547204942],[-97.736931437438699,30.362666074724448],[-97.736924836228837,30.362682778137021],[-97.736876655452349,30.362817148614358],[-97.736836449455481,30.36295347805622],[-97.736804322627805,30.363091409417223],[-97.736780359603543,30.363230583491095],[-97.736768764275922,30.363333782858593],[-97.736721660714096,30.363392480607381],[-97.736635893012689,30.363511937332973],[-97.73655727213405,30.363635034278012],[-97.736486001643527,30.36376145232958],[-97.736422266608415,30.363890861196086],[-97.736388010610213,30.363969093423623],[-97.736356094486837,30.364045455194042],[-97.736334204474858,30.364099561227913],[-97.736286022155838,30.364233931504845],[-97.736245814722395,30.364370260783669],[-97.736213686567865,30.364508192019425],[-97.736189722329939,30.364647366006054],[-97.736173984849032,30.364787419532085],[-97.736168639048444,30.36488800795259],[-97.736090769037858,30.364979032387406],[-97.736016942495638,30.365073365986643],[-97.735947299881289,30.365170829274849],[-97.735881973694148,30.365271236822153],[-97.735878552538409,30.365276766619491],[-97.735818737322404,30.365378451735271],[-97.735763564996503,30.365482728948948],[-97.735428786479261,30.366151886508998],[-97.735161722590149,30.366685689360779],[-97.735123660551096,30.366765140041402],[-97.735108400207693,30.366799107669603],[-97.735083996918505,30.366854506798944],[-97.735043222705627,30.366952601404591],[-97.734995027052335,30.367087000893623],[-97.734976386610569,30.367144090096193],[-97.734936195195715,30.367280360585987],[-97.734911601739569,30.367382453399383],[-97.734898887433275,30.367440722995497],[-97.734875729989852,30.367561479899265],[-97.734858754329338,30.367683259716738],[-97.734852060893871,30.367742277454983],[-97.73484494960752,30.367814806074282],[-97.734841366674402,30.367864378476391],[-97.734724581857165,30.369752628812581],[-97.734693236864203,30.370237408737232],[-97.73469280315193,30.370244278157443],[-97.734687460680391,30.370330775180989],[-97.734658492165153,30.370401170826046],[-97.734537539130969,30.370652939442703],[-97.734517663831809,30.370695296769817],[-97.734478037736054,30.37078646406022],[-97.734358342300737,30.371077328152989],[-97.734265733222287,30.371299958122751],[-97.734080460815719,30.371745340790415],[-97.734045629294613,30.371832603870558],[-97.73401479294705,30.371921357460284],[-97.733988015286116,30.372011418755488],[-97.733943906548475,30.372118097420916],[-97.733939177119069,30.372129589627043],[-97.733771819580895,30.372534285729952],[-97.733367614041811,30.372579131898238],[-97.733344856991025,30.372581702730507],[-97.733292270986865,30.372588151351692],[-97.733260504572414,30.37259221521839],[-97.733133528482725,30.372611158148423],[-97.733102002444596,30.372616429554366],[-97.733047629799231,30.372625982416437],[-97.732984539751016,30.372636146607068],[-97.732975621055346,30.37263790523399],[-97.73294432088214,30.372644116321329],[-97.732819452552263,30.372671213091675],[-97.73278846841832,30.372678518253235],[-97.732764918192444,30.372684155870921],[-97.732664772535912,30.372710033083361],[-97.732634154718738,30.372718422367495],[-97.732579199158621,30.372733957625719],[-97.732512324826772,30.37275417053522],[-97.732482122712156,30.3727636276463],[-97.732396537834219,30.372791640902989],[-97.732361784985329,30.372803720024791],[-97.732332053127237,30.372814230567482],[-97.732215654561244,30.372857746140131],[-97.732184705836133,30.372869975270934],[-97.732068450141441,30.372918410412456],[-97.732039796619318,30.37293097513259],[-97.732013518916403,30.372942631120218],[-97.731926111065377,30.37298336146667],[-97.731898067815067,30.372996922451716],[-97.731843292196643,30.373024031604615],[-97.731786989766462,30.37305322268287],[-97.731759602156629,30.373067757238115],[-97.73167790069796,30.373112612168612],[-97.731651169549849,30.373127953970219],[-97.731632883379405,30.373138564392718],[-97.731624297928718,30.373143547302092],[-97.731518727954281,30.373207538640727],[-97.731511422023701,30.373212161030697],[-97.731492412051352,30.3732241860349],[-97.731390423649884,30.373291508367821],[-97.731365272308722,30.373308816567036],[-97.731338087114736,30.373327736597986],[-97.731265979286135,30.373380039031034],[-97.73124165806955,30.373398217241522],[-97.73119041488934,30.373437358785246],[-97.731145873055965,30.373472794722094],[-97.731122420211122,30.373491812890244],[-97.73104915608819,30.37355316226509],[-97.731030244464293,30.373569652276942],[-97.731007700408924,30.373589476771734],[-97.730919144457374,30.373670573741883],[-97.730897544291665,30.373691175357774],[-97.730893059306823,30.373695462882729],[-97.730812838053879,30.373775331512167],[-97.730792220176667,30.373796673870007],[-97.730766633213818,30.373823502931501],[-97.730711476658797,30.373883784554813],[-97.730691872045185,30.373905836567364],[-97.730647641384266,30.373956797805032],[-97.730615378280888,30.373995581450441],[-97.730601000659433,30.374013184682994],[-97.730596699919531,30.374018450959248],[-97.730536379475893,30.374095015583887],[-97.730524636859144,30.374110586469811],[-97.730521600350528,30.374114643060775],[-97.730507027224164,30.374134113287742],[-97.730439135557532,30.37422897835178],[-97.730422760768377,30.374252928580933],[-97.730416739199356,30.374261773152664],[-97.730359379820669,30.374350064573918],[-97.730344137718944,30.374374569290858],[-97.730322859376002,30.374409371129332],[-97.730286136891493,30.374472445791458],[-97.730260032374986,30.374518748827366],[-97.730196105552196,30.374632156147424],[-97.730192218352499,30.374639151108365],[-97.730157464152228,30.374702712870384],[-97.730093713271671,30.374832118737629],[-97.730037667098642,30.374964178891567],[-97.729989470467657,30.375098546959848],[-97.729949249498873,30.375234874427068],[-97.729917108620683,30.375372804252958],[-97.729893132504259,30.375511977235117],[-97.729877384021037,30.375652030164833],[-97.729869903157294,30.375792597615202],[-97.729870710119187,30.375933312900813],[-97.729879802183646,30.376073808925778],[-97.729897156803716,30.376213719142886],[-97.729922728459556,30.376352678401748],[-97.729956449657294,30.376490324774714],[-97.729998233056349,30.376626297786611],[-97.730047969233908,30.376760244703615],[-97.730105529961662,30.376891814263296],[-97.730170762822681,30.377020663811155],[-97.730243498570857,30.377146456719853],[-97.730323548939054,30.377268866870679],[-97.730410702619992,30.377387572253451],[-97.730504734431648,30.377502264170996],[-97.730605398107159,30.377612643494171],[-97.730712430420851,30.377718422544135],[-97.730825553272624,30.377819325129423],[-97.730944470517997,30.377915088297922],[-97.731068872159113,30.37800546150763],[-97.731198434301078,30.378090208434323],[-97.731308628037567,30.378155539823656],[-97.731637740996476,30.378341989340257],[-97.732926701119837,30.379072199420122],[-97.732950896758581,30.379085770854608],[-97.733000066651641,30.379112530698073],[-97.733755794545971,30.379515527159995],[-97.734470836454619,30.379898407352655],[-97.73456554088699,30.379947172682115],[-97.734708510749272,30.380013775162269],[-97.734855216552802,30.380073960988664],[-97.735005275118624,30.380127574160493],[-97.7351582966688,30.380174473025846],[-97.735313880486146,30.380214537437279],[-97.735471620318677,30.380247660711568],[-97.735631105229714,30.380273757781264],[-97.73579191972658,30.38029275977301],[-97.735953642633334,30.38030461760367],[-97.736115853366215,30.380309301187854],[-97.736278128892963,30.380306795767829],[-97.736440044561476,30.380297110968552],[-97.736601178547545,30.380280269124459],[-97.736761110535127,30.380256317008111],[-97.736919423015721,30.380225315005205],[-97.737075703202024,30.380187344380378],[-97.737229544135019,30.380142504585109],[-97.737380542599922,30.380090913220254],[-97.737528305444059,30.380032703436164],[-97.737672447386132,30.379968028413916],[-97.737812592186742,30.379897055961578],[-97.737930667293298,30.37983002514866],[-97.738072031742377,30.379788820207015],[-97.738223029194913,30.379737227844878],[-97.738370790980355,30.379679017085248],[-97.73851493182022,30.379614341111683],[-97.738554717311928,30.37959450249847],[-97.738655602876989,30.379544170865284],[-97.739501961937535,30.379127456587504],[-97.739602051150783,30.379075923057119],[-97.739737831005257,30.378998837359916],[-97.739868893358505,30.378915840214233],[-97.739994897294309,30.378827149786783],[-97.740115513088242,30.378732996196415],[-97.74023042629122,30.378633625202532],[-97.740339337751166,30.378529297301391],[-97.74044196267694,30.378420283188998],[-97.740538032616826,30.378306868316095],[-97.740627298712624,30.378189347521573],[-97.740709527445475,30.378068028573001],[-97.740784503890609,30.377943226799726],[-97.740852032652043,30.377815269629792],[-97.740911938055078,30.377684488456453],[-97.740964062911431,30.377551226752669],[-97.74100827185876,30.377415831089913],[-97.741044449190895,30.377278654715443],[-97.741072500984274,30.377140055781975],[-97.74109235409793,30.377000395521808],[-97.741103956173362,30.376860038246704],[-97.741107277739573,30.376719350481014],[-97.74110231017093,30.376578699117537],[-97.741089065686694,30.376438451417442],[-97.741067579477487,30.376298973239802],[-97.741037907642109,30.376160628101026],[-97.741000127186709,30.376023777174964],[-97.740954337109287,30.375888777504219],[-97.740920086085268,30.375804045523463],[-97.741013354370864,30.375781380195384],[-97.741167186375264,30.375736535664448],[-97.741318175764704,30.375684939655411],[-97.741465929409969,30.375626725330648],[-97.74161006205388,30.375562045883122],[-97.741750197481252,30.375491069132373],[-97.74188597051868,30.375413981176308],[-97.742017026098765,30.375330981853946],[-97.742143023323194,30.37524228933755],[-97.74226363248502,30.375148133751502],[-97.742378539152369,30.375048760860356],[-97.74248744419026,30.374944431165414],[-97.74259006282432,30.374835415367269],[-97.742686126619276,30.374721998921093],[-97.742775386732902,30.374604476669894],[-97.742857609661996,30.374483156385033],[-97.742932580496785,30.374358353399344],[-97.743000103856133,30.374230395144011],[-97.743046091043666,30.374131786533685],[-97.743094527201464,30.374021867334619],[-97.743108440204892,30.373989693811208],[-97.743158972154362,30.373860846530139],[-97.743383772094973,30.373237538335005],[-97.743587745392929,30.372671934235484],[-97.744131577987318,30.371178512438359],[-97.744257705066815,30.370846460168476],[-97.74427395235584,30.370802447764337],[-97.744304217135252,30.370712681097462],[-97.744390990523499,30.37043808618122],[-97.744808978519842,30.369163581040045],[-97.744831134381101,30.369092421534436],[-97.744861890674613,30.368977994604968],[-97.744875756112862,30.368920930622487],[-97.744899646897665,30.368811758636777],[-97.744918461150448,30.368701598226675],[-97.744932158576944,30.36859068532134],[-97.744937961927761,30.36853258798196],[-97.744946454544817,30.368421524788197],[-97.744949763966744,30.368310186541038],[-97.74494788300737,30.368198815002728],[-97.744945538650995,30.368140534412376],[-97.744938454771543,30.368029214976151],[-97.744926206748133,30.367918344853248],[-97.744908821031686,30.367808163479623],[-97.744898363091096,30.367750556375579],[-97.744875760788759,30.367640638153667],[-97.744848137246962,30.3675318731799],[-97.744815550689637,30.367424490705254],[-97.744797133406792,30.367368404190469],[-97.744759304545596,30.367261519075615],[-97.74471670717881,30.367156443317899],[-97.74466942750027,30.367053389533329],[-97.744643320358918,30.366999646526192],[-97.74459080663658,30.366897426209949],[-97.744533869831955,30.366797601942537],[-97.744472619038973,30.366700364992539],[-97.744439206950261,30.366649756095491],[-97.744415307609913,30.366615454940472],[-97.745145881334238,30.36483019747584],[-97.745288233006519,30.364488638544859],[-97.745334173002306,30.364370052583343],[-97.745378369678221,30.364234655616507],[-97.745414535763729,30.364097478216586],[-97.745442577364727,30.363958878538998],[-97.745462421366781,30.363819217817927],[-97.745474015435263,30.36367886036636],[-97.745477330119883,30.363538172709095],[-97.745472356813011,30.363397521738715],[-97.745459107748943,30.363257274715224],[-97.745437618130197,30.363117797495999],[-97.745407944064482,30.362979453594996],[-97.745370162563617,30.362842604182877],[-97.745324372628488,30.362707606298112],[-97.745270693206507,30.36257481100299],[-97.745209265190311,30.362444567035109],[-97.745140248504185,30.362317211715677],[-97.745063822954123,30.362193079100855],[-97.744980188419106,30.362072491849073],[-97.744889563702316,30.361955765721067],[-97.744792183532553,30.361843204102577],[-97.744688302646793,30.361735101693043],[-97.744578192792233,30.361631739028677],[-97.744462140534893,30.36153338696359],[-97.744340448408579,30.361440302170518],[-97.744213434936071,30.361352726237204],[-97.744081430375701,30.361270889207439],[-97.743944779996667,30.361195003310854],[-97.743803839804514,30.361125267407839],[-97.743658977689876,30.361061862489503],[-97.743510571259222,30.361004955255968],[-97.743381350265523,30.360961621590096],[-97.742130914447529,30.360569248257931],[-97.741822548859062,30.360471911972859],[-97.741817241281552,30.360470241116616],[-97.741791626048894,30.360462282907733],[-97.741637302498347,30.360418794875251],[-97.741480619908501,30.360382197053628],[-97.741321986732345,30.360352585282016],[-97.741161817121736,30.360330034709094],[-97.741000528672984,30.360314606986396],[-97.740838541641452,30.36030633940512],[-97.740676279706435,30.360305256662809]]],[[[-97.64091775667174,30.384721475768242],[-97.640299822333546,30.385665679343624],[-97.640172956696574,30.386331669808349],[-97.640062176280338,30.386913218873488],[-97.640061860131098,30.38691487469654],[-97.640383966220057,30.387065135510269],[-97.641407625422957,30.38754266021629],[-97.641604827707184,30.387218724711449],[-97.642593928268667,30.38559279808873],[-97.642337797249098,30.385470807563667],[-97.642336256327752,30.385470074748561],[-97.642088735397024,30.385352183145447],[-97.642051395951597,30.385334416206152],[-97.642020886040413,30.385319896635583],[-97.64201394009666,30.385316591950698],[-97.642263606522377,30.384925691114127],[-97.642476704076088,30.384584827297278],[-97.642647076419124,30.384312301674054],[-97.642648308483928,30.384312872360827],[-97.642648533235487,30.384312976875471],[-97.643230419754389,30.384583019718391],[-97.643245457195761,30.384590028068381],[-97.643222741703781,30.384541748624265],[-97.643153844853558,30.384414337718017],[-97.643077533996276,30.38429014358622],[-97.643022671432817,30.384210893812],[-97.643037718507045,30.384204979568832],[-97.643181930550369,30.38414041153753],[-97.64332215149831,30.384069543108229],[-97.643458015953371,30.383992560096445],[-97.643589168611001,30.383909662066863],[-97.643715268317905,30.383821066928146],[-97.643835985100878,30.383727004549957],[-97.643951004247299,30.383627720453834],[-97.644060026327139,30.383523474909929],[-97.64416276626244,30.383414538398736],[-97.644258955299989,30.383301196168095],[-97.644348344272203,30.383183742868628],[-97.6444306993384,30.383062486091482],[-97.644505805245089,30.382937741003445],[-97.644573466256915,30.382809834884739],[-97.644603637493248,30.382746564925686],[-97.646724606365595,30.378137209389436],[-97.646728844409452,30.378127949611962],[-97.648007491506732,30.375319457102634],[-97.649402638290553,30.372320275223561],[-97.650016126146184,30.371001382615756],[-97.650102523444659,30.370815640473719],[-97.650222673770784,30.370557333535832],[-97.650285540720361,30.370422177935115],[-97.650348410840706,30.370287013326685],[-97.65041127200243,30.370151866608634],[-97.6504741351375,30.370016717189223],[-97.650536998117147,30.369881566837329],[-97.650599862005834,30.369746414668416],[-97.650662723499423,30.369611267854193],[-97.650725587010811,30.369476116531295],[-97.650788363444562,30.369341149813433],[-97.650790601159713,30.369336340794526],[-97.650801078571106,30.369313531089887],[-97.650859554772424,30.369184563013036],[-97.650879593053858,30.369139198799438],[-97.650937609778438,30.369004305987808],[-97.650941633771836,30.368994898397137],[-97.650957055064467,30.36895782423851],[-97.651012269771982,30.368822051550904],[-97.651030198079184,30.368776712560148],[-97.651079293042642,30.368648942711285],[-97.651096279038669,30.368603422683812],[-97.651145998811728,30.368466120098319],[-97.651147908442056,30.368460828574669],[-97.651162738867114,30.368418384173562],[-97.65121039762424,30.368277921780585],[-97.651226409040234,30.368229073054149],[-97.651271861465716,30.368085382177885],[-97.651285351299322,30.368041311014764],[-97.651288754725925,30.368029700500564],[-97.651341424806731,30.367848422379673],[-97.651358582363926,30.367786344770995],[-97.651405461627391,30.367607613198572],[-97.651421202837156,30.367544150630696],[-97.651431330987506,30.36749889817948],[-97.651497308312713,30.367190349507293],[-97.65150834789263,30.367135655512868],[-97.651534345180565,30.366998736823422],[-97.651541356035679,30.366960104286605],[-97.65154250077282,30.366953436212469],[-97.651564063876521,30.366826752915149],[-97.651571068397089,30.36678319489809],[-97.651590296727264,30.36665622803109],[-97.651595694419441,30.366618581896319],[-97.651608113086283,30.366526807684462],[-97.651611790131227,30.366498352194672],[-97.651620842915861,30.366424860313085],[-97.65162360046719,30.366401541946843],[-97.651624187829427,30.366396301054912],[-97.651634525656178,30.366303201050933],[-97.651638321000718,30.366266441167692],[-97.651649859357008,30.36614557859723],[-97.651653810725008,30.366099487091653],[-97.651665007460821,30.365952185079312],[-97.651668498753565,30.365898160928651],[-97.651677908727521,30.365719113955382],[-97.651680155377164,30.365664443934957],[-97.651684328240989,30.36552355414798],[-97.651685225744686,30.365479506439815],[-97.651686514915994,30.365364102455089],[-97.651686631944813,30.365325008198191],[-97.651685993916857,30.365208393363154],[-97.651685438107904,30.365168294928061],[-97.651682846120991,30.365051857396899],[-97.651679623665842,30.364970073810753],[-97.651666944869845,30.364745900420026],[-97.651665894662983,30.364728454227652],[-97.651662170524403,30.364678414056133],[-97.651647843681317,30.364509799578482],[-97.651642211375844,30.364451869652189],[-97.651623785120435,30.364283557423221],[-97.651620029831633,30.364251270760935],[-97.65161678880898,30.364226067015597],[-97.651594513216679,30.364059763103025],[-97.651586163994779,30.364002642804557],[-97.651559885714704,30.363836780337689],[-97.651550122975962,30.363779611349276],[-97.651539926310079,30.363727209637851],[-97.65108627541774,30.36152534679486],[-97.65094844784845,30.360833842454682],[-97.650870568454764,30.360429575752281],[-97.650838528034654,30.360263256917424],[-97.650812318031115,30.360127194557919],[-97.650786103202449,30.359991119447908],[-97.650759893237037,30.359855061600467],[-97.650733682415037,30.359718999212369],[-97.650705104428752,30.359570652042446],[-97.650676254802846,30.35942088860272],[-97.65065015785774,30.359285420466946],[-97.650618813648236,30.359122707204254],[-97.650610502595711,30.359084625413615],[-97.650594612566152,30.358980809981396],[-97.650586455496025,30.358938410494492],[-97.65000745272404,30.356066718911745],[-97.650008834395834,30.356050189151663],[-97.650012289140406,30.355909504165417],[-97.650007456520171,30.355768849649234],[-97.64999434840206,30.355628592871895],[-97.649972999621085,30.355489099716578],[-97.649959299683019,30.355419982089138],[-97.649791489658028,30.35463341448434],[-97.64976421166304,30.354519246830371],[-97.64973154729509,30.354406502068677],[-97.649693570135213,30.354295434172542],[-97.649650365732285,30.354186293337882],[-97.649562155471571,30.353973856251748],[-97.649509962872003,30.353840591838836],[-97.649448670792225,30.353710301840461],[-97.649379787847508,30.353582894776412],[-97.649303493493221,30.353458704837674],[-97.649219987267116,30.353338054832662],[-97.649129487636529,30.353221260686208],[-97.649046872568704,30.353125584702248],[-97.648640899170786,30.352930089393283],[-97.6475998244035,30.352428752956694],[-97.647479951833347,30.352611895733485],[-97.647423163020278,30.352698611674946],[-97.647415132953071,30.352710873331436],[-97.647477179586076,30.352739978828506],[-97.64764725623202,30.352819809919634],[-97.647882313644544,30.352930265809835],[-97.647893339368125,30.352935447426308],[-97.647589686722085,30.353401935842523],[-97.647584387375701,30.353410271910025],[-97.647946158321716,30.353577370414691],[-97.647961264886163,30.353584350612802],[-97.64797537161968,30.353590869333967],[-97.647989806149695,30.353597538763662],[-97.647838674238685,30.35384467075945],[-97.647828998128134,30.353860493874741],[-97.647765591337617,30.353964177232513],[-97.647806801130159,30.354058222539603],[-97.647818272789678,30.354084370493474],[-97.647834953401414,30.354122401970404],[-97.647866243094754,30.354254967898299],[-97.647883141335583,30.354326942079908],[-97.64798075397573,30.354753166338021],[-97.64832991356846,30.356278058231126],[-97.648308015642172,30.356270747340702],[-97.648289661174687,30.356264621173306],[-97.648159718167705,30.356221238985384],[-97.648153946409352,30.356219312416091],[-97.648034185717819,30.356117170386661],[-97.647965592025628,30.356058673176879],[-97.64795683636325,30.356051204655408],[-97.647932444097151,30.356030396874633],[-97.647903695216641,30.356005946529397],[-97.647463110936357,30.355630064675605],[-97.647320526327277,30.355508013690251],[-97.647233671397345,30.355433663717555],[-97.647216278632271,30.355418577783265],[-97.647167464930675,30.35537622456993],[-97.647157237897943,30.355366616882343],[-97.647053484713439,30.355269122082923],[-97.646961015280198,30.35518223083578],[-97.646960341030422,30.355181670501935],[-97.646891449821339,30.355124218624123],[-97.646890661180194,30.355123562151409],[-97.646887587488877,30.355120996520405],[-97.646849954756078,30.355089613785527],[-97.646821926652578,30.355066312931335],[-97.646773863337103,30.355026355658151],[-97.646768015779159,30.355021495731272],[-97.646730482485722,30.355064159745513],[-97.646677907086797,30.355123879232782],[-97.646677836816465,30.355123726953785],[-97.646542458048756,30.354837940660495],[-97.646539014494167,30.354815783362579],[-97.645974661669911,30.35467840711739],[-97.645723296277282,30.354617218722815],[-97.64547757529013,30.354560470183738],[-97.645340994915173,30.354528925766907],[-97.645238805896852,30.354505323446428],[-97.645189216323118,30.354493961909863],[-97.645006969397301,30.354452198595904],[-97.64484488080015,30.354415045511278],[-97.644826718351453,30.354410882408565],[-97.644812567540583,30.354407640670232],[-97.644710191945904,30.354384174597854],[-97.644483058916109,30.354310789798813],[-97.644304560245047,30.354253061212376],[-97.64424002514366,30.354232216475108],[-97.644232002579727,30.35422962605336],[-97.64419144720253,30.354216527420441],[-97.64328699728442,30.353957612903084],[-97.643156653663723,30.353920298861151],[-97.643135179299321,30.353980017097843],[-97.643094846745711,30.354116312267379],[-97.64306258997884,30.354254216188895],[-97.643038495063507,30.354393367930967],[-97.643022625164562,30.354533405232274],[-97.643015019549111,30.354673962675047],[-97.643015698751455,30.354814673588695],[-97.643024646792128,30.354955172432952],[-97.643031395341268,30.355018507183363],[-97.643031848985572,30.355022436530703],[-97.643032896115272,30.355030839352679],[-97.643033715345524,30.355037067285107],[-97.643045312251772,30.355118168967739],[-97.643059260525831,30.355198899487441],[-97.643066646437859,30.355235934039939],[-97.643093324478627,30.355381275318578],[-97.643098825207446,30.355409396094952],[-97.64401173719375,30.359934213064161],[-97.644017234026848,30.359960692850098],[-97.644019897893443,30.359971608173129],[-97.644021509397376,30.359984701802318],[-97.644041582472255,30.36009782889905],[-97.644505230941505,30.362392572612826],[-97.644437089089436,30.362375804640287],[-97.64428582688096,30.362340419118368],[-97.644208745010431,30.362323281199316],[-97.64414199682453,30.362309871266177],[-97.643988997681703,30.362280636157902],[-97.643897139686402,30.362264312967099],[-97.643843673814771,30.362255932235207],[-97.643689270762934,30.3622329115566],[-97.643582586891384,30.362218618976502],[-97.643542781102639,30.362214107352155],[-97.643387307520584,30.362197350663806],[-97.643265837509944,30.362186310754122],[-97.6432399585767,30.362184486201837],[-97.643083755447492,30.362174030551369],[-97.642947652713289,30.362167462957753],[-97.642935832156354,30.362167132802586],[-97.642779234520802,30.362163002473789],[-97.642631229500807,30.362162089602108],[-97.642473362069268,30.36216430634812],[-97.642326577851634,30.362169359994741],[-97.642170216705864,30.362177887554655],[-97.642153658792665,30.36217882836301],[-97.642022672811834,30.362188933411236],[-97.641866942199357,30.362203770030344],[-97.641836367618069,30.36220681247368],[-97.641720127250167,30.362220768781405],[-97.641565361486457,30.362241883594859],[-97.641521026693439,30.362248211265708],[-97.641502528507601,30.362251016381645],[-97.641103046961092,30.362312659861544],[-97.641091574442342,30.362314450605489],[-97.640881609526389,30.362347670211165],[-97.639977999484159,30.362035439378186],[-97.639972563363145,30.362033422833427],[-97.639937968206482,30.362007573034553],[-97.63992899916714,30.362000896481639],[-97.639392540196468,30.361603069965565],[-97.639370122217159,30.361586600518066],[-97.639243204661284,30.361498919861965],[-97.63911128971759,30.361416973990256],[-97.638974722423171,30.361340975417281],[-97.638833858565746,30.361271123296977],[-97.638689065837951,30.361207598923784],[-97.638540721663873,30.361150569309238],[-97.638389212291457,30.361100181740387],[-97.638234934765023,30.361056568337339],[-97.63815052153754,30.361036778229085],[-97.638145070753751,30.361032740736583],[-97.63806911752792,30.360979167916117],[-97.637956261627565,30.360902040693269],[-97.637905299235527,30.360867931597074],[-97.637885653978131,30.360855423453767],[-97.637588352985787,30.361460043849167],[-97.637319909272065,30.361954952651026],[-97.636764337312144,30.36180338306395],[-97.634949803412766,30.361308341830167],[-97.634912934910773,30.361420934792491],[-97.634855337733711,30.361596832420975],[-97.63472350173987,30.361999660455307],[-97.63472267005848,30.36200209593127],[-97.634639222639478,30.362236393291468],[-97.634573722133766,30.362420212747725],[-97.634536258090591,30.362525357677168],[-97.634296634687246,30.363197839517831],[-97.633843799474363,30.364420496967618],[-97.633511931834022,30.365257890860615],[-97.633461164183586,30.365384707351879],[-97.633285496853375,30.365823507612237],[-97.633171311062895,30.366108856834135],[-97.633161489600695,30.366133399605911],[-97.63287356003147,30.366842447469718],[-97.632695500120164,30.367282075920816],[-97.632646141275586,30.367403948684913],[-97.632400805192844,30.368009673398941],[-97.632198924859267,30.368484552677096],[-97.631575662888594,30.36995055140585],[-97.631269118081107,30.370788543104425],[-97.631211661859666,30.370936389683429],[-97.631205843477588,30.370951358591938],[-97.631140801512899,30.371118548508658],[-97.63094059250254,30.371021978822476],[-97.630753824995068,30.370931876365066],[-97.630753511601881,30.370931732207449],[-97.628659363368371,30.374235722633941],[-97.627861389425831,30.37549464154527],[-97.627515457768169,30.375297099229766],[-97.626607575750043,30.374861558213425],[-97.626070158568069,30.374603823099463],[-97.625765649829489,30.375044128372785],[-97.625819978136064,30.375168667266603],[-97.625885069373155,30.37529757017532],[-97.625957666689757,30.375423422593901],[-97.626037582177645,30.375545898249637],[-97.62612460488441,30.375664674959392],[-97.62621850996868,30.375779443841701],[-97.626319051494121,30.375889905565884],[-97.626425966553526,30.37599577223763],[-97.626538977352979,30.376096767437733],[-97.626657788040049,30.376192627971687],[-97.626782088895624,30.376283103043729],[-97.62691155628869,30.376367956064257],[-97.627045852609285,30.376446967361499],[-97.627184626380526,30.376519929662699],[-97.627227993128628,30.376541047303473],[-97.627467619248378,30.376655606385661],[-97.630038892366983,30.37801652023143],[-97.630417475044055,30.378216797004143],[-97.630476968125052,30.378248261630333],[-97.630556013805844,30.378290189649178],[-97.632952389868748,30.379562086383537],[-97.632960908074637,30.379566591589882],[-97.633082718148813,30.379630785974907],[-97.633236825667936,30.379383963278688],[-97.633238645817713,30.379385119984775],[-97.633425157852756,30.379503718291257],[-97.633692804739042,30.379673909566005],[-97.633737873823989,30.379700260435932],[-97.633757170116851,30.379711540391799],[-97.633785671292074,30.379728064231795],[-97.633870205559631,30.379774582721218],[-97.633983208489028,30.379836795308957],[-97.634184321747284,30.379934517658153],[-97.637047190086804,30.381380796031308],[-97.637944901239067,30.381834284660979],[-97.637945074311929,30.381834370143558],[-97.63799743264417,30.38186049764175],[-97.638054181104536,30.381889029150503],[-97.63904381160404,30.382384485740733],[-97.639220021274966,30.382472707230189],[-97.639334935629194,30.382530239298266],[-97.63946229509655,30.382594001497274],[-97.64014132788661,30.382933959671632],[-97.640393604394063,30.383061713657366],[-97.640481356634425,30.383106152805407],[-97.640564018021934,30.383148017649276],[-97.640658835461622,30.383196040296102],[-97.6406727351239,30.383203079397337],[-97.640673891805307,30.383203661363211],[-97.640942185825025,30.383338555881672],[-97.641098429673335,30.383416463478074],[-97.641138836829157,30.383436609221093],[-97.64134662393306,30.38354024965572],[-97.641598430148647,30.383665847125975],[-97.641597363201186,30.383667504408653],[-97.641592691217355,30.38367475166736],[-97.64091775667174,30.384721475768242]]],[[[-97.642696946693476,30.386848764755896],[-97.642037502169444,30.38782544001948],[-97.642634491965467,30.388101105477265],[-97.642676766124055,30.38805628431674],[-97.642772961588435,30.387942943148325],[-97.642862356721338,30.387825490829592],[-97.64294471766604,30.387704234948874],[-97.643019829153729,30.387579490670838],[-97.643087495434486,30.387451585273507],[-97.643147540477216,30.387320850015485],[-97.643199806726898,30.387187628249407],[-97.643244158453541,30.387052266442829],[-97.643280479578209,30.386915117754505],[-97.643297231831085,30.386837884803867],[-97.643301513592732,30.386816212119403],[-97.643308400785472,30.386780550155411],[-97.643323461523948,30.386705477353541],[-97.642921813615672,30.38651562002844],[-97.642696946693476,30.386848764755896]]],[[[-97.848644689465345,30.400836715065918],[-97.848653958322643,30.400977202925603],[-97.848671491154931,30.401117097265967],[-97.848697241976893,30.401256032978253],[-97.848731142828143,30.401393648196951],[-97.848773105897536,30.401529582527605],[-97.848823021296056,30.401663483337703],[-97.848880760326011,30.401794999483634],[-97.848946170105165,30.401923788452383],[-97.849019529743586,30.402050240068043],[-97.849176849132476,30.402304714477626],[-97.849256623867745,30.402426323818549],[-97.849343947994242,30.402544948039473],[-97.849438147066991,30.402659552359186],[-97.849538974382483,30.402769837877997],[-97.849646166288366,30.40287551716235],[-97.849759444267903,30.402976314279993],[-97.849878511772218,30.403071966554993],[-97.850003058410351,30.403162223734359],[-97.850132759908789,30.403246849795995],[-97.850267278050737,30.4033256256598],[-97.85040626077776,30.403398344669345],[-97.850549346258319,30.403464817181128],[-97.850696160823802,30.403524869625734],[-97.850846321012639,30.403578346350706],[-97.850999436779972,30.403625106058517],[-97.851155107165098,30.403665028966156],[-97.851312925687409,30.403698008759871],[-97.851472481206656,30.403723960746138],[-97.851633358045163,30.40374281642946],[-97.851795134864446,30.403754527109861],[-97.851957390941607,30.403759063084738],[-97.852119703122796,30.403756409981202],[-97.85228164666384,30.403746577810796],[-97.852442799664445,30.403729589291775],[-97.852602741762411,30.403705491579398],[-97.852761055420117,30.40367434543931],[-97.852917327847834,30.403636232512127],[-97.853071152107447,30.403591252619758],[-97.853222125028012,30.403539523730359],[-97.853369853521912,30.403481179352294],[-97.853479894177056,30.403432017210413],[-97.853514012782711,30.403416470767752],[-97.853639168865811,30.403358427138265],[-97.85376395231161,30.403314671154977],[-97.853886857341877,30.403265887469658],[-97.854007681478436,30.403212156450302],[-97.854593905720492,30.40293752001147],[-97.854618065494776,30.402926084261178],[-97.85475815708871,30.402854982909595],[-97.854893877827877,30.402777774209721],[-97.855024872779865,30.402694658316381],[-97.855150801206591,30.402605853705094],[-97.855271333578855,30.40251159079348],[-97.855386155665528,30.402412115626049],[-97.855494968553856,30.402307688970193],[-97.855597487708081,30.402198581780059],[-97.855693444953559,30.402085079749888],[-97.855782591725301,30.401967477944474],[-97.855864694817058,30.401846084343134],[-97.855905613565739,30.40177781532854],[-97.855713676055288,30.401606245277399],[-97.855619807460513,30.401521648164579],[-97.855559215320596,30.401466984617194],[-97.855653314690386,30.40129066502227],[-97.855875818690492,30.400873615802084],[-97.856111015376982,30.400972603023014],[-97.856190583679464,30.401006180066837],[-97.856207602300017,30.401012407996909],[-97.856226641363705,30.400917781167752],[-97.856246331292112,30.400778102643759],[-97.856257767297535,30.400637734567599],[-97.856260920342805,30.40049704349126],[-97.856255782241846,30.400356396316063],[-97.856250950672489,30.400305893167655],[-97.856207692926688,30.400284749733576],[-97.855664922996667,30.400027870314332],[-97.855627371681265,30.400010012245524],[-97.855964499380974,30.399354017491536],[-97.855922294804799,30.399276371272755],[-97.855884550851172,30.399213332570802],[-97.855715344091919,30.398939424986029],[-97.855676489485035,30.398878397076007],[-97.855592683497932,30.398757882057634],[-97.855501889116766,30.398641234252839],[-97.855404341510749,30.398528756844485],[-97.855300295855386,30.39842074431191],[-97.855190024325921,30.398317476955956],[-97.855073813911474,30.398219225382849],[-97.854951967558421,30.398126246003354],[-97.854824804190642,30.398038780129308],[-97.854692654458916,30.39795705751834],[-97.854555864009996,30.397881290100788],[-97.85441478921561,30.397811676428429],[-97.854269798316437,30.397748397173284],[-97.854121269256467,30.397691618707981],[-97.853969588761998,30.397641487665641],[-97.853815154326128,30.397598135494121],[-97.853658368014393,30.397561675639242],[-97.85349963855063,30.397532203580386],[-97.853339380335555,30.397509794101659],[-97.853178011199759,30.397494508486606],[-97.853015951605471,30.397486383656151],[-97.852853625425297,30.397485443934471],[-97.852691456036979,30.397491689230524],[-97.85252986507821,30.397505104057359],[-97.852369275655747,30.397525653970288],[-97.852210106111229,30.397553284557464],[-97.852052770983036,30.397587925072202],[-97.85189768112842,30.397629483010814],[-97.851745242498808,30.397677852228004],[-97.851595851110432,30.397732904715788],[-97.85144989705212,30.39779449790306],[-97.851402442160975,30.397816284340653],[-97.851394123070051,30.397820182265594],[-97.850920452943754,30.398042603288481],[-97.850366579895564,30.398298804626389],[-97.850302269762096,30.398329383485777],[-97.850260790931117,30.398349649484523],[-97.850215563237683,30.39837217282702],[-97.850077614506233,30.398446347370061],[-97.849944215217391,30.398526530001813],[-97.8498157131353,30.398612513257941],[-97.849692442861652,30.398704072275745],[-97.849574725774772,30.398800967505235],[-97.849462869989054,30.398902946516142],[-97.849357166205721,30.399009743023779],[-97.849257890798995,30.399121078748749],[-97.849165303731553,30.399236663381938],[-97.849079644343476,30.399356196320788],[-97.849001138730955,30.399479363178035],[-97.848929990160428,30.399605844659607],[-97.84886638338034,30.399735310309286],[-97.848810486604648,30.399867423062041],[-97.848762444275508,30.400001836409672],[-97.84872238211301,30.400138201718281],[-97.848690404129727,30.400276161849277],[-97.848666594572563,30.40041535752054],[-97.848651015878644,30.400555425463725],[-97.848643707590838,30.400696000213848],[-97.848644689465345,30.400836715065918]]],[[[-97.627376682853765,30.403227429722349],[-97.627267459803804,30.403400603972042],[-97.627201576871869,30.403503866409533],[-97.627025097757212,30.40378057834489],[-97.626811575819687,30.404115368094878],[-97.62652375325932,30.404565977647461],[-97.626506330599611,30.404593224434763],[-97.626469020882112,30.40465291931514],[-97.626575716254891,30.404703075936855],[-97.628444646933076,30.405581596100102],[-97.630712369389599,30.406614638241862],[-97.631141667836829,30.406818553891465],[-97.631345584821503,30.406856118032078],[-97.631570966520428,30.406840019252993],[-97.631828546111379,30.40675952592763],[-97.631970672853427,30.406652931131426],[-97.632110233254664,30.40643359994522],[-97.632286415710851,30.406156712813022],[-97.632462589670411,30.405879832538986],[-97.632638760189593,30.405602965545658],[-97.632641489777811,30.405598666797733],[-97.632813814597654,30.405327830584476],[-97.632911800589397,30.405174381224903],[-97.632957888170935,30.405125535713811],[-97.633054112314056,30.405012201673312],[-97.633143535330035,30.40489475595545],[-97.633225923289061,30.404773506131257],[-97.633231820979873,30.404764254078273],[-97.633484075190594,30.404366750360865],[-97.633528040360474,30.404297469270531],[-97.633537497279477,30.404291820109766],[-97.634289825605904,30.403079412615078],[-97.634428715279128,30.403144785192961],[-97.636164214182173,30.403979369178405],[-97.636183913129145,30.403881337279728],[-97.636225678680958,30.403673491241314],[-97.63654161829399,30.403825137443729],[-97.636570960604573,30.403839038993542],[-97.637740827229635,30.404392086997849],[-97.637946485035911,30.404487143108287],[-97.638096774176134,30.404556605215198],[-97.638099621400187,30.404557921936146],[-97.638104521849357,30.404560186249608],[-97.638079223607733,30.40460027547088],[-97.638030234556012,30.404677910728086],[-97.638024803863502,30.404686517109269],[-97.63792799044343,30.404846648690352],[-97.63789844121456,30.404895672627159],[-97.63789732311173,30.404897277406985],[-97.637766148321887,30.405085450359866],[-97.637663721782232,30.405231765509189],[-97.637606195891991,30.405312320581189],[-97.637595318622459,30.405327552188961],[-97.637726835212121,30.405295717396136],[-97.637880763028917,30.405250997561662],[-97.638031854644581,30.405199523922573],[-97.638179716665078,30.405141429322761],[-97.638323963548871,30.40507686664294],[-97.638464218783895,30.405006003397872],[-97.638600116882969,30.40492902538967],[-97.638731302453763,30.40484613216978],[-97.638857434257218,30.404757541634542],[-97.638978182236187,30.404663483641347],[-97.639093231596789,30.404564203700474],[-97.639202282830198,30.404459962071133],[-97.639305050782326,30.404351029223573],[-97.639401266626692,30.404237690396098],[-97.639490681126176,30.40412024023064],[-97.639573060373309,30.403998986309841],[-97.639648189051528,30.403874243793275],[-97.639715871365993,30.403746339954346],[-97.639775931244088,30.403615606047659],[-97.639828211091583,30.403482385422166],[-97.639872575143428,30.40334702454259],[-97.639908907288444,30.403209876565235],[-97.639923900659909,30.403141382530585],[-97.640406632042669,30.400772882951472],[-97.640407434217394,30.400768818640316],[-97.640420818703348,30.400698037285622],[-97.640440823634577,30.400558392406285],[-97.640452576232036,30.400418043985809],[-97.640456046631911,30.400277358526136],[-97.640454535952685,30.400233279542192],[-97.639676506904379,30.40144019453788],[-97.638599696622677,30.400923287558886],[-97.637278828512919,30.400289202215699],[-97.636982079554514,30.400161742621751],[-97.636749386726322,30.40128351614527],[-97.636624959301329,30.401893307886919],[-97.63649010156827,30.402554212152069],[-97.63540250589601,30.402037802805289],[-97.635152198420272,30.401894704961276],[-97.635096860087131,30.40186306858843],[-97.635056821067792,30.401842110562146],[-97.635081039082493,30.401848560815207],[-97.635093580754528,30.401847173704301],[-97.635105189184259,30.401842824684099],[-97.635114967382137,30.401835852392683],[-97.635122104692528,30.401826815858296],[-97.635851283272132,30.400666947992196],[-97.634929655262056,30.400221829762991],[-97.634658423544906,30.399849190876292],[-97.634736661118225,30.399352954308842],[-97.634748585195084,30.399203895093908],[-97.634766239101211,30.398983177821393],[-97.634492719119379,30.398851098269269],[-97.634128790599434,30.398675363494405],[-97.633732359897778,30.398688811339621],[-97.633552807471403,30.398694901276386],[-97.633200760136745,30.398726554287592],[-97.63317956005622,30.39848255358925],[-97.633085862673269,30.397963141026796],[-97.632989011977287,30.397426258199808],[-97.632795052927662,30.397026499531233],[-97.632596021385424,30.396749295682962],[-97.632526633226732,30.396652649733987],[-97.632087608840195,30.397337724642295],[-97.631820616190851,30.397754347781902],[-97.631459825559574,30.39758125830198],[-97.631243623404188,30.397477546598203],[-97.631099410940763,30.397408366439926],[-97.630787631033698,30.397888874042405],[-97.630353246374952,30.398558363037203],[-97.629896201531395,30.399272013286037],[-97.629589231451973,30.399751324947889],[-97.629558096240658,30.399800728793544],[-97.629546859753773,30.399818560381114],[-97.629234940442359,30.400313609484581],[-97.629228091039764,30.400324477290091],[-97.629196254419043,30.400374981815553],[-97.628936303786745,30.400787513075795],[-97.628924721983125,30.400805886052702],[-97.628921093694245,30.400811642527373],[-97.628814629233318,30.400980584921541],[-97.628799421119609,30.401004716205247],[-97.628696639033947,30.401167849707377],[-97.628436816583928,30.40156775884191],[-97.628425041893365,30.401585911206901],[-97.628316874037296,30.401753109178298],[-97.628259730564224,30.401841433240147],[-97.628196642955373,30.401938930486253],[-97.628079991832124,30.402119204989056],[-97.627924743178681,30.402358629911191],[-97.627901732469155,30.402395109135163],[-97.627874154025818,30.402438841625326],[-97.627798586163109,30.402558675491907],[-97.627726727957423,30.402672540124694],[-97.627551721735898,30.402949998895625],[-97.627376682853765,30.403227429722349]]],[[[-97.723909375598765,30.413629028416935],[-97.724022193257085,30.413717748564245],[-97.724138851192237,30.413801354872209],[-97.724259117782239,30.413879681342173],[-97.724393547126624,30.41395859023298],[-97.724532449519728,30.414031446680255],[-97.724675463340034,30.414098060682687],[-97.724822215105661,30.414158258301327],[-97.724972321517853,30.414211883504525],[-97.725125392674499,30.414258794609225],[-97.725281027728244,30.414298871435832],[-97.725438820293519,30.414332007268694],[-97.7255983592961,30.414358117007783],[-97.725759229102522,30.414377131746622],[-97.725921008391893,30.414389002368761],[-97.726083276433698,30.414393698755493],[-97.726245610046519,30.414391206115724],[-97.72630501410211,30.414388495243692],[-97.726517900352832,30.414377047157664],[-97.726622410141104,30.414369982093458],[-97.726783603252898,30.414353152613028],[-97.726943594667873,30.414329212740618],[-97.727101966722387,30.414298222829757],[-97.727258306473999,30.414260264113778],[-97.727412206808367,30.414215436012928],[-97.727563264355069,30.414163856097538],[-97.727711085807741,30.414105657488118],[-97.727855285731891,30.414040993336613],[-97.727995487737161,30.413970031422611],[-97.728127607815424,30.413895067521462],[-97.72823981928336,30.413923960131235],[-97.728397612255094,30.413957092296293],[-97.728557151439929,30.41398319832728],[-97.728718021203917,30.414002209327425],[-97.728879800226295,30.414014076189975],[-97.7290420677773,30.41401876880612],[-97.729204400676664,30.414016272394477],[-97.729366374121881,30.414006596556565],[-97.729527566138472,30.413989763603244],[-97.729687556258853,30.413965820284155],[-97.729845926822676,30.413934826961803],[-97.730002264891368,30.413896864878325],[-97.730156163355062,30.413852033462881],[-97.730307218848196,30.413800450294374],[-97.730455038069735,30.413742248501855],[-97.730599235591029,30.41367758124554],[-97.730739435027985,30.413606616313146],[-97.730875271039977,30.413529539771734],[-97.731006388395315,30.413446551430471],[-97.731132446034664,30.413357869433142],[-97.73125311409315,30.413263723876408],[-97.731368077985479,30.413164360498879],[-97.731477038427144,30.413060039776923],[-97.73157971049956,30.412951032387713],[-97.731675825627249,30.412837623764371],[-97.731765134835115,30.412720108729758],[-97.731847404491489,30.412598795036178],[-97.731922419564569,30.412473997999381],[-97.731989984557771,30.412346045034916],[-97.73204992370222,30.412215267525152],[-97.732102079720889,30.412082008933513],[-97.732146317170759,30.411946615823247],[-97.732182520270982,30.411809441435004],[-97.732210595030836,30.411670843916394],[-97.732230468249824,30.4115311844959],[-97.732242087516525,30.411390827483064],[-97.732245423315433,30.411250139401712],[-97.732240466983853,30.411109487145453],[-97.73223542837394,30.411045154975586],[-97.73215347715383,30.410153365445296],[-97.732121029922297,30.409670502855292],[-97.732081156806146,30.409077088979075],[-97.732011349417462,30.408010149249421],[-97.732010276288662,30.407994527889198],[-97.731835536555067,30.4055676901087],[-97.731768234938897,30.404657440476662],[-97.731766862129206,30.404639769703476],[-97.731685952651603,30.403645665818033],[-97.731675603388823,30.403544898612264],[-97.731654124816473,30.403405418415378],[-97.731624458186971,30.403267070655339],[-97.731586680492796,30.403130216512821],[-97.7315408907251,30.402995213038789],[-97.731487207830568,30.402862411309972],[-97.731425772711233,30.402732160080962],[-97.731356745310023,30.402604796691744],[-97.731280305460501,30.402480655219616],[-97.731266759531309,30.4024611275394],[-97.731323382790137,30.402337575507072],[-97.731375534435713,30.402204317356095],[-97.731419768346257,30.40206892464365],[-97.731455968750154,30.401931750609339],[-97.73146752398911,30.401874700719041],[-97.731491925553158,30.401879823997863],[-97.731524395746916,30.401895664914601],[-97.731650859886059,30.401954147180124],[-97.731797597411969,30.402014336680502],[-97.731947688679213,30.402067953590365],[-97.732100743824986,30.402114856248172],[-97.732256362044069,30.402154924496507],[-97.732414136994663,30.40218805164206],[-97.73255262655475,30.402210711451168],[-97.732573346191856,30.402215060158522],[-97.732627387594633,30.40222996055294],[-97.73278516279747,30.402263087239035],[-97.732944683677715,30.402289187739783],[-97.733105534649027,30.402308193172885],[-97.733267294439926,30.402320054446147],[-97.733429542370757,30.402324741465264],[-97.733591855312113,30.402322239463562],[-97.733723947941812,30.402314342672611],[-97.733790534077698,30.402367948013133],[-97.73391497020539,30.402458318692887],[-97.73404456798589,30.402543062958426],[-97.734178989470919,30.402621961421541],[-97.734317882855493,30.402694807104801],[-97.734325682852003,30.402698652561089],[-97.734414505702375,30.402742303668344],[-97.736242041869744,30.403640250697173],[-97.73637704607647,30.403702906719467],[-97.736523789258115,30.403763090784359],[-97.736673885917796,30.40381670213306],[-97.736826946178468,30.403863599118388],[-97.736982569221638,30.403903661597756],[-97.737140348692847,30.403936782893009],[-97.737299873552104,30.403962877941925],[-97.737460728202691,30.403981877876362],[-97.737622491363538,30.403993733618616],[-97.737784742346108,30.403998415088701],[-97.737947058013233,30.40399590753437],[-97.738109013607669,30.403986220586241],[-97.73827018720128,30.403969376584161],[-97.738430158374683,30.403945422306606],[-97.738588509517015,30.403914418144634],[-97.738744827740192,30.403876445368741],[-97.738898705986131,30.403831603435808],[-97.739049740942278,30.403780009952396],[-97.739197539360887,30.403721798074383],[-97.739341715867965,30.403657120988292],[-97.739481894133888,30.403586146507518],[-97.739617708873411,30.403509060723984],[-97.73974880491032,30.403426063470985],[-97.739874841240947,30.403337372915544],[-97.73999548805601,30.403243219176748],[-97.740110430825609,30.403143848014484],[-97.740219370320446,30.403039519925443],[-97.740322021676434,30.402930505605958],[-97.740418116372396,30.402817090507408],[-97.740507405486241,30.402699569469338],[-97.740590169871737,30.402577444835117],[-97.741128196495552,30.40173398559331],[-97.741553576987357,30.40106710958673],[-97.741561062396556,30.401055307937508],[-97.741834469179963,30.4006216863283],[-97.741894775807452,30.400526234522314],[-97.741939464156715,30.400455882511277],[-97.742010718864918,30.400336946718205],[-97.742078261793282,30.400208988570558],[-97.742138179542621,30.400078206485556],[-97.742190314892028,30.399944943938674],[-97.742234532452258,30.399809547503487],[-97.74227071649436,30.399672370429233],[-97.742298773077351,30.399533770870487],[-97.742318629048057,30.399394110061198],[-97.74233023204016,30.399253752314539],[-97.742333552580533,30.399113064156065],[-97.742328582046227,30.398972412479658],[-97.74231533266402,30.398832164547223],[-97.742293839637711,30.398692686218482],[-97.742264159083632,30.398554341010254],[-97.742226368030629,30.398417490096676],[-97.742180565504654,30.39828249052011],[-97.742126870485635,30.398149693347175],[-97.742065423907349,30.398019447320571],[-97.741996385742439,30.397892089766774],[-97.741919935852735,30.3977679547477],[-97.741836274181011,30.397647364928233],[-97.741745619601446,30.397530636075718],[-97.74164820691999,30.397418071582969],[-97.741544290958942,30.397309966157096],[-97.741434143557058,30.397206600341985],[-97.741318051378201,30.397108245000151],[-97.741196317060201,30.39701515681281],[-97.741069259236397,30.396927577376534],[-97.740937208280215,30.396845736744325],[-97.740800509582257,30.396769847155262],[-97.740685456593411,30.396712321463031],[-97.739369472202185,30.396085723675437],[-97.738481953352021,30.395663122975744],[-97.736856654604821,30.3948727570309],[-97.73683158031416,30.394860692300355],[-97.73599446875545,30.394462166392614],[-97.735968821404867,30.394450088584364],[-97.735917288535916,30.394426611278558],[-97.735510069503405,30.394245193920387],[-97.735416695339325,30.394205256843389],[-97.735268242400451,30.39414833977666],[-97.735116629887983,30.394098067184498],[-97.734962255116528,30.394054570885633],[-97.734805519995902,30.394017964701149],[-97.734646833115761,30.393988344491866],[-97.734489641265398,30.393966144971436],[-97.734483762481418,30.393965445473007],[-97.734465283750566,30.393963247906267],[-97.734302513912098,30.393947642513062],[-97.734249284518626,30.393944129348608],[-97.733737488561616,30.393914096866258],[-97.733628674617577,30.393909333453834],[-97.733466355774112,30.393908241514701],[-97.733304184750992,30.3939143347332],[-97.733142583189135,30.393927598017921],[-97.732981974222241,30.393947997320858],[-97.732822776243964,30.393975478622504],[-97.732665403865184,30.394009971564998],[-97.732510268042958,30.394051384029961],[-97.732490568603495,30.394057613748881],[-97.732457371516091,30.393937346024828],[-97.73241158491949,30.393802343002104],[-97.732357905974553,30.393669541776369],[-97.732296475572824,30.393539291100932],[-97.732227453644995,30.393411928314265],[-97.732151020010434,30.393287787492127],[-97.732067374569539,30.39316719131433],[-97.731976736154067,30.393050455565056],[-97.731879339527907,30.392937883654923],[-97.731775439471448,30.392829770310417],[-97.731665307781952,30.392726396096155],[-97.731549231082298,30.392628031896475],[-97.73142751196994,30.392534934415725],[-97.731300469038572,30.392447345274824],[-97.731168432622709,30.392365494551971],[-97.731031748075125,30.392289594512579],[-97.73094657296248,30.392246466085123],[-97.730822718634542,30.39218596731742],[-97.729528508475113,30.391395904842195],[-97.729478425624478,30.391365950572762],[-97.729460343502922,30.391355372403865],[-97.728991811390571,30.391068748746008],[-97.728901929032673,30.391015743725145],[-97.728810407447483,30.390965622173457],[-97.728717339107178,30.39091843473307],[-97.728553473731466,30.390838541030842],[-97.72844505997611,30.390764825433635],[-97.728333656452591,30.390695711132889],[-97.728219458327473,30.39063131920917],[-97.728102665663158,30.390571762469964],[-97.728060487563212,30.39055123881251],[-97.728009325906513,30.390526876181315],[-97.72786442974423,30.390463453065042],[-97.727715987104233,30.390406527216097],[-97.72756438448971,30.390356245651464],[-97.727410019189364,30.390312740213396],[-97.727253293088225,30.390276124746752],[-97.727094614752644,30.390246495136584],[-97.726934398452528,30.390223926578269],[-97.72677306190559,30.390208480770113],[-97.726611025492829,30.39020019505055],[-97.726448713022492,30.390199094164451],[-97.726286547839692,30.39020517844116],[-97.726124951570185,30.390218432812407],[-97.725964347333786,30.390238823253593],[-97.725805153511885,30.390266295768331],[-97.725647784704421,30.390300780021487],[-97.72549265185927,30.3903421839176],[-97.725340161036925,30.390390401714527],[-97.725190708392148,30.39044530579767],[-97.725130026593661,30.390470841298995],[-97.725086408111906,30.39042544648467],[-97.725071894673789,30.390411821502695],[-97.725072598979793,30.390382204494287],[-97.72506765427373,30.390241552283847],[-97.725054431402413,30.3901013026946],[-97.725032965500404,30.389961821590756],[-97.725003312613367,30.389823472496325],[-97.724965549697984,30.389686616595522],[-97.724919775706695,30.38955161094372],[-97.724866109545275,30.389418806623507],[-97.724804692071743,30.389288552396167],[-97.724735683183226,30.389161185609503],[-97.724659262664943,30.389037040349681],[-97.724575630383171,30.388916439308137],[-97.724485005135222,30.388799698281712],[-97.724387621650806,30.38868712069474],[-97.724329886830731,30.388627034526692],[-97.724328322298618,30.3885825079205],[-97.724315100740313,30.388442258281074],[-97.724293636288309,30.388302777078962],[-97.724263984984503,30.388164427838543],[-97.7242262237814,30.388027571744278],[-97.724180451627007,30.38789256585229],[-97.724126787422335,30.387759761245583],[-97.724121590252736,30.387747962577347],[-97.722455159305454,30.38399055443244],[-97.722451211573343,30.383981699061984],[-97.722398819595213,30.383871817156727],[-97.722329817815861,30.383744449145244],[-97.722253404745288,30.38362030251853],[-97.722169780230388,30.38349969997164],[-97.722079163048079,30.383382957305365],[-97.721981787907183,30.383270377948222],[-97.721877909531841,30.383162256646141],[-97.721767799662885,30.38305887398467],[-97.721651744866165,30.382960500870041],[-97.721530047682023,30.382867394029834],[-97.721403026646996,30.382779795109577],[-97.721271012038429,30.382697934212676],[-97.72113434915228,30.382622023631349],[-97.720993394026408,30.382552262290211],[-97.720848514590671,30.382488831246867],[-97.720700088496528,30.382431897269488],[-97.720548502203883,30.382381607396169],[-97.720394152959003,30.382338093490937],[-97.720237442604827,30.382301469420725],[-97.720078779666594,30.382271831092922],[-97.719918578374404,30.382249253725867],[-97.719757256406496,30.382233799040637],[-97.719595234106208,30.382225504398853],[-97.719432935244384,30.382224394568755],[-97.719270783131094,30.382230469902968],[-97.719109199358016,30.382243715356474],[-97.718948607012123,30.382264096928136],[-97.718789424443926,30.382291560644489],[-97.718632066223989,30.38232603619349],[-97.718476943272705,30.38236743150226],[-97.71832446162442,30.38241564085126],[-97.718282490350219,30.382431058416731],[-97.718308182734475,30.382398524495702],[-97.718326696980569,30.38237464119846],[-97.718358316574793,30.38233304546937],[-97.718376329811079,30.382308875638227],[-97.718405739331601,30.382268654226682],[-97.718424361261881,30.382242658254572],[-97.718454288259295,30.382200018712847],[-97.71847128426073,30.382175301760576],[-97.718499951552019,30.382132750827093],[-97.71851643549779,30.382107773362396],[-97.718561554534332,30.382038020299376],[-97.718603725503442,30.381966446375188],[-97.718642875036679,30.381893176113099],[-97.718644456328249,30.381891056414702],[-97.718727991075241,30.381767752995056],[-97.718862216334742,30.38155689506241],[-97.718902747191152,30.381491136146835],[-97.718975244948339,30.381369581208613],[-97.71900717175231,30.381314549304857],[-97.719047787148966,30.381239725065669],[-97.719112843980909,30.381115047891203],[-97.719139788774299,30.381061926452713],[-97.719177468796786,30.380982023011466],[-97.719206207634656,30.380918246841745],[-97.719225555504465,30.380895415320317],[-97.719314850189022,30.380777909438407],[-97.719397108166362,30.380656604223145],[-97.719472114435447,30.38053181496787],[-97.719539673522291,30.380403869068008],[-97.719599609673665,30.380273097887528],[-97.719651765620313,30.380139844873217],[-97.719696005919147,30.380004456573907],[-97.719732214782212,30.379867286217543],[-97.719760298203553,30.379728691941331],[-97.719766424162728,30.379691417098154],[-97.71999764783591,30.378212113929216],[-97.720002669576843,30.378184719637392],[-97.720025530310323,30.378128865152032],[-97.720066442057089,30.378023620931003],[-97.720101711289075,30.377916353981952],[-97.720131238618762,30.377807366579535],[-97.720135267847596,30.377807268794424],[-97.720154470912618,30.377807018821464],[-97.720166218484835,30.377807083706102],[-97.720175335819718,30.37780686551476],[-97.720193922525198,30.377806401986],[-97.720240606619996,30.377804327166782],[-97.720255407682274,30.377804197219497],[-97.720268083782869,30.377803145943098],[-97.7202827341046,30.377804397404503],[-97.720293191318831,30.377803872320055],[-97.720344484036445,30.377801670272245],[-97.720356984448443,30.37780103441867],[-97.720368672652725,30.377800440067439],[-97.720432041762621,30.37779666787479],[-97.720445398542381,30.377795756244598],[-97.720457916648812,30.377794902820245],[-97.72051047675474,30.377790884553058],[-97.72052063827563,30.377790166109989],[-97.720534278997434,30.377789021788953],[-97.720546583986405,30.377787966550336],[-97.720559277597417,30.377786880300413],[-97.720622986895947,30.377780863906885],[-97.720635136047733,30.377779609688272],[-97.720647655233122,30.37777831689273],[-97.720734105003359,30.377768304952561],[-97.720771559966579,30.37776396181858],[-97.720812611455131,30.377758513230717],[-97.720823746651476,30.377756971426983],[-97.720836445891763,30.377755210823548],[-97.720885984456658,30.377747505789721],[-97.720924891557516,30.377741994355453],[-97.720930758317863,30.377741095909606],[-97.720959288729802,30.377736450065061],[-97.720998847494741,30.37773076404191],[-97.721007779783974,30.377729427774842],[-97.721012859174408,30.377728666203605],[-97.721052499365854,30.377722494335114],[-97.721064969988419,30.377720481903637],[-97.721105342361682,30.377713731875915],[-97.721119347322855,30.377711303020675],[-97.721160287523645,30.377703958328766],[-97.721172691985416,30.377701659020044],[-97.721214685222861,30.377693617152417],[-97.7212270524779,30.377691172523111],[-97.72126684490091,30.377683073151793],[-97.721277360824772,30.377680870203651],[-97.721311630639022,30.377673535313207],[-97.721320529868393,30.37767157282482],[-97.721332818303637,30.377668847420452],[-97.721369906850185,30.377659791029156],[-97.721479004418441,30.377633727512734],[-97.721491156893251,30.377630581080659],[-97.721516803029573,30.377623838497929],[-97.721531216847595,30.377619958673172],[-97.721540516278921,30.3776174346822],[-97.721573182167774,30.377608401214207],[-97.721588045406023,30.37760421391275],[-97.721636118576384,30.377590302220788],[-97.721648118348213,30.377586737173935],[-97.721689700512698,30.377574104222376],[-97.721699222797383,30.377571153878179],[-97.721718755199106,30.37756504042639],[-97.721738523884085,30.377558725076252],[-97.721750411244045,30.377554888598635],[-97.721789389328933,30.37754205531003],[-97.721795709572106,30.377539933616372],[-97.721802534420164,30.377537639239609],[-97.721841096182757,30.377524423299352],[-97.721852862834936,30.377520313434481],[-97.721891909035762,30.377506413642781],[-97.721903611121917,30.37750216881712],[-97.721916942101672,30.377497302225738],[-97.721927231149451,30.377493503118984],[-97.721931327582283,30.377491983494206],[-97.721939260580584,30.377489041751325],[-97.721944879349238,30.377486952697325],[-97.72196575870035,30.377479094981958],[-97.721977376190623,30.377474680480798],[-97.722001518561669,30.377465403031334],[-97.722009291814175,30.377462382484111],[-97.722013704675049,30.377460666915717],[-97.722037615351368,30.377451266881014],[-97.722043566010342,30.377448901697267],[-97.722048568221609,30.377446913706322],[-97.722072826990782,30.377437170025402],[-97.722084312789264,30.377432505445974],[-97.722108167105901,30.377422712932784],[-97.722119611105796,30.377417964428894],[-97.722135423416717,30.377411356713079],[-97.722143266166384,30.377408044487193],[-97.722154663091828,30.377403214676587],[-97.7221782262814,30.377393124025573],[-97.722189576132465,30.377388212908347],[-97.722213359355635,30.3773778142893],[-97.722224661111355,30.377372820943123],[-97.722248347359383,30.37736224700317],[-97.722260119593045,30.377356937517483],[-97.722284024069154,30.377346043824279],[-97.722295226507129,30.377340885964177],[-97.722318918155594,30.377329865503899],[-97.722330070413605,30.377324625377653],[-97.722347747225044,30.377316257354604],[-97.722353024934051,30.377313733656198],[-97.722364129053503,30.377308413108555],[-97.722386338655781,30.377297670780429],[-97.722391193550038,30.377295300436071],[-97.722398588852698,30.377291686368796],[-97.722421287982044,30.377280484493635],[-97.722432287443169,30.377275004761323],[-97.722454602254999,30.37726378425014],[-97.722465549322322,30.377258227636627],[-97.722489681866023,30.377245854429479],[-97.722497564761426,30.377241774452227],[-97.722521743816941,30.377229155263944],[-97.722532584098161,30.377223441236072],[-97.722554891358357,30.377211573267829],[-97.722560169181477,30.377208737663473],[-97.722565722644561,30.377205755109738],[-97.72258867756409,30.37719331108822],[-97.722599403720139,30.377187441322999],[-97.722621454524102,30.377175264087089],[-97.722632127265342,30.377169316518518],[-97.722654191905477,30.377156908086107],[-97.722664803850137,30.377150886198397],[-97.722689365858898,30.377136807451262],[-97.722697026530909,30.377132381752105],[-97.722721170546663,30.377118297327765],[-97.722730092662857,30.377113048000741],[-97.72275131191212,30.377100453558487],[-97.722755432962188,30.377097985992538],[-97.722763018234289,30.377093442317015],[-97.722783599832155,30.37708100280658],[-97.722793976014827,30.377074678351235],[-97.72281592369869,30.37706118021849],[-97.722821400489579,30.377057782224032],[-97.722825647500642,30.377055147850967],[-97.722846962615307,30.377041810165693],[-97.722851792946926,30.377038762226022],[-97.722857563352406,30.377035119059737],[-97.722879001739571,30.37702146444278],[-97.722889193468717,30.37701491608977],[-97.722910326287163,30.377001219838203],[-97.722920454049685,30.376994598917779],[-97.722946149536355,30.376977622106896],[-97.722956592159278,30.376970432740922],[-97.722966217310386,30.376964163543228],[-97.723003098930164,30.376939160842635],[-97.723013033728805,30.376932323105343],[-97.723033445759668,30.376918155581592],[-97.723043315506374,30.376911247065841],[-97.723063720655873,30.376896842551442],[-97.723073524308234,30.376889863238588],[-97.723094052116878,30.376875123700732],[-97.723103787590503,30.376868073553528],[-97.723123767554085,30.376853483323952],[-97.723127842863221,30.376850483342615],[-97.723133158811933,30.376846569857491],[-97.723141247312938,30.376840595000491],[-97.72315378480846,30.376831252566543],[-97.723163383881342,30.376824062558132],[-97.723182762184564,30.376809429009992],[-97.723192294034931,30.376802171800747],[-97.723212711784669,30.376786490960573],[-97.723219747172308,30.376781041501339],[-97.723241442668467,30.376764114219146],[-97.723247535242592,30.37675933135915],[-97.723254392250922,30.37675397272897],[-97.723263970651288,30.376746467731699],[-97.723318866035768,30.376702426815019],[-97.723339640460352,30.376685207302753],[-97.723348365173123,30.376677909426167],[-97.723357379179774,30.376670372628741],[-97.723366641101961,30.376662626908008],[-97.723404653921861,30.376629468945382],[-97.723433084594518,30.376605332018286],[-97.723442022550799,30.37659752896613],[-97.723487741981415,30.376556781860117],[-97.723501446312014,30.376543796122963],[-97.723512101516619,30.376534154193607],[-97.723520641141022,30.376526395542427],[-97.723606569143612,30.376445081141249],[-97.723616109128173,30.376435682336819],[-97.723624691475578,30.376427222895185],[-97.723648159958657,30.37640382889936],[-97.723681992697792,30.376367900195639],[-97.723702803369534,30.376346521710477],[-97.723705685169364,30.376343504885032],[-97.723710201829405,30.376338781511205],[-97.723726922718214,30.376321144089093],[-97.7237302528778,30.37631760098478],[-97.72373356059127,30.376314080984383],[-97.723752131198452,30.376294164065264],[-97.723754895662665,30.376291170453719],[-97.723759261107347,30.376286447989944],[-97.723776330933603,30.376267816915931],[-97.723779500272954,30.376264327889675],[-97.723784251111766,30.37625909610157],[-97.7238016591145,30.376239748731393],[-97.723808117520008,30.376232515162773],[-97.723824039635772,30.376214528941862],[-97.723826386735666,30.376211854228838],[-97.723831736799255,30.376205758933271],[-97.723849214888446,30.376185656115148],[-97.723854528868983,30.376179499601527],[-97.723871566800938,30.376159577856381],[-97.723875974916368,30.376154376097926],[-97.723896267392973,30.376130231846886],[-97.7239011896135,30.376124325981269],[-97.723916540951762,30.376105742808985],[-97.723919629440061,30.376101970267829],[-97.723924193448227,30.376096395208233],[-97.723939530500616,30.376077491741807],[-97.723942256447231,30.376074100556814],[-97.72394732035562,30.376067804862899],[-97.723961617896009,30.376049863704985],[-97.723964272195204,30.376046503784295],[-97.723968365899893,30.376041325329847],[-97.723983537760532,30.376021957835405],[-97.723986377460122,30.376018299274978],[-97.723990635934669,30.376012812771048],[-97.724005710129788,30.375993211185026],[-97.724008197431274,30.375989945915148],[-97.724012090237295,30.375984840711492],[-97.72402719140652,30.375964849957104],[-97.724029716786518,30.375961474168818],[-97.724033626997539,30.375956250844389],[-97.724047494949374,30.37593756338099],[-97.724050353610167,30.375933677336064],[-97.724054575407521,30.375927935230344],[-97.724068902521168,30.375908266938058],[-97.724071605617837,30.375904520951721],[-97.724075652176879,30.375898913128164],[-97.724079184716174,30.375894005796859],[-97.724089592569342,30.375879415113218],[-97.724092091331386,30.375875886966263],[-97.724095912775056,30.375870493898184],[-97.724109602958961,30.375850994118977],[-97.724112236083315,30.375847208910155],[-97.724116173364763,30.375841548504134],[-97.724129798182517,30.375821771816785],[-97.724132457963549,30.375817874077232],[-97.724136402270375,30.375812093556739],[-97.724149573932664,30.375792606198583],[-97.724153782645161,30.375786317805741],[-97.724169123540122,30.375763215943909],[-97.724171603129307,30.375759441549317],[-97.724175561680326,30.375753412666889],[-97.724188205602715,30.37573397463175],[-97.724190823432806,30.375729911602626],[-97.724194666852114,30.375723944848882],[-97.724199910967343,30.375715770122472],[-97.724208862063492,30.375701665980497],[-97.724213299966522,30.375694640357843],[-97.72422583401287,30.375674604581263],[-97.724228436346834,30.375670403857772],[-97.724232220688123,30.375664290493493],[-97.724244263694217,30.375644646431795],[-97.72424665760056,30.375640704157338],[-97.724250214860902,30.375634844388127],[-97.72426239573818,30.375614576279059],[-97.724264817751731,30.375610504322758],[-97.72426838240284,30.375604509076837],[-97.724280105323487,30.375584600728367],[-97.724282448963834,30.375580579805586],[-97.724285916588471,30.375574630739258],[-97.724297771577952,30.37555407925452],[-97.724300220719755,30.375549787192959],[-97.724303772087154,30.375543561174194],[-97.724310069031446,30.375532459853307],[-97.724315008863002,30.375523663115231],[-97.724317247869152,30.375519657498021],[-97.724320569383949,30.375513713954806],[-97.724331854731574,30.375493307779244],[-97.724334029386554,30.375489333557198],[-97.724336903060276,30.375484069992734],[-97.724348560964884,30.375462553967761],[-97.7243507563024,30.375458455355457],[-97.724353224104476,30.375453773074231],[-97.724364948962133,30.375429748584207],[-97.724369435939948,30.375421140831289],[-97.724379974665212,30.375400912057891],[-97.724382751232127,30.375396267843097],[-97.724385435485942,30.375390419582459],[-97.724396277623981,30.375369576954377],[-97.72439887776487,30.375364371781792],[-97.724400562937362,30.375359233422373],[-97.724408303400878,30.375344122199849],[-97.724412432358648,30.375336012507606],[-97.724415923779759,30.375329149862573],[-97.724427095347849,30.37530738827277],[-97.724429876822853,30.375301967560329],[-97.724432143210976,30.375296854057726],[-97.724443202431488,30.375273502934775],[-97.724446628426435,30.375266015320193],[-97.724457616264459,30.37524237723801],[-97.724461130427727,30.375234777288441],[-97.724472149633883,30.375210784471836],[-97.72447570479747,30.375202775717494],[-97.724486064814926,30.375179054987427],[-97.724489902625805,30.375170209609834],[-97.724497904498122,30.375151076389109],[-97.724500153624135,30.37514563621248],[-97.724502635340926,30.37513914064029],[-97.724511331636918,30.375117639454281],[-97.724513374784721,30.375113319336858],[-97.724515619581382,30.375106965081525],[-97.72452389298445,30.375086234726318],[-97.724526031016609,30.375081826803626],[-97.724528190048602,30.375075395977987],[-97.72453681796641,30.375053481318332],[-97.724538788090683,30.375049513381018],[-97.72454080347643,30.375043291536148],[-97.724543641254229,30.375035985062443],[-97.724548989764713,30.375021532613943],[-97.724550828149106,30.375017360716498],[-97.724552579238775,30.375011028371425],[-97.724562320968104,30.374989979821407],[-97.724563941237093,30.374985596995142],[-97.724566285908807,30.374979251757232],[-97.724574250471932,30.374957389423301],[-97.724575812686865,30.374953036296908],[-97.724578145377222,30.37494653715504],[-97.724585723097647,30.374925113604021],[-97.724587251648828,30.374920729137663],[-97.724589461741914,30.374914386917684],[-97.724597660765824,30.374890469334066],[-97.724600458953475,30.3748821966193],[-97.724607688927563,30.374860488400568],[-97.724609177335367,30.374855950430796],[-97.724611305509256,30.374849457576587],[-97.724618442227168,30.374827330016043],[-97.724619858999887,30.374822866706165],[-97.724621894650895,30.374816449946497],[-97.724628700366893,30.374794649160396],[-97.724629957227037,30.374790552750465],[-97.724631815139887,30.374784507092276],[-97.724639308441894,30.374759661080162],[-97.724642312156931,30.374749541435879],[-97.724648325935831,30.374728903571718],[-97.724649480044164,30.374724874936952],[-97.724651193386649,30.374718901730549],[-97.724657609342955,30.374696127538765],[-97.724658785477118,30.374691874187686],[-97.724660498872339,30.374685679488326],[-97.724666648155605,30.37466302619233],[-97.72466772209745,30.374658992508017],[-97.724669315539415,30.374653018965908],[-97.724675306293918,30.374630104275369],[-97.724676429133723,30.374625724307489],[-97.724678048458486,30.37461940768668],[-97.724683533484551,30.374597590519247],[-97.724684671247985,30.374592977571631],[-97.724686283437407,30.374586434809093],[-97.724691677937642,30.374564083533812],[-97.724692750362721,30.37455954355066],[-97.72469427836775,30.374553077031795],[-97.724695964134909,30.37454589551276],[-97.724699553525227,30.374530263458041],[-97.724700461278758,30.374526246691595],[-97.724701806765182,30.37452030849477],[-97.724706837674731,30.374497593616514],[-97.724707779520188,30.374493239342506],[-97.724709136996879,30.374486972283425],[-97.724713897936226,30.374464473168249],[-97.724714809911376,30.37446005959653],[-97.724716116565602,30.374453737385426],[-97.724720757217199,30.374430728039989],[-97.724721607743831,30.374426399254986],[-97.72472283401747,30.37442016872463],[-97.724727148602241,30.374397673382056],[-97.724728008723233,30.374393072647567],[-97.724729222554018,30.374386576102204],[-97.724733435546796,30.374363398188837],[-97.724734136519487,30.37435943920131],[-97.724735275868554,30.374353005512308],[-97.724737145468737,30.374342302363846],[-97.724739115787784,30.374330696055654],[-97.724739831727135,30.374326414587536],[-97.724740718246423,30.374321098312361],[-97.724744575086063,30.374297419512789],[-97.724745322850211,30.374292676640895],[-97.724746365551184,30.374286054084372],[-97.724750133617349,30.374261285213883],[-97.724751356062399,30.374253023200406],[-97.724754687867502,30.374229719238301],[-97.724755308910204,30.374225219100087],[-97.724756186939743,30.374218856679992],[-97.724759195290503,30.374196263851864],[-97.724759757066181,30.374191888317931],[-97.72476055798198,30.374185655607388],[-97.724763718182757,30.374159965484868],[-97.724764696038136,30.374151728932613],[-97.724766380160375,30.374137162147637],[-97.724767616549045,30.374125945927481],[-97.724768478234552,30.374118034566724],[-97.724770839504487,30.37409538044723],[-97.724771280973215,30.374090934054262],[-97.724771912801785,30.374084577177239],[-97.724774008789282,30.374062467981396],[-97.724774506161197,30.374056942240571],[-97.724775163647053,30.374049594072531],[-97.724777032591817,30.374027517884006],[-97.724777397430515,30.374022961634328],[-97.724777907598693,30.37401659082964],[-97.724779594445096,30.373994192253836],[-97.724779932390163,30.373989407701199],[-97.724780396668379,30.373982818198559],[-97.724782041534866,30.373957581039612],[-97.724782542429708,30.373949363986245],[-97.724783591140039,30.373931000558166],[-97.724783876651699,30.373925527081283],[-97.724784097481844,30.373921195175292],[-97.724784410886031,30.373915074892793],[-97.724785419658076,30.373893436258879],[-97.724785709520859,30.373886508233308],[-97.724785918564109,30.373881488129715],[-97.724786832934399,30.373856453076872],[-97.724787130016892,30.373847204467914],[-97.724787747797379,30.373824469456345],[-97.724787845463652,30.373820099186197],[-97.724787984861123,30.373813973984856],[-97.724788402708626,30.373790351232056],[-97.724788459599694,30.373785810270356],[-97.724788540224964,30.373779525808516],[-97.724788722167787,30.373757317302601],[-97.724788739304358,30.373752431184833],[-97.724788761179013,30.373745811171826],[-97.724788731112682,30.373723573562231],[-97.724788697406552,30.373718282422352],[-97.724788659037273,30.373712047364371],[-97.724788401436157,30.373688811225154],[-97.724788330382665,30.37368438911977],[-97.724788234305137,30.373678256996566],[-97.724787763578036,30.373655389518472],[-97.724787645614342,30.373650747792805],[-97.724787485672067,30.373644407499022],[-97.724786777472218,30.373621003286338],[-97.7247866164236,30.373616419554121],[-97.724786396463102,30.373610147799681],[-97.724785528204478,30.37358825682794],[-97.724785298047848,30.373583071566859],[-97.724784990961027,30.373576210618271],[-97.724782394838982,30.373528721141469],[-97.724781564800821,30.373519911643033],[-97.724781101973946,30.373506752966538],[-97.724780429771343,30.373497093764843],[-97.724785268586899,30.373494643490286],[-97.724921052456438,30.37341757364949],[-97.725052120015278,30.373334591815105],[-97.725178130333276,30.373245916113945],[-97.725298753669591,30.373151776626333],[-97.72541367555543,30.373052419074934],[-97.725522596815779,30.372948103921047],[-97.725625232634258,30.372839101827211],[-97.725721314530603,30.372725698212886],[-97.725810593615449,30.372608187887717],[-97.725892836335944,30.372486878591953],[-97.725967827730855,30.372362085629636],[-97.725980932497336,30.372337261171747],[-97.726007633394403,30.372316422445589],[-97.726122553541032,30.372217064264074],[-97.726231473077846,30.372112748513938],[-97.726334107193026,30.372003745859367],[-97.726430187410529,30.371890341721215],[-97.726519464845552,30.371772830910594],[-97.726601705949534,30.371651521168822],[-97.726676695765406,30.371526727801349],[-97.726744238862253,30.371398778214157],[-97.726804159528257,30.371268003780866],[-97.726856300534834,30.371134747956756],[-97.726900526477905,30.370999357298015],[-97.726936721606791,30.370862185038774],[-97.72696479195136,30.370723589321074],[-97.726984664322558,30.370583931368916],[-97.726996286311461,30.370443575487862],[-97.726999628395077,30.370302888198797],[-97.726997664910215,30.370218718105914],[-97.726985209590879,30.369914663379724],[-97.72696772067178,30.369475034293533],[-97.726964624315727,30.36941573261921],[-97.726951401541953,30.369275483568831],[-97.726929937546458,30.369136003124837],[-97.726900288370061,30.368997654809682],[-97.726862530959849,30.368860799805393],[-97.726816764253627,30.368725795165204],[-97.726763107138439,30.368592991968871],[-97.726701700448459,30.368462738974831],[-97.726632704052719,30.368335373527625],[-97.726556297703965,30.368211229709971],[-97.726472681231343,30.368090630209515],[-97.726382073390766,30.367973890819016],[-97.726284708866928,30.36786131495861],[-97.726180842356172,30.367753197365111],[-97.72607074556818,30.367649818614151],[-97.72595470503488,30.367551449601994],[-97.725833023259483,30.367458347045428],[-97.725706018737881,30.367370752578747],[-97.725574021704801,30.367288896293839],[-97.725437377410117,30.367212990470833],[-97.72529644184327,30.367143234021881],[-97.725151582882987,30.367079807991917],[-97.72500317812748,30.367022879135884],[-97.724851613981045,30.366972594478664],[-97.724697287631841,30.366929085870627],[-97.724540600863321,30.36689246716486],[-97.724381962139219,30.366862834254839],[-97.724221785626298,30.366840262344571],[-97.724060488938363,30.366824813141129],[-97.723898492352774,30.366816523991712],[-97.723736219573226,30.366815419650223],[-97.723685129099081,30.366816559787043],[-97.722973835197706,30.366837574696842],[-97.722922773784475,30.366839332518214],[-97.722811716607012,30.366843832758843],[-97.722650159303299,30.366857082682923],[-97.722489593531421,30.366877468684525],[-97.722330437572609,30.366904936778756],[-97.722173105928221,30.3669394166422],[-97.72201800944913,30.366980816190569],[-97.721865554100518,30.367029029693303],[-97.72171613594513,30.367083929546862],[-97.721570145140205,30.367145373578744],[-97.721427962897152,30.367213201376714],[-97.721289959354962,30.367287236058374],[-97.721156495685889,30.367367283405109],[-97.721027919819718,30.367453136305119],[-97.720904566551383,30.367544570235225],[-97.72078675747683,30.367641345971549],[-97.720674800949624,30.367743211396643],[-97.720568987934115,30.367849900520916],[-97.72046959508917,30.367961135345919],[-97.72037688268297,30.368076625826589],[-97.720291090382034,30.368196071603858],[-97.720212444631954,30.368319158520514],[-97.720141149062286,30.368445567489452],[-97.720077388805947,30.368574968242768],[-97.720021332475582,30.368707023887062],[-97.71997312493248,30.368841388061732],[-97.71993289232482,30.368977712261508],[-97.719900739111822,30.369115639454609],[-97.719876749996473,30.369254810445664],[-97.719860987884118,30.369394862031029],[-97.719859672289743,30.369419530958119],[-97.719792058536754,30.369440911864913],[-97.71965906796656,30.369489771739516],[-97.719514030525161,30.369488780174077],[-97.719351899996369,30.369494855602468],[-97.71919033773824,30.369508101139019],[-97.719029766781432,30.369528482782329],[-97.718870605420733,30.369555946558819],[-97.71871326817147,30.369590422156371],[-97.718558165899239,30.369631817501823],[-97.718405704584342,30.36968002687556],[-97.718256280305127,30.36973492268482],[-97.718110283234552,30.369796362767676],[-97.717968094600678,30.369864186722136],[-97.71783008455894,30.369938217675905],[-97.717696614298688,30.370018261419993],[-97.717568031766888,30.3701041108521],[-97.717444671775851,30.37019554145807],[-97.717326855938893,30.370292314022642],[-97.717214892627439,30.370394176436729],[-97.717109072823561,30.370500862718508],[-97.717009673203535,30.370612094876936],[-97.716916954053559,30.370727582874014],[-97.716831155057548,30.370847026357055],[-97.716789655606831,30.370910117305407],[-97.716662664710526,30.371109234840066],[-97.716564425598833,30.371263274729735],[-97.71655956222817,30.371270899980843],[-97.716089926388875,30.371046560093003],[-97.715873371664671,30.370943112358699],[-97.715844540503767,30.370929507749629],[-97.715699682077187,30.370866070933261],[-97.715551277073374,30.370809131030398],[-97.715399711897433,30.370758835094726],[-97.715245383740211,30.370715315006191],[-97.715088694389792,30.370678684647693],[-97.714930052316603,30.370649039943139],[-97.714769871696376,30.370626456127344],[-97.714608570153345,30.370610994938357],[-97.714446567977774,30.370602693754666],[-97.714284288887711,30.370601577361615],[-97.714122156141798,30.370607646128999],[-97.713960591281321,30.370620885028902],[-97.713800017343715,30.370641260077178],[-97.713640852631571,30.370668717317535],[-97.713483511668898,30.370703186454694],[-97.713328405331112,30.370744575432635],[-97.713175939608945,30.3707927785482],[-97.713026510592371,30.370847668225039],[-97.712880508466696,30.370909102317146],[-97.712738314473128,30.370976920438135],[-97.712600298780998,30.371050945730946],[-97.712466822594592,30.371130984001415],[-97.712338233876153,30.371216828161536],[-97.712214867454193,30.371308253710797],[-97.712097044958853,30.371405021447231],[-97.712080482226071,30.371420088152021],[-97.712051406214513,30.371441636192507],[-97.711933583389651,30.371538403779105],[-97.711821612879618,30.371640261463963],[-97.711715785685286,30.371746943277543],[-97.711616378502185,30.371858171240504],[-97.711523651636199,30.371973655325839],[-97.711437844791391,30.372093095190941],[-97.71138937442646,30.372167165460979],[-97.710843168648722,30.373032750604732],[-97.710736761747299,30.373201376377146],[-97.710713138365549,30.373238812502123],[-97.710621622473596,30.373381715273272],[-97.710513771712428,30.373550125054212],[-97.710366636583302,30.373779877159087],[-97.710296698785641,30.37388939320358],[-97.710188932396406,30.374058150512514],[-97.71008132914335,30.374226653923078],[-97.709866442195278,30.374563156363024],[-97.709758831380142,30.374731666627913],[-97.70970142879105,30.374821555730467],[-97.709651029902005,30.374900503362234],[-97.709640728972062,30.374916767334462],[-97.70954008234385,30.375076960663606],[-97.709438038798027,30.37523660623431],[-97.70943183936626,30.375246349803941],[-97.709325270983399,30.375414675091989],[-97.709219085886417,30.375582392439735],[-97.708962576137878,30.375986180192658],[-97.708956736027744,30.375995413992321],[-97.708698422107446,30.376405740401403],[-97.708387360822456,30.376899854072658],[-97.708358745946398,30.376946360767025],[-97.70828742829039,30.377072763225179],[-97.708223646256428,30.377202158172473],[-97.708167568513957,30.377334208730961],[-97.708119339980215,30.377468568553088],[-97.708079086858163,30.377604889145026],[-97.708046913660368,30.377742813484339],[-97.708022905142172,30.377881982383215],[-97.708007124259581,30.378022032643383],[-97.707999611083423,30.378162598844863],[-97.708000385904086,30.378303314305683],[-97.708009446082386,30.378443811929326],[-97.708026769154571,30.378583725164656],[-97.708052309683154,30.378722688853284],[-97.708086000255307,30.378860341055887],[-97.708127753610668,30.37899632128223],[-97.708177460404357,30.379130276779609],[-97.708234992485174,30.379261856263408],[-97.708300197510766,30.379390717052914],[-97.708372906307744,30.37951652249156],[-97.708452930678888,30.379638946428265],[-97.7085400593853,30.379757666816495],[-97.70863406730993,30.379872374920144],[-97.70873470824823,30.379982771567864],[-97.708841719033728,30.380088569035433],[-97.708954821622612,30.380189491083485],[-97.709073719923225,30.380285274709006],[-97.709198003553226,30.380375596088268],[-97.709179785753747,30.380402652150931],[-97.709031846958041,30.380622368082975],[-97.708928739025112,30.380775494122666],[-97.708924107757142,30.380782394616229],[-97.708889317495391,30.380834407226633],[-97.708781021344521,30.380838456141895],[-97.708619438470777,30.380851688277872],[-97.708458846227543,30.380872056612429],[-97.708299662965089,30.380899507206703],[-97.708142303255713,30.380933969782895],[-97.70798717802387,30.380975352301867],[-97.707834693309636,30.381023549077536],[-97.707685245252421,30.381078432549916],[-97.707539224087128,30.381139860589187],[-97.70739701110476,30.381207672824946],[-97.707258976524059,30.381281692415271],[-97.707125481598752,30.381361725181002],[-97.706996874339865,30.381447564048429],[-97.706873489624158,30.381538984530899],[-97.706755649129704,30.38163574743955],[-97.706643661292105,30.381737600690464],[-97.706537817157368,30.381844278325779],[-97.706438393465334,30.381955502377011],[-97.706345650564984,30.38207098282734],[-97.706259828201922,30.382190419343623],[-97.706251471670171,30.382202812580907],[-97.706219611572706,30.382250347970317],[-97.705957400875533,30.382641558989242],[-97.705861793686267,30.382784202424059],[-97.705758220282945,30.382938729820033],[-97.705662613585503,30.383081371321637],[-97.705559039538741,30.383235898560891],[-97.705463434397132,30.383378537244422],[-97.705359858643092,30.383533065211765],[-97.705264250757892,30.383675706424015],[-97.705160670017818,30.383830241388825],[-97.705063471757768,30.383975254976562],[-97.704961493161747,30.384127396705555],[-97.704864285634244,30.384272423550907],[-97.704762304190012,30.384424570509964],[-97.704666693480902,30.384567211269353],[-97.70456311406771,30.384721740398209],[-97.704467497292967,30.384864391762942],[-97.704363930112919,30.385018905598223],[-97.704268322602189,30.385161537106718],[-97.704045224794953,30.385494372393971],[-97.704028323036894,30.385519586440832],[-97.703957978716375,30.38563030083489],[-97.703886648774031,30.385756700955142],[-97.703822854999999,30.385886093828084],[-97.703766766094489,30.386018142581161],[-97.703718527003943,30.386152500871631],[-97.703678263958523,30.386288820209536],[-97.703646081496984,30.386426743575729],[-97.70363324930662,30.386501099824748],[-97.703618104706038,30.386524171259893],[-97.70361174158657,30.386534031869701],[-97.703604020674248,30.386546067563149],[-97.703553021918779,30.386626033801633],[-97.703517289789076,30.386681710318104],[-97.703462323294119,30.386767356574122],[-97.703459316761723,30.386772054073617],[-97.703369746406679,30.38691193346947],[-97.703346859130292,30.386947678430793],[-97.703277390101249,30.387056171645941],[-97.703191126069484,30.387190920374145],[-97.703185382410851,30.387199863672066],[-97.703092401504605,30.387345075885161],[-97.70306500051629,30.387387866968371],[-97.703028062007348,30.387445554826591],[-97.70302408143877,30.387451295203356],[-97.703008421982076,30.387474124938866],[-97.70295901150007,30.387549659893185],[-97.702935676163875,30.387586680470019],[-97.702898025131972,30.387646414887822],[-97.702853112138641,30.387717388616821],[-97.702801741826462,30.38779575221351],[-97.702729728525227,30.387910091916801],[-97.702717442962182,30.3879295986115],[-97.702683600637187,30.387982793024744],[-97.70262960880676,30.388067653745779],[-97.702538843903767,30.388209928521633],[-97.702536038213395,30.388214335806893],[-97.702449125359365,30.388351262917976],[-97.702364060781008,30.388483169635393],[-97.702272497859354,30.388624293431668],[-97.702264537694433,30.388636637539229],[-97.70217162945444,30.388781572918887],[-97.702052995453059,30.388967190361143],[-97.701897261979198,30.389209957160752],[-97.70188123435166,30.389234936312391],[-97.701842254101223,30.389295685220951],[-97.70180144733699,30.389361359015425],[-97.701730111764078,30.389487757981335],[-97.701666312585928,30.389617149828862],[-97.701610218516876,30.389749197688229],[-97.701561974516792,30.389883555218795],[-97.701521706828714,30.390019873932832],[-97.701489520003406,30.390157796812669],[-97.701465498831809,30.390296964674377],[-97.701449706302967,30.39043701432248],[-97.701442182517923,30.390577580338455],[-97.701442947794888,30.390718296040909],[-97.701451999519506,30.390858794332598],[-97.701469315250208,30.390998708660661],[-97.701494849568618,30.391137673864009],[-97.701528535078069,30.391275327999221],[-97.701570284531414,30.391411310571048],[-97.701619988593933,30.391545268820678],[-97.701677519121816,30.391676851456445],[-97.701742723776448,30.391805715789165],[-97.70181543338559,30.391931525153222],[-97.701895459749892,30.39205395338729],[-97.701982591625182,30.392172678433464],[-97.70207660388634,30.392287391543725],[-97.702177250317376,30.392397793533512],[-97.702284267737497,30.392503596664639],[-97.702397378085493,30.392604524683133],[-97.70251628524953,30.392700314570202],[-97.702640679258167,30.392790715714348],[-97.702770236236915,30.392875491718556],[-97.702904618343368,30.392954423111643],[-97.703043473875965,30.393027302830181],[-97.70318644133495,30.393093940812321],[-97.703333147359885,30.393154163056462],[-97.703398941318582,30.393178644200098],[-97.703513337877098,30.393219777147898],[-97.703520205305495,30.393222595149389],[-97.703535681782455,30.393229098829284],[-97.703554842878603,30.393237203174412],[-97.703574499806777,30.393245592200692],[-97.703594150963497,30.393254048020317],[-97.703613573290625,30.393262478915236],[-97.703619380492256,30.3932650210307],[-97.703632948496633,30.393270961392641],[-97.703657083378502,30.39328161540314],[-97.703666239063722,30.393285641821024],[-97.70368940418372,30.393295683457975],[-97.703719842776337,30.393308745683441],[-97.704117968831284,30.39347959846399],[-97.7042026857428,30.393515958124436],[-97.70558240591923,30.394108045980722],[-97.705670778203569,30.394145969468443],[-97.706764175247329,30.394615170786427],[-97.706895447949805,30.39466827124885],[-97.707028767864372,30.394715999457535],[-97.707163915238638,30.394758276741666],[-97.707300667308004,30.394795033415214],[-97.707315532963705,30.39479871670704],[-97.70736140031741,30.394809760522538],[-97.707519154531127,30.394842918489775],[-97.707678656142363,30.394869050624134],[-97.707839489615267,30.394888087960812],[-97.708001233723976,30.394899981324091],[-97.708047259892496,30.394902051325047],[-97.708062704289233,30.394902648539219],[-97.708178912227183,30.39490529773634],[-97.708341213237375,30.394902827926948],[-97.708503156430879,30.39489317864761],[-97.708664319912685,30.394876372139997],[-97.708804871420313,30.394855747242897],[-97.70881000938229,30.394854890458731],[-97.708819042392918,30.394853385957877],[-97.708839466776766,30.394849924881299],[-97.708997812448501,30.394818957553426],[-97.709154127549738,30.394781021146475],[-97.70930800503055,30.394736215022693],[-97.709459041580075,30.3946846566947],[-97.709526888123548,30.394658930178622],[-97.709540979132839,30.394653416722548],[-97.709620934946969,30.394620965761959],[-97.709765117728608,30.394556322235115],[-97.709905304596319,30.394485380391455],[-97.710041130242217,30.394408326237869],[-97.710172239462125,30.394325359524927],[-97.71017831454769,30.394321294758736],[-97.710183786777208,30.394317625071068],[-97.710190434443604,30.394313166489077],[-97.710310519215284,30.394228496966917],[-97.710431183634128,30.394134371341135],[-97.71054614616304,30.394035026972841],[-97.71065510752068,30.393930724289056],[-97.710720060537582,30.393863107894578],[-97.7107297628677,30.393852673232967],[-97.710812413563673,30.393759882288947],[-97.71089081569572,30.393663474807248],[-97.71096481120523,30.393563645145267],[-97.711034250917294,30.39346059455951],[-97.711406273575165,30.392879459069135],[-97.711503809598739,30.392727098369701],[-97.71185639145807,30.392176324933033],[-97.712036453004359,30.391895045646187],[-97.712075539170229,30.391834565913555],[-97.712081235361254,30.391825752455283],[-97.712088582500911,30.391814317966332],[-97.712151882802786,30.39171523792286],[-97.712356728382389,30.391394606052337],[-97.712382724748949,30.391353078758019],[-97.712397944127886,30.391328261895399],[-97.712421506547159,30.39128908570714],[-97.712436263644008,30.391264062543321],[-97.712459115923309,30.391224534564092],[-97.712474549749558,30.391197289625367],[-97.712495423302059,30.391159654440678],[-97.712508888169808,30.391134897346021],[-97.712511111454873,30.391130800321253],[-97.71253062470096,30.391094098085272],[-97.71253418339839,30.391087273099423],[-97.712544085796267,30.391068276840794],[-97.712564590588144,30.391028092802266],[-97.71257746907942,30.391002299959634],[-97.712583318765013,30.390990508553493],[-97.712597342656267,30.390961603724072],[-97.712609741412891,30.390935636814735],[-97.712628854615019,30.390894683718759],[-97.71264077253069,30.39086854543536],[-97.712659085802173,30.390827419750352],[-97.712669853002737,30.390802652135026],[-97.71267952871888,30.390780136808356],[-97.712873644388949,30.390321736057057],[-97.712917392078197,30.390275294023692],[-97.713013506545906,30.390161899772568],[-97.713102817507902,30.390044398123063],[-97.713185091327802,30.389923096792568],[-97.713216770120042,30.389872287296193],[-97.713286078987153,30.389758280186236],[-97.713329421725149,30.389684303931872],[-97.713338795816384,30.389667546525963],[-97.713403209393832,30.389551400105589],[-97.713452037767354,30.389459032527789],[-97.713511467845251,30.389340904340042],[-97.713520838975455,30.389322086517012],[-97.713556320440546,30.389247066729016],[-97.713610685935777,30.389127121676559],[-97.713635154372582,30.389071372973898],[-97.713685020451337,30.388944510574866],[-97.713791857787257,30.388649382654791],[-97.713891773416265,30.388424071116358],[-97.713936607375331,30.388357512156741],[-97.713952215080113,30.388334081702045],[-97.714169117272704,30.388004745268184],[-97.714417825675525,30.387633156149658],[-97.714423044225953,30.387625328487811],[-97.714661024160833,30.387267062890196],[-97.714685070399966,30.387230863049677],[-97.714543295014238,30.38779885491051],[-97.714535239735781,30.387830658831241],[-97.714523141127955,30.387880286912591],[-97.714521886611649,30.387886049463539],[-97.714510640587889,30.387936699071268],[-97.714497379883923,30.387992279406053],[-97.714473378176322,30.388131449686796],[-97.714457605045041,30.388271500912985],[-97.714450100540802,30.38841206766201],[-97.714450884931111,30.388552783250532],[-97.714459955552144,30.388693280581617],[-97.714477289912736,30.388833193104968],[-97.714502842545912,30.388972155664003],[-97.71453654600748,30.389109806322367],[-97.714578313003145,30.389245784593843],[-97.71462803415271,30.38937973773087],[-97.714685581267631,30.389511314454882],[-97.71475080196582,30.389640172092452],[-97.714823527033388,30.389765973995303],[-97.714903568230895,30.389888394021423],[-97.714990714274904,30.390007110134583],[-97.715084740003661,30.390121813609813],[-97.715185399165975,30.390232205287781],[-97.715292428547869,30.390337997457305],[-97.715405550056914,30.390438913892854],[-97.715524467552257,30.390534691606035],[-97.715648871035199,30.390625080016942],[-97.715778436606584,30.390709842761826],[-97.715912826401819,30.39078876040406],[-97.716051688699153,30.390861625916202],[-97.716071364914711,30.390871283549473],[-97.716580392751183,30.391119068745986],[-97.71663360088958,30.391144969851791],[-97.716647730920215,30.391151806684455],[-97.717787340630835,30.391699942921591],[-97.717948220858389,30.391785196148149],[-97.718030099820751,30.391827139695955],[-97.718057423784686,30.391840507867023],[-97.718461571342786,30.392035960433539],[-97.718349064706132,30.392363950768729],[-97.718206652310926,30.392779116786723],[-97.717801166304639,30.393935131548037],[-97.717681695459063,30.394274991647393],[-97.717611908073465,30.394473523074762],[-97.717541151654316,30.394674716730901],[-97.7170984971916,30.39593597033177],[-97.717068728317884,30.396018317952162],[-97.71705072161599,30.396070452186574],[-97.717042350905729,30.396095290278954],[-97.716553300213775,30.397484184510571],[-97.716470685942554,30.397719132361981],[-97.716003511015387,30.399047870712106],[-97.715876943023332,30.399407808859291],[-97.715822512527467,30.399555420868388],[-97.715770254650096,30.399685373956427],[-97.715714083166574,30.399814162887807],[-97.715654068602447,30.399941628904447],[-97.715589304790583,30.400069555724379],[-97.715530734345478,30.400177939382694],[-97.715459488152419,30.400302248389121],[-97.715087259714394,30.400934664584554],[-97.715036373147328,30.401009976194644],[-97.714960415878664,30.401129039112543],[-97.714943111277449,30.401158243368577],[-97.714610701167913,30.40172755270823],[-97.71366051180398,30.403354871420536],[-97.713580842046767,30.403480176378803],[-97.71355375428675,30.403523700478484],[-97.713450602902071,30.403693058010973],[-97.713442787867635,30.403705971383967],[-97.713371456980028,30.403832377075332],[-97.713307663981354,30.403961774963896],[-97.713251577570347,30.404093828163838],[-97.713203342686413,30.40422819032084],[-97.713163085549269,30.404364512934887],[-97.71313091068177,30.40450243897828],[-97.713106902843876,30.404641609258679],[-97.713091124989944,30.404781660574411],[-97.713083617182534,30.404922227502585],[-97.713084399698289,30.405062943359376],[-97.713093469877776,30.405203441047185],[-97.713110805231508,30.405343354014793],[-97.713136360289838,30.405482317104447],[-97.71317006760188,30.405619968378417],[-97.71321183986376,30.405755947348823],[-97.713261567681187,30.405889901266391],[-97.713319122848517,30.406021478850455],[-97.713384352962535,30.406150337425348],[-97.713457088784665,30.406276140340346],[-97.713537142047713,30.40639856145086],[-97.713624301436553,30.406517278717747],[-97.713718341754785,30.406631983413096],[-97.71381901671306,30.406742376374432],[-97.713926063056036,30.406848169887123],[-97.714039202647413,30.406949087722193],[-97.714158139298704,30.407044866887524],[-97.714282562961586,30.407135256799613],[-97.714412149684179,30.407220021090644],[-97.71454656154674,30.407298940320011],[-97.714685446769707,30.407371807456116],[-97.714714643101232,30.407386078710051],[-97.716167258204038,30.408087403554035],[-97.716246993731033,30.408151611019854],[-97.716371420807121,30.408241998901545],[-97.716501010879881,30.408326761076786],[-97.716635426020829,30.408405678110569],[-97.716774314441835,30.408478542976944],[-97.71679734637523,30.408489829178908],[-97.718019483589231,30.409082935066372],[-97.718552291803462,30.409341018681864],[-97.718670047228912,30.409395279573488],[-97.718816788000595,30.409455484082802],[-97.71896688366644,30.409509116338135],[-97.719119944352485,30.409556034638179],[-97.719275569238661,30.409596118784592],[-97.71943335196606,30.409629262042458],[-97.719592881485994,30.409655379292545],[-97.719626641458149,30.409659371508269],[-97.71965006254942,30.409680259856565],[-97.719769008214371,30.409776033809063],[-97.719893440731326,30.409866418264844],[-97.720023036125511,30.409951176870386],[-97.720157456454601,30.410030090199889],[-97.720297560192776,30.410103549699539],[-97.721085432391646,30.410493093401538],[-97.72119583220524,30.410548828571308],[-97.721201292780449,30.410551578824574],[-97.721220432756184,30.410561125652304],[-97.721229646353166,30.410565666218869],[-97.721804814556478,30.410848033173494],[-97.721907158626763,30.410948259744124],[-97.721924462219476,30.41108820694323],[-97.721938300278538,30.411168969281853],[-97.721939247826,30.411173986595553],[-97.721973375102692,30.411354484498592],[-97.721985010126886,30.411412174662591],[-97.722018732261816,30.411549823681955],[-97.722060519691667,30.411685799836228],[-97.722110262983051,30.411819750383355],[-97.722167833889742,30.411951324051522],[-97.72223307996741,30.412080178175383],[-97.722305831935827,30.412205976115725],[-97.722385901485922,30.412328391740832],[-97.722473077259735,30.412447103026075],[-97.72256713401832,30.412561801259042],[-97.722667825429383,30.412672187294053],[-97.722774888194735,30.412777973434732],[-97.722888044135004,30.412878883471119],[-97.723009083843948,30.41297624764168],[-97.723485454830282,30.413339301833744],[-97.723605721805257,30.413426496291859],[-97.723644249704378,30.413452638974977],[-97.723818987723462,30.413569341078606],[-97.723909375598765,30.413629028416935]]],[[[-97.727824144780087,30.41768840031186],[-97.727661933079503,30.417694486358954],[-97.727500290558808,30.417707742515987],[-97.727339640458936,30.417728134753705],[-97.727180401280663,30.417755609071037],[-97.727022987742146,30.417790095128208],[-97.726867810908018,30.41783150082486],[-97.726715276953882,30.41787972041428],[-97.726565782146636,30.417934626277209],[-97.726419716843509,30.417996076225332],[-97.72627746245071,30.418063909830906],[-97.726139389294829,30.418137950196598],[-97.726005858730304,30.418218003088679],[-97.725877218861385,30.418303861381023],[-97.725753804649784,30.418395300536361],[-97.725635937850001,30.418492081317204],[-97.725523926966986,30.41859395159285],[-97.725418063106289,30.418700645361106],[-97.725318623059522,30.418811884611333],[-97.725225867218796,30.418927379286913],[-97.725140035362813,30.419046829017873],[-97.725092626020427,30.419119204564677],[-97.724875329617035,30.419464228885516],[-97.724828704812154,30.419536978179273],[-97.724817852955027,30.419554120539818],[-97.724797150971398,30.419587558876188],[-97.724745681420686,30.419670139119454],[-97.724737519738028,30.419683163633287],[-97.724561073091735,30.419962853187158],[-97.724519519314839,30.420028732638329],[-97.72448928519708,30.420077803564993],[-97.724417956699043,30.420204215666367],[-97.724354167725764,30.420333619316025],[-97.724298086965888,30.420465677613006],[-97.724249859343658,30.420600044189797],[-97.724209611060161,30.420736370534836],[-97.724177446614902,30.420874299610738],[-97.724153450740914,30.421013472217158],[-97.724137686361317,30.421153525146263],[-97.724130193503385,30.421294092971149],[-97.724130992404895,30.421434809005568],[-97.72414008036354,30.421575306151475],[-97.724157434843661,30.421715217858946],[-97.724183010325675,30.421854178973646],[-97.724216739305319,30.421991827562923],[-97.724258534422191,30.422127803145987],[-97.724308286222495,30.422261752982305],[-97.724365866438106,30.422393325801881],[-97.724431122600109,30.422522178941531],[-97.724503885402115,30.422647975764704],[-97.724583966506998,30.422770390142549],[-97.72467115452632,30.422889100053752],[-97.724765224189397,30.423003796789374],[-97.724865929130246,30.423114181207747],[-97.724973006015219,30.423219965616685],[-97.725086176628437,30.423320873810759],[-97.725205144700382,30.423416642823291],[-97.725329600100707,30.423507022097027],[-97.725459218794768,30.423591775291928],[-97.725593662779644,30.423670682996381],[-97.725732580191618,30.423743538208878],[-97.725757818682695,30.423755890956674],[-97.725964848341206,30.423856142235628],[-97.726161916048568,30.423951515965467],[-97.72616593291518,30.423953467240075],[-97.726173026968112,30.42395692086729],[-97.726211719953696,30.423975844926421],[-97.726330190289417,30.424033746414349],[-97.726350432341405,30.42404353992956],[-97.72635823794964,30.424047297359593],[-97.726507814045334,30.424119177599966],[-97.726667088327488,30.424196484307799],[-97.726834023825091,30.424277447092276],[-97.72683777475865,30.424279264317047],[-97.726994540823668,30.424355335181467],[-97.727140968820692,30.424426189313298],[-97.727149869824615,30.424430518627723],[-97.727155129406952,30.424433075172008],[-97.727304578766535,30.424505728784162],[-97.727322397200268,30.424514443733951],[-97.727451115225875,30.424577964085113],[-97.727463977934946,30.424584330415655],[-97.727504153117508,30.424603854606048],[-97.727688890925094,30.424692077151231],[-97.727903499165762,30.424796900301999],[-97.72791615035446,30.424803082903466],[-97.727925236957986,30.424807506784536],[-97.727941652828392,30.424815412798363],[-97.728052997749742,30.424868670629213],[-97.728130969222946,30.424905954842071],[-97.728139785168224,30.424910091811466],[-97.728243145926939,30.424957494259392],[-97.728389916600349,30.425017687834973],[-97.728540042056053,30.425071308893596],[-97.7286931323424,30.425118215762893],[-97.72884878656204,30.425158288274528],[-97.729006598279241,30.425191419724019],[-97.729166156369942,30.425217525022745],[-97.729327045150953,30.425236535275936],[-97.729488843251644,30.42524840137871],[-97.729651129892645,30.425253093224217],[-97.729813481843919,30.425250596033166],[-97.729975474253109,30.425240919409035],[-97.730136685096298,30.425224085664841],[-97.730296693856786,30.425200141552192],[-97.730455082825557,30.425169147435653],[-97.730611439016101,30.425131184559561],[-97.730765355271302,30.425086352354963],[-97.730916428178986,30.42503476840297],[-97.731064264392742,30.424976565834594],[-97.731208478439655,30.424911897812066],[-97.731348693892471,30.424840932125139],[-97.731484545368801,30.424763854842848],[-97.731615677596565,30.424680865776292],[-97.731741749477735,30.424592183070988],[-97.731862431110144,30.42449803682571],[-97.731977407873103,30.42439867278064],[-97.732086380448649,30.424294351414002],[-97.732189063886381,30.424185343404609],[-97.732285189581191,30.424071934187243],[-97.732374508530569,30.423954418586174],[-97.732456787077325,30.423833104355385],[-97.732531810166492,30.423708306811832],[-97.73259938228054,30.423580353372511],[-97.732659327632135,30.423449575420999],[-97.732711488927904,30.423316316421818],[-97.732755730711162,30.42318092293937],[-97.732791937189688,30.423043748215196],[-97.73282001436408,30.422905150397725],[-97.73283988902746,30.422765490716404],[-97.732851508764625,30.422625133481343],[-97.732854844058906,30.422484445216892],[-97.732850692912152,30.422356805752084],[-97.732811132165978,30.421689737869542],[-97.732800776696848,30.421515132330491],[-97.73279732619892,30.421456992285535],[-97.7327830698231,30.421216715099504],[-97.732782266849767,30.421203767323398],[-97.732776382035937,30.421130429180714],[-97.732715994995971,30.420499556091709],[-97.73270864143673,30.420432644973747],[-97.73268715756555,30.420293164698496],[-97.732657484203841,30.420154816928488],[-97.732619698361603,30.420017962844401],[-97.732573899051047,30.419882959497098],[-97.732520205244001,30.419750157962941],[-97.732458757870887,30.419619906995983],[-97.732389716906667,30.419492543935647],[-97.732313262220259,30.419368402858183],[-97.73222959376713,30.419247806444361],[-97.732138930439234,30.419131070478695],[-97.732041507065119,30.419018498372498],[-97.731937578494865,30.418910384852804],[-97.731827416600666,30.418807010484642],[-97.73171130808376,30.418708646152794],[-97.731589555624609,30.418615548561917],[-97.731462477904131,30.418527959333296],[-97.731330405347478,30.418446108545279],[-97.731193683401898,30.418370208463536],[-97.731052668259181,30.418300457985389],[-97.730907728005761,30.418237038140052],[-97.730759240451746,30.418180115666477],[-97.73060759221697,30.418129837572941],[-97.730453180709972,30.418086335692525],[-97.730296407935839,30.418049723860847],[-97.730161874983509,30.418024140055842],[-97.730078749318523,30.418009960602681],[-97.729904815300884,30.417980286565367],[-97.729890587550074,30.41797788846343],[-97.729752863482616,30.417954956794475],[-97.729623799055503,30.417932530165629],[-97.729613896272781,30.41793078594354],[-97.729604662731532,30.417929148580626],[-97.729468075138996,30.417904619503311],[-97.72946066998179,30.417903299513902],[-97.72941103686189,30.41789485556037],[-97.72930919388692,30.417878548154874],[-97.729295072168782,30.417876210640792],[-97.729268507956363,30.417871676755091],[-97.729252846769654,30.417868935691939],[-97.729156912821381,30.417851545613054],[-97.729102050534962,30.41784213495275],[-97.729095200677634,30.417841020123017],[-97.728955772561378,30.417818481196615],[-97.728811103122013,30.417793819007311],[-97.728685025354494,30.417772500637579],[-97.728657436875793,30.417767833535976],[-97.728507456820978,30.417742080891887],[-97.728501552786554,30.417741066981382],[-97.72847023282003,30.417735794447857],[-97.728309970150178,30.41771322755277],[-97.72814858701399,30.417697783441348],[-97.727986503913911,30.417689499447572],[-97.727824144780087,30.41768840031186]]],[[[-97.665702448570499,30.421955824381389],[-97.666962631091025,30.422580172559368],[-97.668684494742564,30.423435610138334],[-97.667889619952405,30.424695292531993],[-97.667256540155677,30.425694266812378],[-97.667147881839654,30.425872791163965],[-97.667103262545425,30.425946097599986],[-97.666821917009926,30.426408618860375],[-97.666592482473334,30.426767253812212],[-97.666483074458739,30.426938264649401],[-97.666320973563685,30.427191619000812],[-97.666320067931906,30.427193033548544],[-97.666307927949802,30.427212045181079],[-97.666302449930896,30.427220634720697],[-97.666288477738775,30.427242521170644],[-97.66601601691309,30.427669359050778],[-97.665201003124594,30.42894613307962],[-97.665025804585483,30.429220588234941],[-97.665107025702966,30.429177412777722],[-97.665197708328108,30.42912756421536],[-97.665301927408123,30.429067753189745],[-97.665398908681524,30.429007322993172],[-97.665484898099123,30.428951588566097],[-97.665581095643148,30.428886708942823],[-97.665674829276952,30.428818317869684],[-97.665755622970721,30.428757024713175],[-97.665846796677641,30.428685103655688],[-97.665933236384006,30.42861145396796],[-97.666008365690047,30.42854495334559],[-97.666091959273203,30.428468066607763],[-97.666172522397503,30.428388010123943],[-97.666241529856237,30.428316707749982],[-97.666317795826942,30.428234776297671],[-97.666391258596846,30.428149332643876],[-97.666453737440648,30.42807365233914],[-97.666522755981944,30.427986567560993],[-97.666588209201379,30.427896772273296],[-97.666643791817265,30.427817158464784],[-97.66670410728031,30.427726953369337],[-97.666856065271034,30.427489346933108],[-97.666907445766853,30.427408880906924],[-97.666954455052561,30.427325785396956],[-97.666996958921345,30.427240297632579],[-97.667034836028918,30.427152661672825],[-97.667560971702713,30.42632988460538],[-97.667611889652434,30.426246963767326],[-97.667655689356181,30.426172604269283],[-97.667679342041794,30.426131608441896],[-97.667747329672096,30.426003026381199],[-97.667785502923891,30.425925590299023],[-97.667844883189332,30.425796169777087],[-97.667863855145129,30.425750322831252],[-97.66789557230544,30.425671491023838],[-97.667928853165932,30.425584105501105],[-97.667959942776832,30.425492031105833],[-97.667985384240751,30.425411509452381],[-97.667998629139333,30.425368212860374],[-97.668010619005116,30.425322863642677],[-97.668090494263225,30.425318130868142],[-97.668251716103427,30.425301375465025],[-97.668411740461025,30.425277509110337],[-97.668570149587595,30.425246591965735],[-97.668726530443763,30.425208705074748],[-97.668880475807882,30.425163947670704],[-97.669031582191309,30.425112437138534],[-97.669179456161288,30.425054306418122],[-97.669323712145584,30.424989708484397],[-97.669463973607861,30.424918810944103],[-97.669599875045321,30.424841799688775],[-97.669731061056268,30.424758874356719],[-97.669857190401217,30.424670252927843],[-97.669977933028918,30.424576165340433],[-97.670092974159431,30.424476857181812],[-97.670202014306028,30.424372588784614],[-97.670304768342959,30.424263630689289],[-97.670400967480234,30.424150268200034],[-97.670490362524347,30.424032796019954],[-97.67057271961886,30.423911521789528],[-97.67060233077865,30.423864169459421],[-97.671660716612791,30.422131368496313],[-97.67166966125238,30.422116615804061],[-97.671963435420196,30.421628514302089],[-97.671999981446817,30.421565857810808],[-97.672067633014848,30.421437936537675],[-97.672127659779747,30.421307187128221],[-97.672179904234312,30.421173952972136],[-97.672224230705567,30.421038580569231],[-97.672260523180327,30.42090142310596],[-97.67228868743463,30.42076283868596],[-97.67230865003458,30.420623188503619],[-97.672320358335696,30.420482836844108],[-97.67232378258997,30.420342150217596],[-97.67231891390405,30.420201495513922],[-97.672305764238558,30.420061240002536],[-97.672284368537333,30.419921749563265],[-97.672254782663131,30.419783387744541],[-97.672217083397513,30.419646515763521],[-97.672171369527092,30.419511490717952],[-97.672117759801196,30.419378663740542],[-97.672056394929669,30.419248383652182],[-97.671987434673738,30.419120987868055],[-97.67191105869064,30.418996810549725],[-97.671827466731344,30.418876174472679],[-97.67173687748749,30.418759395525225],[-97.671639525595026,30.418646777230041],[-97.671535665717158,30.418538614434894],[-97.671425569547523,30.418435187833818],[-97.67130952361542,30.418336768447467],[-97.671187830437901,30.418243613124034],[-97.67106080854218,30.418155963635918],[-97.670928788206581,30.418074050218181],[-97.67079211474298,30.417998085300251],[-97.670733391484958,30.417967993085337],[-97.670288861517449,30.417745741850322],[-97.670414358106029,30.417657557858014],[-97.67053509133342,30.417563469811238],[-97.670650123451082,30.417464161222096],[-97.670759154996077,30.417359892424344],[-97.670861900864821,30.417250933959355],[-97.670958092288899,30.417137571132368],[-97.671047480094771,30.417020098647416],[-97.671129830444897,30.416898824145733],[-97.67120492809768,30.416774062840364],[-97.67127257733992,30.416646142053988],[-97.671332602184478,30.416515393085206],[-97.671381993020063,30.416390050315737],[-97.671694593196378,30.415529639557565],[-97.672045817876082,30.414797033957523],[-97.672153212894656,30.414625888166356],[-97.672265939918432,30.414546671531852],[-97.672386667397902,30.414452581760663],[-97.672501693852098,30.414353271531692],[-97.67261071983279,30.41424900118302],[-97.672713460250876,30.414140041260051],[-97.67280964635232,30.414026677071863],[-97.672899028977184,30.413909203326018],[-97.6729813743016,30.413787927667013],[-97.673056467097098,30.413663165311032],[-97.673124111663114,30.413535243583325],[-97.673184132024588,30.413404493784974],[-97.673236370691441,30.413271259306715],[-97.673280692005477,30.413135886649147],[-97.673316979966984,30.412998728999387],[-97.673345140363935,30.412860144461508],[-97.673362081148184,30.412745960935322],[-97.673397717810374,30.412458390450329],[-97.673575940951949,30.411013836933172],[-97.673671654976886,30.410302267490867],[-97.673677880735752,30.410251975802527],[-97.673689585758481,30.410111624171723],[-97.673693007627776,30.409970937663434],[-97.673688137456409,30.409830283167214],[-97.673674987209111,30.409690027951886],[-97.673653591830913,30.409550537896521],[-97.673624007184003,30.409412176548621],[-97.673586310046574,30.409275305124147],[-97.673540599199583,30.409140280719249],[-97.673486993384856,30.409007454465051],[-97.673425633301633,30.408877175180514],[-97.673356678698738,30.408749780278725],[-97.673346530074625,30.408732406655819],[-97.673311891197613,30.408588056530899],[-97.673174144752636,30.408014013973336],[-97.673171712632367,30.408003971426979],[-97.67313401669702,30.407867099889426],[-97.673088307161365,30.407732075342732],[-97.673034702763772,30.407599248918398],[-97.673021700301376,30.407571640581178],[-97.673044776599909,30.407511093794529],[-97.673061316917185,30.407466423226097],[-97.673105635789454,30.40733105071412],[-97.673141921799996,30.407193893200024],[-97.673170080741684,30.407055308787687],[-97.673190039194481,30.406915658671362],[-97.673201744524732,30.406775307136108],[-97.673205166992133,30.406634620691786],[-97.673200297707922,30.406493966227746],[-97.673187148634412,30.406353711012805],[-97.67316575471385,30.406214220925943],[-97.673136171804245,30.406075859514768],[-97.673098476679513,30.405938987995423],[-97.673052768115397,30.405803963464244],[-97.672999164847482,30.405671137052884],[-97.672937807568601,30.405540857580498],[-97.672868856020202,30.405413462460739],[-97.672864023056732,30.405405603647175],[-97.672831845014102,30.405337279916886],[-97.672779850103623,30.405241212397424],[-97.672791028561306,30.405236816844862],[-97.672935252222672,30.405172214956252],[-97.673075481951898,30.405101313587778],[-97.673211352328707,30.405024298640793],[-97.673342508032576,30.404941369763328],[-97.673468607903033,30.404852744944584],[-97.673589321965849,30.404758654131598],[-97.673704335515566,30.404659342920191],[-97.673813349137319,30.404555071651014],[-97.673916077774678,30.404446110871884],[-97.674012252704017,30.404332745893999],[-97.674101624794673,30.404215271427159],[-97.674183960250204,30.40409399511757],[-97.674259043867934,30.403969232183265],[-97.674317699721612,30.403859330317545],[-97.674395351593006,30.403705022278359],[-97.674453149430903,30.403736278881993],[-97.674511889952313,30.403765725723613],[-97.674744683730069,30.40388385891368],[-97.675371949542765,30.404201232157344],[-97.675391222623858,30.404210905028499],[-97.675396606085741,30.404213585349236],[-97.675569911571827,30.404299831840024],[-97.675723693905795,30.404376877151364],[-97.675737358633,30.404383683838848],[-97.675880324038445,30.404450352567792],[-97.676027030284828,30.404510606352702],[-97.67617709419153,30.404564289015177],[-97.676330125968121,30.404611258722873],[-97.676485724869053,30.404651395142775],[-97.676643484604213,30.404684591403669],[-97.676802994184271,30.404710762248008],[-97.676963838052885,30.404729838610162],[-97.677125594956763,30.404741771212297],[-97.677287844223358,30.40474652977451],[-97.677450162721186,30.404744099343567],[-97.677612125684064,30.404734489348172],[-97.677773311166263,30.404717721927852],[-97.677933298715729,30.404693843661128],[-97.678091670680047,30.404662914740761],[-97.678248014116562,30.404625016240978],[-97.67840192190134,30.404580247425315],[-97.678552990644079,30.404528725708715],[-97.678700827010047,30.404470584060086],[-97.678845045525193,30.404405975482863],[-97.678985269750882,30.40433506761164],[-97.679121134281459,30.404258046364816],[-97.679252283811635,30.404175111406847],[-97.679378377196926,30.404086480742681],[-97.679499084480042,30.403992384334817],[-97.679614090973203,30.403893067793565],[-97.679723097280203,30.403788791473406],[-97.679825818363312,30.403679825935374],[-97.679921985518931,30.403566456503317],[-97.68001134963653,30.403448977898289],[-97.68009367694053,30.403327697777506],[-97.680168752249443,30.403202931368856],[-97.680236379908465,30.40307500600812],[-97.680296383986516,30.40294425300592],[-97.680317229301693,30.402893706758199],[-97.68059548559475,30.402197649465496],[-97.68060070070068,30.402184606584889],[-97.680632119028218,30.402101813209224],[-97.680676424702057,30.401966438141887],[-97.680712697823438,30.401829278551162],[-97.680740844218789,30.401690692546243],[-97.680760790500855,30.401551041325646],[-97.680772484067731,30.401410689177272],[-97.680775895209734,30.401270002612552],[-97.680771015067705,30.401129348521106],[-97.680757855632351,30.400989094170864],[-97.680736451872832,30.400849605438584],[-97.680706859672853,30.400711245868241],[-97.680669155830614,30.400574376671173],[-97.680623439144526,30.400439354937756],[-97.680569828371347,30.400306531792165],[-97.680508464223593,30.400176256045217],[-97.68045538829135,30.400078204858445],[-97.680456212582641,30.400074147058142],[-97.680476158943065,30.399934495907083],[-97.680487852729911,30.399794143809981],[-97.680491264232856,30.399653457278042],[-97.680486384591774,30.399512803200896],[-97.680473225796135,30.399372548846344],[-97.680451822813211,30.399233060091216],[-97.680422231524958,30.39909470047948],[-97.680384528727032,30.398957831222678],[-97.680338813215059,30.398822809411278],[-97.680285203742969,30.398689986169703],[-97.680223841019696,30.398559710308945],[-97.680154884800743,30.398432319233194],[-97.680078514733097,30.398308147091768],[-97.679994930551999,30.398187516646583],[-97.679904350928723,30.398070743771299],[-97.679807010474619,30.397958131972736],[-97.679703163822637,30.397849976081726],[-97.679593082631968,30.397746556774198],[-97.679477053392802,30.397648145051836],[-97.679355378578848,30.397554997742937],[-97.679228376668917,30.397467356598774],[-97.679096377889749,30.39738545183274],[-97.678959727496732,30.397309495851701],[-97.67881878149457,30.39723968769853],[-97.6786739077899,30.397176208553105],[-97.678665766495698,30.397173082999171],[-97.678582472780477,30.397066340941233],[-97.678494130753819,30.396963737840629],[-97.678400945787757,30.396865512222654],[-97.678303134512888,30.396771892436096],[-97.677826141382326,30.396335125275709],[-97.677798173298186,30.39630983911713],[-97.677682147647801,30.39621142577484],[-97.677560476408587,30.396118276765474],[-97.677433478050119,30.396030633844944],[-97.677301482789844,30.395948727231151],[-97.677164835873938,30.395872769335782],[-97.677023893298085,30.395802959206847],[-97.676879022959895,30.395739478029189],[-97.676730602486458,30.395682492701649],[-97.676579018323679,30.395632150396114],[-97.676424667712112,30.395588583114009],[-97.676267952498094,30.3955519048612],[-97.676109281219283,30.395522211686384],[-97.675949068128546,30.395499578950929],[-97.675787730933607,30.395484068520492],[-97.675625690018805,30.3954757179018],[-97.67553761692136,30.395475085144923],[-97.67554198177487,30.395472325175756],[-97.675668067127305,30.395383698271726],[-97.675788767079524,30.395289605472275],[-97.675903766962804,30.395190292378384],[-97.676012767398106,30.395086019335622],[-97.676115483363063,30.394977056896412],[-97.676211646167644,30.394863690376379],[-97.676301006712293,30.394746214489214],[-97.676383331230909,30.394624936884941],[-97.676458404549294,30.39450017278493],[-97.676526031017787,30.394372249518881],[-97.676586034708336,30.394241498391921],[-97.676638258174592,30.394108262798287],[-97.676682565797833,30.393972889241446],[-97.676718841614132,30.393835730910876],[-97.676746991443125,30.393697145912558],[-97.676766941888303,30.393557495442291],[-97.676778640337048,30.393417143786031],[-97.676782057066902,30.393276457454004],[-97.676777183204067,30.393135803335205],[-97.676767215614888,30.393029516552421],[-97.676785702351566,30.392959618844696],[-97.676813851825827,30.392821033845269],[-97.676833801990753,30.392681383378395],[-97.676845500234279,30.392541031729909],[-97.676848916834544,30.392400345409978],[-97.676844042918034,30.392259691307686],[-97.676836656512521,30.392180927131459],[-97.676898526980963,30.392089779169972],[-97.676973597638295,30.391965014801844],[-97.677041221626027,30.391837091298811],[-97.67710122302266,30.391706339966493],[-97.677153444387628,30.391573104199669],[-97.677197750107894,30.391437730502343],[-97.677234024224532,30.391300572064335],[-97.677262172561313,30.391161986991779],[-97.677282121725909,30.391022336480919],[-97.677293819108939,30.390881984817611],[-97.677297234990732,30.390741298512143],[-97.677292360499678,30.390600644453496],[-97.677279207611818,30.390460389909329],[-97.677264588441801,30.390359609969842],[-97.677260504977795,30.390335115724209],[-97.677241185460474,30.390232876832805],[-97.67721751695764,30.390131556367752],[-97.677189542663569,30.390031339235804],[-97.677180563017174,30.390001608790254],[-97.677176950475186,30.389989761076098],[-97.677168181619948,30.389961313729955],[-97.677135812398234,30.389863587447994],[-97.677126428460525,30.389837108778956],[-97.677114128142335,30.389803182530482],[-97.677090021958136,30.389740736327976],[-97.677079519754002,30.389714573560092],[-97.677050026012253,30.389644195295901],[-97.677038950811564,30.389619212722423],[-97.677027341975503,30.389593402229249],[-97.676982781666226,30.389499481032722],[-97.67697008406482,30.389474060205597],[-97.676964367087365,30.389462686683597],[-97.676921539478201,30.389381587814654],[-97.676907770001208,30.389356591314773],[-97.676881652300992,30.389310297470505],[-97.676855363874395,30.389265795979959],[-97.676840540541221,30.389241254872733],[-97.67679047045452,30.389161582380638],[-97.676784426704984,30.389152372644546],[-97.676773096658053,30.389135183869666],[-97.676768527420279,30.389128252170423],[-97.676708466447181,30.389040922470102],[-97.67670262427184,30.389032774166608],[-97.676691505773888,30.389017267192187],[-97.676674175541336,30.388993371013196],[-97.676627989053927,30.388932211385992],[-97.676620722365953,30.388922861790558],[-97.676652567275681,30.388825558926186],[-97.676686081881627,30.388700079672027],[-97.676754274624159,30.388414553722857],[-97.676757033909411,30.388402874734098],[-97.676785182084686,30.388264289812827],[-97.67680513134124,30.38812463942277],[-97.676816829069708,30.387984287849704],[-97.676820245549393,30.387843601603553],[-97.676815371907168,30.387702947573093],[-97.676802220116926,30.387562693026137],[-97.676780825127608,30.387423203839873],[-97.676751242800336,30.387284843559545],[-97.676713549907333,30.38714797339826],[-97.676667845218418,30.387012950449002],[-97.676614247459369,30.386880125839049],[-97.676552897308298,30.386749848383076],[-97.676483954488134,30.386622455489341],[-97.676407598610837,30.386498281311933],[-97.676324029374612,30.38637764861809],[-97.676233465411599,30.386260873287323],[-97.676136141292588,30.386148258832861],[-97.676032311607742,30.386040100092426],[-97.675922247971968,30.385936677749438],[-97.675806236829771,30.385838262813454],[-97.675684580607552,30.385745112121143],[-97.675557597735633,30.385657467432669],[-97.675425618391131,30.385575558970565],[-97.675288987778643,30.385499599151434],[-97.675148061851374,30.385429787028151],[-97.675003208463551,30.385366303790843],[-97.674854805197867,30.385309316343793],[-97.67470323845572,30.385258971864285],[-97.674548905431735,30.3852154023594],[-97.674392207926601,30.385178721840916],[-97.674233554431936,30.385149026363418],[-97.674073359153894,30.385126391294229],[-97.673940657083307,30.385113102948193],[-97.673716810989461,30.385094811751898],[-97.673605340451473,30.385084426213041],[-97.673589986721126,30.385083043522407],[-97.673516817754745,30.385076816931761],[-97.673354794663084,30.385068463432592],[-97.673192491529605,30.385067294646372],[-97.673030331676728,30.385073311079502],[-97.672868736715884,30.38508649784016],[-97.672708129763066,30.385106821080722],[-97.67254892920721,30.385134226979897],[-97.672391549665107,30.385168645376105],[-97.672236402113839,30.385209984345636],[-97.672083892650861,30.385258138316516],[-97.671934417480756,30.385312979839902],[-97.671788366908757,30.385374366895508],[-97.671646122302661,30.385442139219847],[-97.671508053963606,30.385516120075103],[-97.671374523233837,30.385596115383279],[-97.671245878217121,30.385681918168437],[-97.671122453888941,30.385773304037791],[-97.671004572030711,30.385870033892772],[-97.670892541186078,30.385971855736031],[-97.670786652513215,30.386078503691245],[-97.670687182867979,30.386189699867597],[-97.670594392719266,30.38630515432115],[-97.670508521935474,30.386424566786072],[-97.670429797168566,30.386547623192996],[-97.670358422253017,30.386674004533837],[-97.670294582528911,30.386803380612427],[-97.670238446816043,30.386935414600629],[-97.670190160183495,30.387069760193782],[-97.670149848985062,30.387206068935253],[-97.67012716663622,30.387299164108299],[-97.670087812855783,30.387480033746897],[-97.670066617523801,30.387573382150947],[-97.670056512152485,30.387618103990359],[-97.67003244589975,30.38775726587501],[-97.670016607781136,30.38789731157749],[-97.6700090380169,30.388037875689307],[-97.670009757044866,30.388178591534235],[-97.670018762371598,30.388319092014516],[-97.670019270143868,30.388323205774423],[-97.669943885909461,30.388416999677979],[-97.669858012418374,30.388536411733],[-97.669779285077269,30.388659467767443],[-97.669707907727059,30.388785848774148],[-97.669644065714181,30.388915224557806],[-97.669587927864598,30.389047258291079],[-97.669539639252918,30.389181603670014],[-97.669499326237869,30.389317912238411],[-97.669478043840783,30.389404820220133],[-97.669466680135656,30.389456442339274],[-97.669437864269653,30.389583201091533],[-97.669273681554245,30.390312333087319],[-97.669238837772298,30.390467074434081],[-97.669168786568761,30.390773191843362],[-97.669162825157827,30.390799106265167],[-97.669161085667312,30.390806725536091],[-97.669154848504888,30.390834241436277],[-97.669153216024597,30.390841491998959],[-97.669147064024941,30.390869022115364],[-97.669145416848153,30.390876447798025],[-97.669139352096138,30.390903992168894],[-97.669137691221039,30.390911594797867],[-97.669131715801555,30.390939153461332],[-97.669130110501428,30.390946615169337],[-97.669124222285646,30.390974189894607],[-97.66912265751229,30.390981571882666],[-97.669116856632513,30.391009157247755],[-97.669115301584867,30.391016610835198],[-97.66911116466359,30.391036595435938],[-97.669109566569915,30.391044317647268],[-97.66910805446409,30.391051677998004],[-97.669105700787298,30.391063232276625],[-97.669102308443158,30.39107987913339],[-97.669100917302671,30.39108676887184],[-97.669095379253633,30.391114395212163],[-97.669093530755774,30.391123705805114],[-97.669088432010696,30.391149566409304],[-97.669086989411312,30.391156941593756],[-97.669082654066443,30.391179291217718],[-97.669081662973099,30.391184400036103],[-97.669080160679229,30.391192213504286],[-97.669074886482136,30.391219881742778],[-97.669073444990033,30.391227510990458],[-97.669069716696526,30.39124741628309],[-97.669068411614589,30.391254369073934],[-97.669066935378837,30.391262311396844],[-97.669061834790654,30.391290001799753],[-97.669060442332878,30.391297630137231],[-97.66905543110019,30.391325333929288],[-97.669054082979272,30.391332854590495],[-97.66904916010391,30.39136056994526],[-97.669047867529045,30.391367908097905],[-97.669043030948373,30.391395634073568],[-97.669041700311865,30.391403335868436],[-97.66903695417335,30.391431073445009],[-97.669035691114274,30.391438526954737],[-97.669031032269018,30.391466276978647],[-97.669029812702703,30.391473614660068],[-97.669025240174392,30.391501374401226],[-97.669023982326223,30.391509084761584],[-97.669019500240424,30.39153685610361],[-97.669018323858396,30.391544218985761],[-97.669013928045686,30.391572001852417],[-97.669012743691269,30.391579563483436],[-97.669010886375844,30.39159154633855],[-97.669008407439165,30.391607555376375],[-97.669007289106176,30.39161484699607],[-97.66900307007549,30.391642650277372],[-97.669001929727514,30.39165024616473],[-97.668997800185494,30.391678057413248],[-97.668996704857491,30.39168551761086],[-97.668992662631297,30.391713340403129],[-97.668991727329171,30.391719839795091],[-97.668987627617255,30.391748694884033],[-97.668986572684219,30.391756209161382],[-97.668984059573688,30.391774305065645],[-97.668982669186917,30.391784330124366],[-97.668981672406233,30.391791597752039],[-97.668977895431553,30.391819448003602],[-97.668976885966018,30.391826979386757],[-97.668973197416051,30.391854838490186],[-97.668972214383984,30.391862354988323],[-97.668968614302869,30.391890221136304],[-97.668967573873928,30.391898381183584],[-97.668966348776081,30.391908128104159],[-97.668964166601938,30.391925439009718],[-97.668963204189367,30.391933179190161],[-97.668959780936092,30.391961063945615],[-97.668958857935451,30.391968684606876],[-97.668955524171608,30.39199657732965],[-97.668954656768989,30.39200392778876],[-97.668951409389592,30.392031827517979],[-97.66895052497118,30.392039533868147],[-97.66894736814595,30.392067440680162],[-97.668946294154651,30.39207710628974],[-97.668943460032224,30.392102897164531],[-97.668942642120086,30.392110442000497],[-97.668939662167659,30.392138365612706],[-97.668938881494753,30.392145794505907],[-97.66893598903556,30.39217372243272],[-97.668935201117336,30.392181448631522],[-97.668932399168682,30.392209385448464],[-97.668931665160386,30.392216825141023],[-97.668928950683181,30.392244767176216],[-97.668928217225385,30.392252441032408],[-97.668925848633421,30.392277658213217],[-97.66892488299753,30.392288055389969],[-97.668922348631469,30.392316009764357],[-97.668921683999955,30.392323469712913],[-97.668919237039574,30.392351432016621],[-97.66891859786557,30.392358874350013],[-97.668916145774489,30.392387945851006],[-97.668915650661233,30.392393927136958],[-97.668915338103133,30.392397766413239],[-97.668913331290099,30.392422516488182],[-97.668912723666665,30.392430161910699],[-97.668910544312027,30.392458140868229],[-97.668909983874556,30.392465476155522],[-97.668904919778811,30.392533176746486],[-97.668901521563058,30.392586651600595],[-97.668900569113887,30.392604895423599],[-97.668899627353341,30.392623513726431],[-97.66889906944661,30.392634553930055],[-97.668898806272011,30.392639875878011],[-97.66889735951743,30.392669887940055],[-97.668895863105348,30.392702194520989],[-97.668894433369246,30.392734418244785],[-97.668893161809237,30.392764344916912],[-97.668892949124199,30.392769477935325],[-97.668891745231619,30.392799409463066],[-97.668890507280864,30.392831680094755],[-97.668889325340672,30.392864134373983],[-97.668888212235188,30.392896545614644],[-97.668887161636704,30.392929002299461],[-97.668886179909734,30.392961371647008],[-97.668885259662176,30.392993743024661],[-97.66888440503449,30.393026203298732],[-97.668883671181717,30.393056189542893],[-97.668883549221889,30.393061408301243],[-97.668883318604017,30.39307181351511],[-97.668882892432734,30.393090971044938],[-97.668882278977094,30.393120895305376],[-97.668882178937025,30.393126027674679],[-97.668881632753184,30.393155973056736],[-97.668881104609824,30.393188259400979],[-97.668880669948592,30.39321825022088],[-97.668882325660789,30.393347935961696],[-97.668891004130046,30.393477341591115],[-97.668906679870815,30.393606087091641],[-97.668908761969178,30.393620060524128],[-97.668910281478759,30.393630116272288],[-97.668935769206854,30.393769088041555],[-97.668969408795789,30.393906750826883],[-97.669011113118927,30.394042744110877],[-97.669060772958375,30.394176715106543],[-97.669118260286481,30.394308312489336],[-97.669128922251986,30.394330675469824],[-97.669135430890947,30.394344158583372],[-97.66918993153098,30.394450676642023],[-97.669262600340417,30.394576504630205],[-97.669342587257503,30.394698953358414],[-97.669429681141452,30.394817700714693],[-97.669523656966291,30.39493243789336],[-97.669565168006145,30.394979412017271],[-97.66957556686117,30.394990921326645],[-97.66963466748004,30.395054374951453],[-97.669741651878667,30.395160205465501],[-97.669854731032444,30.395261162423186],[-97.669973608910581,30.395356982729936],[-97.670097975618333,30.395447415694875],[-97.670183699728838,30.39550454420349],[-97.670197241343743,30.395513255031027],[-97.670241048975569,30.39554093566106],[-97.670375407983045,30.395619901410917],[-97.670514242598571,30.395692816627729],[-97.670657191377245,30.395759491157161],[-97.670803881007146,30.395819750902216],[-97.670941319036373,30.395869223829486],[-97.670957044470313,30.395874513759647],[-97.670969653786457,30.395878729597516],[-97.671122669113373,30.395925705518838],[-97.671278251703498,30.395965848263941],[-97.671435995309409,30.395999050945072],[-97.671595488983797,30.396025228288053],[-97.671756317211759,30.396044311210339],[-97.671783059715608,30.396046783860321],[-97.671799828880111,30.396048272185116],[-97.67192306430168,30.396057113048869],[-97.672046527815027,30.396061791817278],[-97.672170078891611,30.396062303164893],[-97.673583846524593,30.396044334217144],[-97.673500413468361,30.396101068610587],[-97.673419023546629,30.396160697017493],[-97.673339777096658,30.396223145928115],[-97.672356290984993,30.397025694294232],[-97.672291743542985,30.397079879106389],[-97.672179700941527,30.397181702211899],[-97.672073801296392,30.39728835137333],[-97.671974321492215,30.397399548696704],[-97.671881522024435,30.397515004235181],[-97.671795642785582,30.397634417720006],[-97.671716910449931,30.397757475079132],[-97.671645528871537,30.397883857302084],[-97.671617966911882,30.397939708239122],[-97.671376101501608,30.39792695215273],[-97.671312747615289,30.397838688208385],[-97.671245913255575,30.397753029541896],[-97.671175705438884,30.397670113311531],[-97.67110223658328,30.397590072284299],[-97.671072782784179,30.397559126902564],[-97.67098792650242,30.397473660323183],[-97.670899692659319,30.397391685243576],[-97.670808224803139,30.39731333502959],[-97.670713671743599,30.397238737149742],[-97.670678835839013,30.397212324730617],[-97.670579231216863,30.397139913569134],[-97.670476907802623,30.397071398052947],[-97.670372017874925,30.397006880147465],[-97.670264717531921,30.396946455868822],[-97.67022541599998,30.396925271184397],[-97.670086844022634,30.396854745287207],[-97.669945172413478,30.396790673060465],[-97.669800701541277,30.396733190348563],[-97.669764174988018,30.396719599860248],[-97.669626573381152,30.396671677461054],[-97.669487105332166,30.396629494266943],[-97.669346010103169,30.396593122644607],[-97.669307659692564,30.396584065982328],[-97.669163838199978,30.396553211668365],[-97.669018880148755,30.396528236204308],[-97.6688730257396,30.396509180975404],[-97.668833593794545,30.396504836255982],[-97.668702605676359,30.39649278916372],[-97.668617985927014,30.396487525479412],[-97.666624590188263,30.396386682010878],[-97.662961965208183,30.396203516417117],[-97.662900712777628,30.396200966128909],[-97.662735532285268,30.396195472455084],[-97.662721558620646,30.396195034163746],[-97.662609239470754,30.396193450045104],[-97.662430732916093,30.396193666383834],[-97.662380730186584,30.396194068087521],[-97.66229961761988,30.396196170382428],[-97.662121276250687,30.396202770242375],[-97.662040209413078,30.396206670501947],[-97.661990362295157,30.396209964316267],[-97.661812487690895,30.396222937870235],[-97.661700719495514,30.39623281672602],[-97.661682059127244,30.396234804638055],[-97.661504951114324,30.396254128468776],[-97.661375141639752,30.396270657734352],[-97.661199106477426,30.39629630131261],[-97.661186948215047,30.396298093096679],[-97.66107021626766,30.396317456105773],[-97.660895550123655,30.396349375159154],[-97.660853059564346,30.396357403617191],[-97.660767822109747,30.396375113844133],[-97.660594823548394,30.39641325149006],[-97.660522658733029,30.396429945145353],[-97.660468353082337,30.39644355413084],[-97.660297318695939,30.396487848932491],[-97.660196453309425,30.396515564368496],[-97.660172440289173,30.396522639417377],[-97.660003658709485,30.396573014425357],[-97.659880555147353,30.396612237362007],[-97.659711606166169,30.396669526853803],[-97.65959315255526,30.39671220899454],[-97.659429737149864,30.396774476410943],[-97.659395982601012,30.396787541570632],[-97.659310765642417,30.396822372487438],[-97.659150453674528,30.396890432038415],[-97.659089594412194,30.396916973794955],[-97.659033883008291,30.396942533445532],[-97.658876945312358,30.397016268988089],[-97.658790385817781,30.397058467454187],[-97.658762927276143,30.397072508920495],[-97.658609633870256,30.397151795257734],[-97.658498695768415,30.397211891417133],[-97.658349006124396,30.397296763990411],[-97.658240746963685,30.397360949501749],[-97.658095516677378,30.39745092231578],[-97.658070820443584,30.397466376890332],[-97.657992287434098,30.397517653806894],[-97.657856618118942,30.397609121301105],[-97.657806478122595,30.397643633787073],[-97.657758500935117,30.397678026029389],[-97.657627130123771,30.397774092732607],[-97.657551654560535,30.397831073375379],[-97.657532229639074,30.397846335547346],[-97.657405365427664,30.397946850716725],[-97.657313838819547,30.398022316094671],[-97.65719168218925,30.398127121624402],[-97.657184723056503,30.398133111390244],[-97.657103715825528,30.398205652088585],[-97.656986457537215,30.398314581548341],[-97.65695540478437,30.398343850643354],[-97.656902136675356,30.398396102743874],[-97.656789963435756,30.398508985108567],[-97.656737313516757,30.398563369473152],[-97.656709451539285,30.398593338233123],[-97.656602540877188,30.398709994172179],[-97.656530903721858,30.398791210707735],[-97.656525955635644,30.398797058455905],[-97.656424475791468,30.398917304851139],[-97.6563519470958,30.399006929914279],[-97.656256058152124,30.399130576264575],[-97.656240715213215,30.399150547671969],[-97.656222108910299,30.399175285826729],[-97.655142064367652,30.400628132677543],[-97.655124487785372,30.400642155618826],[-97.655112521119008,30.400651930599953],[-97.655015364544624,30.400734704001309],[-97.654921901883824,30.400821626765616],[-97.65483231019715,30.400912534221849],[-97.65474675921179,30.401007254150176],[-97.654736913266944,30.401018669277992],[-97.654657194866118,30.401115373851709],[-97.654581925311618,30.40121558009988],[-97.654013353582386,30.402009678849005],[-97.653978618022961,30.402055745754968],[-97.65396314916805,30.402074306048128],[-97.653946679868739,30.402092237654088],[-97.653929286181764,30.402109458799636],[-97.653910942466283,30.402125994325782],[-97.65389175115223,30.402141750288258],[-97.65387174307061,30.402156702845016],[-97.65385090868395,30.402170858148317],[-97.653829381631127,30.402184125541481],[-97.653800551871157,30.402200190244287],[-97.653758459191863,30.402221544319644],[-97.65370431394328,30.402239493006011],[-97.653654347075701,30.402254158249573],[-97.652587284860246,30.402547410867317],[-97.651785219796807,30.402767829056497],[-97.651765045287277,30.402774629822577],[-97.651733826159401,30.402782426556339],[-97.651606218590359,30.402810361716927],[-97.651451033449078,30.402851675435436],[-97.65129848540181,30.402899804599318],[-97.651148970753908,30.402954621824254],[-97.65105738861746,30.4029921524664],[-97.650892472168067,30.403062544437585],[-97.650837963382813,30.403086377054255],[-97.650771835420286,30.403116845383831],[-97.650610541433323,30.403193285187598],[-97.650534383490367,30.403230565810063],[-97.650492667838591,30.403252019811752],[-97.650335291710363,30.403334369177884],[-97.650238896856635,30.403386873161693],[-97.650220492803172,30.403397379612102],[-97.650067320953184,30.403485483833254],[-97.649955656934551,30.403552738662498],[-97.649805218336525,30.403647547006841],[-97.649698747333545,30.403717759781518],[-97.649554821984395,30.403816886601334],[-97.649530852016014,30.403833560835778],[-97.649450261123178,30.403892117690457],[-97.649311353588914,30.403996487395911],[-97.649268475898609,30.404029295494922],[-97.649210551745171,30.404075562209758],[-97.64907692118868,30.404184984336315],[-97.649016918753603,30.404235427373461],[-97.648980131452888,30.404267705058142],[-97.648852019543028,30.404381979778158],[-97.648776730907642,30.404451504719496],[-97.648759379310064,30.404468230533897],[-97.648637021667341,30.404587149771697],[-97.648548756267886,30.404676716863555],[-97.648432215674632,30.404800230275811],[-97.648348573404647,30.404892857034984],[-97.648238383118752,30.405020402222952],[-97.648222351757397,30.405039122332415],[-97.648159250660328,30.405116201394662],[-97.648055451917557,30.405247714055424],[-97.648025717389388,30.405286073289975],[-97.647981112581235,30.405346362715427],[-97.647883897021728,30.405481600509063],[-97.647842585719474,30.405540708545686],[-97.647814502803229,30.405582898973154],[-97.647724045459526,30.405721616539786],[-97.647673358572462,30.4058024687284],[-97.647659690461722,30.405825429146539],[-97.647610835957153,30.405908447879344],[-97.647381598583038,30.406255727989723],[-97.647377801464827,30.406253925615669],[-97.647232934978049,30.406190410632313],[-97.647084515955314,30.406133390679635],[-97.6469329308391,30.406083013019732],[-97.646778576872293,30.406039409746512],[-97.64662185590997,30.406002694959749],[-97.646463176504597,30.405972964803215],[-97.646302952930895,30.40595029473495],[-97.646141602923066,30.40593474671789],[-97.645979546899738,30.405926358356709],[-97.645817208717574,30.405925154664786],[-97.645655011791206,30.405931136239602],[-97.645493377828103,30.405944288279887],[-97.645332730046206,30.405964577029046],[-97.645173486941061,30.40599194875551],[-97.64501606323995,30.406026333386826],[-97.644860870035828,30.406067639087432],[-97.644708313544854,30.406115760372312],[-97.644558790094379,30.406170569877602],[-97.64441269011563,30.406231925666692],[-97.644270395104982,30.406299667557661],[-97.644132275495281,30.406373618891852],[-97.64399869276275,30.406453585668636],[-97.64386999514636,30.406539360986393],[-97.643746517758771,30.406630720523879],[-97.643628582520179,30.406727425251173],[-97.6435164981133,30.406829223236635],[-97.643410555836027,30.406935848665984],[-97.643311032684068,30.407047023707232],[-97.643218189266122,30.407162458471909],[-97.643132265588577,30.407281852744944],[-97.643094941948874,30.407338305554685],[-97.642496317952151,30.408269831676293],[-97.642459368102237,30.408326491946113],[-97.642417403114749,30.40839280525136],[-97.64190636309209,30.409186316571684],[-97.640543592957812,30.411305161618859],[-97.640502179377478,30.411371678958091],[-97.640430746401435,30.411498043863201],[-97.640366849634958,30.411627405285518],[-97.640310658046971,30.411759426435751],[-97.640262316852599,30.411893761042368],[-97.640221952547407,30.412030060677488],[-97.640189669934813,30.412167968373073],[-97.640165554055415,30.412307124985141],[-97.640149668145582,30.412447167347707],[-97.640142052549706,30.412587730060803],[-97.640142727825676,30.412728446451847],[-97.640151691593772,30.412868949421636],[-97.6401689216422,30.413008872405655],[-97.640194372776165,30.413147850220057],[-97.640227977815442,30.41328552088817],[-97.640269649724004,30.413421523871968],[-97.640319279367915,30.41355550635911],[-97.640376738799105,30.413687116995458],[-97.640441875863559,30.413816013017723],[-97.640514521565933,30.413941857678079],[-97.640594487872661,30.414064324723778],[-97.640681563697427,30.414183091994559],[-97.640775524061226,30.414297850633289],[-97.640876122883213,30.414408301336149],[-97.640983097106442,30.414514156237594],[-97.641096168783065,30.414615138949124],[-97.641215041901518,30.414710986308862],[-97.641339406579817,30.414801447555345],[-97.641468939020456,30.414886286135125],[-97.641603301444093,30.414965282413899],[-97.641742142200997,30.415038229158508],[-97.641772030958847,30.415052855597558],[-97.642928620642422,30.415611754392586],[-97.644133463486085,30.416193973551255],[-97.644141257081017,30.41619772772912],[-97.644148446416963,30.416201027729183],[-97.644153211849613,30.416193642826347],[-97.644178961631937,30.416153367221611],[-97.644224481654106,30.416082397037744],[-97.644291557441719,30.415979259104287],[-97.644329799406023,30.415918918135702],[-97.644362131483248,30.415867915390873],[-97.644429299827891,30.41576486137599],[-97.644444238758538,30.415741300939843],[-97.64450147384018,30.415650801521512],[-97.644572835983595,30.415539585293931],[-97.644640766316755,30.415436491936116],[-97.644711306936614,30.415325201676666],[-97.64473658527632,30.415285879185245],[-97.644779314003998,30.415219361286709],[-97.644789149626817,30.415203856639636],[-97.644806001448103,30.415177289341546],[-97.644848191406837,30.415110788578303],[-97.644864571014566,30.415085901348931],[-97.644875563749451,30.415069197599937],[-97.644917815265416,30.415004979838123],[-97.644953170820173,30.414949143653484],[-97.644968919393037,30.414924294463795],[-97.644989119975548,30.414892413461686],[-97.645055458607303,30.414790634823021],[-97.645106042664167,30.414712124927444],[-97.645149989931738,30.414644011163659],[-97.645209604091662,30.414551222953929],[-97.645270246718866,30.41445677939555],[-97.645925198769518,30.413466786521656],[-97.646095452084566,30.413209470712246],[-97.646237643527769,30.412994564944832],[-97.646358663004492,30.412779814602398],[-97.646532145439394,30.412516987066066],[-97.646532354536163,30.412516670889204],[-97.646679188211337,30.412294202032353],[-97.647737910418883,30.410685834045722],[-97.64807993150562,30.41016612237717],[-97.64809612303381,30.410141518797229],[-97.648107302070784,30.410124530745424],[-97.648261377741775,30.409890477253864],[-97.648283341253958,30.409857271337913],[-97.648308016349333,30.409820134872927],[-97.648368019428645,30.409729479812686],[-97.64840353870143,30.40967581647844],[-97.648410509717749,30.409665285315725],[-97.64865244647612,30.409805118079316],[-97.648651328414019,30.409810756926802],[-97.6486377893184,30.409879071769378],[-97.648644008353557,30.409888266236273],[-97.648662658323673,30.409915843174694],[-97.648674125793079,30.409925302731459],[-97.648688572363284,30.409937218526021],[-97.648696253133153,30.409943554185705],[-97.648751963895577,30.409966730164605],[-97.648775334552852,30.409976454748058],[-97.648816368844507,30.409996812875271],[-97.648861140420394,30.410019675580237],[-97.648879697248219,30.410029150319481],[-97.648909262046814,30.410044247356133],[-97.648961496330998,30.41007837336231],[-97.649011210709304,30.410115168648481],[-97.649024409829735,30.410127212348204],[-97.649030986965087,30.410133212989731],[-97.649038613805658,30.410140131663532],[-97.649053827673072,30.410153933919666],[-97.649073394718712,30.410172597297162],[-97.64908404912579,30.41018275963604],[-97.649101680858564,30.410199573701554],[-97.64913656688536,30.410237906883907],[-97.649142507327127,30.410244434590268],[-97.64914503037248,30.410247452866944],[-97.649162560976166,30.410268424696206],[-97.649180132607952,30.410289255341084],[-97.649180766254219,30.410290168402145],[-97.649193685113573,30.410308736123866],[-97.649197920581969,30.410314821896243],[-97.649215194350404,30.410339496578924],[-97.649246324376477,30.41038962814277],[-97.649254140889838,30.410403217843658],[-97.649259157144314,30.410411954307513],[-97.64926534796885,30.410423318901199],[-97.649274280289333,30.410439720980815],[-97.64928678947318,30.410468423019214],[-97.649288356140772,30.410472031171306],[-97.649298199775814,30.410492478625049],[-97.649307299678881,30.410518444368421],[-97.649764062370849,30.411821761029284],[-97.649782806256539,30.411868721048066],[-97.649804169679669,30.411922246882664],[-97.64986979330817,30.411992963398014],[-97.64989157403997,30.412016434683647],[-97.649908666211019,30.412034723160012],[-97.650031028178105,30.412165655773101],[-97.650031382835621,30.412166037509685],[-97.65006579119337,30.412186284668476],[-97.650226749284045,30.412274913681721],[-97.650253270123983,30.412289292431286],[-97.650325944047708,30.412328696069988],[-97.650397419789229,30.412367451935197],[-97.650437797133677,30.412389343360658],[-97.650903056703655,30.412614537373564],[-97.652486373944569,30.413380995409508],[-97.653081164206696,30.413667597386009],[-97.653829002204532,30.414027936012825],[-97.65386462612679,30.414045591752451],[-97.653891199627267,30.414058800828382],[-97.653920872162061,30.414073584942447],[-97.653943964937511,30.414085343924558],[-97.653971064333859,30.414101396037399],[-97.653993871484431,30.414113147938981],[-97.654029073694872,30.414131073411252],[-97.654046162377753,30.414141471409593],[-97.654057253021818,30.414148219442446],[-97.654078935752835,30.41415924724155],[-97.654085445879517,30.414162560379516],[-97.654097829235383,30.414170104305779],[-97.654113500418973,30.414179648950252],[-97.654141694359211,30.414193988990476],[-97.654168984378117,30.414211117706547],[-97.654193877818457,30.414226653583839],[-97.654213047265586,30.414238295929767],[-97.654219060914983,30.414241947981211],[-97.654244788043272,30.414257772238624],[-97.654292476180927,30.414287102922014],[-97.654313262824999,30.414299666463229],[-97.654345808948548,30.41432752025441],[-97.65436830258497,30.414345977241332],[-97.654392112605123,30.414366859692812],[-97.654392289258197,30.41436701483153],[-97.654396121584384,30.414370377163301],[-97.654414804769573,30.414386664684631],[-97.654436361463127,30.414409172724],[-97.654437419586202,30.414410134261175],[-97.654457997650027,30.414428822642783],[-97.654478759938726,30.414451313327348],[-97.654499620510265,30.414473752478774],[-97.654519624108218,30.414496173127038],[-97.654535460227905,30.414514436015253],[-97.654557222988814,30.414540963719542],[-97.655796085535513,30.416038320081505],[-97.65579714623135,30.416039603504171],[-97.655816059586527,30.416063461232177],[-97.656049728223834,30.416345101930084],[-97.656470881398164,30.416852710772446],[-97.656542979809828,30.416942237318388],[-97.656562144343397,30.416966033557014],[-97.656586943063473,30.416996250246374],[-97.656592503849382,30.417003026457436],[-97.656612142376403,30.417024891273059],[-97.656620169801869,30.417033513794241],[-97.656629061110422,30.417043066231962],[-97.656635394088454,30.417049661373841],[-97.656650619231769,30.417065518760097],[-97.656668456324596,30.417081294030613],[-97.656678713491829,30.417090362610455],[-97.656701730556563,30.417110618867166],[-97.656640531021623,30.417187701991878],[-97.656598058594042,30.417244107375382],[-97.656613204206664,30.41725657031856],[-97.656624430523223,30.417265806816168],[-97.656641777456542,30.417279577780956],[-97.65664927069021,30.417285523454836],[-97.656651344270955,30.417286935808988],[-97.656674219265923,30.417302519017731],[-97.656685586608418,30.417310087379558],[-97.656699893553494,30.417319612914827],[-97.656709184698627,30.417325748079321],[-97.656724792050539,30.417336056061764],[-97.657442067948594,30.41770636810746],[-97.657532181632888,30.417752639300151],[-97.657549247375727,30.417763674666453],[-97.657565992676979,30.417774505239162],[-97.657566722775726,30.417774977939988],[-97.65781850581655,30.417903143243144],[-97.658159830495336,30.418070618651829],[-97.658165720276813,30.418073508812267],[-97.658166758394344,30.418074012488926],[-97.658200164784461,30.418090261948983],[-97.658260475758595,30.418119518594946],[-97.6584280091502,30.418257752241256],[-97.658475517402863,30.41829307109629],[-97.658538391152334,30.418339815193519],[-97.658697660072846,30.418461402598936],[-97.658801034871331,30.418538725695818],[-97.658842245976544,30.418567776408317],[-97.658934892017101,30.418631426019147],[-97.658941515874773,30.418635438936533],[-97.658964699380903,30.418649484144662],[-97.659033232181756,30.418691178829771],[-97.659064462292818,30.418708305677612],[-97.659096468733736,30.418728279248636],[-97.659124612455557,30.418743306133752],[-97.659165077840882,30.418764943198767],[-97.659193418172109,30.418779780211562],[-97.659226200908748,30.418797020546165],[-97.659251496943838,30.418809401266685],[-97.659269465330908,30.418817754335876],[-97.65929169554947,30.418828088823439],[-97.659450144088197,30.418906120070101],[-97.659602816223099,30.418980811975505],[-97.65971538425535,30.419034405959678],[-97.659753910989551,30.419052747116464],[-97.659906551957732,30.419127410051154],[-97.65994688726957,30.419147555465251],[-97.659975572081066,30.419161880598093],[-97.660055986756959,30.419202061792461],[-97.660207070883871,30.419276719253901],[-97.660243364672723,30.419294239011432],[-97.660250539303433,30.419297702359831],[-97.660432200846472,30.419385538672298],[-97.660569549332507,30.419452044427381],[-97.660626504127464,30.419481036654162],[-97.660676701280593,30.419506534317609],[-97.660928062934175,30.419627285765337],[-97.661539409346418,30.419925983884411],[-97.661562968448038,30.419937495065213],[-97.661625320013442,30.419966406945885],[-97.661648978754783,30.419978451534536],[-97.661682801010841,30.419995960742032],[-97.662455350347614,30.42037143672442],[-97.663090495935052,30.420680159076994],[-97.663430821007012,30.420845553082199],[-97.663415676110702,30.420868781017059],[-97.663370359235998,30.420938551052544],[-97.663335364383485,30.420992061823064],[-97.66226364808692,30.42082555464636],[-97.662214286702195,30.420817927483327],[-97.662027250046521,30.420788785060651],[-97.661974953868679,30.420781727724879],[-97.661931637771886,30.420775848731743],[-97.661071278909816,30.422988301819739],[-97.660243455620758,30.425116982855016],[-97.659370313752532,30.427361997182324],[-97.662770011479623,30.427889424538826],[-97.664837445814797,30.428210119094761],[-97.664880426518081,30.426712672109133],[-97.664935353071598,30.424790674499135],[-97.665021581844755,30.421618580657331],[-97.665702448570499,30.421955824381389]]],[[[-97.671383350466542,30.424684547856632],[-97.671221123330241,30.424690562011236],[-97.671059461184299,30.424703746532344],[-97.670898787320624,30.424724067578289],[-97.670739520302433,30.42475147133338],[-97.670582074919622,30.424785887641665],[-97.670426862321193,30.424827224584952],[-97.670274288774792,30.424875376596468],[-97.670124750651539,30.424930216232529],[-97.669978638421014,30.424991601477672],[-97.669836333611983,30.425059372073207],[-97.669698206682341,30.425133351285769],[-97.669564619127655,30.425213345041684],[-97.669435919199771,30.425299146369028],[-97.669312442017116,30.425390530878804],[-97.66919450949915,30.425487259476014],[-97.669082430321879,30.425589080166482],[-97.66897649576913,30.425695727076953],[-97.668876982816755,30.425806922319289],[-97.668784152046982,30.42592237595208],[-97.668698243433226,30.426041787711583],[-97.668619483727497,30.426164843530103],[-97.668548076854535,30.4262912244013],[-97.668484208237487,30.426420600130097],[-97.668428046772419,30.426552633889308],[-97.668379737595345,30.426686979374804],[-97.668339407118665,30.426823288130318],[-97.668307160057211,30.426961203164073],[-97.668297137651592,30.427013442210136],[-97.668170660380525,30.427715830752593],[-97.668161485356947,30.427768181144039],[-97.668146871416354,30.427855031649795],[-97.668131023896549,30.427995077726827],[-97.668123448187288,30.428135642337693],[-97.668124164742494,30.428276358804847],[-97.6681331710747,30.428416860028936],[-97.668150444861226,30.42855677944971],[-97.66817594079312,30.4286957518927],[-97.668209591573273,30.428833415395477],[-97.668251310046088,30.428969409438455],[-97.668300986956652,30.42910338123281],[-97.668358494233317,30.429234979451955],[-97.668423679597012,30.429363861365474],[-97.668496373926402,30.429489690262137],[-97.668576389061926,30.429612139930033],[-97.66866351378863,30.429730888254742],[-97.668757523000622,30.429845626428055],[-97.668858170489472,30.429956055199831],[-97.668965193071216,30.430061886761866],[-97.669078312671985,30.430162844786253],[-97.669197233155046,30.430258666175746],[-97.66932164451471,30.43034910023669],[-97.669451222831597,30.430433910486325],[-97.669585630207152,30.43051287736434],[-97.669725227203031,30.430586145776516],[-97.669944015148303,30.430694297457102],[-97.670084878872771,30.430759915791938],[-97.670231621826161,30.430820176421687],[-97.670381723761821,30.430873866063578],[-97.670534794790655,30.430920842866993],[-97.67069043406417,30.430960986480503],[-97.670848235186909,30.430994190013976],[-97.671007787061711,30.431020368191064],[-97.671054510300081,30.431025910338874],[-97.671520026882177,30.428296658793592],[-97.671735275086135,30.427152218687745],[-97.671736123627085,30.427147703904744],[-97.671762818337939,30.427006253811928],[-97.671859485441573,30.426502068093598],[-97.672089991855799,30.425299784037218],[-97.672109077634659,30.42520053242821],[-97.672193019381226,30.424763060381839],[-97.672188176186324,30.424761926735819],[-97.672029457715183,30.42473222838278],[-97.671869196660026,30.424709590441921],[-97.671707810853562,30.424694074792367],[-97.671545720806819,30.424685718954485],[-97.671383350466542,30.424684547856632]]],[[[-97.683751103651701,30.425306267862609],[-97.683588876239568,30.425312297772322],[-97.683427214748676,30.425325497994145],[-97.683266542469227,30.425345834645185],[-97.683107277960275,30.425373253869147],[-97.682949836005335,30.425407685469864],[-97.68281976368236,30.425441827505061],[-97.682085281657805,30.425649572025176],[-97.682060672454469,30.425654672317876],[-97.682055514299947,30.42565632598491],[-97.681901395383221,30.425688554817544],[-97.681746186212948,30.425729905560249],[-97.681593616926165,30.425778071137184],[-97.681444083882539,30.425832924069361],[-97.68129797753879,30.425894322306821],[-97.681155679407965,30.42596210555681],[-97.681017559930922,30.426036097052922],[-97.680883980583374,30.426116102689541],[-97.680755289596078,30.426201915463626],[-97.680631822064072,30.426293310956453],[-97.680513899881547,30.426390050044308],[-97.680401831697523,30.426491880705637],[-97.680295908767249,30.426598537041244],[-97.680196408036281,30.426709741138314],[-97.680103590055069,30.426825203032291],[-97.680017694763563,30.426944622437997],[-97.679988574054335,30.426988426519948],[-97.679389599305594,30.427909285618135],[-97.679360701296275,30.427953217487548],[-97.67929763355427,30.428053207246599],[-97.679292719867462,30.428060771546615],[-97.681698946366055,30.429233449264022],[-97.684007511061466,30.430372442293791],[-97.68440445601739,30.430568312270232],[-97.684813873170881,30.430751158615674],[-97.684845873079951,30.430765449705685],[-97.684901446064643,30.430790294025119],[-97.68494606598972,30.43081240960813],[-97.685705397616672,30.431188545604201],[-97.685811122357364,30.431240915847319],[-97.686672973688459,30.431668444755402],[-97.686678449836592,30.4316704753275],[-97.686767295544612,30.431703422504171],[-97.687082447914264,30.431855509412937],[-97.687119328016152,30.431799104519495],[-97.687150612529692,30.431751255345585],[-97.687863748066036,30.430660566209092],[-97.687869901513153,30.430651152675587],[-97.687884119881176,30.430629168049617],[-97.687959206458245,30.430504396687493],[-97.688026843002106,30.43037646681972],[-97.688086853558218,30.430245709768624],[-97.688139080662282,30.430112468943801],[-97.688183388686184,30.429977090862543],[-97.688219661665059,30.429839928726022],[-97.688247805425874,30.429701340650048],[-97.688267746587996,30.429561687838547],[-97.688279432562965,30.429421334583644],[-97.688282833661134,30.429280647399551],[-97.68827794104952,30.429139993177568],[-97.688264766751232,30.42899973918594],[-97.688243345774225,30.428860251300485],[-97.688213734047309,30.428721893062988],[-97.688176008419561,30.428585025681262],[-97.688130267746118,30.428450006241029],[-97.688076630846382,30.428317185860433],[-97.68801523850118,30.42818691334308],[-97.68794625054322,30.428059526084425],[-97.687869846702299,30.427935358223792],[-97.68778622680172,30.427814732511916],[-97.687695609606294,30.427697964810086],[-97.687598229824758,30.427585358611797],[-97.687494342192991,30.427477208733194],[-97.687384218477163,30.427373795834477],[-97.687268145278324,30.427275390900682],[-97.687146425184736,30.427182250742359],[-97.687019376793614,30.427094617092173],[-97.686887330452748,30.42701272014396],[-97.686750631541713,30.426936772284169],[-97.686691959537441,30.426906980536799],[-97.686648723891111,30.426827141540269],[-97.686572322719144,30.426702972916928],[-97.686488705532511,30.426582346368377],[-97.686398091088932,30.426465577758087],[-97.686300714089853,30.42635297058192],[-97.686196829263935,30.426244819658589],[-97.686086708370027,30.426141405651002],[-97.685970638001777,30.426042999547118],[-97.685848920740241,30.425949858160486],[-97.685721875175076,30.425862223227011],[-97.685589831646723,30.425780324943865],[-97.685453135527425,30.425704375701013],[-97.685312142941186,30.425634574523798],[-97.685167221916032,30.425571102573794],[-97.685018750211313,30.42551412672578],[-97.68486711440616,30.425463794126976],[-97.684712711876529,30.425420236753343],[-97.684555944603886,30.425383568584977],[-97.68439722126169,30.425353885644331],[-97.684236956238522,30.42533126326602],[-97.68407556737769,30.425315763288655],[-97.68391347519794,30.425307423191782],[-97.683751103651701,30.425306267862609]]],[[[-97.743881553447878,30.436958880787824],[-97.743968778356347,30.437077577656694],[-97.744062885119789,30.437192260301309],[-97.744163627275157,30.43730262961704],[-97.744270741391773,30.437408397951099],[-97.744383949156756,30.437509289139943],[-97.744502954203483,30.437605040261246],[-97.744627446305074,30.437695400804511],[-97.744757101331089,30.437780134478448],[-97.744867937336309,30.437845773732104],[-97.744876650902569,30.437850704177521],[-97.745007207413749,30.437924571393467],[-97.745139391960677,30.437999358700836],[-97.745274138477313,30.438075591614993],[-97.745407395330275,30.438150982549242],[-97.745536873641285,30.438224237962906],[-97.745671694880244,30.438300514260536],[-97.745861953136924,30.438408155289697],[-97.746061774948359,30.438521207024888],[-97.746189331987765,30.438593372719456],[-97.746213015323292,30.438606643055117],[-97.74625081453209,30.438627292607034],[-97.746255414791264,30.438629767062565],[-97.74638966040088,30.438701961418221],[-97.746525381617516,30.438774948382122],[-97.746659772961891,30.438847218254438],[-97.746797518084691,30.438921293961503],[-97.746930186065583,30.438992639840937],[-97.747065633031767,30.439065477619369],[-97.747198139717284,30.439136733570511],[-97.747255117782984,30.439167373815632],[-97.747327940807864,30.439206764438143],[-97.747461874263351,30.439279211582519],[-97.747592192818445,30.439349703357095],[-97.747730958539975,30.439424761618451],[-97.747866985064135,30.439498338351353],[-97.7480164790461,30.439579202029389],[-97.748151447921813,30.439652207369473],[-97.748300635421415,30.439732902556948],[-97.748436772011289,30.439806538473871],[-97.748583041276021,30.439885655678477],[-97.748720343520205,30.439959921228432],[-97.748852597735862,30.440031456640558],[-97.748985821660781,30.44010351442121],[-97.749121300973599,30.440176793526586],[-97.749254729295245,30.440248961311301],[-97.749389931830265,30.440322092391934],[-97.749525443668091,30.440395389714013],[-97.749548055795628,30.440407619804176],[-97.749638765926861,30.440457662163318],[-97.749771335388246,30.440530800546828],[-97.749905443878234,30.440604787770202],[-97.750038664679778,30.440678286343854],[-97.750208089472068,30.440771755831825],[-97.750386287187453,30.440870064888017],[-97.750574015943471,30.440973632787664],[-97.750774632764774,30.441084305196149],[-97.750896358923839,30.441151459478455],[-97.751245301227968,30.441343962291633],[-97.751399589124603,30.44142907788579],[-97.751435597536329,30.441448948398445],[-97.751439777345283,30.44145125522089],[-97.751525462599943,30.441498537803511],[-97.751532973798945,30.4415026699692],[-97.751968740101944,30.441741631700719],[-97.751982860923405,30.441749192979668],[-97.75210771571119,30.441814442209278],[-97.752250790286865,30.441881025428774],[-97.752397602043715,30.441941191436925],[-97.752547767526337,30.441994784284567],[-97.752700896678547,30.442041662372688],[-97.752856588501928,30.442081705608267],[-97.75301443646201,30.442114807363236],[-97.753174029340613,30.442140882626408],[-97.753334951363641,30.442159862581203],[-97.753496781073622,30.442171698202117],[-97.753659097609145,30.442176359461683],[-97.753821477661532,30.44217383166017],[-97.753983496305693,30.442164124481302],[-97.754144731448619,30.442147260317629],[-97.75430476251087,30.442123286000147],[-97.754463171724893,30.442092261972281],[-97.754619546051245,30.442054269556259],[-97.754773478285813,30.442009408260184],[-97.754795919046373,30.442001742394318],[-97.754913182088956,30.441968773718358],[-97.755029005082633,30.441931056495715],[-97.755143195822953,30.441888653316884],[-97.755328616134747,30.441832096402607],[-97.755535929762232,30.441768867084548],[-97.75556617188542,30.441759642560832],[-97.756047114245945,30.441612935977112],[-97.75608158236318,30.441602228101818],[-97.756232667702577,30.441550614033392],[-97.756380514036763,30.441492381981142],[-97.756524735867075,30.441427685184124],[-97.756664956745396,30.441356691507281],[-97.756800811275653,30.441279587092495],[-97.756931944177254,30.44119657182177],[-97.757058014351045,30.441107863909032],[-97.757178691898829,30.441013693518702],[-97.757293662210671,30.440914306454079],[-97.757402625985875,30.440809963253301],[-97.757505298296522,30.440700934652202],[-97.75760141056665,30.440587506139433],[-97.757690713828893,30.440469972589351],[-97.757772974467173,30.440348641802721],[-97.757847977472863,30.440223829139907],[-97.757915527381357,30.440095862057252],[-97.757975448462702,30.439965071973791],[-97.758027583487362,30.43983180238596],[-97.758071797066961,30.439696399885506],[-97.758107973482851,30.439559217737695],[-97.75813601881417,30.439420614110279],[-97.758155859937091,30.439280950247735],[-97.758161501523347,30.439212592545598],[-97.75820158810707,30.439153465893934],[-97.758276589615917,30.439028652993436],[-97.758344138106651,30.438900685698584],[-97.758404057852914,30.438769895428976],[-97.758456191628667,30.438636625681429],[-97.758500404048831,30.43850122304827],[-97.758536579397742,30.438364040794973],[-97.758564623757351,30.438225437089553],[-97.758567610090012,30.438204417890681],[-97.758583923148137,30.438190518544964],[-97.758657103167621,30.438126087904607],[-97.758721608778998,30.438065615308215],[-97.758801300232221,30.437988627923882],[-97.758845753659145,30.437944756154341],[-97.758929679060884,30.437856495482588],[-97.759003653681617,30.437775323751328],[-97.759064050916479,30.437706868817845],[-97.759122208119607,30.437636500901707],[-97.759190167134307,30.437551473190101],[-97.759275760851125,30.437438562718668],[-97.759298456292044,30.437406476571589],[-97.75936012345673,30.437317939723123],[-97.759410234608765,30.43724337875733],[-97.759470020803732,30.437151130160125],[-97.759608775985797,30.437168203118301],[-97.75974814775968,30.437179157345689],[-97.759887866437623,30.437183971645577],[-97.759963245422284,30.437207043738162],[-97.760118932415253,30.437247078077537],[-97.760276774908775,30.437280170816788],[-97.760436361698964,30.437306236968116],[-97.760597277027557,30.437325207738656],[-97.760759099454631,30.437337034127104],[-97.760921408137861,30.437341686129781],[-97.761083779788663,30.437339149071281],[-97.761245789504329,30.437329432659499],[-97.761407015214857,30.437312559311],[-97.761567036365719,30.4372885758808],[-97.761725435214885,30.43725754283604],[-97.761881798750011,30.437219541522524],[-97.762035719795364,30.437174671471539],[-97.762186794925924,30.437123050363194],[-97.762334630789326,30.437064811425358],[-97.762478841914088,30.437000107915086],[-97.762619051879994,30.436929107714786],[-97.762754895319617,30.436851996983318],[-97.762886016981255,30.436768975619266],[-97.763012075794947,30.436680261852359],[-97.763132741892278,30.43658608586237],[-97.763247700693171,30.436486693467227],[-97.763356652926959,30.436382345218863],[-97.763459313695776,30.436273311866348],[-97.763555414453947,30.436159878910821],[-97.763644706263861,30.436042341238061],[-97.763701511000434,30.435960084262469],[-97.764718831711434,30.434426975913055],[-97.764725835921752,30.434416421959877],[-97.765190879212085,30.433715578390114],[-97.765287792989227,30.433569523912677],[-97.765313241627425,30.433530438864409],[-97.765388229444895,30.433405621846585],[-97.765455764447893,30.433277650852347],[-97.765515670945135,30.433146857310923],[-97.765567791745298,30.433013584727735],[-97.765611991497082,30.432878179702428],[-97.765648154517891,30.432740995506755],[-97.765676186921823,30.432602390313857],[-97.765696015618687,30.432462725372165],[-97.765707588313177,30.432322365005916],[-97.765710875611589,30.432181675747309],[-97.765705868977662,30.432041024493024],[-97.765692580732193,30.43190077850408],[-97.765671046180614,30.431761303634975],[-97.76564132154752,30.43162296339354],[-97.765603483976662,30.431486118940889],[-97.765557632615526,30.43135112730263],[-97.765503886571011,30.431218339524687],[-97.76544238691082,30.431088104325138],[-97.765373293745384,30.430960759002183],[-97.76529678708043,30.430836637586019],[-97.765213067006641,30.430716062705866],[-97.765122352551131,30.430599350090031],[-97.765024878675121,30.430486803089323],[-97.76492090036102,30.430378716364991],[-97.7648106896103,30.430275370412062],[-97.764694533251983,30.430177036041385],[-97.764572734091288,30.430083969879526],[-97.764522467562344,30.430049349015452],[-97.764515352688193,30.430026806254851],[-97.764474707311123,30.429908504957737],[-97.764420963580861,30.429775716742274],[-97.764359466323029,30.429645481038882],[-97.764290375641735,30.429518135147092],[-97.764213871536228,30.42939401309868],[-97.764130154090594,30.429273437524326],[-97.764039442324915,30.429156724154318],[-97.763941971193574,30.429044176341346],[-97.763837995671835,30.428936088748792],[-97.763727787753623,30.428832741873961],[-97.763611634260826,30.428734406530101],[-97.763489837991131,30.428641339346264],[-97.763362717739511,30.428553781864185],[-97.763230604042292,30.428471964079602],[-97.763093842453742,30.428396098171952],[-97.763028510661641,30.428362778779341],[-97.762682286028053,30.428190981855582],[-97.762346200995154,30.428024214216975],[-97.762318832839583,30.428010432820482],[-97.762263842799456,30.427983370917651],[-97.761554756328565,30.427642454653139],[-97.76099256650518,30.427366377888102],[-97.760929235795189,30.427336096759358],[-97.760841334928486,30.427297664718463],[-97.760938284697019,30.42725416310746],[-97.761078481518993,30.427183164673018],[-97.761214312358092,30.427106055660708],[-97.7613454219956,30.427023035964542],[-97.761471469392845,30.426934323809949],[-97.761592124711228,30.426840149372431],[-97.761707073398682,30.426740758465925],[-97.761816016211114,30.426636411638484],[-97.761918668275044,30.426527379635445],[-97.762014761067803,30.426413947954437],[-97.762104045672245,30.426296411477914],[-97.762162009519301,30.426212400155361],[-97.762799390765181,30.425250168746981],[-97.762823669274056,30.425212846488154],[-97.762898653819164,30.425088031042101],[-97.762966186280053,30.4249600614766],[-97.763026090972048,30.424829269217224],[-97.763078210708684,30.424695997766051],[-97.76312241014115,30.424560593719786],[-97.76315857358793,30.424423410347639],[-97.763186607161956,30.42428480582052],[-97.763206437769796,30.424145141385342],[-97.763218013111427,30.424004781364715],[-97.76322130378604,30.423864092290188],[-97.763216301248576,30.423723441057835],[-97.763203017809289,30.4235831949287],[-97.763181488760793,30.423443719757582],[-97.763151770313527,30.423305379053055],[-97.763113939595172,30.423168533977552],[-97.763068095735022,30.42303354155824],[-97.763014357820737,30.422900752843141],[-97.762952866898587,30.422770516552653],[-97.762883783056324,30.422643169987964],[-97.762807286275262,30.42251904718243],[-97.762723576620374,30.422398470768904],[-97.762632873091462,30.422281756479737],[-97.762535410621382,30.422169207669992],[-97.762431444162857,30.42206111900575],[-97.76232124568611,30.421957770987085],[-97.762205101988414,30.42185943443015],[-97.76208331584192,30.421766365967255],[-97.761956206015171,30.42167880714339],[-97.761824103017318,30.421596987957805],[-97.761687352374736,30.42152112059367],[-97.761601692877463,30.421477795889455],[-97.760957903730144,30.421163740282527],[-97.760947941143925,30.421158900168425],[-97.760656561791521,30.421017948933027],[-97.760649691917166,30.421014635892863],[-97.760545655159987,30.4209646190941],[-97.760534644035502,30.420959297629118],[-97.759698530121625,30.420552688510089],[-97.759586653024229,30.420500766461732],[-97.75947292170099,30.420453042566834],[-97.759357493621181,30.420409582902575],[-97.7592405286033,30.420370447641993],[-97.759145328437924,30.420307847076394],[-97.759047875229783,30.420248815097555],[-97.758948302683521,30.420193432696635],[-97.758846747411454,30.420141775857619],[-97.758842490049091,30.42013969482279],[-97.758287935461894,30.41986887394177],[-97.757838015965604,30.419649252835594],[-97.757826421978791,30.419643621625625],[-97.757410840457169,30.419442739006584],[-97.7573664034107,30.419421659382518],[-97.757221444015144,30.419358269481659],[-97.757072939064855,30.419301377686207],[-97.756921275224855,30.41925113092439],[-97.756766849944313,30.419207660947336],[-97.756610065264567,30.419171081507599],[-97.756451329904763,30.419141488396235],[-97.756291058282997,30.419118956713476],[-97.756129668262162,30.419103548061425],[-97.755967580361741,30.419095299681612],[-97.755805218525268,30.419094236221383],[-97.755643006226208,30.419100357912381],[-97.755481365212788,30.419113649589072],[-97.755320718722245,30.41913407712924],[-97.755161485245765,30.419161586439717],[-97.755004079486937,30.41919610708975],[-97.754848912489535,30.419237546888606],[-97.754767669967038,30.4192632495396],[-97.754782404599538,30.41915953299943],[-97.754793991699572,30.419019173817954],[-97.754797294593416,30.418878485034679],[-97.754792304704125,30.418737833545073],[-97.754790420150073,30.41871115688522],[-97.754788947861471,30.418691846509297],[-97.754777562024302,30.418578276234843],[-97.754756046388337,30.418438799712629],[-97.754726341682101,30.418300457114743],[-97.754688524997434,30.418163609608388],[-97.754642695427179,30.418028614227122],[-97.754631743337868,30.417999701947952],[-97.754624662582103,30.417981352218344],[-97.754581891281802,30.417877472294869],[-97.754520415070715,30.417747232001656],[-97.754451346083457,30.417619880929895],[-97.75437486426253,30.417495753124779],[-97.754291169633888,30.417375171232194],[-97.754269662910318,30.417346369289465],[-97.754262396094632,30.417336703328917],[-97.754257518353384,30.417330222004452],[-97.754170624267971,30.417221025773404],[-97.754078465211535,30.417116234994847],[-97.753981264208448,30.417016103261844],[-97.753958402734909,30.416993649151351],[-97.753949306006675,30.41698475278903],[-97.753926333007385,30.416962384398619],[-97.753917101924387,30.41695343503671],[-97.753894016335579,30.416931153251532],[-97.753884925246865,30.41692241700185],[-97.753861730217778,30.416900220973421],[-97.753852412948945,30.416891344218801],[-97.753829106351859,30.416869235717513],[-97.753819884281356,30.416860525178052],[-97.753796468222745,30.416838503337008],[-97.753737832257798,30.416784821189243],[-97.753717582941917,30.416766937917721],[-97.75360094849421,30.416664862644442],[-97.753445094385853,30.416525302891134],[-97.753356141617104,30.416445339927879],[-97.753343689015963,30.416434146767177],[-97.753248393788596,30.416348477513107],[-97.753198545477801,30.416303724943582],[-97.752619294258992,30.415783701964251],[-97.752611278551399,30.415776531442184],[-97.752495152342007,30.415678186093796],[-97.752373383513685,30.41558510840586],[-97.752246290789813,30.41549753994742],[-97.75211420463485,30.415415710742845],[-97.751977470531273,30.415339833001401],[-97.751836444703017,30.415270105562172],[-97.751691495263884,30.415206709394283],[-97.751543000048301,30.415149811174921],[-97.75139134569595,30.415099557849185],[-97.751236929631133,30.415056081185256],[-97.751080153871243,30.415019494953235],[-97.750921427111962,30.41498989496182],[-97.750761163749246,30.414967356329182],[-97.750599781624175,30.414951940675543],[-97.750437701235782,30.41494368526071],[-97.750275346508047,30.414942614750373],[-97.750113140895692,30.414948729394634],[-97.749951506129761,30.414962014046264],[-97.749790865431024,30.414982434601349],[-97.749631637275613,30.415009936985118],[-97.749474236353208,30.41504445078467],[-97.749319073695048,30.415085883827185],[-97.749166555440269,30.415134130294476],[-97.749017077814457,30.415189062497255],[-97.748871031130207,30.415250538178615],[-97.748728796745169,30.415318396843592],[-97.748590744933708,30.415392461529528],[-97.748457236994454,30.415472537939166],[-97.748328620973012,30.415558418884988],[-97.748205231768694,30.415649879770712],[-97.748087391070655,30.415746681302274],[-97.747975407315792,30.415848571294589],[-97.747869571538928,30.415955283694309],[-97.74777016045843,30.416066540441982],[-97.74767743439088,30.416182051435239],[-97.747591633037601,30.416301516261932],[-97.747512982868216,30.416424620714555],[-97.747481268704121,30.416480396850069],[-97.747471085949229,30.416497974185109],[-97.747439373928202,30.416553745829116],[-97.747410121825979,30.416606892211519],[-97.747230700254335,30.416927972211372],[-97.747197292365243,30.416920174870619],[-97.747038563653561,30.41689057003326],[-97.746878298021329,30.416868026509214],[-97.746716913315353,30.416852605931517],[-97.746554830041589,30.416844345572773],[-97.746392472131234,30.416843270111595],[-97.746230263047607,30.416849379810994],[-97.746068624530736,30.416862659536605],[-97.745980941649421,30.416872901625855],[-97.745652087567578,30.416915361499854],[-97.745377155512358,30.416950859465107],[-97.745304202977195,30.416961031049635],[-97.745144970238158,30.416988527828838],[-97.744987564441047,30.417023036089702],[-97.744832396629917,30.417064463673835],[-97.744679872957306,30.417112704777299],[-97.744530389662813,30.417167631724826],[-97.744384337074123,30.417229102273165],[-97.744242096563923,30.417296955940731],[-97.744104038422861,30.417371015777963],[-97.743970523965928,30.417451087500201],[-97.743841901255607,30.417536963932221],[-97.743796185956327,30.417570846156401],[-97.743716892531381,30.417588229155378],[-97.743561723253052,30.41762965519365],[-97.743409198038336,30.417677894778002],[-97.743259713130897,30.417732820237209],[-97.743113658862598,30.417794289331798],[-97.742971416610501,30.417862141584106],[-97.742833356669806,30.417936200048082],[-97.742699840360245,30.418016270442788],[-97.74257121574918,30.418102145596439],[-97.742447817758247,30.418193600927847],[-97.742356187660263,30.418268861823304],[-97.74234694872321,30.418270757447019],[-97.742314400730791,30.418277743665481],[-97.742247369054382,30.418292804593325],[-97.742215001631251,30.418300404227622],[-97.742188320075485,30.41830677752305],[-97.742148710998407,30.418316639054996],[-97.742116546252817,30.418324843457178],[-97.742050682165228,30.418342318029158],[-97.742018726394491,30.41835112550319],[-97.741969028423426,30.418365213536443],[-97.741952853928026,30.418369969524353],[-97.741921132219105,30.418379377803511],[-97.741856299579894,30.418399288019799],[-97.741824814165994,30.418409290815884],[-97.741759870718766,30.418430622909863],[-97.741728646665734,30.418441218859854],[-97.741722070012159,30.418443458188936],[-97.741572582939469,30.418498381672023],[-97.741426526417953,30.418559848836541],[-97.741284281830588,30.418627699209726],[-97.741146219478637,30.41870175585057],[-97.741012700688088,30.418781824482764],[-97.740884073532811,30.418867697939177],[-97.740760672941107,30.41895915164308],[-97.740642820632075,30.419055946318938],[-97.740530825072753,30.41915782979974],[-97.740424977328644,30.419264536049045],[-97.740325554149635,30.41937578702349],[-97.740232815883616,30.419491292635776],[-97.740147002263583,30.419610752487745],[-97.740068339791705,30.419733852384898],[-97.739997032140678,30.419860273206602],[-97.739933264474473,30.419989684654112],[-97.739877205426396,30.420121749805798],[-97.739828999863761,30.420256122276452],[-97.739788773930172,30.420392453539097],[-97.739756632066971,30.420530386543568],[-97.739732658948085,30.420669562079233],[-97.739716917437349,30.420809616930462],[-97.739709447502491,30.420950185665568],[-97.739710269321264,30.42109090159574],[-97.739719380131845,30.421231397623455],[-97.739736757338719,30.421371307201348],[-97.739762355362984,30.421510265180814],[-97.739796106641933,30.421647909637443],[-97.739837923756397,30.42178388010122],[-97.739887697195798,30.421917823844854],[-97.73994529863522,30.422049389614127],[-97.740010575550329,30.422178234764605],[-97.740083358580534,30.422304022680386],[-97.740163459336458,30.422426427255676],[-97.740213863670476,30.422495033092734],[-97.740189240607592,30.422532063896913],[-97.739995966452966,30.422822730185558],[-97.739805348588575,30.42310940402691],[-97.739792903429063,30.423128292206417],[-97.7397369837376,30.423213945473858],[-97.739459809162355,30.423638461985966],[-97.739182335621294,30.424063429198608],[-97.739129688925715,30.424147427148437],[-97.739058376743444,30.424273847502675],[-97.738994604864658,30.424403258539652],[-97.738938541933578,30.424535323338823],[-97.738890332827594,30.424669695515878],[-97.73885010369986,30.424806026544569],[-97.738817958999633,30.424943959375408],[-97.73879398340857,30.425083134798218],[-97.738778239796929,30.425223189597656],[-97.738770768137726,30.425363758342126],[-97.738771588613417,30.425504474342855],[-97.738780698465476,30.425644970502056],[-97.738798075101101,30.425784880272104],[-97.738823672942914,30.425923838503831],[-97.738857424428403,30.426061483272242],[-97.73889924213816,30.426197454106383],[-97.738949016559857,30.426331398278112],[-97.739006619366052,30.426462964532099],[-97.739071898028968,30.426591810222586],[-97.739144683183412,30.426717598732306],[-97.73922478643432,30.426840003953856],[-97.73931199633499,30.426958703890215],[-97.739406087557882,30.427073389858112],[-97.739506813680705,30.42718376274415],[-97.739613911314564,30.427289534886274],[-97.739727102189505,30.427390430111004],[-97.739846089983104,30.427486185485495],[-97.739970564513385,30.427576550488055],[-97.740100201695881,30.42766128881587],[-97.74023466347974,30.427740181096055],[-97.740268782404286,30.427758068571663],[-97.740310200212591,30.427848968660896],[-97.740355488459031,30.427938003686602],[-97.740404563365004,30.428025008943173],[-97.740457334147024,30.428109823479861],[-97.739894056460642,30.427740893944012],[-97.739481230228847,30.42747050105282],[-97.73934643247361,30.427386886424181],[-97.739209691385668,30.427310994878614],[-97.739068657214887,30.42724125321244],[-97.738923698096954,30.427177842432098],[-97.738904516918566,30.427170046058276],[-97.738868349431854,30.427155472276848],[-97.738524786449759,30.427017023140049],[-97.738317508704398,30.426933493404491],[-97.738116615586279,30.4268525339706],[-97.73790697952083,30.426766414025018],[-97.7377574072773,30.426709061217661],[-97.737605741840611,30.426658791413502],[-97.73745131338093,30.426615297980316],[-97.737294523947881,30.426578694731759],[-97.737135782272674,30.426549077520978],[-97.7369755027906,30.426526521511061],[-97.73681410338429,30.426511088367537],[-97.736652004598241,30.426502815395864],[-97.736489630404108,30.426501727307596],[-97.736327404307701,30.426507824398623],[-97.73623077529227,30.426514885883016],[-97.735486609372273,30.426579189671124],[-97.735150586967393,30.426608224969449],[-97.73508556695576,30.426614429328513],[-97.734924903512876,30.426634831154491],[-97.734765651684683,30.426662314982483],[-97.734608226222306,30.426696810448096],[-97.734453038221375,30.426738225426291],[-97.734328604719181,30.426776987966427],[-97.734305980635838,30.426784499556522],[-97.733610620955162,30.427012669216339],[-97.733599975434501,30.427016162882143],[-97.73356904932244,30.42702631017967],[-97.733529237728646,30.427039638010005],[-97.733379732515772,30.427094551924426],[-97.733233657601744,30.42715600974687],[-97.733091394417627,30.427223851028856],[-97.732953313313175,30.427297898853023],[-97.732819775663444,30.427377958966268],[-97.732691129591302,30.427463824223548],[-97.732567710074548,30.42755527006954],[-97.732471592489091,30.4276341952629],[-97.731783049312071,30.42730685271821],[-97.731238547483301,30.427047982497683],[-97.731214223766813,30.427036537658488],[-97.731069270167183,30.426973117939433],[-97.730920768953766,30.426916195602512],[-97.73076910678229,30.426865917655594],[-97.730614681097464,30.426822415931504],[-97.730457893941576,30.426785804265425],[-97.730299154040026,30.426756178532433],[-97.730138875823542,30.426733613917875],[-97.729977477171246,30.426718172109744],[-97.729815378625972,30.426709890436065],[-97.729653004158294,30.426708793631132],[-97.729490777275231,30.426714882013574],[-97.729329119762795,30.426728140504537],[-97.729168454901199,30.426748535068626],[-97.729009201229701,30.426776011698596],[-97.728851773504203,30.426810500048827],[-97.728696582826316,30.4268519080129],[-97.728544035407978,30.426900129838184],[-97.728394527550918,30.426955037899475],[-97.728248449646685,30.427016490002874],[-97.728106183134088,30.427084325715043],[-97.727968098371548,30.427158368132957],[-97.727834556743716,30.427238423017712],[-97.72770590638379,30.427324283237915],[-97.727582482280582,30.427415724251265],[-97.727464606214681,30.427512506815422],[-97.727352586714971,30.427614378795013],[-97.727246714909668,30.427721074183388],[-97.727147267611002,30.427832314965741],[-97.727054505230257,30.427947811081367],[-97.72696866756273,30.428067262156652],[-97.726889981173898,30.428190354020323],[-97.726818649798716,30.428316767572468],[-97.726754858662758,30.428446172533331],[-97.726698776460751,30.428578231998326],[-97.726650548120531,30.428712599597016],[-97.726610299844921,30.428848926815075],[-97.726578136133654,30.428986856612891],[-97.726572719858709,30.429014401593719],[-97.726492340372957,30.42943608267818],[-97.726438118192107,30.429720543092145],[-97.726327957858445,30.430300252159647],[-97.726112051715944,30.431436846414044],[-97.726443966989976,30.431610584808233],[-97.726542957956099,30.431662404626898],[-97.727112580698346,30.431960506632461],[-97.727324179307544,30.432071159568835],[-97.727561593133302,30.432195482972158],[-97.727799758469061,30.43232012490564],[-97.727940874788573,30.432394031112235],[-97.728092503119001,30.432473487596141],[-97.728531656157628,30.43270344781288],[-97.728761405735042,30.432823736620531],[-97.728793085100406,30.43283771790788],[-97.728842916744696,30.43286114491292],[-97.728885286188117,30.432881257420892],[-97.728923003958982,30.432899597264495],[-97.728966664788942,30.432917699541601],[-97.729018531946636,30.43294336868771],[-97.729050475531167,30.432961647105451],[-97.729094346961659,30.43297901085921],[-97.729135939508524,30.433001968070034],[-97.729183630356829,30.433024828791311],[-97.729149234897974,30.433203015285152],[-97.729122589112549,30.43333985620832],[-97.729093260030382,30.433335190780817],[-97.729062729152275,30.433330390003007],[-97.729029456773901,30.433324874034394],[-97.728986515186904,30.433318914401188],[-97.728789043777141,30.434238014537531],[-97.728671394396244,30.43484714413583],[-97.728533481113516,30.435561285164059],[-97.728495626612712,30.435755737222063],[-97.728337856443559,30.436574951137587],[-97.728328349146139,30.43662371479784],[-97.728307420298904,30.436731022466141],[-97.728421595399226,30.43684830621336],[-97.728501177844606,30.436930231545581],[-97.728683340584681,30.437082834355213],[-97.729487884037269,30.437707621736489],[-97.72950370914721,30.437718096273155],[-97.72952124622428,30.437726293260276],[-97.729540060795472,30.437732011481742],[-97.729559683576738,30.437735109673493],[-97.729579627116422,30.437735508627938],[-97.729599396053061,30.437733198609472],[-97.72961849654466,30.437728237714726],[-97.729636456148555,30.437720749514359],[-97.729652827057478,30.437710918590696],[-97.729667201700423,30.437698992623872],[-97.729759164357191,30.437820855998215],[-97.72972606155875,30.437855940154115],[-97.729590447663696,30.437995107603108],[-97.728565788004985,30.437245524683451],[-97.728536869404479,30.437254977066573],[-97.728230009818034,30.439068724839569],[-97.728352457928992,30.439215934204157],[-97.729360223069179,30.439453222704852],[-97.730130853097862,30.439455312487155],[-97.731456038327607,30.439458894739065],[-97.732435854501318,30.439974781712952],[-97.733038043843194,30.440667174755696],[-97.733901015109481,30.441241438349707],[-97.735541328786553,30.441188423112081],[-97.735969650251064,30.440990483731355],[-97.736238596648292,30.440854500527276],[-97.737305578256638,30.440478572811344],[-97.73760223453165,30.440507015147087],[-97.738790040069446,30.439655340610553],[-97.739017332014654,30.439835876705761],[-97.739072901463388,30.439884609397687],[-97.739366929514588,30.440142731757337],[-97.739750083924108,30.440502521053691],[-97.740121291271635,30.440892375947751],[-97.740200447259923,30.440984737134162],[-97.740249808036182,30.441042419619702],[-97.740572158721491,30.441418497161813],[-97.740730852141411,30.441622040066328],[-97.740776939666162,30.441681168628691],[-97.740837439421185,30.441763046756897],[-97.740856423240189,30.441749209654109],[-97.740977117550884,30.441655054608859],[-97.741092105471196,30.441555682163141],[-97.741201087654431,30.441451352816909],[-97.74130377912465,30.441342337269838],[-97.741399911256011,30.441228920976513],[-97.741489235029221,30.441111398779498],[-97.741571516774627,30.44099007844995],[-97.741646541428679,30.440865275320867],[-97.741714113470039,30.440737316823764],[-97.741774057111286,30.440606534355265],[-97.741826215063853,30.440473271391937],[-97.741870451879564,30.440337874508298],[-97.74190665177909,30.440200696954868],[-97.741934720780506,30.440062096887448],[-97.741954585698068,30.439922435541302],[-97.741966194141938,30.43978207723087],[-97.741969516625147,30.439641388483395],[-97.741964544519675,30.439500736194191],[-97.74195129005615,30.4393604876268],[-97.74192978845177,30.439221008642477],[-97.741900095845594,30.439082662759912],[-97.741862289297458,30.438945811154859],[-97.741816467873946,30.438810810871573],[-97.741762750604337,30.438678012978624],[-97.741701278480576,30.438547766220431],[-97.741632211541884,30.438420407925374],[-97.741555729725135,30.438296272157526],[-97.741472033056525,30.438175681583466],[-97.741381340501803,30.438058951972732],[-97.741283886965434,30.437946386720046],[-97.741179927376365,30.437838280534443],[-97.741069733687695,30.437734913961933],[-97.740953592683624,30.437636557866924],[-97.740900952595823,30.43759514208606],[-97.740738243533457,30.43746997249341],[-97.740694251331803,30.43743674984772],[-97.740528516773665,30.437313890420857],[-97.7405033637515,30.437295439792901],[-97.740483860604797,30.437281397249219],[-97.740315554611797,30.437161192340373],[-97.740292869820976,30.437145142350225],[-97.740146829966676,30.43704278246943],[-97.740279900221609,30.436900644266753],[-97.740855954355993,30.436285329424948],[-97.740900467935674,30.436236671537003],[-97.740916226010782,30.436218891580388],[-97.74098307675628,30.436142829172095],[-97.741063446027681,30.436047193155684],[-97.741092594866984,30.436010258627611],[-97.741154137519359,30.435930900705163],[-97.741214307924992,30.435850313304169],[-97.74125435596396,30.435793030923573],[-97.74131037517617,30.435710661179257],[-97.741352604630976,30.435646623453206],[-97.741401071814849,30.435567799251668],[-97.741451369997009,30.435482700787574],[-97.741477923513088,30.435436722045068],[-97.741532105007806,30.435335535975678],[-97.741576508114463,30.435248011295407],[-97.741589895026337,30.435221239021672],[-97.741647072971844,30.435096937716867],[-97.741685426820453,30.435007287866423],[-97.741716778790718,30.434930546033584],[-97.741745578052658,30.434852810215208],[-97.741777743682178,30.434761354589817],[-97.741812412410553,30.434655232171973],[-97.741842216467063,30.434547642179361],[-97.741867094112934,30.43443880748346],[-97.741868493067798,30.434431965054852],[-97.741882408314041,30.43435807169973],[-97.741892759244266,30.43428529765076],[-97.741915162047945,30.434198048734267],[-97.74193405169801,30.434109972402812],[-97.741949397868467,30.43402121005666],[-97.742039223739908,30.433438565307874],[-97.742042175064256,30.433419441636598],[-97.742043978666388,30.433407788650161],[-97.742045970233889,30.433394847095819],[-97.742046746181387,30.433389821627753],[-97.74204733980956,30.433385978148667],[-97.742060421571324,30.433287855684732],[-97.742069926580783,30.433182279117187],[-97.742070400429668,30.433175290100301],[-97.742071334318794,30.433161587559688],[-97.742072089546241,30.433150502719112],[-97.742072826431098,30.433139708660409],[-97.742073576054338,30.433128728591299],[-97.742074370454802,30.433117089352919],[-97.7420751696108,30.433105292892549],[-97.742077265925019,30.433070595201482],[-97.742080308716908,30.432983001512852],[-97.742080483469309,30.43297233128791],[-97.742080660779493,30.432961596920165],[-97.742080841589271,30.432950714348767],[-97.742081025882612,30.432939595879674],[-97.742081178506098,30.432928493122095],[-97.742081378065777,30.432917611787239],[-97.742081482725624,30.432911898180446],[-97.742081567335305,30.432906901137141],[-97.742081861219859,30.432852923162944],[-97.742078931526038,30.432756874591593],[-97.742107088715784,30.432724586326863],[-97.742152183357263,30.432672872697406],[-97.742225320783348,30.432585492074651],[-97.742314635469313,30.432467969400044],[-97.742396908731152,30.432346648641879],[-97.742471925527468,30.432221845134247],[-97.742539490357458,30.43209388630963],[-97.74259942745249,30.43196310356565],[-97.742651579541047,30.431829840379308],[-97.742695811190131,30.431694443325988],[-97.742732006634228,30.431557265656529],[-97.742760071902737,30.431418665527065],[-97.742779933819577,30.431279004172904],[-97.742791540002997,30.431138645908728],[-97.742794860971799,30.430997957261496],[-97.74278988810191,30.43085730512626],[-97.742776633626036,30.430717056766227],[-97.742755132761204,30.430577578042143],[-97.742732394043259,30.430471625190599],[-97.742817759896653,30.430497769462772],[-97.742973428788716,30.43053782473239],[-97.743131254274545,30.430570938696832],[-97.743290825194364,30.430597026312991],[-97.743451725831434,30.430616018732135],[-97.743613534784231,30.430627866896124],[-97.743775831245259,30.430632540744778],[-97.743893611173277,30.430631432574124],[-97.743977552968204,30.430629294475914],[-97.743984182407814,30.430629405597369],[-97.743990741710604,30.430629792117909],[-97.74399729859698,30.430630457949416],[-97.744003807267518,30.430631398664303],[-97.744047313451802,30.430639589032282],[-97.744502248434799,30.430735534951953],[-97.74453960744853,30.430743207635079],[-97.745959919397166,30.431027042644907],[-97.744558768927121,30.433111200902815],[-97.744449679117864,30.433273463892316],[-97.743858940042429,30.434152154806114],[-97.7437863147657,30.434266304693963],[-97.743715001193763,30.434392727786122],[-97.743651228868728,30.434522141288362],[-97.743595166436293,30.434654208273543],[-97.743546958772313,30.434788582351793],[-97.743506732026276,30.434924914991836],[-97.743474590641213,30.43506284914001],[-97.743450619290172,30.435202025582683],[-97.743434880832382,30.435342081101766],[-97.743427415227302,30.435482650263907],[-97.743428242641727,30.43562336637919],[-97.743437360298913,30.435763862349546],[-97.743454745585836,30.435903771627899],[-97.743480352902523,30.436042729066177],[-97.743514114661664,30.436180372741649],[-97.743555943417121,30.436316342186078],[-97.74360572962776,30.436450284675061],[-97.743663344935442,30.436581848957541],[-97.743728636779579,30.436710692393035],[-97.743801435760673,30.436836478370033],[-97.743881553447878,30.436958880787824]],[[-97.752296411092246,30.422052877517988],[-97.7522821150569,30.422176320402453],[-97.752274248621418,30.422300339116948],[-97.752272833013208,30.422424598999473],[-97.752272939187208,30.422431843270868],[-97.752277062225062,30.422541285086606],[-97.752286176430431,30.422650424638253],[-97.752300262804326,30.422759034419318],[-97.752319291983056,30.422866888027649],[-97.75232071819191,30.422874026320851],[-97.75234487465741,30.422981959795223],[-97.7523738541976,30.423088699459672],[-97.752407598330095,30.423194029907489],[-97.752446038957331,30.423297738575851],[-97.752448750841864,30.423304591278143],[-97.752490718095274,30.423404308424065],[-97.752536904326348,30.423502142935401],[-97.752587225312709,30.423597916407097],[-97.752641589292082,30.423691454192493],[-97.752485832083565,30.423697327929428],[-97.752324182862495,30.423710615605007],[-97.752163527976563,30.423731039172058],[-97.75200428593881,30.423758544547923],[-97.751846871475138,30.423793061311979],[-97.75169169565207,30.423834497283693],[-97.75153916464329,30.423882746637002],[-97.751389674707312,30.423937681675319],[-97.7512436161892,30.423999160134283],[-97.751114942413437,30.424060546783469],[-97.751122777544268,30.424021833318442],[-97.751142625713669,30.423882170766362],[-97.751154218727237,30.42374181184697],[-97.751157527138091,30.42360112308884],[-97.75115254235493,30.423460471387269],[-97.751139276641624,30.423320224004463],[-97.751117765244487,30.423180746798508],[-97.751088064327988,30.423042403283414],[-97.751050250974117,30.422905554628741],[-97.751004424266796,30.422770557871157],[-97.750950703249075,30.422637764069883],[-97.750889228922901,30.422507521958746],[-97.75082016133301,30.422380168854037],[-97.750743680418125,30.422256038806143],[-97.750712592599243,30.422211247813731],[-97.750793206677599,30.422220759533825],[-97.750955002336667,30.422232598360257],[-97.751117284910634,30.422237262849436],[-97.751279631179116,30.422234738293501],[-97.751441616305584,30.422225034367436],[-97.751602818284397,30.422208173455378],[-97.751762816622559,30.422184202379896],[-97.751921193637926,30.422153181575926],[-97.752077536375054,30.422115192357275],[-97.752231437712098,30.422070334223775],[-97.752297192262048,30.42204786927373],[-97.752296411092246,30.422052877517988]]],[[[-97.695352852037217,30.449083042660241],[-97.695425929365499,30.44911921771665],[-97.695569250148097,30.449190136818544],[-97.695706331547854,30.449256145884561],[-97.695712238050689,30.449259073439507],[-97.696198029340351,30.449500036215699],[-97.696504993667318,30.449652377355381],[-97.69672422865861,30.449761150853281],[-97.697172090772696,30.449984836975414],[-97.697272141537496,30.450035483673691],[-97.697313730134709,30.450056526485405],[-97.697417691233056,30.450108593537205],[-97.69789780654213,30.45034905833241],[-97.698164009190535,30.450481019553326],[-97.698229709102506,30.450518144520171],[-97.698260171184202,30.450522376395281],[-97.698310963854368,30.450528638248983],[-97.698314387067327,30.450528875500506],[-97.698355454019364,30.450531727726606],[-97.698396616771788,30.450523318789021],[-97.698452825740659,30.450511742653791],[-97.698524745583029,30.450466484545533],[-97.698557271686795,30.450424638033159],[-97.698558362006096,30.450423213033776],[-97.698618478821118,30.450345831610342],[-97.698709899005777,30.450228188048719],[-97.699123112556109,30.449659490013481],[-97.699202147967839,30.449550754385456],[-97.699301673225136,30.449414822904327],[-97.699533142439932,30.449098783074334],[-97.699533555682933,30.44909821826338],[-97.6998525152936,30.449279107731265],[-97.70030337409743,30.449534799273675],[-97.700330384251458,30.449548915787105],[-97.700741519239259,30.449763811169021],[-97.70100368852431,30.449901211119791],[-97.701199771828513,30.449996534917098],[-97.701266405442681,30.450028928797707],[-97.701327150413491,30.450058426412909],[-97.701545082147845,30.450165372502887],[-97.701606882798529,30.450202052864686],[-97.701636229584935,30.450219473137185],[-97.701737551468,30.450257326773915],[-97.701757245429263,30.450263050494943],[-97.701762607008021,30.45026460821461],[-97.701795216800036,30.45027408633036],[-97.701835843959103,30.450285899657366],[-97.701865528700694,30.450296382734912],[-97.701871595947523,30.450298537210383],[-97.701912213415625,30.450313142098498],[-97.70198675047267,30.450324758978674],[-97.702054463667025,30.450335310660034],[-97.702147807715662,30.450348225976601],[-97.702156289925,30.450349455751109],[-97.702158091388014,30.450349699803581],[-97.702192028246472,30.450354632601201],[-97.702285431589786,30.450355443421895],[-97.702293884457049,30.450354247044753],[-97.702346988778757,30.450346737549189],[-97.702347613123621,30.450346636707884],[-97.702379734585392,30.450339183527685],[-97.702381570199023,30.450338744717975],[-97.702428533106939,30.450326434098411],[-97.702453324818265,30.450316342602285],[-97.702519415405163,30.450281518549296],[-97.702522470190075,30.450279023278458],[-97.702554984220484,30.450252453397063],[-97.702591659838319,30.450222533062391],[-97.702625589003262,30.450170985800607],[-97.702643502600907,30.450139589711856],[-97.70264389707431,30.450138850067429],[-97.702785560310573,30.449866165531898],[-97.702978418959603,30.449515357954741],[-97.703013952368551,30.449453133568628],[-97.703044992304939,30.449398778504388],[-97.703047558086396,30.449394267373581],[-97.703068368804978,30.449357673561686],[-97.703070745845693,30.449353460985144],[-97.703083462212376,30.449330463922085],[-97.703129576429518,30.449297207688719],[-97.70316807226952,30.449282710867475],[-97.703219654275927,30.449283768535622],[-97.703264100106978,30.449302193007689],[-97.703326066574178,30.449325154491973],[-97.703520492783213,30.449397195817319],[-97.703822968933906,30.449510678118834],[-97.703883035341946,30.449536904014028],[-97.703914220106611,30.449540064493725],[-97.703975852538434,30.449539710975536],[-97.704016726551018,30.449533899651634],[-97.704056953901699,30.449521123477247],[-97.704062344948653,30.449519411620461],[-97.704129607656753,30.449484614212889],[-97.704157780498193,30.44945702726157],[-97.704204380551815,30.449378191818059],[-97.704295977995116,30.449223243978455],[-97.704301821615687,30.449213373831565],[-97.704321654667481,30.449179840551203],[-97.704381845983846,30.449083047538569],[-97.704408214377921,30.449040601313534],[-97.704620313558493,30.448699430203764],[-97.70462047958469,30.448699164688044],[-97.704636701842162,30.448673678482503],[-97.704739952514799,30.448712578857577],[-97.704897481166455,30.448788143484407],[-97.70621969791479,30.449422229747373],[-97.707627257789554,30.450097532924516],[-97.70821969312243,30.450381744130137],[-97.708457259174267,30.450012455616477],[-97.708628321910396,30.449746538224392],[-97.708657429437537,30.449701147062431],[-97.708830480716898,30.449431626334487],[-97.70883409808458,30.449425851138912],[-97.708855008073868,30.449392467642465],[-97.708867917083026,30.449371910855056],[-97.709918031676864,30.447737617942575],[-97.71055807038546,30.446741416792509],[-97.710783083446572,30.446391080304608],[-97.709985853374505,30.446011927791645],[-97.709985523555645,30.446011757321294],[-97.710644396471082,30.444985576031538],[-97.710689901865891,30.444914969210465],[-97.710442901741331,30.444819461642776],[-97.710276853569198,30.444755231425802],[-97.710219469266619,30.444732743536619],[-97.710136132587536,30.444699983512805],[-97.710130971023361,30.444697967761915],[-97.710105816199061,30.444687679248759],[-97.709908702763315,30.444611370384948],[-97.70930269266519,30.444377131583785],[-97.708628504409276,30.444116535628559],[-97.708315041246905,30.443995214878061],[-97.707833781779271,30.443808715321261],[-97.707834002557988,30.44380834139524],[-97.708007637423975,30.443515174090567],[-97.707943305217668,30.443489160828946],[-97.70785675119842,30.443458455991713],[-97.707803431816842,30.443439514477735],[-97.707227482134059,30.443218291787321],[-97.706359132130743,30.442884697851806],[-97.702719859660817,30.441485717474261],[-97.702693851638131,30.441475613687473],[-97.702665232620873,30.441464659080502],[-97.702634194983872,30.441455138986147],[-97.702605148081744,30.441443624262003],[-97.702375691953293,30.441331600713777],[-97.702112637859585,30.440880647061455],[-97.702112239971967,30.44087996725661],[-97.701753564853007,30.44026586273646],[-97.701429671830866,30.439711317439844],[-97.700751782352796,30.438550724850931],[-97.700874292263592,30.438215648346077],[-97.700849647697623,30.438210631555172],[-97.700699411282287,30.438181034896605],[-97.700585175730424,30.438160433531806],[-97.700560408972549,30.438156464099638],[-97.700408797031869,30.438132703323468],[-97.700270957572826,30.438113798199051],[-97.700115958616649,30.438095649831126],[-97.700099782182832,30.438093792750816],[-97.699973631068232,30.438079593410464],[-97.699523365159322,30.438017457866351],[-97.699453684437657,30.438008526301235],[-97.699292271717425,30.437993045587866],[-97.699130156724266,30.437984724848089],[-97.698967763470847,30.437983588918524],[-97.698805515513925,30.437989638219765],[-97.698643834694138,30.438002857774627],[-97.698561608363406,30.438013273865497],[-97.698576581816951,30.437995622236567],[-97.698665951952393,30.43787813457887],[-97.698748284063399,30.437756847363993],[-97.69882336088844,30.437632074911086],[-97.698890986787973,30.43750414368213],[-97.698950987874341,30.437373386859665],[-97.699003203603539,30.437240146906809],[-97.699047500484241,30.437104769486613],[-97.69908376253963,30.436967609617774],[-97.699111894630803,30.436829023598197],[-97.699131824433962,30.436689373560945],[-97.699143975292841,30.436549538678367],[-97.699146930372535,30.436408305409657],[-97.699142021417501,30.436267651504558],[-97.699128830204046,30.436127398536478],[-97.699107391784494,30.435987912378572],[-97.699077762132916,30.435849556568101],[-97.699040018145126,30.43571269230663],[-97.69899425872444,30.435577676671578],[-97.698940602738702,30.435444860771359],[-97.698879191019145,30.435314593397681],[-97.698810183448501,30.435187211932632],[-97.698733759807894,30.435063050500553],[-97.698650119972356,30.434942431835285],[-97.698559482758895,30.434825671779659],[-97.698462082927932,30.43471307380743],[-97.698358175268154,30.434604932713203],[-97.698248031597558,30.434501529134177],[-97.69813193856956,30.434403134031189],[-97.698010198824079,30.434310004189125],[-97.697883131009576,30.434222381313607],[-97.697751065524457,30.43414049557051],[-97.697635658972416,30.434073554953869],[-97.69759428553877,30.434051488122059],[-97.697574520274244,30.43404103143056],[-97.697529839402719,30.434018017888221],[-97.697497918596113,30.434001880839851],[-97.697346614044932,30.433925191448406],[-97.697312652846122,30.433908220070965],[-97.696874976996554,30.433692611076932],[-97.696809454836725,30.433661212116967],[-97.696754463793425,30.433636184703374],[-97.696626721453256,30.433580675267965],[-97.696513361738312,30.43352904484663],[-97.696423412161025,30.4334906131722],[-97.696274921456109,30.433433650401451],[-97.696123267170663,30.433383331164819],[-97.695968846729045,30.433339787403327],[-97.69581206215949,30.433303133061663],[-97.695653322180533,30.433273464126067],[-97.695493041223926,30.433250855894805],[-97.695331637174903,30.43323537016952],[-97.6951695305914,30.43322704439262],[-97.695007145463904,30.43322590341381],[-97.694844905328068,30.433231947666947],[-97.694683232004266,30.43324516218788],[-97.694522548813737,30.433265513056369],[-97.694363274343843,30.433292946379005],[-97.694205823404204,30.43332739192288],[-97.694050607157763,30.433368757693408],[-97.693898031882398,30.433416938048371],[-97.69374849395318,30.433471805470429],[-97.693602383839533,30.433533217871656],[-97.693460083064465,30.433601014922338],[-97.693321962075629,30.433675019820299],[-97.693188382352687,30.433755038424646],[-97.693059692127463,30.433840863698606],[-97.69293622649316,30.43393227119094],[-97.692818307338598,30.434029021746603],[-97.692706243305338,30.434130863314053],[-97.692600325637486,30.434237529965699],[-97.692500831266969,30.434348743761824],[-97.692408020727711,30.434464214712417],[-97.692322133940465,30.434583642508954],[-97.692302770819566,30.434613907876393],[-97.692463859893209,30.434693021801802],[-97.69250267313663,30.434709470349379],[-97.693395125560357,30.435154140332159],[-97.693985603811271,30.435446876220389],[-97.69412225841667,30.435514623496619],[-97.695015722121113,30.435957557156421],[-97.695062553746354,30.435980479417903],[-97.695965994664874,30.436422652956097],[-97.696225353369414,30.436549591313117],[-97.696734453008602,30.436798753138206],[-97.696598809303808,30.436975695643657],[-97.696230032060342,30.437456749349096],[-97.69619169175904,30.437521799541603],[-97.696184000790041,30.437534850751561],[-97.696093488086774,30.437688427208951],[-97.696060266663821,30.437744802327202],[-97.695892803976037,30.438086587530396],[-97.695817038918108,30.438241216276612],[-97.695724111118153,30.438430922360251],[-97.695752515064527,30.43844627295168],[-97.695760022487647,30.438450325209939],[-97.69581153971923,30.43847803039564],[-97.695818074098028,30.438481546110012],[-97.69582111782897,30.438483181491147],[-97.695849588794545,30.438498479933042],[-97.695850126464364,30.438498769017976],[-97.695850671325587,30.438499062753408],[-97.695501879267283,30.439147400531105],[-97.69561610296627,30.439160925583007],[-97.695777920435603,30.439172834531249],[-97.69594022904549,30.439177569341734],[-97.696102605509481,30.439175115123092],[-97.696264624909972,30.439165481366437],[-97.696303278645743,30.439161455935405],[-97.696270345555533,30.439198269605217],[-97.696177534861405,30.439313743358433],[-97.696091648426332,30.439433173754502],[-97.696061058483778,30.439480989775877],[-97.696379342083148,30.43962494146308],[-97.697664923400652,30.44020636421773],[-97.697613555645674,30.440342807700265],[-97.697550763464292,30.440499279459502],[-97.697465179259822,30.440712425555574],[-97.697295944419281,30.441133897727649],[-97.696993843501659,30.441873214094766],[-97.69695486833524,30.441968511329083],[-97.696889663347335,30.442126255516435],[-97.69685579800587,30.44220814830609],[-97.696413545672044,30.443277539074359],[-97.696164275797429,30.443909879097973],[-97.696129596001498,30.443997849512758],[-97.695956544362559,30.444448881134953],[-97.695878307761433,30.444652779594243],[-97.695795384745068,30.444843603576626],[-97.695752465054554,30.444959163449937],[-97.695728482284736,30.445023734751306],[-97.695659503683657,30.445253370367798],[-97.695635597124223,30.445335641074234],[-97.695616623292423,30.445401009970045],[-97.695572361926196,30.445640183183002],[-97.695570988230216,30.445647607849942],[-97.695561969681464,30.445716141199867],[-97.695540594725557,30.445827876083953],[-97.695534185930313,30.445861381517766],[-97.695520660753218,30.446064632618221],[-97.695494588050877,30.446187450454708],[-97.695486116761643,30.446227214500251],[-97.695485162441386,30.446231698588509],[-97.695484600454762,30.446243715240541],[-97.695469885436381,30.446558659638001],[-97.695461848803561,30.446620475447745],[-97.69545882865124,30.446643695135279],[-97.695444763160225,30.446753422350646],[-97.695391935896538,30.44799017681947],[-97.695384722354632,30.448160387261446],[-97.695374861995631,30.44837763098894],[-97.695352852037217,30.449083042660241]]],[[[-97.663942830163549,30.449509013292428],[-97.664182731343303,30.449619437598674],[-97.665063022817549,30.450007915276576],[-97.665106597837578,30.449788868663632],[-97.665107504573612,30.449775027642119],[-97.665104645108968,30.449767776081234],[-97.665100797896983,30.449758028346068],[-97.66509329383473,30.449744752777004],[-97.665085049427859,30.449736411631402],[-97.66508346700914,30.44973544871333],[-97.665078572829685,30.449732465954128],[-97.665072714085952,30.449728900465569],[-97.665064547162302,30.449723582153908],[-97.665054282576563,30.449714727523922],[-97.665046875452873,30.449708335539402],[-97.665037283772747,30.449697478967749],[-97.665031453230398,30.449690879018277],[-97.665024760183002,30.449681525720607],[-97.665018807611489,30.449671804478534],[-97.665009212603053,30.449651471341362],[-97.665007133326029,30.449645345188262],[-97.66500563135682,30.44964091752486],[-97.665004155049331,30.449628603191599],[-97.664999509144636,30.449614899952643],[-97.664999534689031,30.449597362292078],[-97.665000094609397,30.449586399812784],[-97.665002574059301,30.449571740507743],[-97.6650037753558,30.449564638429315],[-97.665005077797872,30.44956014555428],[-97.665006864687001,30.449553975462884],[-97.665008924470229,30.449548466732153],[-97.665010773239089,30.449543522795235],[-97.66501463951316,30.449535869269138],[-97.665020948758539,30.449523381243552],[-97.665027182785082,30.449513802052429],[-97.665034103723002,30.44950459527557],[-97.665041743646739,30.449495814841203],[-97.665050078037041,30.449487481997519],[-97.665068488266414,30.449472359845469],[-97.665078516579285,30.449465636567119],[-97.665089034524001,30.449459501775507],[-97.665111416051445,30.449449131003604],[-97.665117359360536,30.449447011416471],[-97.66512315108362,30.449444946006746],[-97.665135069631958,30.449441834796527],[-97.665147454415532,30.449438603753784],[-97.66516268559711,30.449436493505257],[-97.665172501497253,30.449435134716069],[-97.665197848676868,30.449434588620996],[-97.665223084365707,30.449436984141382],[-97.665227724608997,30.449437973277721],[-97.665247699559458,30.449442226963683],[-97.665270675188182,30.449449530848767],[-97.665313855863516,30.449234381655838],[-97.665330706073959,30.449150544770951],[-97.665338867950993,30.449109918848801],[-97.665339868453486,30.449108346018864],[-97.665500770198392,30.448855602507876],[-97.665529769610302,30.448810048890213],[-97.665568699931768,30.448748892163209],[-97.665586847031747,30.448751503044338],[-97.665600223385042,30.448753427984681],[-97.665649993213563,30.448760611748813],[-97.665668423025281,30.448763268483205],[-97.665896845425394,30.448796180869873],[-97.665958477036128,30.44880838885458],[-97.666077406408903,30.448863978236989],[-97.666385363319762,30.448908440254915],[-97.666388781151923,30.448908935929214],[-97.666487249855933,30.448392134575755],[-97.666516641906654,30.448237866775266],[-97.666572310099596,30.447945441624316],[-97.66655005682999,30.447916760827031],[-97.66645268136125,30.447804138235782],[-97.666348795680832,30.447695970892486],[-97.666238671550374,30.44759253950301],[-97.666122595571565,30.447494115100525],[-97.666000870339886,30.44740095454631],[-97.665873814466451,30.447313299626423],[-97.665741758317992,30.44723138059009],[-97.665605047300161,30.447155409881439],[-97.665464037575504,30.447085586581832],[-97.665449518325346,30.447080863359641],[-97.66543522650278,30.447075244751385],[-97.665044147374132,30.446894058562997],[-97.664561501134173,30.446669161711323],[-97.663527520101439,30.446192101145794],[-97.663394810794003,30.446134275670417],[-97.663246320136921,30.446077274323216],[-97.663185220958823,30.446056986011133],[-97.66313616009721,30.446135314340196],[-97.662917641237144,30.446484096907007],[-97.662750266667558,30.446751243216863],[-97.662114575236473,30.447755674671726],[-97.662015888973045,30.44788013969265],[-97.661865328995589,30.448072285146903],[-97.661745619061804,30.44821006526367],[-97.661538523379619,30.448436808304155],[-97.6619113502896,30.448581922219198],[-97.662020481068993,30.4486244054862],[-97.662023791494562,30.448625665057481],[-97.662033523007707,30.448630145281907],[-97.662091538932373,30.448656839851843],[-97.66304170028944,30.449094220137887],[-97.663942830163549,30.449509013292428]]]]},"properties":{"OBJECTID":1,"Shape_Length":292175.23137908138,"Shape_Area":130221221.02327646,"AREA_SQFT":1407257826.7722874,"AREA_ACRES":32306.194370346358,"AREA_SQMILES":50.478428703666182}}]
}