{
  "type" : "FeatureCollection",
  "features" : [{"type":"Feature","id":1,"geometry":{"type":"MultiPolygon","coordinates":[[[[-96.860568937787576,32.646504034539745],[-96.861589865152794,32.646956693860623],[-96.861608304703537,32.646964976086124],[-96.861646020812302,32.6469816489818],[-96.861667200051087,32.646990862965986],[-96.861697263941096,32.647003776645079],[-96.861718542670559,32.647012798920066],[-96.861750271599092,32.647026069171865],[-96.861771684941132,32.647034902906483],[-96.861806086212724,32.647048883948983],[-96.861827600660007,32.647057496231035],[-96.861859724315693,32.647070174584641],[-96.861881373391654,32.647078597424283],[-96.861910409104041,32.64708974774139],[-96.861934649586217,32.647098934421791],[-96.861968366055322,32.647111493059676],[-96.861990216724436,32.647119506357527],[-96.862021309399154,32.647130746017915],[-96.862043260623139,32.647138567619876],[-96.862072803055995,32.647148949825166],[-96.862094823892434,32.647156581126993],[-96.862131714042903,32.647169142802916],[-96.862153869006534,32.647176553988615],[-96.862187408867499,32.647187592288184],[-96.862209630744701,32.647194786079396],[-96.862241161174566,32.647204835499053],[-96.862263484654562,32.647211838509619],[-96.862295265752493,32.647221649504509],[-96.862317691917454,32.647228460846577],[-96.862352163590145,32.647238745652913],[-96.862380292635407,32.647246978783421],[-96.862410378101259,32.647255607502231],[-96.862430303903494,32.647261227768062],[-96.862467571080657,32.647271557529052],[-96.862490236434823,32.647277712683305],[-96.862521031985239,32.647285933146321],[-96.86254376378524,32.647291896154002],[-96.862574816030261,32.647299898114049],[-96.862597618538985,32.64730566903124],[-96.862637875642989,32.647315617871065],[-96.862660779700803,32.64732114298689],[-96.862691796148709,32.647328485134452],[-96.862714768766253,32.647333819033271],[-96.862749041337125,32.647341606364421],[-96.862772049989132,32.647346720656763],[-96.862808370851852,32.647354604429097],[-96.862831481602129,32.647359500887596],[-96.862855250214338,32.647364450210539],[-96.862885142733049,32.647370536434252],[-96.862920697605006,32.647377583003902],[-96.862943915095514,32.647382067764774],[-96.862983704193226,32.64738953181741],[-96.863006989124074,32.647393770326723],[-96.863037704490822,32.647399229697569],[-96.863061024955513,32.647403275652188],[-96.86309593489581,32.647409163707962],[-96.863119292441809,32.647412990971453],[-96.863150924784719,32.64741803759398],[-96.863174350904174,32.647421672738048],[-96.863213943367612,32.6474276017452],[-96.86323740709939,32.647430989342396],[-96.86327316089104,32.647435978424788],[-96.86329669261157,32.647439147737977],[-96.863324144988823,32.647442742126643],[-96.863350575322073,32.647446087633448],[-96.863390942833306,32.647450975149908],[-96.86341454768008,32.647453705262784],[-96.863445073833375,32.647457111049661],[-96.863468683286015,32.647459649101833],[-96.863504187795073,32.647463298171587],[-96.863527833276976,32.647465616616479],[-96.863567688617081,32.647469313992801],[-96.863591370625997,32.647471385778132],[-96.863622616222614,32.647473990168223],[-96.863646335893179,32.64747586942638],[-96.863681437229914,32.647478487637592],[-96.863705159871486,32.647480147754727],[-96.863740887994638,32.647482480180123],[-96.86376464668021,32.64748391978803],[-96.863802259753584,32.647486013672292],[-96.86382783573049,32.647487299535925],[-96.863859196446683,32.64748874730541],[-96.863882963236904,32.647489746855669],[-96.863918390083043,32.647491072313898],[-96.863942193948617,32.647491853172419],[-96.863977644924319,32.647492852433125],[-96.864001452841094,32.647493413262723],[-96.864041287117445,32.647494144663881],[-96.864065099582987,32.64749445841251],[-96.864096111812771,32.647494741648757],[-96.864119896905365,32.647494862915174],[-96.864157704007852,32.647494872182477],[-96.865343358735188,32.647498081444361],[-96.865449054842784,32.647496914158729],[-96.865739785508396,32.647478629456558],[-96.866027407367397,32.647438369139067],[-96.866309606190015,32.647376458140947],[-96.866584108296806,32.647293394219083],[-96.866848704030801,32.647189847357517],[-96.867101261818831,32.647066649127019],[-96.867339750542456,32.646924793878476],[-96.867497155566255,32.646815096476949],[-96.867522761055227,32.646796079539364],[-96.867547194700279,32.646777945511147],[-96.86761311103605,32.646727659223409],[-96.867817825560238,32.646552055293689],[-96.868003110580858,32.646361633102217],[-96.868167472159939,32.646157925320907],[-96.868309589257407,32.645942572416935],[-96.868428316107895,32.645717309151465],[-96.868522697452121,32.645483947640223],[-96.868591972959649,32.645244368389754],[-96.868635587211216,32.645000498779829],[-96.8686531866596,32.64475430400303],[-96.868653569936427,32.644705198087543],[-96.86864942970432,32.643120094921102],[-96.868649265387972,32.643057322087898],[-96.869908741488473,32.643049221108512],[-96.869956953627195,32.643048914280755],[-96.87424724623736,32.64302153658938],[-96.87431819306741,32.643020427213749],[-96.874434659012095,32.643015757694037],[-96.87461470956363,32.643005796398306],[-96.874788957769525,32.642992160194552],[-96.875076561010502,32.642951878910011],[-96.875358739284565,32.642889947336634],[-96.875561398603168,32.642828603624928],[-96.874442936222138,32.642834052598744],[-96.874246056227179,32.642835011192176],[-96.874247746176394,32.640318139214521],[-96.874413359526699,32.640314554367265],[-96.874409631449808,32.638667915683186],[-96.874415217227536,32.636694689593291],[-96.874248358798042,32.636691478251734],[-96.874256562545952,32.636127401256509],[-96.865740717848993,32.636113204674245],[-96.865742099724415,32.63597520503491],[-96.865743356987466,32.63584966391695],[-96.865779721948087,32.633014780479918],[-96.865774523995483,32.633014756248265],[-96.865723330214209,32.633014098552451],[-96.865634685966157,32.63301466056248],[-96.862674498612719,32.633037808454702],[-96.862618116282306,32.633037945997422],[-96.860928372260631,32.633030889298418],[-96.860871978648746,32.633030597482104],[-96.857260096224195,32.633008211079478],[-96.857256884577183,32.633008388651874],[-96.857188408884781,32.633008793019165],[-96.853970419762774,32.633027853472797],[-96.851353765650785,32.633061858367562],[-96.845351080710557,32.633093413445387],[-96.845347931455919,32.633136846433793],[-96.845348516447956,32.633244618060743],[-96.845349069026156,32.633290573488985],[-96.845351399268992,32.633386988691306],[-96.845343688278803,32.63689673633511],[-96.845342329264952,32.640314622513245],[-96.845351222012212,32.640518795154499],[-96.845385798552499,32.640763699529835],[-96.845446181040558,32.64100499463084],[-96.845531885603705,32.641240739323791],[-96.845642221837807,32.641469033903952],[-96.845776301988678,32.641688041865976],[-96.84593304504115,32.64189599898036],[-96.84611119131543,32.64209123062826],[-96.846309304343279,32.642272165358179],[-96.846525789847718,32.642437345965988],[-96.846758906165121,32.642585442264433],[-96.847006773619768,32.642715262936726],[-96.847267398954671,32.642825760374954],[-96.847538682493777,32.642916047013685],[-96.84781844054514,32.642985394728839],[-96.848104419060618,32.64303324584548],[-96.848394317073371,32.643059214353137],[-96.848606209142332,32.643064229997464],[-96.851507443577859,32.643052761304219],[-96.851746229063579,32.643051814240195],[-96.854014905149711,32.643042796617806],[-96.854015113852711,32.643062264865939],[-96.854013955230386,32.643251630725615],[-96.854013764000825,32.643272777577309],[-96.854013649214096,32.643285192041709],[-96.85401340177765,32.643366531238669],[-96.854012060885779,32.643673836625872],[-96.854020951392513,32.643887454249061],[-96.854055553131587,32.644132356179796],[-96.854115961444506,32.644373647034577],[-96.854201692250939,32.644609385713984],[-96.854312054935122,32.644837672561444],[-96.854446161530248,32.645056671133943],[-96.854602930807914,32.645264617277746],[-96.854781102877368,32.645459836462045],[-96.854979241062466,32.645640757335919],[-96.855195750883766,32.645805922806737],[-96.855428890481875,32.645954002809134],[-96.855676779993487,32.646083806157549],[-96.855764234995902,32.646120638412299],[-96.855980859709533,32.646285611886704],[-96.856214001873894,32.646433690412323],[-96.856461893869977,32.646563492191071],[-96.856722542243006,32.646673969767058],[-96.856993847131633,32.646764235734722],[-96.857273624671805,32.64683356213655],[-96.85755962065852,32.646881391469194],[-96.857849533984179,32.646907337897623],[-96.857944188665229,32.646909960686926],[-96.858028540783508,32.646912356965814],[-96.858051021976166,32.646912822023822],[-96.858068124533204,32.64691336206301],[-96.858184159740887,32.646916476653708],[-96.858741813072029,32.646917673830792],[-96.858845089773624,32.646916506348987],[-96.859135819898697,32.646898237108566],[-96.859423442870394,32.646857992087099],[-96.859705644449875,32.646796096096168],[-96.85998015093557,32.646713046771637],[-96.860244752635197,32.646609513980259],[-96.860497317927582,32.646486329179361],[-96.860511647392272,32.646477806648562],[-96.860568937787576,32.646504034539745]]],[[[-96.777051745105481,32.644870718336314],[-96.777060598752144,32.644893976908456],[-96.777075094559592,32.644933262812877],[-96.777083763625953,32.644956969792702],[-96.777173639478477,32.6452100661595],[-96.777223697926999,32.645338730067387],[-96.777277232699888,32.645449698286313],[-96.777284894028114,32.645480411080577],[-96.777315933273215,32.645575022508922],[-96.77748071343396,32.64606743916984],[-96.777500602915694,32.64612646939144],[-96.777531053387449,32.646211383931266],[-96.777565676532788,32.646303394200039],[-96.777723793505587,32.646727417615693],[-96.777870250366163,32.647141303601501],[-96.777890938108158,32.647197565941028],[-96.777898917693534,32.647218475391206],[-96.777931899806873,32.647314778573516],[-96.777992414316117,32.647473332282921],[-96.77810258478172,32.6477016867819],[-96.778236507880493,32.647920767582143],[-96.778393103862584,32.648128809867131],[-96.778571114232832,32.64832413833328],[-96.77876910361698,32.648505180748593],[-96.778985478734114,32.648670479042295],[-96.779218498809897,32.648818702080433],[-96.779466284942686,32.648948657524194],[-96.779726844532362,32.649059296681919],[-96.779998078430737,32.649149730846453],[-96.780277803346578,32.649219230706201],[-96.78056376549803,32.649267237360348],[-96.780853664050738,32.649293363547166],[-96.78114516274529,32.649297399217886],[-96.78143591655116,32.649279311906625],[-96.781723582334024,32.649239246878032],[-96.781957367493959,32.649189767104765],[-96.782016186455607,32.649175337255755],[-96.782353482179346,32.649094617002064],[-96.783002106586963,32.648937102515646],[-96.784113271221003,32.648664910131984],[-96.785225150481764,32.648393773938281],[-96.786901720623661,32.648024180761269],[-96.787166595223269,32.647972437835691],[-96.787248988574348,32.647955381393942],[-96.78758662973452,32.647881517385649],[-96.787925426818234,32.647807166025167],[-96.788079601977344,32.647773224164297],[-96.788264174386683,32.647732587580222],[-96.788602705390261,32.647657820336079],[-96.78873631776186,32.647628228404656],[-96.788225256223555,32.647575925193173],[-96.788225922639612,32.647570107847294],[-96.788226840192308,32.647562100445185],[-96.788398395050535,32.646064443364288],[-96.788491995321465,32.645247297777942],[-96.788508178564641,32.645106001930401],[-96.788520157557102,32.644911988346749],[-96.788525311421239,32.644828535216334],[-96.788526076847475,32.644816135069952],[-96.788356870656656,32.64486079630332],[-96.788236398968763,32.644670893274643],[-96.788201446818036,32.644688964296549],[-96.787318232799052,32.643412448478983],[-96.787297304097208,32.643382201822789],[-96.787329267647877,32.643369229089551],[-96.786598567784296,32.642300543275532],[-96.786577670783288,32.642269839643497],[-96.783993454069417,32.638473356846767],[-96.782948201420027,32.638984528201064],[-96.781954631401959,32.639470411277699],[-96.781403134121589,32.639740101740983],[-96.781089158896464,32.639885075059304],[-96.780578860921239,32.640143775761565],[-96.779160080476814,32.64082484323162],[-96.778511837199758,32.641121612884326],[-96.777482189937331,32.641608001397941],[-96.777420644313565,32.641519566229483],[-96.777250536181285,32.641275140051583],[-96.777092443587307,32.641044372519275],[-96.7770870155788,32.641036447592114],[-96.777061729919282,32.640916508206658],[-96.77700234763158,32.64081176686507],[-96.776986324407446,32.640783505822185],[-96.77693356765586,32.640695308719124],[-96.776909218305661,32.640654599856923],[-96.776796551482462,32.640474345171512],[-96.776264731622106,32.639566099100975],[-96.77624393712874,32.639597546119276],[-96.776124984876589,32.639822721204368],[-96.776107374187248,32.63986137924126],[-96.776071331214396,32.639942305197216],[-96.776023308419781,32.640050162740614],[-96.775946413436159,32.640244544004588],[-96.775876892138626,32.640484071517058],[-96.775833025623513,32.640727908490106],[-96.775815169885064,32.640974090050229],[-96.775823466979816,32.641220634807752],[-96.775857852215239,32.641465558485272],[-96.775918046418894,32.641706887339822],[-96.775964860016003,32.641845132289887],[-96.776084595368033,32.642166702937899],[-96.776698452866725,32.643865484944904],[-96.776723997915795,32.643930775718935],[-96.776737417778563,32.643984576116694],[-96.776774214534342,32.644095415981148],[-96.776901954774118,32.644451388664628],[-96.777051745105481,32.644870718336314]]],[[[-96.752972919004975,32.655863470280352],[-96.753220686393064,32.655993478056601],[-96.753481233954929,32.656104172252434],[-96.753752462638559,32.656194663717265],[-96.754032189195101,32.656264222678296],[-96.754318159829239,32.65631228975856],[-96.754608073638622,32.656338477209992],[-96.754899594240797,32.656342574490338],[-96.755190376428956,32.656324548637954],[-96.755478076840163,32.656284544422121],[-96.755583390983674,32.656264208608],[-96.755960488555175,32.656185790697947],[-96.757604759094903,32.655880338872365],[-96.757760270696238,32.655897013320676],[-96.757916334048844,32.655907315036799],[-96.7580726881136,32.655911226789591],[-96.758229071365193,32.655908742036061],[-96.75838522222945,32.655899864932337],[-96.758540879520908,32.65588461032668],[-96.758695782879684,32.655863003734687],[-96.759009163710445,32.655812651737627],[-96.759141217515392,32.655789027068927],[-96.759272339109856,32.655760681701778],[-96.759402359793299,32.65572765210522],[-96.761298431660578,32.655209089177028],[-96.762998554355462,32.654753435299604],[-96.763405101288683,32.654650083951488],[-96.764541949001853,32.654362248663631],[-96.764563186874497,32.654356804620356],[-96.764688910301999,32.654321793068341],[-96.766161753643857,32.653883306481823],[-96.766310647325142,32.653835477331661],[-96.766575379246959,32.653732144212746],[-96.766828094514608,32.653609150017736],[-96.767066760738942,32.653467487456474],[-96.767289453591417,32.653308295970241],[-96.767494381410003,32.653132857561978],[-96.76767989502207,32.652942585204428],[-96.767844498649268,32.65273901036138],[-96.767986869302163,32.652523772431543],[-96.768105859172707,32.652298605249115],[-96.768200510885393,32.652065320156801],[-96.768270061930878,32.651825797045447],[-96.768313954673388,32.651581962844823],[-96.768331833321241,32.651335782460322],[-96.768323556064445,32.651089237294769],[-96.768289187868902,32.650844311618322],[-96.768229008191881,32.650602979147344],[-96.768143499671254,32.650367181240874],[-96.768033351490516,32.650138817929886],[-96.76791044930944,32.649936028870265],[-96.767785947653593,32.649750020563197],[-96.767460967356342,32.649264580257366],[-96.767410448625029,32.649189158166919],[-96.76735628891943,32.649116306535291],[-96.767298618790903,32.649046200970481],[-96.767237577252615,32.648979010461147],[-96.767175037736962,32.648849346517089],[-96.767048654227423,32.648641361469402],[-96.766460301552755,32.647766992496337],[-96.765539549879549,32.646409815864629],[-96.765528035361484,32.646392654280092],[-96.765519172918928,32.646379333238592],[-96.765399509699108,32.646197409026144],[-96.765387678439026,32.646179600818847],[-96.764941944716654,32.645512498000777],[-96.764928676150234,32.645492418410036],[-96.76483872894174,32.645357602502109],[-96.764343569499943,32.644615431469042],[-96.764329436878768,32.644594465747467],[-96.763061161766714,32.64273452161774],[-96.762906633994206,32.64252943130375],[-96.762728669655047,32.642334080342408],[-96.76253072669121,32.642153012312669],[-96.762314398043586,32.641987685309012],[-96.762081424068356,32.641839430514324],[-96.761833683175624,32.641709440347753],[-96.761573167408002,32.641598763616166],[-96.76130197530199,32.641508289182852],[-96.76102228949496,32.641438746558464],[-96.760736363088895,32.641390694889544],[-96.760446496229392,32.641364521730061],[-96.760155024496356,32.641360437468649],[-96.759864292269739,32.641378474956099],[-96.759576642080617,32.641418489355942],[-96.759294387976951,32.641480157770907],[-96.759146119503896,32.64152195846296],[-96.758327280693067,32.641771477069867],[-96.757769871498311,32.641938832864106],[-96.757637368425605,32.641981096590825],[-96.757506681909916,32.642028681478038],[-96.757378025545023,32.642081509753083],[-96.757251609606612,32.64213949507355],[-96.757127640708632,32.642202542668343],[-96.75700632146561,32.642270549492601],[-96.756887850161462,32.642343404396115],[-96.75674463784317,32.642350124055923],[-96.7566017901121,32.642362348935009],[-96.756459518515484,32.642380060929185],[-96.756318033747348,32.642403233808267],[-96.75617754533647,32.642431833254889],[-96.756038261336073,32.642465816915312],[-96.755900388015789,32.642505134462191],[-96.755450319033187,32.642645014635903],[-96.755296977790607,32.642691970783787],[-96.7551764258356,32.642729461651953],[-96.75491171343397,32.642832770512527],[-96.754659012318129,32.642955740506068],[-96.754420354545715,32.643097379275609],[-96.754197664229139,32.643256547743604],[-96.753992732937746,32.643431964272764],[-96.753807209877223,32.643622216249312],[-96.75364259098437,32.643825772553491],[-96.753500199528858,32.644040994106049],[-96.753381183713344,32.644266147360796],[-96.753286501411139,32.644499421223536],[-96.753216915720699,32.644738936006163],[-96.753172984941131,32.64498276493066],[-96.753155065584693,32.645228943188776],[-96.753163300219896,32.645475489417031],[-96.753197624656977,32.645720419326651],[-96.753257189083726,32.645959466461896],[-96.753134413017676,32.646019208487232],[-96.752926410928367,32.646091126135239],[-96.752660424526994,32.646182294800148],[-96.752655165884534,32.646097819986863],[-96.752645002135836,32.646013794124102],[-96.752629967703172,32.645930501788115],[-96.752610113504687,32.645848225070857],[-96.752613198311423,32.645805845489967],[-96.752602065595966,32.645558967091567],[-96.752602210028641,32.645539638633039],[-96.752614254740763,32.645464475874867],[-96.752632175642546,32.645218297696928],[-96.752623942504513,32.644971751431143],[-96.752589619937396,32.644726821356294],[-96.752529487030756,32.644485481224429],[-96.752444026046263,32.644249672456105],[-96.752333925784399,32.644021295169864],[-96.752200072411028,32.643802186408514],[-96.752043545365197,32.643594111064736],[-96.751865602770721,32.643398744542097],[-96.751667679566694,32.643217659202548],[-96.751451368534845,32.643052313279732],[-96.751218409889645,32.642904038108938],[-96.750970681917863,32.642774026273528],[-96.750710176557888,32.642663326754587],[-96.750438992262701,32.642572828598944],[-96.75015931160668,32.64250326150831],[-96.749873387650467,32.64245518482609],[-96.749583520519806,32.642428986307642],[-96.749292045796878,32.642424876545959],[-96.749001307885706,32.64244288859679],[-96.74871364936304,32.642482877828826],[-96.748431384344045,32.642544521546988],[-96.748156786660559,32.64262732423655],[-96.747892066404773,32.642730618131964],[-96.747776393561722,32.642783736500576],[-96.747038576688524,32.643139571908776],[-96.746806907649983,32.642800738867152],[-96.746654579613491,32.642598794931537],[-96.746476650856806,32.642403420679322],[-96.746278740848453,32.642222326743472],[-96.746062442263977,32.642056971426996],[-96.745829495217478,32.641908686140539],[-96.745581777902572,32.641778663549054],[-96.745321282171773,32.641667952720248],[-96.745050106400498,32.641577442791949],[-96.744770433094615,32.641507863560555],[-96.744484515255621,32.641459774467464],[-96.744194652959862,32.641433563367755],[-96.743903181750795,32.641429440955704],[-96.743809789335188,32.641432805531743],[-96.743578641024058,32.641443952349974],[-96.742913545822503,32.64147176825265],[-96.742290398774131,32.641497826723864],[-96.74166401651577,32.641524016643025],[-96.738875963255268,32.641640551301386],[-96.738654151815737,32.641656278836599],[-96.738366491185019,32.64169624409795],[-96.738084221489459,32.641757864295471],[-96.73780961659844,32.641840644103858],[-96.737544886662263,32.641943915941624],[-96.737292164050174,32.642066850592798],[-96.737053480993296,32.642208455984466],[-96.736830761807212,32.642367593308236],[-96.736625798293659,32.642542981177414],[-96.736440239917911,32.642733207208849],[-96.736275582900717,32.642936740491912],[-96.736133150818887,32.643151942132555],[-96.736014092202069,32.643377078745068],[-96.735919365268003,32.643610339369118],[-96.735860443946137,32.643806135792872],[-96.735815464610539,32.643982471445774],[-96.735804754095639,32.644026180072231],[-96.735793205614016,32.644077892400311],[-96.735755627619554,32.644255464245369],[-96.735737367497634,32.644351518358647],[-96.735707240093419,32.64453010432397],[-96.735693041273151,32.644626387513],[-96.735670371951471,32.644805989516385],[-96.7356601860768,32.644902898856415],[-96.735645061923279,32.64508283897397],[-96.735638939135015,32.645179944950748],[-96.735631347376966,32.645360225710057],[-96.735629745156544,32.645411933251104],[-96.735629286422807,32.645457485915422],[-96.735629239084261,32.645637881099631],[-96.735631248356441,32.645735143223661],[-96.735638745720308,32.645915427348832],[-96.735645402743913,32.646019286338571],[-96.735656663905701,32.646122747403467],[-96.73567250700107,32.646225606540362],[-96.735692900790795,32.646327660932982],[-96.735730955263975,32.64649855885159],[-96.735777800626906,32.646676340863443],[-96.735863219725843,32.646912161078575],[-96.735973281245464,32.647140552942403],[-96.736107099641728,32.64735967916689],[-96.736263596008286,32.647567774569126],[-96.736441512652291,32.64776316341878],[-96.736639414954041,32.647944272996909],[-96.736855710334027,32.648109644692283],[-96.737088658660284,32.648257946780298],[-96.737336381608358,32.648387986284888],[-96.737596887088117,32.648498713838372],[-96.737868076386206,32.648589240021401],[-96.738147766571075,32.648658834781735],[-96.738433704140249,32.648706938453905],[-96.738723588457802,32.648733162995512],[-96.739015083378689,32.648737297565319],[-96.739105190522011,32.648734093733147],[-96.739646793844727,32.648708462927054],[-96.740902740251499,32.650505268400032],[-96.740923464699833,32.650533764081082],[-96.741059357824412,32.650713305997996],[-96.741237291308536,32.650908687952786],[-96.741435210387152,32.651089789865779],[-96.74165152234589,32.651255153187527],[-96.741884486919105,32.651403446260808],[-96.742132225651631,32.651533476182173],[-96.742392746326161,32.651644193661099],[-96.742663950106973,32.651734709359268],[-96.742943653945929,32.651804293308949],[-96.743229604230621,32.651852385931761],[-96.74351950022259,32.651878599274276],[-96.7438110056829,32.65188272258537],[-96.744101775526602,32.651864722694022],[-96.744389466490261,32.651824744160429],[-96.74467176378657,32.651763109651988],[-96.744946392943945,32.651680314697821],[-96.745211143280656,32.651577027116915],[-96.745372439011319,32.651499811696446],[-96.745464323658041,32.651454709484987],[-96.745548851661297,32.651407564075107],[-96.745646183115554,32.651351573605631],[-96.745746685738624,32.651301497988655],[-96.745784371789611,32.651283181550603],[-96.745804133483347,32.651274769588241],[-96.745913833897745,32.651237011709227],[-96.746021908903046,32.651194826029496],[-96.746128179865238,32.651148282276509],[-96.746232471132146,32.651097457381098],[-96.747792167880831,32.650308988762141],[-96.747705520368768,32.651384473693525],[-96.747698451727246,32.651525544687537],[-96.747706671808601,32.651772091218994],[-96.747740983639488,32.652017022578541],[-96.747801108638612,32.652258364960844],[-96.747886565005118,32.652494176853594],[-96.747996664335133,32.652722558010439],[-96.748130520780407,32.652941671229485],[-96.748287055128031,32.653149751432856],[-96.748465009379444,32.65334512301223],[-96.748498778815687,32.653378402218443],[-96.748619620944183,32.653495581914456],[-96.748783791157877,32.653643392923485],[-96.749000123004848,32.653808743427611],[-96.749233106533296,32.653957022699437],[-96.749480863135389,32.654087037946915],[-96.749741400449821,32.654197739997471],[-96.750012619507018,32.65428823963709],[-96.750292337135733,32.654357807027331],[-96.750578299612513,32.654405882723239],[-96.750847147334483,32.65443092361042],[-96.751297491654654,32.654456878521771],[-96.751318550432941,32.654458033742507],[-96.751340900383155,32.654459133183224],[-96.751420129410718,32.654462798711236],[-96.751491831043055,32.654465444521939],[-96.751543561625709,32.654466869253305],[-96.75160036528132,32.65446801273437],[-96.751652116258242,32.65446867195628],[-96.751708732795663,32.654468975748053],[-96.75172940784951,32.654468934026795],[-96.751747134675753,32.654517841744628],[-96.751857246433602,32.654746219460414],[-96.751991115445122,32.654965328500587],[-96.752147662396155,32.65517340382079],[-96.752325629186672,32.655368769852124],[-96.752523580793053,32.655549854059608],[-96.752739924238853,32.655715198036212],[-96.752972919004975,32.655863470280352]]],[[[-96.590880019156799,32.659627779099758],[-96.591047437978929,32.659637359424742],[-96.591231666797157,32.659657599423809],[-96.591503477876486,32.65969784428215],[-96.591880592570163,32.659783680387115],[-96.592126356788171,32.659847595370003],[-96.592214974997859,32.659878459381616],[-96.592447834362048,32.659683019102914],[-96.592562441266168,32.659581381516944],[-96.592748342629477,32.659391370802673],[-96.592913358703782,32.659188028169162],[-96.59305616317792,32.658972991148531],[-96.593175604748666,32.658747991955373],[-96.593245515666112,32.658576628024591],[-96.593197017786764,32.658516126084699],[-96.593112977827715,32.658445920640403],[-96.592957272213198,32.658298799556455],[-96.591121218123249,32.656730268758871],[-96.590792530665539,32.656465073151345],[-96.58917186419626,32.656464483605134],[-96.591819930424947,32.654343612380508],[-96.591780142831396,32.654322663336281],[-96.591519802208083,32.654211630005243],[-96.591248745089487,32.65412078431423],[-96.59096915302429,32.654050858761998],[-96.590683278361695,32.654002415579811],[-96.59039342082923,32.653975845471251],[-96.590154707430116,32.653970532441804],[-96.587537249094737,32.653996505041199],[-96.587478456381731,32.653996370675365],[-96.587327689802493,32.653995207409231],[-96.587216090549759,32.653993626300064],[-96.586925282290437,32.654011258816276],[-96.586637513738197,32.654050872497407],[-96.586355099894959,32.654112147669757],[-96.586080315789246,32.654194591787295],[-96.585815373015748,32.654297539970514],[-96.585562405653178,32.65442016561019],[-96.58532344790639,32.654561479118492],[-96.585100426300244,32.654720344040136],[-96.58489513507098,32.65489548117985],[-96.584859230701952,32.654932175166344],[-96.586914421109952,32.656728568422089],[-96.588351089590475,32.65798393651842],[-96.590285593049387,32.65962228726962],[-96.590563826802352,32.659618818921125],[-96.590880019156799,32.659627779099758]]],[[[-96.646995948524946,32.662957553299258],[-96.647614601690108,32.663126004336796],[-96.649119495390195,32.661823509274939],[-96.648625060278832,32.661547560398837],[-96.646995948524946,32.662957553299258]]],[[[-96.610478685087884,32.665387586074274],[-96.610456099706596,32.665441961077036],[-96.610440163795857,32.665481652230881],[-96.610413035685909,32.665542600180757],[-96.610362280299469,32.665643931299876],[-96.610333048309116,32.665704272667959],[-96.610237967725041,32.665937437037762],[-96.610167979735337,32.666176871228579],[-96.610123645874879,32.666420649108886],[-96.610105325904712,32.66666680628461],[-96.610113165617037,32.666913361560155],[-96.610126320139756,32.667008312339782],[-96.610095662930831,32.667083490951576],[-96.610025673655002,32.667322925050357],[-96.609981338832341,32.66756670286771],[-96.609963018231667,32.66781286001028],[-96.609970857650239,32.668059415282535],[-96.610004796079991,32.668304384325275],[-96.610064557948448,32.668545793027263],[-96.610149664376593,32.668781699344571],[-96.61025942978074,32.669010202270385],[-96.610392970999229,32.669229463623104],[-96.610476272937888,32.66934560991308],[-96.610531161161163,32.669418040330001],[-96.610566324498151,32.669463448095584],[-96.610581765472801,32.669482965232682],[-96.610722324004371,32.669665464222682],[-96.610812585443654,32.669776344597899],[-96.610908215206464,32.669882629749686],[-96.61100897968717,32.669984060043269],[-96.611114632736943,32.670080387703379],[-96.611224916265115,32.670171377419521],[-96.611339560869595,32.670256806920811],[-96.611450941903541,32.670399448134233],[-96.611467893963962,32.670420938182694],[-96.611620936569324,32.670612983827247],[-96.611652684822872,32.670652090524051],[-96.611828728993871,32.670848568832596],[-96.611987407460106,32.671056495801245],[-96.612404336501072,32.671594838590288],[-96.612465086475567,32.67169457669597],[-96.612587948870328,32.671861664105784],[-96.61285760267404,32.672200684908269],[-96.612890990082164,32.672241848303223],[-96.612896696384922,32.672248127901383],[-96.612938251069693,32.672364389708399],[-96.612985535256541,32.672478441474141],[-96.613038431968107,32.672590001043446],[-96.613096810342014,32.67269879242663],[-96.613160525954726,32.672804546482304],[-96.613229421178815,32.672907001583177],[-96.613303325572829,32.673005904263327],[-96.613326212719926,32.673035402553502],[-96.613363878230416,32.673083941226913],[-96.614366848924405,32.674376422015108],[-96.615138337245298,32.675369617290521],[-96.6151914351682,32.675435852514475],[-96.615369141251279,32.675631414481401],[-96.615566858704526,32.675812716688966],[-96.615782996438185,32.675978298975842],[-96.616015815590515,32.676126827923305],[-96.616263438875166,32.676257108725977],[-96.616523875008696,32.676368090075847],[-96.616795025833142,32.676458880508939],[-96.617074708728737,32.676528747846007],[-96.617360670250434,32.676577130225354],[-96.617650609570958,32.676603637362156],[-96.617942190101346,32.676608056137745],[-96.618233066152868,32.676590351004279],[-96.6185208936066,32.676550664146305],[-96.618803356575569,32.676489315884417],[-96.619078179254558,32.676406799441509],[-96.619343149401871,32.676303780394662],[-96.619596132434552,32.676181086062471],[-96.619835093803715,32.676039706743332],[-96.620058106805104,32.675880779594657],[-96.620263377198583,32.67570558449269],[-96.620449253052286,32.67551553245211],[-96.620614235671127,32.675312153160299],[-96.620756999013949,32.675097084444133],[-96.620876392108656,32.674872058773673],[-96.620971454335816,32.674638886352945],[-96.620982185227902,32.67460216199585],[-96.621761410945354,32.673949698457577],[-96.621883733003742,32.673841539391944],[-96.622069601492015,32.673651484910472],[-96.622234576940741,32.673448103449218],[-96.622377333366458,32.673233032852565],[-96.622496719852791,32.673008005605588],[-96.622591775833499,32.672774831925125],[-96.622661735541328,32.672535390804391],[-96.622706038053053,32.672291608515827],[-96.622724324274401,32.672045449544051],[-96.622716449115444,32.671798895121931],[-96.622682474305606,32.671553929592235],[-96.62262267613275,32.671312526995379],[-96.622537534165801,32.671076629252809],[-96.622427734634925,32.670848137200274],[-96.622407111669091,32.670818816460702],[-96.622396057743046,32.670791198980702],[-96.622377053969274,32.670714478368645],[-96.622291913227414,32.670478580451451],[-96.622182115067176,32.670250088175685],[-96.622048543224636,32.670030839509714],[-96.621892274872039,32.669822600474518],[-96.621714566049917,32.669627047789348],[-96.621545964130718,32.6694704684407],[-96.620149624482011,32.668270024816643],[-96.620229830510851,32.668118848432862],[-96.620322659242134,32.667883625923253],[-96.620824513202905,32.667489854957793],[-96.620911515423174,32.667419550970003],[-96.621278146007327,32.667112095694677],[-96.621611876905448,32.666832245143112],[-96.621732597877454,32.666725420478045],[-96.621918451804092,32.666535366162982],[-96.622083414387106,32.666331984838635],[-96.622226159746376,32.666116914348237],[-96.622345537054798,32.665891887176159],[-96.622440585819987,32.665658713538477],[-96.622510540332655,32.665419272428181],[-96.622554839711356,32.665175490117548],[-96.622573124887168,32.664929331091443],[-96.622565250778379,32.664682776583177],[-96.622531279106084,32.664437810936207],[-96.622471486132696,32.664196408191813],[-96.622386351385273,32.66396051027273],[-96.622293371040456,32.663767003217018],[-96.622352413243576,32.66362215842512],[-96.622422366390609,32.663382717343787],[-96.622466664995997,32.663138935043527],[-96.622484949996945,32.662892776009208],[-96.622477076313302,32.66264622147412],[-96.622443105662583,32.662401255781973],[-96.622383314299057,32.662159852974469],[-96.622298181736809,32.661923954974796],[-96.622188394130248,32.661695462620564],[-96.622054835130683,32.661476213880974],[-96.621898581806633,32.661267974777459],[-96.621777160403454,32.661130501861386],[-96.620452995512494,32.659724982625605],[-96.620396726942317,32.659666902190686],[-96.620199035558016,32.659485607544269],[-96.61998292970911,32.659320032823125],[-96.619750147958044,32.659171511203226],[-96.619502567170088,32.659041237254883],[-96.619242178095206,32.658930262066974],[-96.618971078253892,32.658839476906863],[-96.618691449539085,32.658769613786156],[-96.618405544594793,32.658721234433116],[-96.618115663392473,32.658694729037997],[-96.617824141628418,32.658690310666223],[-96.617533324085016,32.658708014855947],[-96.617245553979828,32.658747699456335],[-96.616963146326952,32.658809044223041],[-96.616688376105415,32.658891556049547],[-96.616423454797797,32.658994569511201],[-96.616268953420132,32.659069510714119],[-96.616124775102634,32.6605204116835],[-96.616098901890282,32.660623111960632],[-96.616031625228089,32.660762419007035],[-96.615923677839646,32.660903964577415],[-96.615365421451017,32.661366580621248],[-96.613525319549552,32.662886499334242],[-96.610603304256657,32.665289146581294],[-96.610542641596837,32.665236451689715],[-96.610478685087884,32.665387586074274]]],[[[-96.939272702090165,32.684729407080688],[-96.939725576944056,32.68485464033909],[-96.939946874028749,32.684819402179038],[-96.940161715597455,32.684673118636624],[-96.94041479059301,32.684348727715033],[-96.940527916133149,32.68405460558381],[-96.940569696727863,32.683751780682393],[-96.939365383270356,32.683730737117607],[-96.939272702090165,32.684729407080688]]],[[[-96.602984688057148,32.674373880739267],[-96.602693816226434,32.674391550166689],[-96.602405988700852,32.674431200353716],[-96.602123520956525,32.674492511332815],[-96.601848688456357,32.674574990269626],[-96.601583703184289,32.674677972004304],[-96.601330699561828,32.674800629657454],[-96.601091712084809,32.67494197338366],[-96.600868667518327,32.675100866484094],[-96.600813251640076,32.675145111125751],[-96.600293452045349,32.675570503344112],[-96.600239347044464,32.67561585826639],[-96.600088453517941,32.675745937180771],[-96.599902533633525,32.675935958747097],[-96.599737502450068,32.676139310519076],[-96.599594686555832,32.676354355061818],[-96.599475237572307,32.67657936025617],[-96.599380116857063,32.676812516199575],[-96.599310091040977,32.677051944154456],[-96.599265721963107,32.677295718039197],[-96.599247369668419,32.677541873492252],[-96.599255180209326,32.677788429331677],[-96.59928909281021,32.678033401193801],[-96.599348832106728,32.678274814944501],[-96.599433919401619,32.678510728499482],[-96.599543669265358,32.678739240793618],[-96.599677198661496,32.678958513569839],[-96.599833431011618,32.679166780463753],[-96.600011110750415,32.679362364366916],[-96.600173120333466,32.679512054365482],[-96.60020865752557,32.679543812298739],[-96.600558980078318,32.67984726479694],[-96.600672583708629,32.679940588712526],[-96.600790291457173,32.680028679710773],[-96.600911862479521,32.680111357546757],[-96.601037048026555,32.680188453051521],[-96.601165591953333,32.680259808478269],[-96.601297231243322,32.680325277825077],[-96.601361696096518,32.680355643925886],[-96.601785404168737,32.680555182423866],[-96.601870340127689,32.680595179324719],[-96.6021203233595,32.680701249864676],[-96.602391472687131,32.680792071720639],[-96.602671157894065,32.680861971474314],[-96.602957125516539,32.680910387002889],[-96.603247074678322,32.680936927754821],[-96.603538668711096,32.680941380340428],[-96.603829561817463,32.680923708939929],[-96.60411740974115,32.680884055466052],[-96.60439989643028,32.680822739970836],[-96.604674745888644,32.680740255413092],[-96.604939745658768,32.680637267113191],[-96.605192760919408,32.680514602142139],[-96.605431756861819,32.680373250562106],[-96.605654806503551,32.680214349306901],[-96.605725819363471,32.68015726818647],[-96.606503495007061,32.679513013789297],[-96.606637788945406,32.679394922802828],[-96.606823701662549,32.679204891186203],[-96.606988722321105,32.679001530028799],[-96.60713152457366,32.678786477011677],[-96.607250957134696,32.678561464478364],[-96.607346059067282,32.678328302527213],[-96.607416064233718,32.678088870056968],[-96.607460411345343,32.677845093270662],[-96.607478740948267,32.677598936608412],[-96.60747090760357,32.677352381284685],[-96.607436972704022,32.677107411649288],[-96.60737721221615,32.676866001776006],[-96.607292105405477,32.676630093644761],[-96.607182338219104,32.676401588174912],[-96.607048794144106,32.676182323441012],[-96.606892550129089,32.675974065593699],[-96.606714862018507,32.675778491503344],[-96.606517162704932,32.675597175205837],[-96.606301043167122,32.675431576793592],[-96.606068242077555,32.675283029633114],[-96.60582063645785,32.675152728500791],[-96.605560217257263,32.675041724704009],[-96.605540680984475,32.675034372431703],[-96.604992871643944,32.674830031477924],[-96.604973648065609,32.674822922907076],[-96.604364175175832,32.674599540297123],[-96.604131802210105,32.674523183925473],[-96.60385213580723,32.674453287439938],[-96.603566188479164,32.674404873957286],[-96.603276260538138,32.674378333942201],[-96.602984688057148,32.674373880739267]]],[[[-96.671233821208332,32.680627201584699],[-96.671000928700451,32.680625901878557],[-96.670976032051016,32.680625858162401],[-96.670942262465928,32.680626365658227],[-96.669212436414924,32.680651264529025],[-96.669178669483699,32.68065190056457],[-96.668887790321293,32.680669724993869],[-96.668599972054793,32.680709528549585],[-96.668317530085119,32.680770990030418],[-96.668042739668394,32.680853615389587],[-96.667777812449032,32.680956738288735],[-96.667524882382963,32.681079530711436],[-96.667285983372054,32.681221001728517],[-96.667063041470584,32.681380013614834],[-96.666857850272692,32.681555285992857],[-96.666672061076341,32.681745407408769],[-96.666507171961115,32.681948847795411],[-96.666364508371487,32.682163969005487],[-96.6662470027496,32.682390284056019],[-96.666214496917448,32.682426616607856],[-96.666049605490144,32.682630056380525],[-96.665906939698715,32.682845177058049],[-96.665787649955732,32.683070245907523],[-96.665692696338098,32.683303452513989],[-96.665622844130425,32.683542917731508],[-96.665585104502071,32.683789697610315],[-96.665564888221354,32.683960649024748],[-96.665559560189692,32.684032831487428],[-96.665550384284046,32.684138573459165],[-96.665546406617764,32.684244638250696],[-96.665547636768494,32.684350770472768],[-96.665554071774238,32.684456714573749],[-96.665565696140362,32.684562215454996],[-96.665592683378762,32.684764975173337],[-96.665614876026652,32.684901030235039],[-96.665641344561891,32.685015444657694],[-96.665645740786545,32.685043600113282],[-96.665653255326731,32.685083804856085],[-96.665677350833789,32.685288971555046],[-96.665738672331884,32.685534911617154],[-96.665765772731191,32.685622770914129],[-96.665848249511413,32.68584952300543],[-96.665958179249046,32.686077976494019],[-96.66609188357215,32.686297177755648],[-96.666248284493122,32.686505361002411],[-96.66642612508906,32.686700849798115],[-96.666623971351456,32.686882070617877],[-96.666840231153031,32.687047563955389],[-96.667073164649111,32.687195997107501],[-96.667320893632876,32.687326176041346],[-96.667581425968692,32.68743705026808],[-96.667852662724826,32.687527729186705],[-96.668132420588918,32.687597481515667],[-96.668418445512359,32.687645746319959],[-96.668708436157175,32.687672134260687],[-96.669000055520996,32.687676433179817],[-96.669290957602641,32.687658608493678],[-96.669578798073161,32.687618803350297],[-96.669861260941346,32.68755733902205],[-96.670136070402279,32.687474709666915],[-96.670401014321541,32.687371581770819],[-96.670653976776109,32.687251771980044],[-96.67741623128434,32.6872236796615],[-96.677487936836584,32.687222678904348],[-96.677778835728361,32.687204834342147],[-96.678066670924579,32.68716500953154],[-96.678349126476519,32.687103525903026],[-96.678623926638153,32.687020877770138],[-96.678888859349996,32.686917731769952],[-96.679141790329098,32.686794916243961],[-96.679380685447668,32.686653422464936],[-96.679603618534074,32.686494388513395],[-96.679808795991988,32.686319095124809],[-96.679994566638456,32.686128954104689],[-96.680159432625047,32.685925495857909],[-96.680302068850281,32.685710358845959],[-96.68042132536624,32.685485276089395],[-96.680516242652217,32.685252058251606],[-96.680586056058786,32.685012584681573],[-96.680630205840174,32.684768781911934],[-96.680648442201104,32.684516556847328],[-96.680666134284323,32.68335868322076],[-96.680657881174199,32.683124249033703],[-96.680623742277646,32.682879299518866],[-96.680563779054765,32.682637924980533],[-96.680478472401802,32.682402067115319],[-96.680368509875933,32.682173626437354],[-96.680234776535571,32.681954440499737],[-96.680078350853677,32.681746274817762],[-96.679900490137101,32.681550805520885],[-96.679702628667599,32.681369605800015],[-96.679486358729406,32.681204134809406],[-96.679253420205654,32.681055724890498],[-96.679005691223551,32.680925569713068],[-96.678745163726802,32.680814719410961],[-96.678473936349022,32.680724064245567],[-96.678194192010295,32.680654335182368],[-96.677908184285215,32.680606092869624],[-96.677618213972622,32.680579726395123],[-96.677385291855856,32.68057452915113],[-96.671233821208332,32.680627201584699]]],[[[-96.623939969922688,32.686452838254553],[-96.623756336247126,32.686451276862641],[-96.62364834136487,32.686450627802813],[-96.623357434108655,32.686468345609093],[-96.623069576683847,32.686508043655408],[-96.622787084806859,32.68656940158936],[-96.622512234135087,32.686651926198167],[-96.622247236798643,32.68675495195442],[-96.621994227316719,32.686877651624144],[-96.621755240231451,32.687019035023994],[-96.62153220230563,32.687177965135341],[-96.621326907906322,32.687353162238296],[-96.621141009162415,32.687543215485043],[-96.620976005035047,32.687746595357964],[-96.620833221894557,32.687961664196173],[-96.620713811098781,32.688186689684798],[-96.620618733698265,32.688419861757843],[-96.620548755974951,32.688659301547624],[-96.620504439380852,32.688903082877729],[-96.620486111882613,32.689150838223881],[-96.620482373478907,32.689346421075065],[-96.620464005377784,32.690308360125186],[-96.620471972095743,32.690550117484513],[-96.62050594807512,32.69079508339756],[-96.620565753610293,32.691036486789855],[-96.620650909471436,32.691272385660156],[-96.620760729676519,32.691500879061579],[-96.620894330623116,32.691720128889109],[-96.621050635156436,32.691928368963445],[-96.62122838713006,32.692123922391609],[-96.621426153248706,32.692305215127554],[-96.621642342030853,32.692470787086364],[-96.621875214203968,32.692619304932244],[-96.622122892054406,32.692749573949463],[-96.62238338385967,32.692860542924841],[-96.62265459101333,32.692951320493968],[-96.622767062459388,32.69297940619915],[-96.622795175162921,32.690478473829401],[-96.623158808926163,32.690418103584015],[-96.623588948490308,32.69041601063185],[-96.627601706167937,32.69044364902927],[-96.627604568878212,32.69040509722516],[-96.627622467929314,32.689555910908709],[-96.627624846310454,32.689443179855452],[-96.627628901012059,32.689250770387979],[-96.627621010449872,32.689004229101435],[-96.627587015535909,32.688759265112779],[-96.627527192454579,32.688517865073415],[-96.627442020974769,32.68828197088439],[-96.627332187564562,32.688053483352647],[-96.627198576243927,32.687834240408371],[-96.627042264503203,32.687626008026598],[-96.62686450873187,32.687430462872939],[-96.62666674236722,32.687249178749951],[-96.626450556927892,32.687083615491204],[-96.626217691616716,32.686935106180393],[-96.625970023972428,32.686804845288677],[-96.62570954544357,32.686693883799997],[-96.625438354271012,32.686603112871303],[-96.625158633082776,32.686533264399806],[-96.624872635267636,32.68648489999574],[-96.624582661544196,32.68645840972907],[-96.624399077019376,32.686453055472704],[-96.623939969922688,32.686452838254553]]],[[[-96.637114592943931,32.698687923858273],[-96.637122953486369,32.69890353833371],[-96.637156978580506,32.699148499584126],[-96.637216834991577,32.699389894853226],[-96.63730204308068,32.699625782204954],[-96.637411916445018,32.699854260785187],[-96.637545571054403,32.700073492608183],[-96.637701929321622,32.700281711639839],[-96.637879734667777,32.70047724115625],[-96.638013087379491,32.700599435963973],[-96.638108565169489,32.700726579387343],[-96.638286372301323,32.700922108317165],[-96.638484192821863,32.701103373813424],[-96.638700434811582,32.701268916010299],[-96.638933358569574,32.701417401811604],[-96.639181085966655,32.701547636759891],[-96.63944162488113,32.701658569915899],[-96.639712876327607,32.701749310204029],[-96.63999265687589,32.701819125848573],[-96.640201971884338,32.701854490063596],[-96.640368215074162,32.701941884548127],[-96.640628756627706,32.702052815212525],[-96.640900010490853,32.702143552906989],[-96.641179793214008,32.702213365876879],[-96.641465850548002,32.702261692698656],[-96.641755880894237,32.702288143534432],[-96.64193451258329,32.702291916540467],[-96.641963750539958,32.70229258291257],[-96.642047548820855,32.702292721315757],[-96.642076721560997,32.702291711747691],[-96.64233858628991,32.702275725846341],[-96.642367363379421,32.702272873905208],[-96.642626799703933,32.702237060299687],[-96.642654727572662,32.702232119286222],[-96.642909863394493,32.702176669189257],[-96.642936681999856,32.702170340553799],[-96.643213068493154,32.702091216278532],[-96.643478087260533,32.701988145882453],[-96.643731110101029,32.701865402555704],[-96.643970102146582,32.701723976990586],[-96.644193136445026,32.701565006717466],[-96.644398418585098,32.701389771959406],[-96.64458429654097,32.701199684050238],[-96.644749271599821,32.700996272966471],[-96.644892017782198,32.700781176790485],[-96.645011384254218,32.700556128213677],[-96.645106410610509,32.700322937624378],[-96.645176331322773,32.700083484152046],[-96.645220585782198,32.699839694168119],[-96.645238815281147,32.699593532219559],[-96.645239245245222,32.699563952583063],[-96.645249895333095,32.69825759070747],[-96.645571207751345,32.698353176807949],[-96.646797953811117,32.698715295783217],[-96.64744984744037,32.698942866807151],[-96.647631495325044,32.699000970995193],[-96.647655666434488,32.699007922909779],[-96.649619245082874,32.699565368119281],[-96.64964519570853,32.699572632067628],[-96.651842068546443,32.700178930730537],[-96.652389755678342,32.700335379751863],[-96.652618242102463,32.700400646477974],[-96.652800202821751,32.700452624271108],[-96.653043745017143,32.700522190912068],[-96.653309817877656,32.700598193723046],[-96.65346382170425,32.70064218393054],[-96.65361782254034,32.700686171194469],[-96.653771795914494,32.700730152445253],[-96.653925810769167,32.700774146746674],[-96.654079822670866,32.700818136301159],[-96.654233803929998,32.700862118893411],[-96.65438779808251,32.700906104189826],[-96.654541800843987,32.700950093028801],[-96.654695802729009,32.700994079857509],[-96.654849790959247,32.701038063584413],[-96.655003805852772,32.701082054729625],[-96.655157799720186,32.701126038153703],[-96.655311784160986,32.701170020342609],[-96.655465792084527,32.70121400900068],[-96.655669140452375,32.701272088843972],[-96.655963810174782,32.701356250125308],[-96.656225296426825,32.701420749836949],[-96.656511359391047,32.701469042021344],[-96.656801391626502,32.701495457737991],[-96.657093055795571,32.701499784604877],[-96.657384005536628,32.701481987813551],[-96.657671896136605,32.701442210287283],[-96.657954411200862,32.701380773076224],[-96.658229274504023,32.701298170119813],[-96.658494273477984,32.701195067691465],[-96.658747273306474,32.701072293781621],[-96.658986239307112,32.700930839328556],[-96.65920924473734,32.700771842095399],[-96.659414495418446,32.70059658252228],[-96.659600339577835,32.700406472142674],[-96.659765278774955,32.700203041114264],[-96.65990798731913,32.699987927679757],[-96.660027314679681,32.699762864669715],[-96.660122300765906,32.699529662588496],[-96.66019218037404,32.699290200658204],[-96.660236393226015,32.699046405318114],[-96.660254580949385,32.698800241158565],[-96.660255002839051,32.698733267202165],[-96.660252757364034,32.698456257485049],[-96.66024435380362,32.698276679733695],[-96.660210265376051,32.698031724800522],[-96.660150347395657,32.697790340597116],[-96.660065080394503,32.697554468897515],[-96.65995515161049,32.69732601032743],[-96.659821445830588,32.697106802584017],[-96.659665041306226,32.696898611358321],[-96.659487195173483,32.696703112985212],[-96.659289341597287,32.696521880890124],[-96.659073072798236,32.69635637448782],[-96.65884012865007,32.696207926404639],[-96.658592387326109,32.696077730618086],[-96.65833184086857,32.695966837588593],[-96.658060588064231,32.695876137921751],[-96.658013409966841,32.695862738842884],[-96.656728763030273,32.695507113350466],[-96.656483394073575,32.695439185343908],[-96.656324827293929,32.695395288878679],[-96.656015388809195,32.695309623627963],[-96.654919460434357,32.694983425049543],[-96.654898761177037,32.694977330651383],[-96.654793534374448,32.69494836713406],[-96.654727556367163,32.694931251086729],[-96.653821549129233,32.694696195081825],[-96.653061699006187,32.694499048271865],[-96.652951675807813,32.69439825389329],[-96.652735423987352,32.694232736441002],[-96.652502495999443,32.694084276459137],[-96.652254769887236,32.69395406802105],[-96.651994237570406,32.693843161688967],[-96.651722997722231,32.693752448175537],[-96.651492611064185,32.693694976629665],[-96.651485078281951,32.693682624064074],[-96.651328699324353,32.693474422307716],[-96.651150878393778,32.693278911967539],[-96.650953049452099,32.693097666565492],[-96.650736804521699,32.692932145623345],[-96.650503883284244,32.692783681884471],[-96.650256163728514,32.692653469452615],[-96.649995637721375,32.692542558921971],[-96.649786885829229,32.692470648496112],[-96.649568910399466,32.692402911682407],[-96.649506428549316,32.692384104115781],[-96.649462937830677,32.692371724471499],[-96.649382542968979,32.692349372274741],[-96.649216366101697,32.692303165072126],[-96.645851225375111,32.691367234356363],[-96.645614698730597,32.691309739480452],[-96.645328674406358,32.691261422182933],[-96.645038678996855,32.691234979671755],[-96.644747049118536,32.691230624505906],[-96.644456130423109,32.691248391715007],[-96.644254182822181,32.691276276110003],[-96.64399297591838,32.691103441160671],[-96.643978125537757,32.691093672938869],[-96.643284380376329,32.690640101560746],[-96.641563147017891,32.689525402835997],[-96.6411805099048,32.689278406029779],[-96.641046616886769,32.689196448123269],[-96.640798921196975,32.689066216811185],[-96.64053841751813,32.688955286428879],[-96.640267204293195,32.688864547882922],[-96.639987464327888,32.688794732809754],[-96.639701451162026,32.688746402550613],[-96.639411465637806,32.688719946900747],[-96.639119844292011,32.688715578524921],[-96.638828932707725,32.688733332559075],[-96.63854107486047,32.688773066450757],[-96.63825858646976,32.688834459559061],[-96.637983743165321,32.688917018387983],[-96.637718757017552,32.689020077134693],[-96.637465762456145,32.689142808299415],[-96.637226793902741,32.689284221445646],[-96.637003777971074,32.68944317931475],[-96.636798508851214,32.689618401963671],[-96.636624461045429,32.689795302158842],[-96.636440395398324,32.689999171081936],[-96.636428572766931,32.690012347244426],[-96.636263599054374,32.690215747395449],[-96.636120848957759,32.690430833775693],[-96.636001473568783,32.690655873928733],[-96.635906433653261,32.690889057670624],[-96.635836495191157,32.691128506039639],[-96.635792219318631,32.691372292790497],[-96.635773965330046,32.691618453457153],[-96.635781878486398,32.691865006816172],[-96.635815897186532,32.692109968523255],[-96.635875745210782,32.692351364526758],[-96.635960942987509,32.692587252884579],[-96.636070804196862,32.692815732734623],[-96.636204444906554,32.693034966080816],[-96.636360787641436,32.693243186876764],[-96.636538575947441,32.693438718384456],[-96.636736376236755,32.693619986734554],[-96.636937736699593,32.693774154630937],[-96.637460497205097,32.694064707691048],[-96.637454888611856,32.694111813262829],[-96.638311062041808,32.69466198904383],[-96.638341662893538,32.694683060129336],[-96.638175244015713,32.694801673154672],[-96.637969964824279,32.694976897691461],[-96.637784085736058,32.695166975767471],[-96.637619105554236,32.695370377665029],[-96.637476350456282,32.695585465546095],[-96.63735697157415,32.695810506942266],[-96.637261929701964,32.696043691659476],[-96.637191990835319,32.696283140728241],[-96.637178787957538,32.696355837375563],[-96.637166198454679,32.696441552192184],[-96.637130355666102,32.69676107892635],[-96.637129464822081,32.696773088698045],[-96.637129021799765,32.696804027409307],[-96.637114592943931,32.698687923858273]]],[[[-96.894273715927923,32.699157733788326],[-96.894475827498198,32.699341466585508],[-96.894743363604448,32.699656748473636],[-96.894756290468266,32.699672117423155],[-96.894810185610652,32.699734132863775],[-96.894928371419411,32.699875972070643],[-96.895093879356907,32.700055784663455],[-96.895292221420505,32.700236640752387],[-96.895508939261035,32.700401735513026],[-96.89574228934481,32.700549739448832],[-96.895990390112559,32.700679461987697],[-96.896251246428861,32.700789856311133],[-96.896522756758074,32.700880035684314],[-96.896802735581716,32.700949272846813],[-96.896827981857868,32.700953563482251],[-96.896833835216356,32.701120614775164],[-96.896868577288842,32.701365504125064],[-96.896929140821456,32.701606773509582],[-96.897015040486451,32.701842482001247],[-96.897125584307702,32.702070730186882],[-96.897259882860922,32.702289681934467],[-96.897416853370956,32.702497573467951],[-96.897481571318934,32.702572628405683],[-96.897505816928856,32.702599771544271],[-96.897548721545476,32.702647800362143],[-96.897612721706395,32.702719431289374],[-96.897634097946167,32.702778085761672],[-96.897744644522604,32.703006333384984],[-96.897878946016448,32.703225284452337],[-96.898035919628853,32.703433175193197],[-96.898108829910598,32.70351735915532],[-96.898547840723793,32.704004212601511],[-96.898615483412456,32.704110654922182],[-96.898688051001386,32.704213802612401],[-96.898765383307477,32.704313427987657],[-96.898847309630185,32.704409311138463],[-96.898933649128253,32.704501240415802],[-96.899024211219015,32.704589012898268],[-96.899118795998916,32.704672434840049],[-96.900150329431355,32.70555486415045],[-96.900460957963602,32.705892948345117],[-96.900549367523297,32.705985176157036],[-96.900641749953522,32.706073424137898],[-96.900737926272029,32.706157521315582],[-96.900837710146334,32.706237304759782],[-96.900940908254611,32.706312619897609],[-96.901516635123599,32.706937676410355],[-96.901684999630504,32.707121161231875],[-96.901700196708276,32.707137006882725],[-96.901725537653135,32.707237927868285],[-96.901811455492933,32.70747363297118],[-96.901922018648648,32.707701876818867],[-96.902056337540444,32.707920823314311],[-96.902213329229269,32.708128708723777],[-96.902245036305004,32.708166139465348],[-96.903544578380533,32.709675128006147],[-96.903595434047915,32.70973829994788],[-96.903623898415916,32.709782715530118],[-96.90371049021762,32.709892253480447],[-96.903771703401802,32.709957647262932],[-96.903822116477897,32.710019167413357],[-96.903884989439163,32.710083572306992],[-96.903900257839652,32.710102028752694],[-96.903920092673999,32.710126871739057],[-96.903980587482565,32.710225475676332],[-96.904045672850472,32.710321111721804],[-96.904115203447873,32.71041356632869],[-96.904189024019132,32.710502633054062],[-96.904273500335819,32.710600253384236],[-96.904312353748267,32.71064652759771],[-96.904482932307403,32.710832303388536],[-96.904681317555571,32.711013144381347],[-96.904898079144203,32.71117822266649],[-96.905131473187495,32.711326208880031],[-96.905379617771899,32.711455912592747],[-96.905640517409196,32.711566287137536],[-96.905912070215109,32.711656445938978],[-96.906008093945573,32.711682790925039],[-96.906878864840763,32.711909123680051],[-96.907062862113378,32.711951993367322],[-96.90708625620951,32.711956670302399],[-96.907216672735416,32.712022700898899],[-96.907349862203446,32.712082942707553],[-96.907485567819407,32.712137279579942],[-96.907623527937872,32.712185606752584],[-96.907763476566672,32.712227831048914],[-96.915553350244124,32.714427682508337],[-96.915574405996693,32.714433661953635],[-96.916187995756147,32.714606978629348],[-96.916447156262734,32.714670207939896],[-96.916733402523946,32.714717900821327],[-96.917023554535149,32.71474370900512],[-96.917315273994888,32.714747425005271],[-96.917606214096438,32.714729018927557],[-96.917894030203286,32.714688638605502],[-96.918176406523173,32.714626609939231],[-96.918451067945867,32.714543431633594],[-96.918715803532763,32.714439774593465],[-96.918968480582407,32.714316471277073],[-96.919207067019428,32.714174516880256],[-96.919415288917136,32.714024095493393],[-96.919870219032958,32.713788406954187],[-96.920824320492756,32.713342068035963],[-96.920993044523797,32.713265646034287],[-96.921144434742928,32.713201484318219],[-96.921316854685841,32.71313329466652],[-96.922155800829685,32.712817804064677],[-96.922264019594138,32.712777469863724],[-96.922576990447141,32.712662454113186],[-96.922601914026473,32.712652790778996],[-96.922951241202298,32.712515838267059],[-96.923069323711147,32.712467068448156],[-96.923284010558405,32.712373798902604],[-96.923389355122183,32.712325719460118],[-96.92359390170715,32.712228199852269],[-96.923702668799095,32.712173964678541],[-96.923902584074668,32.712069801807147],[-96.923946949189229,32.712046266167377],[-96.924008749252408,32.712012051957885],[-96.92420372839949,32.711901407043371],[-96.924311363693107,32.711837621000811],[-96.924622140957553,32.711645414973439],[-96.924645957277988,32.711630543946093],[-96.924877686177169,32.711484468441867],[-96.924923005970143,32.711455375211578],[-96.925145561027577,32.711295901266276],[-96.925350310595576,32.711120203044104],[-96.925535606938467,32.710929695608542],[-96.92569995602544,32.71072591231885],[-96.925842036919093,32.710510494248872],[-96.925960704145368,32.710285176685048],[-96.926055002924613,32.710051772180101],[-96.9261241735921,32.709812161586648],[-96.926167661573757,32.709568272535876],[-96.926179918643953,32.709441585503846],[-96.926239381408294,32.708583114658424],[-96.926404050284859,32.708546928235741],[-96.9266786852004,32.708463731716535],[-96.926943393062544,32.708360057113005],[-96.927196041393032,32.708236737025004],[-96.92743459834783,32.708094766783198],[-96.927657140474764,32.70793528830955],[-96.927740641910319,32.707867405000862],[-96.927805889054156,32.707812437025495],[-96.927927124316753,32.707704617876587],[-96.928112408006811,32.70751410656213],[-96.928276744861407,32.707310319825353],[-96.928418814041564,32.70709489876792],[-96.928537470167512,32.706869578700434],[-96.928631758549059,32.706636172195545],[-96.928700919605134,32.706396560122194],[-96.928744398838916,32.706152670123309],[-96.928761843789943,32.705906467556652],[-96.928762188248044,32.705874696408223],[-96.928768536417437,32.704295003446404],[-96.928776651996543,32.702276692485903],[-96.928767579250575,32.702061924613709],[-96.928732748961195,32.701817044203743],[-96.928672098901274,32.70157579033534],[-96.928586115491555,32.701340103737067],[-96.928475491742091,32.701111883542914],[-96.928341118029678,32.700892965531338],[-96.92818407798508,32.700685113056856],[-96.928005633860877,32.700489999731715],[-96.927807224633909,32.700309195876173],[-96.927590446998522,32.700144157458723],[-96.927357044924648,32.699996213340825],[-96.927108900268024,32.699866553436763],[-96.926848008324043,32.69975622389785],[-96.926576470653899,32.699666110790751],[-96.926296472678231,32.699596940718052],[-96.926010270011489,32.699549269825177],[-96.925720165022994,32.699523482602935],[-96.925556397003987,32.699518681687159],[-96.924842495706613,32.699512972213675],[-96.924787565801466,32.699512531907452],[-96.924647330960866,32.699511409467725],[-96.924589873299908,32.699510952354096],[-96.924468655928479,32.69950998067447],[-96.924397875124086,32.699509414037919],[-96.924289820950364,32.6995085486937],[-96.924092499638974,32.699506970350832],[-96.923989138249354,32.699506141723653],[-96.923785135098257,32.699504508794725],[-96.923667358398575,32.699503563750987],[-96.923754128595107,32.699288783843713],[-96.923823297087893,32.699049174390183],[-96.923866786117628,32.698805286001424],[-96.923884243144911,32.6985590840222],[-96.923884513561845,32.698496777416103],[-96.923870993310615,32.697051469529491],[-96.923869473208555,32.696989200630973],[-96.923869187495839,32.696982279280114],[-96.923865848294326,32.69680492305983],[-96.923869146638978,32.69668120074229],[-96.923865720476797,32.696562363141162],[-96.923856047464753,32.696443870327592],[-96.923840154390575,32.696326050447169],[-96.923818085267442,32.6962092297819],[-96.92378990121199,32.696093731846645],[-96.92375568027515,32.695979876493183],[-96.923715517225972,32.695867979024449],[-96.923710963156452,32.695347199510401],[-96.923710405566169,32.695312744500974],[-96.923700485994459,32.694891941473145],[-96.923690710165715,32.694477108263293],[-96.923680451170469,32.694041844028931],[-96.923669798721221,32.693589869425395],[-96.923664661244302,32.693471918254943],[-96.92365304364111,32.693354428240148],[-96.923634981087915,32.693237755122205],[-96.923610528275276,32.693122252168848],[-96.923579759242429,32.693008269104766],[-96.923749633834845,32.692862471874868],[-96.923934895526813,32.692671966638954],[-96.924099214507478,32.692468185266236],[-96.924241270081367,32.692252768815273],[-96.924359916978517,32.692027452559508],[-96.924454200582815,32.691794049040951],[-96.92452336135176,32.691554439104522],[-96.924566844790462,32.691310550376102],[-96.924584298404753,32.691064348203042],[-96.924584530232039,32.691048089522972],[-96.92462344400316,32.687424395220312],[-96.924614497842001,32.687194119819374],[-96.924579684829524,32.686949238057522],[-96.924519056197994,32.6867079819772],[-96.924433098196005,32.686472292324858],[-96.924322503628815,32.686244068258915],[-96.924188162638416,32.686025145589007],[-96.924031158591731,32.685817287707337],[-96.923852753451868,32.685622168269454],[-96.923654385881434,32.685441357644926],[-96.923437652239556,32.685276311856697],[-96.923204296142174,32.685128359825569],[-96.922956199074463,32.684998691529493],[-96.922695355949045,32.684888353187318],[-96.922423867934029,32.684798230936501],[-96.922143920050388,32.684729051453438],[-96.921857767509053,32.684681370959083],[-96.921567712276286,32.684655574021647],[-96.921409138339897,32.684650812542557],[-96.92104462986822,32.684649033341607],[-96.920886020481575,32.684645907730086],[-96.920753002576205,32.68464581214301],[-96.920362913279675,32.684641004457177],[-96.919839817896545,32.684636097327257],[-96.919316717239838,32.684631187926797],[-96.918793619855876,32.684626275462627],[-96.918270515065842,32.684621360700753],[-96.917747404986315,32.684616444569862],[-96.917224306677582,32.684611527287359],[-96.916963693802018,32.684609075693366],[-96.916701211673754,32.684606605137709],[-96.916178093221802,32.684601683191495],[-96.915655001484538,32.684596759382373],[-96.915131906638649,32.684591831526319],[-96.914608802254349,32.684586901345149],[-96.914475762842258,32.684587949612947],[-96.914184920799158,32.684606348391085],[-96.913897200463296,32.684646720187104],[-96.913614916445226,32.68470873922859],[-96.913340342732013,32.684791906977011],[-96.913298983006513,32.684808104806443],[-96.913279495744291,32.68479985944024],[-96.913008017552457,32.68470971661155],[-96.912728077280889,32.684640515909351],[-96.912441930079325,32.684592813725601],[-96.912151877870969,32.684566994802978],[-96.911942682009098,32.684562075588829],[-96.911703458105691,32.68456296556738],[-96.911725424163095,32.683871832049888],[-96.911726225571527,32.68383953454488],[-96.911726569196944,32.683786492389018],[-96.911725928157423,32.683656933000066],[-96.911725498702836,32.683569524038923],[-96.91172210623202,32.682881499857622],[-96.911719217389376,32.682295528275006],[-96.911715196861067,32.682169836398003],[-96.911708307436911,32.682053215445954],[-96.911650561591145,32.681075816122522],[-96.911646367724487,32.680224777186126],[-96.911644800864607,32.679943964387711],[-96.911635788086159,32.679751965163781],[-96.911608031498574,32.679556500064137],[-96.911609691743564,32.679463522281054],[-96.911611589741469,32.679356053646167],[-96.911611879493023,32.679333346045361],[-96.911615043726641,32.678932271882914],[-96.911619511853516,32.678723520469092],[-96.911625682608729,32.678324517676636],[-96.911654986509475,32.678210938980904],[-96.911678174071696,32.678095955609578],[-96.911695178924319,32.677979896686139],[-96.911705952393362,32.677863094412672],[-96.911710463641342,32.677745883118995],[-96.911714178171863,32.677444397219688],[-96.911714351986816,32.677413975796071],[-96.911714136471787,32.677153484321465],[-96.911705087940277,32.676950428853665],[-96.911670314522041,32.676705543356164],[-96.911609727934263,32.676464280859449],[-96.911607034084071,32.676456889427556],[-96.908791542280269,32.676469953859758],[-96.908687702150488,32.676470433654195],[-96.908471120883775,32.676455894828877],[-96.908380341035013,32.676454595368114],[-96.908395772958329,32.675669564626254],[-96.908397064434666,32.675603784096374],[-96.905674462169202,32.675585319117857],[-96.905813427186914,32.676497003593305],[-96.902225567231156,32.676518582029004],[-96.902225388877298,32.676521087082406],[-96.902234040056641,32.67676762285712],[-96.902254034097041,32.676929402860111],[-96.902287165875165,32.67713688096125],[-96.902292084259813,32.677168307721438],[-96.902295472671327,32.677189515848127],[-96.902342225980675,32.677468934308592],[-96.902353945800797,32.677579129662149],[-96.902368053537742,32.677687596977975],[-96.902397791162187,32.677880855843995],[-96.90241997689111,32.678043250245778],[-96.902429029533664,32.678103640432333],[-96.90244868261972,32.678224044766004],[-96.902456934967503,32.678271534364463],[-96.902479012727127,32.678391313277153],[-96.902484004143489,32.678417559414534],[-96.902488242234185,32.678438669329132],[-96.902502831270098,32.67850965255564],[-96.902512707160739,32.678557715007557],[-96.902520483992319,32.678594111138295],[-96.90254711471195,32.678714119055876],[-96.902553015639924,32.678740020627281],[-96.902607800127313,32.678974465902783],[-96.902642323663827,32.679105338856552],[-96.902668530990269,32.679194403516313],[-96.902676678754887,32.679221504671659],[-96.902682791025185,32.679241112625306],[-96.902710833043358,32.679329744495384],[-96.902726015509373,32.679376102887623],[-96.902750094248304,32.679447200895993],[-96.902768757284733,32.679500282783756],[-96.90282314558479,32.679649455004117],[-96.902853036900467,32.679727301966068],[-96.902912653447217,32.679875039667195],[-96.902928698075698,32.679913849194435],[-96.902945282367696,32.679952123602199],[-96.903010075202388,32.680098293521425],[-96.903045380350207,32.680174470228081],[-96.903115288885147,32.680318944402472],[-96.903173931652674,32.68043273638078],[-96.903247405189148,32.680558434968177],[-96.903278214263551,32.680607923614545],[-96.903318795563933,32.680677162822406],[-96.903353725480514,32.68074131197131],[-96.903363772060089,32.680762589412303],[-96.903390526465557,32.680844898308351],[-96.903447845528518,32.681011615127538],[-96.903363044027941,32.681043659050204],[-96.903233360281362,32.681045130682818],[-96.902725407354197,32.68105089295404],[-96.902265239338988,32.681051220424798],[-96.902239370241475,32.681051322391589],[-96.901991059784578,32.681053140932441],[-96.90074950411659,32.681062227953454],[-96.900684097955221,32.681063263615108],[-96.900252513480055,32.681073768203099],[-96.899794430246644,32.681076575625013],[-96.89964916082738,32.68107745940803],[-96.899291157609468,32.681076408006909],[-96.899237909098915,32.681076620094132],[-96.89875261142133,32.681081917613589],[-96.898615553319488,32.68108288710291],[-96.898577871402011,32.681083492610519],[-96.898562645592477,32.681082948163322],[-96.898425517381185,32.681080115831492],[-96.898302105242507,32.68108269046315],[-96.898178745138694,32.681087102887062],[-96.897996404441969,32.681085774063753],[-96.897936092002482,32.681085254119736],[-96.897871465754548,32.681084493610378],[-96.897786074216711,32.681082964645789],[-96.897501022649294,32.681084708848999],[-96.897420234743009,32.680862979237581],[-96.897309716552087,32.680634731068992],[-96.897175450609609,32.680415779135181],[-96.897018519678028,32.68020788706427],[-96.896840185131893,32.680012728786664],[-96.896641885065605,32.679831874985105],[-96.896425215294784,32.679666782030075],[-96.896191918921289,32.679518779221681],[-96.895943876949772,32.679389056947329],[-96.89568308384878,32.679278661859975],[-96.895411640384381,32.679188480554089],[-96.895131731218612,32.67911924018135],[-96.894845611250929,32.679071497453258],[-96.894555582185248,32.679045637438598],[-96.894530172754557,32.679044941923038],[-96.894530092804828,32.679035320962136],[-96.89452746555348,32.678716803003475],[-96.894524858048499,32.678400439090979],[-96.894522215894284,32.678082629842372],[-96.894519596588907,32.677765209613639],[-96.894517809370896,32.677549689659898],[-96.894517463567539,32.677507216264644],[-96.894516890085328,32.677438275653572],[-96.89451439173618,32.677135821712078],[-96.894518017353192,32.676762935356848],[-96.894510247796035,32.676564633371463],[-96.89294133359887,32.676573939074707],[-96.892857397428415,32.676574435885911],[-96.892830321152204,32.674323939726484],[-96.892574813866091,32.674215768158248],[-96.892303389023752,32.674125580039124],[-96.892023498229975,32.674056332646117],[-96.891737396236081,32.674008582747483],[-96.891447384601406,32.673982715469585],[-96.891254165201687,32.673977737999344],[-96.888982916175735,32.673976364241639],[-96.888884551016531,32.673977563180131],[-96.888815958182064,32.673981888314437],[-96.888681479781354,32.67396040510566],[-96.888546280568477,32.673944060646207],[-96.88841055683497,32.673932878666093],[-96.888274505633902,32.673926875400085],[-96.888138324493767,32.673926059564145],[-96.887682041505968,32.673930939481892],[-96.887517458279177,32.673916254326606],[-96.887243667736286,32.673912065367745],[-96.886347322777482,32.67393032001074],[-96.886276608983806,32.673934692851354],[-96.886196476804741,32.673933431604702],[-96.885592821717495,32.673945184455256],[-96.885571618171184,32.673945624970017],[-96.88513494473834,32.673954075830537],[-96.8847409933676,32.67396173690689],[-96.884348592042628,32.673969360978873],[-96.884247323199432,32.673970830519195],[-96.884146215566872,32.673976728382129],[-96.884045462695525,32.673987043277378],[-96.883945257456844,32.674001755459109],[-96.883561422838198,32.674010338128987],[-96.883170855836823,32.674018285404877],[-96.88276942767466,32.674026460721059],[-96.88246971949944,32.674044986017904],[-96.88238736113972,32.674056522322452],[-96.881478610123494,32.674057554616525],[-96.881481080752692,32.673809836621501],[-96.881483908424642,32.673531513694471],[-96.88148655326755,32.673268611325213],[-96.881486314443109,32.673204217874051],[-96.881482481186836,32.672954419050662],[-96.881483750454905,32.67270720128996],[-96.881485179000379,32.672427356605034],[-96.881476229911968,32.672211302527266],[-96.881441541661914,32.671966408524639],[-96.88138104038714,32.671725131241594],[-96.881295211312036,32.671489411594585],[-96.881184746203004,32.671261148983895],[-96.881050534160636,32.671042179529302],[-96.880893657513099,32.670834267000274],[-96.880715377198172,32.670639085491565],[-96.880517130873471,32.670458205873281],[-96.880300513922066,32.670293084723646],[-96.880067269020728,32.670145051569548],[-96.879819276759648,32.670015297043129],[-96.879767853912043,32.669991531456063],[-96.879444775214196,32.669845398877698],[-96.879258574534006,32.669646326464857],[-96.879103116582556,32.669480134291156],[-96.878996035130854,32.669374298362655],[-96.878885595168356,32.66927197194503],[-96.8787719116592,32.66917326155648],[-96.878697531055153,32.66904701920982],[-96.878540663435857,32.66883910369058],[-96.878362392292459,32.668643918787339],[-96.878164155208964,32.668463035397608],[-96.877947547493889,32.668297910129873],[-96.877714311749685,32.668149872544276],[-96.877466328492872,32.668020113308508],[-96.877376232592809,32.667981953570006],[-96.87737349995281,32.666700882547751],[-96.877364535884425,32.666501758765733],[-96.877329861194937,32.666256863553627],[-96.877269374971874,32.666015584207571],[-96.877183562318621,32.665779861660646],[-96.877073114869333,32.665551595336382],[-96.876938921582422,32.665332621384593],[-96.876782064634938,32.665124703610928],[-96.876603804806109,32.664929516152299],[-96.876405579588706,32.664748629926713],[-96.876188984195721,32.664583501565637],[-96.87595576113047,32.664435460654047],[-96.875707790807255,32.664305697886441],[-96.875447067117889,32.664195260241378],[-96.875175690269856,32.66410503465616],[-96.874895844388874,32.66403574863876],[-96.874609783864855,32.663987959268447],[-96.87431980992335,32.663962051989166],[-96.874214473604511,32.663958116957048],[-96.872898099405731,32.663927027522746],[-96.87280141645121,32.663929295388087],[-96.872711889523899,32.66392939310893],[-96.869307529320324,32.663935648999683],[-96.869167557332972,32.663908967290716],[-96.869026667654452,32.66388765604205],[-96.868885066261626,32.663871746410145],[-96.868742960171915,32.663861261654446],[-96.868600557140553,32.66385621710338],[-96.866883189021792,32.663827032537498],[-96.866722579060564,32.663827660377493],[-96.86643179510807,32.663845947368749],[-96.866144120325558,32.663886208596587],[-96.865861868957722,32.663948119177903],[-96.865587314728003,32.664031181448053],[-96.865322667377271,32.664134725552366],[-96.865070058613554,32.664257920081567],[-96.864831519747781,32.664399770873025],[-96.864608973937464,32.664559137139911],[-96.864404211588294,32.664734735653468],[-96.864235105067849,32.664907026214564],[-96.86414355722809,32.665008434619772],[-96.861123790502717,32.668262070676789],[-96.861085226541576,32.66830446294459],[-96.860899411124805,32.668512885386718],[-96.860829503164311,32.668512963627776],[-96.860759638213693,32.668515416735168],[-96.860558610521693,32.668525033916573],[-96.860449361798473,32.668525163758098],[-96.860255252307468,32.668537211386315],[-96.860140001402911,32.668546112342199],[-96.859946520888371,32.668563997867047],[-96.859913683287871,32.668567176445542],[-96.859878859373808,32.668570860921967],[-96.859760244461143,32.668583959777258],[-96.859626992819784,32.668601058264855],[-96.859509121235376,32.668618305654533],[-96.85938320617548,32.668638908282709],[-96.859259983644236,32.668661410644368],[-96.85912888193414,32.668687781782864],[-96.859035012231445,32.668708835409504],[-96.859013235259098,32.668713648079397],[-96.85896353493456,32.668724430541417],[-96.858932326454678,32.668731022545956],[-96.858909969543134,32.668734845333205],[-96.85878170117229,32.668763450648697],[-96.858657876484969,32.668793363733734],[-96.858594528561355,32.668809258204377],[-96.858531086582474,32.668826375318496],[-96.85841151475563,32.668859781624981],[-96.858281483111412,32.668895904156187],[-96.858098510224266,32.66894673251327],[-96.858002095700655,32.66897494190642],[-96.857917015417456,32.669000022572725],[-96.857869598548632,32.669012322976883],[-96.857792368035646,32.669029700246455],[-96.857726662906359,32.669043359694498],[-96.857682047767142,32.669052343701217],[-96.857612978925616,32.6690616437755],[-96.857571280967775,32.669066028597364],[-96.857518502996868,32.66907045627535],[-96.857465549807131,32.669073229278062],[-96.857345217095855,32.669075769481708],[-96.85727636184356,32.669077955065546],[-96.857099393692337,32.669085180019181],[-96.856870252497785,32.669101423735576],[-96.856582556369489,32.669141662806716],[-96.85630028164708,32.669203551643811],[-96.856025702241936,32.669286592757516],[-96.85576102809776,32.669390116463184],[-96.85550839113796,32.669513291516054],[-96.855269822900567,32.669655123909983],[-96.855047246779648,32.669814473006511],[-96.854842453424823,32.669990055715033],[-96.854657090931013,32.670180458084495],[-96.854492653943964,32.670384147782272],[-96.854350464268251,32.670599484656975],[-96.85423166848193,32.67082473423234],[-96.854137222688877,32.671058084638943],[-96.854067888082056,32.671297655571863],[-96.854024220940516,32.671541519802346],[-96.854006575652988,32.671787712235762],[-96.85400617691657,32.671830820119389],[-96.854006216310381,32.674007686925812],[-96.854015132194064,32.674211118182328],[-96.854049745726115,32.674456019811373],[-96.854110174639757,32.674697310369623],[-96.854195934689585,32.674933048759968],[-96.854306335024347,32.675161335328326],[-96.854440487374347,32.675380333633854],[-96.854589020795927,32.675577287923609],[-96.854459038553159,32.675738288480126],[-96.854316840227554,32.67595362526442],[-96.854198037197278,32.67617887475312],[-96.854103585624571,32.676412225077598],[-96.854034246748895,32.676651795933637],[-96.853990576883547,32.676895660093059],[-96.853973114234719,32.677137803427769],[-96.853966024286791,32.677575323213333],[-96.853965932772866,32.6775927527001],[-96.85395976928416,32.677731843329738],[-96.853958221677104,32.677757295127442],[-96.853966739043898,32.678003834223659],[-96.85400135392014,32.678248735823459],[-96.854047933021832,32.678434718640716],[-96.854013815763622,32.6785440284389],[-96.853985149677968,32.678654892656851],[-96.853962005009009,32.678767039630003],[-96.853944438471046,32.678880194550494],[-96.853932493109568,32.678994080140569],[-96.853926198195808,32.679108417332017],[-96.853903842474352,32.679845521848762],[-96.853903029833575,32.67994990869429],[-96.853906889955809,32.680054227308929],[-96.85391541510495,32.680158268626379],[-96.853928588195629,32.680261824136068],[-96.853946382827488,32.680364686301033],[-96.85396978112145,32.688261347000378],[-96.853978688299236,32.688457953087514],[-96.854013307281861,32.688702854560567],[-96.854073745787545,32.688944144972538],[-96.854159519494075,32.689179883227595],[-96.854269937440364,32.689408169672703],[-96.854404111214848,32.689627167867997],[-96.854560959047731,32.689835113662994],[-96.85473922041686,32.690030332529645],[-96.854937457926169,32.690211253119656],[-96.855154076296841,32.690376418342773],[-96.855387332796141,32.690524498135666],[-96.855635346618243,32.690654301314545],[-96.855896123328691,32.690764780412344],[-96.856167562032098,32.690855048011422],[-96.856447477787256,32.690924376140941],[-96.856733615275402,32.690972207283828],[-96.857023672250364,32.690998155590499],[-96.857212776723742,32.691003180127474],[-96.85819381201155,32.691005088611853],[-96.859448384732417,32.69100751479607],[-96.860426061519277,32.691009399179052],[-96.86051319198738,32.691009566041423],[-96.860980002905251,32.691010742904318],[-96.860977065666304,32.691093567928426],[-96.860979719482415,32.691182523170781],[-96.860986456230521,32.691340094180084],[-96.861021095655431,32.6915849936643],[-96.86108155515636,32.691826280631439],[-96.861167350242212,32.692062014013295],[-96.861277789779493,32.692290294196077],[-96.861411985183111,32.692509284790312],[-96.861568854508818,32.692717221706829],[-96.861747137061613,32.692912430488853],[-96.861945395274674,32.693093339869506],[-96.862162033702589,32.69325849284877],[-96.862395309451102,32.693406559461678],[-96.86264334155932,32.693536348630815],[-96.86290413544539,32.693646813001813],[-96.863175590075883,32.693737065275521],[-96.863455520381166,32.693806377604673],[-96.863741670925322,32.693854192599396],[-96.864031739357088,32.69388012454003],[-96.86422022867562,32.693883681726469],[-96.864323385959565,32.693884657596406],[-96.864788355666022,32.693886307100037],[-96.864891541834112,32.693885134486152],[-96.865113565539218,32.693873189221115],[-96.865280531640764,32.693859341149839],[-96.865623164646237,32.693859328933911],[-96.866388064324838,32.693859297236955],[-96.86664158150424,32.693881956361011],[-96.866838046961391,32.693886972747869],[-96.867088085728824,32.693886962180692],[-96.86723108356027,32.693885146068645],[-96.867373860955112,32.693877003981761],[-96.867516138200514,32.693862551871085],[-96.867657636563408,32.693841818049506],[-96.868028259204749,32.693865703677226],[-96.868051851806626,32.693867223995412],[-96.868232443679915,32.693878859043039],[-96.868283156128257,32.693881789893695],[-96.868479634474227,32.693886803852727],[-96.868893384181519,32.693886779488558],[-96.869356104071585,32.693886748063683],[-96.86950038385757,32.693884258325191],[-96.869644452790183,32.693876073088603],[-96.869788086125311,32.693862205122699],[-96.869931059798404,32.693842676061166],[-96.870073150773933,32.693817516368888],[-96.87044046215378,32.693855402470405],[-96.870563862830195,32.693868130152083],[-96.870761260259755,32.693883341626552],[-96.87095425087935,32.693888351025272],[-96.875379546954065,32.693891936300439],[-96.880663968661068,32.693881592345299],[-96.880763941591468,32.693882576071402],[-96.880863861857691,32.6938791856549],[-96.880963538168345,32.693871427586551],[-96.881062779699008,32.693859316718708],[-96.881224107466508,32.693861997166721],[-96.881284823706977,32.693862201171534],[-96.881745231342009,32.693858241352203],[-96.882117277322493,32.693858144690346],[-96.882152366086842,32.693857974824923],[-96.882476378898147,32.69385493178067],[-96.882721541408443,32.693852755438449],[-96.882853204087866,32.693851453395688],[-96.883109043195461,32.693856618950157],[-96.883130649390651,32.693858638173843],[-96.883420678728186,32.69388610533769],[-96.883712328272125,32.693889900225308],[-96.884003207009542,32.693871572800475],[-96.884028617706889,32.693868911661447],[-96.884245017229972,32.693845521880519],[-96.884338260096655,32.693838287163004],[-96.884418878177442,32.693833407268798],[-96.884524914041947,32.693828582773186],[-96.884607426178562,32.693827353126736],[-96.885105205036467,32.693825134013579],[-96.885459355342633,32.693826886274863],[-96.885994086487997,32.693829531713611],[-96.886535815488855,32.693831840029588],[-96.886643761113916,32.693831266755026],[-96.887074044581283,32.693832460842273],[-96.887178504971331,32.693831271835791],[-96.887259313551311,32.693828402062302],[-96.887797671122613,32.693803605167304],[-96.888068617539076,32.693790628551518],[-96.88808825506311,32.693789636898074],[-96.888331131416905,32.693776753664721],[-96.888573952149954,32.693766990797265],[-96.888636061841524,32.69376398941413],[-96.888906732941265,32.693748711102337],[-96.889077116213599,32.693735276774937],[-96.889230745955999,32.693716548051881],[-96.889754240074197,32.693641899925773],[-96.889824364999399,32.693632384423196],[-96.890136128133491,32.69403030799122],[-96.890200393134037,32.694120910222708],[-96.890273174775544,32.694218991351057],[-96.890350225430169,32.694313755646554],[-96.890431394138631,32.69440501744495],[-96.890516521873451,32.694492597944176],[-96.890605441850539,32.694576325554635],[-96.890697979855972,32.694656036235408],[-96.890793954587323,32.694731573815609],[-96.890799436871134,32.694742066566221],[-96.890819305095803,32.694778866294079],[-96.890829344311015,32.694797058271639],[-96.890852465598783,32.694838049885227],[-96.890880753884773,32.694886568237507],[-96.890889102092657,32.694900543456448],[-96.890909816102223,32.694934642037275],[-96.890944045440293,32.694989236024313],[-96.890973242676992,32.695034158429493],[-96.890988662602567,32.695057386079412],[-96.891038077155812,32.695131154104445],[-96.891056156371391,32.695160970471086],[-96.891213898243421,32.695397161900026],[-96.891227971734352,32.695418000020958],[-96.891321893908341,32.695547287709374],[-96.891394066608115,32.695640749768224],[-96.891492736943235,32.695768445574267],[-96.891725995850933,32.696070435355146],[-96.891925051505012,32.696329611353256],[-96.891993258310492,32.696418727647817],[-96.89206351286758,32.696506744805561],[-96.89207842064225,32.696523057845852],[-96.892107502389024,32.696563164903246],[-96.89243598085713,32.696990112480009],[-96.892460178309562,32.697021103635656],[-96.89247768348541,32.697043197295187],[-96.892841624485712,32.697502526205341],[-96.892887367248051,32.697558726074604],[-96.892929152602221,32.697608506248571],[-96.89297113255769,32.697658027367105],[-96.892982790689999,32.69767167907024],[-96.892995798588103,32.697686781389031],[-96.893383693376734,32.698133934043263],[-96.894123237531502,32.698995572862763],[-96.894273715927923,32.699157733788326]]],[[[-96.828660419858295,32.718525838052962],[-96.828654756060885,32.718698420425845],[-96.829102775549117,32.718700937925789],[-96.82910338547633,32.718526484626302],[-96.828660419858295,32.718525838052962]]],[[[-96.868118467688774,32.721861502756489],[-96.868305131080461,32.721868197445708],[-96.868320883493737,32.721869606549433],[-96.868497965960486,32.721877788692488],[-96.86937409866745,32.721882187456551],[-96.869492579790858,32.72187725995817],[-96.869537874756503,32.721876906339332],[-96.869634860105847,32.721879742746388],[-96.869884436694932,32.721881646869036],[-96.869928962786531,32.721880282786039],[-96.870172011736045,32.721871429119716],[-96.870418458849642,32.721854497699709],[-96.870706319478401,32.72181422669032],[-96.870988751387813,32.721752305282337],[-96.871263479020229,32.721669231316397],[-96.871528290903285,32.721565674857381],[-96.871781053722145,32.721442467553267],[-96.87201973470961,32.721300603827835],[-96.87224240941508,32.72114122474413],[-96.872447286324345,32.720965613814315],[-96.872538298159284,32.720872148714065],[-96.872545711581594,32.720876851937803],[-96.87279383524816,32.721006620643905],[-96.873054722431533,32.721117063538415],[-96.873326271346812,32.721207293495347],[-96.873606296165249,32.721276582847011],[-96.873892540689468,32.721324374388658],[-96.874182701811847,32.721350282589441],[-96.874474441157147,32.721354099157338],[-96.874765411758858,32.72133579338908],[-96.875053268734661,32.721295512309773],[-96.875335695963074,32.72123358102106],[-96.875588886285598,32.721157870621326],[-96.876304316822015,32.720915394202166],[-96.876890387228059,32.720716757807892],[-96.876911927234545,32.720709381810401],[-96.877176729668264,32.720605813309774],[-96.877429481918142,32.720482594510699],[-96.877668151302274,32.720340719929141],[-96.877890813463338,32.720181330715889],[-96.87809567698821,32.720005710464548],[-96.878281093223393,32.719815273611182],[-96.878445567172676,32.7196115529458],[-96.878587776893312,32.71939618903901],[-96.878706575873125,32.719170916740637],[-96.878801008272603,32.718937548238983],[-96.878870313350191,32.718697964096798],[-96.87891393545064,32.718454091733179],[-96.878931520961771,32.718207896362799],[-96.878922930434854,32.717961359507264],[-96.878888231355802,32.717716465371332],[-96.878827705850441,32.717475187414948],[-96.878741839337408,32.717239466559995],[-96.878631323884989,32.717011202216483],[-96.878497048998952,32.716792230518308],[-96.878340097514567,32.716584315252931],[-96.878161730970987,32.716389130537287],[-96.877963387721366,32.716208247267325],[-96.877746663928804,32.716043122050777],[-96.877513303129376,32.715895084447304],[-96.877265186847978,32.715765325124984],[-96.8770043101499,32.715654891034575],[-96.87673277447513,32.715564669084927],[-96.876452765227612,32.715495386754668],[-96.876234633510094,32.715458969526651],[-96.876156399139632,32.715432974655904],[-96.875940845285115,32.715379639812447],[-96.875934023188222,32.715331476224492],[-96.875946121924798,32.715162168000695],[-96.875946430088803,32.715100281011111],[-96.87593052286968,32.713194413022265],[-96.875921632984571,32.713009762884845],[-96.875886944115948,32.712764867840747],[-96.875826430138645,32.712523588353541],[-96.875740576378661,32.712287865357425],[-96.87563007480145,32.71205959827973],[-96.875495814801312,32.711840623276238],[-96.875338879093363,32.71163270416114],[-96.875160529089896,32.71143751508226],[-96.874962203010838,32.711256626970787],[-96.87474549688099,32.71109149647333],[-96.874512154094489,32.710943453192108],[-96.874264056030924,32.710813687840833],[-96.874003197609056,32.710703247418962],[-96.873731680121793,32.710613018886121],[-96.87345168882662,32.710543729774038],[-96.873165479284765,32.710495937187062],[-96.87287535392052,32.710470026594948],[-96.872677704609259,32.710465019170464],[-96.871586824876445,32.710467978251131],[-96.871389149259215,32.710467025295266],[-96.871295122808561,32.710466696548458],[-96.871004187100368,32.710484994203256],[-96.870716363326025,32.710525265929178],[-96.870433966928658,32.710587186758659],[-96.870159272799938,32.710670258944518],[-96.869894491806562,32.710773812552105],[-96.869641756733131,32.710897016095643],[-96.869403099906023,32.711038875339923],[-96.869180445433912,32.711198249429899],[-96.868975584596697,32.711373855073859],[-96.868790166032227,32.711564278136095],[-96.868625684838847,32.711767986117103],[-96.86848346317629,32.711983338718426],[-96.868364647880753,32.712208601336997],[-96.868270195213483,32.712441961998294],[-96.868200866422995,32.712681540314726],[-96.868157217740958,32.712925408998323],[-96.86813960340865,32.713171602918266],[-96.868140492104857,32.713217527155955],[-96.868143828783545,32.713418144988886],[-96.868140684743395,32.714266204055264],[-96.868149634974259,32.714466785562699],[-96.868184303172043,32.714711682742148],[-96.868244797878134,32.714952965919899],[-96.868330634318824,32.715188694058106],[-96.868375825543993,32.71528206321873],[-96.868337071606319,32.715281963812032],[-96.868231835744808,32.715283135243517],[-96.867940883627355,32.715301425721137],[-96.86765304285467,32.715341690340409],[-96.867370629006487,32.715403604191117],[-96.86709591711508,32.715486669582141],[-96.866831118190163,32.715590216633622],[-96.86657836516062,32.715713413912468],[-96.866339690497384,32.715855267234005],[-96.866117018452769,32.716014635790792],[-96.865912140448032,32.716190236335699],[-96.865726705259362,32.716380654773971],[-96.865562208118902,32.716584358643445],[-96.865419971314694,32.716799707678682],[-96.86530114180492,32.717024967305377],[-96.865206675965354,32.717258325573113],[-96.865137335150507,32.717497902113493],[-96.865093675688712,32.717741769652932],[-96.865076051908375,32.717987963069746],[-96.865075677294314,32.718021232919504],[-96.865071482448485,32.719075607473485],[-96.865072039633858,32.719108857111515],[-96.865080154131149,32.719322145036642],[-96.865114815759725,32.719567043002726],[-96.865175305433567,32.719808327606096],[-96.865261138419498,32.720044057797345],[-96.865371623278833,32.720272333988476],[-96.865505871061714,32.72049131982218],[-96.865662799401889,32.720699251247538],[-96.865841147129771,32.720894453852161],[-96.866039476153205,32.721075356418936],[-96.866256190456852,32.721240502002658],[-96.866489546535945,32.721388560697939],[-96.866737662782029,32.721518341491354],[-96.866998543936461,32.721628797095725],[-96.867270088262686,32.721719040282743],[-96.867550109969017,32.721788343278213],[-96.867836352883117,32.721836148767508],[-96.868118467688774,32.721861502756489]]],[[[-96.68463789752559,32.72160621794648],[-96.684676318428814,32.721634268914222],[-96.684730765119994,32.721673148303076],[-96.684963819339217,32.721821547626831],[-96.685211671137594,32.721951690635898],[-96.685472327391011,32.722062527130461],[-96.685743688169879,32.722153166813598],[-96.686023569163112,32.722222878719514],[-96.686309715330239,32.722271102238928],[-96.686600841290755,32.722296869721227],[-96.686627712008715,32.722299410289345],[-96.686759952034535,32.72231416440907],[-96.686892632203737,32.722324218322818],[-96.687025585509957,32.722329559375602],[-96.687049534937302,32.722330002586496],[-96.687074393973077,32.72233036796608],[-96.687098725093136,32.722330668816035],[-96.687122528260616,32.722330906940002],[-96.687143870589296,32.722330952219821],[-96.687209639555505,32.722330586709752],[-96.688147422575412,32.722337862421014],[-96.688263080748754,32.722336899687093],[-96.68855409249953,32.722319029927718],[-96.688842036676093,32.722279180227702],[-96.689124596452956,32.72221767221783],[-96.689399495244146,32.722135000408031],[-96.689664520196388,32.72203183162604],[-96.689917536283289,32.721908994396692],[-96.690156508692993,32.721767480167429],[-96.690379510630393,32.721608427183433],[-96.690584747945337,32.721433116333294],[-96.690770568973463,32.721242959563071],[-96.690935475459696,32.721039487404589],[-96.691078141977528,32.720824338430958],[-96.691197418334724,32.720599245759267],[-96.691292344851064,32.720366020132637],[-96.691362156802796,32.72012654096271],[-96.691406294456726,32.719882734826896],[-96.691424400046046,32.719636566403246],[-96.691424806145093,32.719607984076013],[-96.691436924632043,32.718105235887343],[-96.691447885686557,32.71693338486272],[-96.691439435538726,32.716712419142397],[-96.691405253993736,32.716467473029617],[-96.691345238789921,32.716226104127706],[-96.691259871241144,32.715990254087913],[-96.691149839395521,32.715761823361539],[-96.691016028869086,32.7155426494216],[-96.69085951875725,32.715334497686527],[-96.690681567045715,32.715139044173817],[-96.690483608749631,32.71495786194717],[-96.690267236932598,32.714792410020031],[-96.690043502803107,32.714649432618053],[-96.688989935044063,32.714034650653026],[-96.687747977680658,32.713188315651387],[-96.687545195001164,32.713060792893593],[-96.687297364595381,32.712930654470647],[-96.687036732865479,32.71281982174456],[-96.686765399284255,32.712729184835332],[-96.686485547626674,32.712659474561271],[-96.686199432331691,32.712611251419581],[-96.68590935506343,32.71258490434365],[-96.685687112241894,32.712581659377612],[-96.685617327616313,32.7124630969859],[-96.685541553827349,32.712348269865402],[-96.685459990338188,32.712237480281367],[-96.68537285185252,32.712131019870824],[-96.685280367749414,32.712029168874921],[-96.685010825350773,32.711745491334881],[-96.684988680211006,32.711702791421985],[-96.684854891004704,32.711483610797075],[-96.684698402485651,32.711275451254217],[-96.684520472466005,32.711079988873706],[-96.684322535786038,32.710898796790701],[-96.684106185335438,32.71073333409791],[-96.684043726175062,32.710690794333679],[-96.68395587341081,32.710632456386783],[-96.683620977300677,32.710410064195209],[-96.683450404343958,32.71030419589767],[-96.683202587630319,32.710174049287907],[-96.682941969099744,32.710063207956253],[-96.682670648118972,32.709972562091885],[-96.682390808361419,32.709902842585386],[-96.682104704170243,32.7098546100082],[-96.682077680890444,32.709852154562519],[-96.681996743291009,32.709684070239966],[-96.681862964509179,32.709464886368849],[-96.681706486559222,32.709256723034564],[-96.681528567168257,32.709061256347802],[-96.68133064109098,32.70888005947846],[-96.681114301131728,32.708714591557808],[-96.681096423034077,32.708702194054545],[-96.680219585866311,32.708098531867961],[-96.68000445337411,32.70796252119343],[-96.679756648243682,32.707832367694316],[-96.679496040884843,32.707721519120923],[-96.679224730574418,32.707630865720624],[-96.67894490089995,32.70756113844466],[-96.678658806123423,32.707512897927131],[-96.67836874774386,32.707486533241223],[-96.678154874707388,32.707481231736011],[-96.674274978008626,32.70749298332656],[-96.674197166131009,32.707494005479703],[-96.673906200068444,32.707511841635863],[-96.673618297068614,32.707551656764139],[-96.673335773213935,32.707613129570184],[-96.673060904420211,32.707695765915872],[-96.672795902962548,32.707798899374559],[-96.672542903394955,32.707921701844597],[-96.672303940178011,32.708063182315996],[-96.672080939883742,32.708222202987493],[-96.671875696576024,32.708397483410607],[-96.671689861972169,32.708587612066935],[-96.671524934518047,32.708791058830833],[-96.671382239966221,32.709006185503625],[-96.671262928961369,32.709231259304069],[-96.67116796175165,32.70946446977738],[-96.671098103731268,32.709703937746298],[-96.671053915389081,32.709947736808289],[-96.671035624182963,32.710201409238294],[-96.671033345299065,32.710360963009286],[-96.671041619184379,32.710592501065449],[-96.671075742306016,32.710837452857518],[-96.671135698781654,32.711078831618686],[-96.671221008167578,32.711314695545063],[-96.67133098324463,32.71154314397134],[-96.671464739164449,32.711762339154426],[-96.671621197523393,32.711970515355517],[-96.671799100936951,32.712165996195026],[-96.671997014890081,32.712347208212272],[-96.672127668347471,32.712450692182401],[-96.672734312928952,32.712905309394451],[-96.673212435002512,32.713257680841238],[-96.673354685598127,32.713366071040248],[-96.673380202509961,32.713385214020875],[-96.673430414717458,32.713421587470727],[-96.673987132322395,32.713827250448965],[-96.674266178664169,32.714031968039521],[-96.674330699917689,32.714076226990585],[-96.674714355112158,32.714365129250567],[-96.674786396505908,32.714417636755648],[-96.675350780388285,32.714816968787588],[-96.675910203152043,32.715223554616756],[-96.675975271913671,32.715270846777578],[-96.676289748185653,32.715499402476567],[-96.676276726063747,32.715676051946389],[-96.676276238716184,32.715727523785105],[-96.676276347856486,32.715795044717972],[-96.67628486295348,32.715990123316566],[-96.676319002610754,32.716235073592642],[-96.676378976981212,32.716476449748825],[-96.676464305477325,32.716712310002045],[-96.676574300725946,32.716940753716635],[-96.676708077716441,32.717159943187305],[-96.676864557875348,32.717368112721488],[-96.677042483642765,32.717563585993062],[-96.677219905373718,32.7177260085478],[-96.677218899210885,32.717816139498034],[-96.677218299867803,32.717868311402825],[-96.677217892860739,32.717901809384685],[-96.677213296081064,32.718074028536819],[-96.67720780356052,32.718279799831969],[-96.677201714580235,32.718512495597714],[-96.677201156745213,32.718546687673701],[-96.677199369393293,32.718752838920366],[-96.677207802180135,32.71897184319274],[-96.677241945529346,32.719216793172379],[-96.677301924422054,32.719458168840845],[-96.677387258234319,32.719694028419063],[-96.67749725955035,32.719922471276575],[-96.677631043310484,32.720141659715182],[-96.677787530886931,32.720349828050558],[-96.67796546465992,32.720545299966211],[-96.678163409869967,32.720726502073511],[-96.678379773593349,32.720891975016855],[-96.678612815149108,32.721040386257108],[-96.678860655459474,32.721170541938072],[-96.679121301492955,32.721281391758119],[-96.679392653402132,32.721372045312805],[-96.679672526947442,32.721441771524766],[-96.679958667148355,32.721490009669495],[-96.680248771738974,32.721516370622638],[-96.680414433481189,32.721521513174281],[-96.680712823365909,32.72152434155953],[-96.680906947625317,32.721526182306832],[-96.681213380047936,32.721529085733529],[-96.681339448301841,32.721528214176779],[-96.681630458795169,32.721510360629047],[-96.681918403455882,32.721470526968808],[-96.682200965454641,32.72140903469775],[-96.682475868187623,32.721326378199038],[-96.68274089876958,32.721223224177031],[-96.682993922129072,32.721100401037781],[-96.683232903395506,32.720958900115328],[-96.683455915702368,32.720799859547689],[-96.683491660023947,32.72076933146824],[-96.68463789752559,32.72160621794648]]],[[[-96.720354973260427,32.731642649436743],[-96.721118922284063,32.731649117490385],[-96.723133744640947,32.729278804537813],[-96.721570011171821,32.729259162504249],[-96.721583017603109,32.728210735332922],[-96.72058022461168,32.728196380911761],[-96.720567322620795,32.729244809643944],[-96.719715552735238,32.729236134636103],[-96.719714694403834,32.729390062022595],[-96.71971382663304,32.729545364740517],[-96.719709220085036,32.730369977971613],[-96.720362027380759,32.73037822743462],[-96.720354973260427,32.731642649436743]]],[[[-96.839168604557869,32.729135862634124],[-96.839010023296666,32.729109596680821],[-96.838850479281504,32.729090010360842],[-96.838690253739983,32.729077138198932],[-96.83852962910106,32.729071002884787],[-96.838368888497186,32.729071615233117],[-96.838077885060912,32.729089835775937],[-96.837789986062518,32.729130031188987],[-96.837507507550427,32.729191877118666],[-96.837232725077357,32.729274876421009],[-96.836967850221569,32.729378359748111],[-96.836717519993229,32.729505305163819],[-96.836692257973922,32.729519792084972],[-96.836478917087135,32.729646492498759],[-96.836454081342282,32.729662713175884],[-96.836255573983323,32.729804683018031],[-96.836232132124124,32.729823047258876],[-96.83604979403664,32.729979214961403],[-96.836028026968009,32.729999366665034],[-96.835913399023241,32.730116030664561],[-96.83589301891196,32.730137330132777],[-96.835839052029087,32.730194646685838],[-96.835765059445833,32.730283039820407],[-96.835748310179071,32.730301112077392],[-96.835674872501045,32.730391657380238],[-96.835620857390964,32.730450676941366],[-96.835540164460767,32.730555335810415],[-96.835506096684412,32.730599521462132],[-96.835380008712278,32.730769757659999],[-96.835339830519857,32.730820041447494],[-96.835327923631453,32.730834348916318],[-96.83530103652781,32.730866897489271],[-96.835275154281007,32.730898552175148],[-96.835244522142148,32.730934206424394],[-96.835229576650079,32.730947293456921],[-96.835092942670002,32.731119012481756],[-96.834950608693504,32.731334326443871],[-96.834831682440793,32.731559556727206],[-96.834737121065814,32.731792891617488],[-96.834667686692896,32.732032450934696],[-96.834639081366305,32.732173923170286],[-96.834627629983075,32.732241073538304],[-96.834612484994921,32.732343457909629],[-96.834609137065996,32.732371528006972],[-96.834601495465336,32.732439061334041],[-96.83459040270678,32.732570033457868],[-96.834586585456805,32.73263780022063],[-96.834583314916514,32.732724946861794],[-96.834582906738049,32.732769917931293],[-96.834583092282401,32.733078375034104],[-96.834591969335861,32.733279943637186],[-96.834626552322206,32.733524849886969],[-96.834686968653045,32.733766149113364],[-96.834772734185634,32.734001900149863],[-96.834883158024979,32.734230203240557],[-96.835017351712153,32.734449221811786],[-96.835174233316636,32.734657191548628],[-96.835352542045626,32.734852437730829],[-96.835550840120717,32.735033388789915],[-96.835767531775986,32.735198587390499],[-96.836000873689457,32.735346703200634],[-96.836248984365994,32.735476544746419],[-96.836509868593083,32.735587064252101],[-96.836781424608532,32.735677373974646],[-96.837061466527103,32.735746745604267],[-96.837347738013193,32.735794621273314],[-96.837637935742748,32.735820614773964],[-96.837929721045256,32.735824517126929],[-96.838220746584454,32.735806296938762],[-96.838508667035498,32.735766100544801],[-96.838619047728258,32.73574465085413],[-96.840739780886494,32.735299510133771],[-96.840911897095964,32.735259108707233],[-96.841186694649224,32.735176101302073],[-96.841451581883291,32.735072609021991],[-96.841704424877221,32.734949462997903],[-96.841943190217776,32.734807657160658],[-96.842165952774906,32.734648332106595],[-96.84237092032717,32.734472770913165],[-96.842556443383344,32.734282387541136],[-96.842721026086892,32.734078714349323],[-96.842863345619591,32.733863391526697],[-96.842982254584456,32.733638153591791],[-96.843076796257137,32.73340481245657],[-96.843146209015543,32.733165248463131],[-96.843189936338291,32.732921388869102],[-96.84320762376511,32.732675198785678],[-96.84320800612366,32.732621598649395],[-96.843206269849816,32.732228116295261],[-96.843197394796547,32.732035177333394],[-96.843162788750945,32.731790273446073],[-96.843102350731556,32.731548978310215],[-96.843016565453112,32.731313232985492],[-96.842906124329545,32.731084937079068],[-96.842771916268902,32.730865926978964],[-96.842615023568385,32.730657966782367],[-96.842436707293629,32.73046273096729],[-96.842238405393886,32.730281790841829],[-96.842021713699026,32.730116603471224],[-96.841788375486772,32.729968498915312],[-96.841540272101014,32.729838668381809],[-96.841279398502039,32.72972815939432],[-96.841140250164955,32.729678915666653],[-96.840168864721804,32.72935731463938],[-96.840050267583123,32.729320301816877],[-96.839930496720086,32.729287284083753],[-96.839809686671103,32.729258298528762],[-96.839687973141906,32.729233377711317],[-96.839168604557869,32.729135862634124]]],[[[-96.897302272692343,32.737746389837255],[-96.898437659324046,32.738385291736314],[-96.898484473872216,32.738325759373787],[-96.897344255085301,32.737686058716641],[-96.897302272692343,32.737746389837255]]],[[[-96.809235545352877,32.73913000644454],[-96.809237082326874,32.739163335738937],[-96.809253154053295,32.739511773563869],[-96.809646450294281,32.739512110941064],[-96.809647172911795,32.73947096376444],[-96.809650210274043,32.739193566887785],[-96.809652483160889,32.739130354259451],[-96.809235545352877,32.73913000644454]]],[[[-96.826464396372714,32.74185833469231],[-96.826456836712424,32.742259351156434],[-96.826893105754607,32.742264180881712],[-96.826893343361192,32.742182261740652],[-96.826898791371875,32.741893016539301],[-96.826898792636769,32.741864182742326],[-96.826464396372714,32.74185833469231]]],[[[-96.832567842915822,32.742705047762257],[-96.8324032040086,32.742707292753337],[-96.832241981945387,32.742707740730083],[-96.832240836461253,32.74300589157599],[-96.83240164433785,32.743006784617542],[-96.832568583874149,32.743003278920774],[-96.832728901575535,32.743004302056569],[-96.832730914192894,32.742706603001267],[-96.832567842915822,32.742705047762257]]],[[[-96.837602699730397,32.742714592552062],[-96.837588516616421,32.743168001850165],[-96.837868275109827,32.743167619550505],[-96.837868188907748,32.743045339391998],[-96.837868047236157,32.742825301125428],[-96.837866982623027,32.742715377835196],[-96.837602699730397,32.742714592552062]]],[[[-96.825940741836163,32.743232087208462],[-96.825941431668468,32.743278700149169],[-96.825939877161503,32.743445687874988],[-96.825634501987352,32.743441574644486],[-96.825632574201961,32.74365254088697],[-96.825632244055527,32.743680909369331],[-96.826035287514287,32.743687659298523],[-96.826035512271403,32.743657968069428],[-96.826038995556857,32.74328001412249],[-96.826036064343441,32.743232050571137],[-96.825940741836163,32.743232087208462]]],[[[-96.958182003455576,32.742117238215592],[-96.958135804625073,32.744012313353522],[-96.958098561603634,32.745539921115132],[-96.958080309243698,32.746525518925559],[-96.958284196031286,32.746520756810455],[-96.958405698267114,32.746517920115288],[-96.958818616957828,32.746508271580751],[-96.960097493116038,32.7464779902107],[-96.960449485265329,32.746469391611697],[-96.960911616998757,32.746458043064017],[-96.96123674696986,32.74644860636716],[-96.961678925336855,32.746435770538803],[-96.962322517685323,32.746417083084829],[-96.962636717512808,32.746407960279448],[-96.962943917303605,32.746398214386801],[-96.963286793343229,32.74638733585855],[-96.963878977807056,32.74636784156089],[-96.964313852071669,32.746353524376907],[-96.965576483454953,32.746311230475342],[-96.967091699012713,32.746242627555347],[-96.968187513388443,32.746196385610162],[-96.969307669476379,32.74613935829742],[-96.97020389466114,32.746103107780456],[-96.970722282756498,32.746076739916404],[-96.981596944023323,32.745603398122782],[-96.987410610492461,32.745345920401682],[-96.987413092515354,32.745233509568138],[-96.987419017619359,32.744965122039474],[-96.98742315144878,32.744512421057109],[-96.987530029104207,32.738201049173661],[-96.987077478352447,32.738190036134363],[-96.987063902442657,32.738189704931472],[-96.983903568549934,32.73816355006722],[-96.983899504394373,32.738163514923606],[-96.983885740593593,32.736398460206111],[-96.983864004752732,32.735000671465841],[-96.983873484845901,32.734775650435878],[-96.985383450853348,32.734787497537113],[-96.985562362207602,32.734788898452443],[-96.985626127062972,32.734789396721354],[-96.985895660873084,32.734766287064964],[-96.988838369024606,32.734787299122758],[-96.988849954189163,32.731800437184944],[-96.988840370103802,32.731581862728923],[-96.988851324053741,32.73141800794329],[-96.988851642786074,32.731387493891141],[-96.988852639873315,32.731130790868818],[-96.988843424174263,32.730914775993305],[-96.988836688533752,32.730861193694274],[-96.988854483910572,32.730612098695588],[-96.98885480243942,32.730581596364274],[-96.988865345879148,32.727870300538079],[-96.988909258727816,32.727421404527881],[-96.988919982339709,32.727234430942573],[-96.988911085577328,32.726987901959156],[-96.988876079659661,32.72674303880104],[-96.988815249185194,32.726501814676318],[-96.988729082025557,32.7262661700751],[-96.988618272671587,32.726038003792837],[-96.988483712992931,32.725819151174179],[-96.988326488118673,32.725611375046334],[-96.988253980750599,32.725532210830899],[-96.987409391747903,32.725524269797596],[-96.987400331076188,32.726175040334006],[-96.987397023509573,32.726423883162141],[-96.987391672135089,32.726826460600947],[-96.987384345177389,32.727355777488469],[-96.987384047155842,32.727377217682211],[-96.986696571973098,32.727346638717243],[-96.985955265589752,32.727313662154721],[-96.985947502545841,32.727313316847116],[-96.985819954175454,32.727308287805521],[-96.985821002797607,32.727212382392267],[-96.985821299717458,32.727185335005977],[-96.985636691697863,32.727183073884085],[-96.985146377624361,32.727185342577847],[-96.984804711714716,32.72719283459849],[-96.984795573181515,32.727200937782399],[-96.982586541938616,32.729159635826434],[-96.981469565324034,32.729155828154539],[-96.981411546749214,32.726401653208022],[-96.977322215359621,32.726333746440211],[-96.977209994576498,32.726315686940652],[-96.977179917267463,32.726268438821357],[-96.977164007892597,32.726243449417801],[-96.977147432146467,32.722924078300458],[-96.977026983205292,32.722849833257442],[-96.976895601684518,32.72276884849807],[-96.976764241490542,32.722687878288582],[-96.976632890039141,32.722606909847819],[-96.9765015050166,32.722525921913217],[-96.976370123387539,32.722444936583678],[-96.976238745151846,32.722363953859293],[-96.976107399868525,32.722282992140784],[-96.975976035902121,32.722202013816542],[-96.975844657318461,32.722121030661327],[-96.975713298036254,32.722040055717784],[-96.975636704028688,32.721992859821917],[-96.975538367594623,32.721932809167491],[-96.975261564666724,32.721763828426717],[-96.974843022020451,32.721508315170865],[-96.974769793268706,32.721464893044939],[-96.974521519422254,32.721335328003676],[-96.974260505528534,32.721225098166414],[-96.973988854129573,32.721135088796515],[-96.973708751561873,32.721066025661855],[-96.973635399861777,32.721054327016567],[-96.973525041630197,32.720827675522877],[-96.973390527043776,32.720608806496379],[-96.973233346709023,32.720401011211656],[-96.973054764007486,32.720205962821169],[-96.972856219031826,32.720025231121689],[-96.972639309569189,32.719860271500977],[-96.972405780650462,32.719712412186666],[-96.97215751515246,32.719582842409274],[-96.971896509343921,32.719472607595478],[-96.97162486570177,32.719382593048877],[-96.971344770500096,32.719313524578908],[-96.971058480135838,32.719265957512434],[-96.970768297684401,32.719240275505094],[-96.970622477134526,32.719235712948112],[-96.968436069709512,32.71920878471451],[-96.968290153862384,32.719209754187354],[-96.967999209619805,32.71922827892152],[-96.967711401615702,32.719268775277079],[-96.967429045165147,32.719330916479592],[-96.967154414839371,32.719414203006487],[-96.966889720990295,32.719517963198051],[-96.966637095703646,32.719641363904429],[-96.9663985704194,32.719783409305002],[-96.966176068189085,32.719942957043855],[-96.965971379066815,32.720118722432197],[-96.965786150307977,32.720309290048803],[-96.965621875483862,32.720513126228539],[-96.965479875092527,32.720728589642412],[-96.965361294188298,32.720953944793784],[-96.965267087147396,32.721187378963471],[-96.965198013239245,32.721427011171301],[-96.965154626645074,32.721670913697075],[-96.965137279494741,32.721917121135156],[-96.965136938399056,32.721962595005678],[-96.965137887132229,32.722377389495243],[-96.965139915460099,32.723262371069083],[-96.965147986063755,32.726784914686057],[-96.965017749171722,32.72691889345478],[-96.964853460356181,32.727122728537275],[-96.964711447530718,32.727338190986885],[-96.964592855849887,32.727563545314766],[-96.964498639776693,32.727796978808236],[-96.964429558653308,32.72803661049273],[-96.964386166718938,32.728280512652084],[-96.964368764645485,32.728529944488912],[-96.964362824540558,32.728938800323981],[-96.964148643692155,32.728827012213515],[-96.96388762065493,32.728716760641284],[-96.963615956853033,32.728626728639099],[-96.963335838722699,32.728557642157121],[-96.963049522845665,32.728510056667133],[-96.96275931250247,32.728484355973109],[-96.962467546039122,32.728480746656757],[-96.962176570205969,32.72849925774878],[-96.961888729497886,32.728539740596815],[-96.961606339493258,32.728601868534867],[-96.961331675033477,32.728685142147356],[-96.961066946745262,32.728788889878395],[-96.960814286991507,32.728912278678649],[-96.960595709559556,32.729041348204376],[-96.960488006467642,32.72911066908128],[-96.958374141882857,32.730471117401024],[-96.957884190880947,32.730786427777495],[-96.957545205183052,32.731002751654366],[-96.957514656993254,32.731022486098944],[-96.957292110638022,32.731182017821908],[-96.957087378022692,32.731357768456455],[-96.956902106752779,32.731548322700014],[-96.956737790742025,32.731752146995277],[-96.956595750819758,32.731967600108888],[-96.956477132359055,32.732192946627094],[-96.956382890038128,32.732426373900203],[-96.956313783410721,32.732666001003707],[-96.956270366921231,32.732909900258306],[-96.95625299294062,32.733156106284873],[-96.956261799646427,32.733402637499147],[-96.956296718247046,32.733647509729764],[-96.956357465269804,32.733888749651399],[-96.956443553911328,32.734124416572797],[-96.95653838133255,32.734319826795677],[-96.956514780066044,32.73443454335743],[-96.95649712024084,32.734550323493451],[-96.956485448761171,32.734666859693334],[-96.956479796626326,32.734783842438617],[-96.956480178848295,32.734900961024799],[-96.956486594411899,32.735017904386581],[-96.956499026277513,32.735134361924082],[-96.956517441426243,32.735250024327733],[-96.956175577161076,32.735248143175049],[-96.955519574985331,32.735244530490995],[-96.954404518772506,32.735238381281576],[-96.953178254458848,32.735231609208014],[-96.951471642265673,32.73520434740886],[-96.951312154150571,32.735205104724656],[-96.95102115395693,32.735223589692083],[-96.950733286365406,32.735264046687448],[-96.95045086717073,32.7353261492527],[-96.950176171449229,32.735409398176671],[-96.949911410079437,32.735513122102162],[-96.949658715690248,32.735636488171572],[-96.949420120277964,32.735778500842663],[-96.949197547458951,32.735938018023404],[-96.948992787855389,32.736113755270907],[-96.948807489289848,32.736304297390262],[-96.948643145896085,32.73650811092191],[-96.948501078723666,32.736723554719035],[-96.948382433365182,32.736948893443042],[-96.948288164715251,32.737182314506889],[-96.948219032539853,32.73742193703621],[-96.948175591488749,32.737665833388299],[-96.948158194130912,32.737912038207611],[-96.948159298425168,32.738035008220173],[-96.948167141664797,32.738163296181582],[-96.948172542827024,32.738201191722474],[-96.948192028736486,32.73876283448935],[-96.948650345788238,32.738764936427572],[-96.94867179213766,32.736702736393241],[-96.948671856307868,32.736696559980473],[-96.948676156679923,32.736699440256594],[-96.950366185500741,32.737831043911271],[-96.951417831296865,32.737958232510721],[-96.951447059977056,32.738799811188933],[-96.951449689978219,32.738882314991884],[-96.951453729315489,32.738882368023425],[-96.951454976537093,32.73888238446434],[-96.953236640570353,32.738905945581081],[-96.953357132772652,32.738757374626772],[-96.953372025771543,32.738739011185679],[-96.953396090566599,32.738709338228198],[-96.958238530129876,32.738739007917303],[-96.958182003455576,32.742117238215592]]],[[[-96.83166728393644,32.744636042924228],[-96.831670170563186,32.744669733564209],[-96.83167143757575,32.745029881139139],[-96.831671180828749,32.745094369266546],[-96.832135542751061,32.745094107095809],[-96.83213535975321,32.744637136627944],[-96.83166728393644,32.744636042924228]]],[[[-96.854348356030627,32.747990404773638],[-96.854348605797199,32.74799040357064],[-96.8547442820973,32.747988715379513],[-96.854744569180539,32.74796861885001],[-96.854833851931957,32.747370832191123],[-96.854836388505987,32.747224459671536],[-96.855792677578805,32.747423192591619],[-96.855829374202813,32.745269368532618],[-96.854759267090841,32.745269593989562],[-96.854390588527437,32.745269314327786],[-96.854071764798562,32.745269071409247],[-96.85376660273306,32.745268839046901],[-96.85318621245213,32.745268393461245],[-96.852797061738258,32.745271741381117],[-96.852805383899721,32.745934361015784],[-96.852807908530878,32.746815217838396],[-96.853830424980643,32.747021196739865],[-96.854352423906661,32.747131003973884],[-96.854348356030627,32.747990404773638]]],[[[-96.82872771670462,32.747652525657472],[-96.828728798113929,32.747983804590703],[-96.828727194056086,32.748069004568087],[-96.829054886227368,32.748072035439684],[-96.82905562440105,32.747687173888629],[-96.82905380602746,32.747654159559239],[-96.82872771670462,32.747652525657472]]],[[[-96.8156467850214,32.747926204710133],[-96.815761082583677,32.747926399629193],[-96.816248978488403,32.747928541209532],[-96.816251246692843,32.747668115752184],[-96.816571729271871,32.747668494255954],[-96.816597451598341,32.747668904842449],[-96.816594815399071,32.747550659292898],[-96.816595186444346,32.747397820298637],[-96.816576869593874,32.747374134643636],[-96.816515394904485,32.747373814377369],[-96.816203036058823,32.746936370500791],[-96.815649570233845,32.747218612145787],[-96.8156467850214,32.747926204710133]]],[[[-96.822653009890956,32.746529782805588],[-96.82201273204376,32.746865045545555],[-96.821450443616769,32.7471503143448],[-96.820740611494074,32.747521514041729],[-96.821163319054662,32.748090786334167],[-96.821580997689537,32.748668237347815],[-96.822052428777511,32.748424434327603],[-96.822507648903226,32.748177662600341],[-96.822817422010559,32.748010025752372],[-96.822819464319664,32.747299412233872],[-96.822839884102507,32.746433724254672],[-96.822653009890956,32.746529782805588]]],[[[-96.842160023018664,32.749855722510169],[-96.842197277859043,32.749857125799473],[-96.842679213679887,32.74985640528692],[-96.842790152195107,32.749857124004613],[-96.842893239073845,32.749854611873168],[-96.843382181303269,32.74985854488898],[-96.843415446985276,32.74985752348185],[-96.843444612405747,32.74985665576952],[-96.844039478025195,32.749858781456162],[-96.844045835602273,32.749517979896822],[-96.845275475410801,32.749520609203472],[-96.845882190117948,32.749520436903943],[-96.846529244033803,32.749521323148315],[-96.84704651080628,32.749517732983662],[-96.84815762995288,32.749526126446213],[-96.848501605973894,32.749527536547262],[-96.848500037229385,32.749392252805372],[-96.848497782645907,32.74882984246765],[-96.848607017998546,32.748828296603754],[-96.848606642463054,32.748726109591644],[-96.848601287722218,32.748604776162473],[-96.848599623460274,32.748459932522948],[-96.848516249456011,32.748459732200295],[-96.848516791942259,32.748327596264104],[-96.848516158468456,32.747766907557519],[-96.848516524016731,32.747697405398917],[-96.848589131303441,32.747698370030811],[-96.848589379918351,32.747698373333755],[-96.848591143508258,32.747625144045408],[-96.848592631824559,32.747471819969071],[-96.848593637992494,32.747308384293781],[-96.84859460645805,32.747271642726517],[-96.8485784868205,32.747269608481659],[-96.848579790403349,32.747199535236554],[-96.848567911665981,32.747201197510464],[-96.848571612426497,32.74570919480221],[-96.848426350570961,32.745662942293464],[-96.848433739183989,32.745265800118531],[-96.848485934259386,32.74130675356983],[-96.84789506788367,32.741305462782968],[-96.845674379604361,32.741295169387357],[-96.84416566501308,32.741262709693686],[-96.843484879844084,32.741356727983622],[-96.843305761617373,32.741368086972699],[-96.843222834788691,32.741366981631394],[-96.840248538802157,32.741343794772625],[-96.840215409963506,32.741332356071908],[-96.84009989609423,32.74129095184643],[-96.839995299789095,32.741274434127185],[-96.839922574758248,32.741272799011959],[-96.839862779671563,32.741272664192721],[-96.839861703955293,32.741688185509375],[-96.839861601814377,32.742248876215065],[-96.83986466864981,32.742389171590027],[-96.839861490431744,32.742693182809973],[-96.839861480407706,32.742745937382807],[-96.83986143458911,32.743045833444029],[-96.839833629948814,32.743045673126666],[-96.839833381147216,32.74306217329309],[-96.839832472623726,32.743695193262198],[-96.839832177087928,32.743710996514892],[-96.839829933720651,32.743830956421156],[-96.839829221724244,32.74386902904083],[-96.839826159160125,32.743967792604785],[-96.839821467223842,32.744274895229999],[-96.839818065053976,32.744515083862737],[-96.839816418551678,32.744672520550814],[-96.839815238714564,32.744920565795098],[-96.839813951897611,32.745064703837997],[-96.839808208275983,32.745224019532593],[-96.839811978437666,32.745372818636945],[-96.839805296086652,32.745795418154465],[-96.839797672140975,32.746347457065191],[-96.839808506807927,32.746436094480565],[-96.839803087173792,32.74682569664764],[-96.839802276352941,32.746882633575844],[-96.83979765694653,32.747211183164346],[-96.839795850854813,32.747340625445091],[-96.839787935781743,32.747500306257308],[-96.839790778492528,32.747651105153551],[-96.839787378326847,32.74770941720903],[-96.839786104203284,32.748034287397893],[-96.839786263581942,32.748182014559127],[-96.83977767591827,32.748319388006593],[-96.839773560026885,32.748591332055611],[-96.839771125235458,32.748902758815888],[-96.839757607760774,32.748976896260828],[-96.839751825104074,32.749502187714363],[-96.83997560458586,32.749503552874181],[-96.840345583781371,32.749507118615796],[-96.840755404043762,32.749511215063734],[-96.841112425344193,32.749511856482073],[-96.841496251630559,32.749514229051215],[-96.841855737865245,32.749513526683891],[-96.84216806528751,32.749512195244705],[-96.842160023018664,32.749855722510169]]],[[[-96.842477126104143,32.751579555893272],[-96.842177167574448,32.751904154348217],[-96.842113964680308,32.751971232012245],[-96.842364231245597,32.752136442081152],[-96.842749542006416,32.751725299296012],[-96.842498046336786,32.75155837437179],[-96.842477126104143,32.751579555893272]]],[[[-96.758788351849162,32.75260396461055],[-96.758969995557251,32.752762631757342],[-96.759393798755099,32.752406819590043],[-96.759222899781975,32.752247675775344],[-96.758788351849162,32.75260396461055]]],[[[-96.827893882367334,32.754131775097584],[-96.828061952482443,32.754134029356671],[-96.828558269319302,32.754138092492845],[-96.828583703596024,32.754138539090789],[-96.828580005048892,32.753769758951492],[-96.828576468294571,32.753417215708616],[-96.828553804497943,32.753416232730174],[-96.82805880051842,32.753418729776222],[-96.827892503790835,32.753415556831939],[-96.827893187971597,32.75377076394215],[-96.827893882367334,32.754131775097584]]],[[[-96.768220726015684,32.755426791835902],[-96.767973067867572,32.755637331676255],[-96.768085875847319,32.755735039089664],[-96.768450692658519,32.755425952748162],[-96.768336978208225,32.755327985003852],[-96.768220726015684,32.755426791835902]]],[[[-96.749743970045557,32.753388296790845],[-96.749326247342509,32.753737671914941],[-96.748340877303932,32.75456181744859],[-96.748015354179699,32.754831618522722],[-96.748186349672253,32.754968571705191],[-96.747529060515234,32.755529160797408],[-96.747057970376744,32.755930912206885],[-96.747039451973095,32.755949241881204],[-96.750016131207929,32.758473248948384],[-96.751176274521086,32.757499197520282],[-96.751059368405194,32.757398476567431],[-96.749639414494681,32.756200933852107],[-96.74956513986946,32.756138347739601],[-96.751313765200877,32.754661732982534],[-96.749789959200825,32.753349612475724],[-96.749743970045557,32.753388296790845]]],[[[-96.818622382338418,32.758671322900732],[-96.818493319092184,32.758792615944202],[-96.818555083754347,32.759215406006646],[-96.818417881752026,32.759332633033367],[-96.818817581776713,32.759666621132631],[-96.818938425067387,32.759776371444097],[-96.819394658336506,32.759417905599896],[-96.819918606100018,32.759005251622597],[-96.820399670847507,32.758573024182809],[-96.821742639132822,32.757410404620295],[-96.821746271916822,32.756568605535804],[-96.821739338277609,32.755838150455254],[-96.821810003880131,32.755839360576637],[-96.822272088306363,32.75584254641452],[-96.822287222421011,32.755842901283224],[-96.822286395091695,32.755975728201832],[-96.82231748931963,32.755975940391941],[-96.822767597392357,32.755979291956159],[-96.822888247896245,32.755976025818917],[-96.822873848586525,32.754784073364739],[-96.822872986170225,32.754647193822422],[-96.82287544092955,32.75428921746736],[-96.822876546097049,32.753774669450735],[-96.822287500539687,32.753784591025052],[-96.822285214612535,32.753698792010482],[-96.822285733254901,32.753421690831267],[-96.822287702221132,32.753281431155976],[-96.821820921874362,32.753282992698374],[-96.821733077447732,32.7533084687472],[-96.821655570899807,32.753308114122959],[-96.821253742829242,32.753307032923701],[-96.820858634176545,32.753309821179712],[-96.820616982818223,32.753311096236089],[-96.820380885645619,32.753313853781691],[-96.820160213092251,32.753308754252075],[-96.820158189845941,32.753286734234329],[-96.819080928773303,32.753276222869872],[-96.819080825780901,32.753290398025655],[-96.818998875679952,32.753297096991723],[-96.818283449921779,32.753296794322409],[-96.817636026812664,32.753295896232835],[-96.817504111991454,32.75329565139031],[-96.816655395367945,32.753293700298663],[-96.816625761340418,32.753293364849831],[-96.816623225295274,32.753145682574633],[-96.8165932780242,32.753145601729777],[-96.816209073678863,32.753144566093837],[-96.815776402360271,32.753143734871543],[-96.815642894173322,32.753146977681745],[-96.815643280743302,32.753306152144766],[-96.815649082629335,32.75344476289149],[-96.815503492405369,32.753443234787241],[-96.814907959868151,32.753440634624965],[-96.814884868974318,32.753439833670775],[-96.814877948785352,32.753801321441216],[-96.814903132901321,32.753801220878728],[-96.81489057104821,32.754894722590336],[-96.81489057286295,32.754894795671348],[-96.814886142116094,32.756047272061963],[-96.814878121343554,32.756124658169774],[-96.814874693967838,32.757187558342359],[-96.814889055284439,32.757355021551021],[-96.814889447393639,32.758280725651026],[-96.815517028133655,32.758279289741793],[-96.815780981493376,32.758277643795182],[-96.816244271347344,32.758274571818625],[-96.816687392221354,32.758274772316035],[-96.81677123641262,32.75827449153855],[-96.816765478058258,32.758772101689551],[-96.81759539836645,32.758731095945414],[-96.818625554512252,32.758543308804683],[-96.818622382338418,32.758671322900732]]],[[[-96.776054117395901,32.761726201060526],[-96.776072502707436,32.761740742673823],[-96.776436591666624,32.762051959367554],[-96.776545115955514,32.762146872877807],[-96.776715990819156,32.762000947016027],[-96.776222000888168,32.761588208410835],[-96.776054117395901,32.761726201060526]]],[[[-96.793925150071914,32.76073327905366],[-96.794068501216216,32.760771632392647],[-96.794213245673575,32.76080433669275],[-96.794359160923094,32.76083134167645],[-96.794506022643901,32.760852605828013],[-96.794653605060162,32.76086809645728],[-96.794801681288035,32.760877789749941],[-96.794958940186916,32.760885104780257],[-96.795050600724679,32.76089250221532],[-96.79514180667212,32.760903005019728],[-96.795231575449648,32.760918086107196],[-96.795378339046863,32.760982161481898],[-96.795405026266081,32.760992114050225],[-96.795542853654752,32.761042892157221],[-96.795615522519014,32.761072848615285],[-96.795686611897537,32.761105402592165],[-96.795756008611932,32.76114050022688],[-96.795823514975069,32.761178041403483],[-96.795889102470824,32.761218010401244],[-96.795955663013189,32.761262343627919],[-96.796987155967031,32.762008255914566],[-96.797095178926071,32.762083034381469],[-96.797206133421554,32.762153389755973],[-96.797319838452509,32.762219207266774],[-96.797436108530945,32.762280379545217],[-96.797554753984542,32.762336806800441],[-96.797660270044176,32.762416763138511],[-96.797701295463881,32.762448456912729],[-96.797759947355843,32.762493764077028],[-96.797858422386724,32.762572014786372],[-96.797955479540988,32.762651402281826],[-96.798051029305412,32.762731807188167],[-96.798091079390929,32.762766504443398],[-96.798145170468743,32.762813366151008],[-96.798238080469091,32.762896178109258],[-96.798282372105973,32.762936814864638],[-96.798339825817649,32.762989528253989],[-96.798384531058502,32.76302986577916],[-96.798445241220719,32.763087506753848],[-96.798454651707161,32.763096991300465],[-96.798499061659371,32.763142046360656],[-96.79859546133315,32.763238475381982],[-96.798681095548844,32.763326671176962],[-96.798765872821775,32.763416589600858],[-96.798802955613468,32.763457038226747],[-96.798887716530643,32.763549994951624],[-96.798949077118763,32.76361767947413],[-96.798974590655121,32.763645822519344],[-96.799037828875967,32.763715578269448],[-96.799062476866766,32.76374276783568],[-96.799114873803987,32.763800662720193],[-96.799155650769109,32.763845715634019],[-96.799330859870622,32.764038805426949],[-96.799392350755511,32.764106633104888],[-96.799417676397766,32.76413456874544],[-96.799458928545505,32.764180075412895],[-96.799506709360898,32.764232775887891],[-96.799594329161252,32.764329423134349],[-96.799681506947124,32.764425582638466],[-96.799768771974385,32.764521655783859],[-96.799843795094233,32.764676246613746],[-96.799977948343994,32.764895302546662],[-96.800134801653556,32.765103316064227],[-96.800313094459057,32.765298612094277],[-96.800399851236946,32.765381838810576],[-96.800424890802759,32.765404903494947],[-96.801161355272711,32.76608201377335],[-96.801274290171037,32.76618055693276],[-96.801391747267132,32.766273663732228],[-96.801513465116685,32.766361126928068],[-96.801639172791539,32.766442751838539],[-96.801768590482695,32.766518356777162],[-96.80197237879888,32.766623094609514],[-96.802026851422099,32.766643601696543],[-96.802261444079718,32.766789718285423],[-96.802509593281471,32.76691962689118],[-96.802770527903263,32.76703021696671],[-96.803042145776018,32.7671206002003],[-96.803322260517049,32.767190047690683],[-96.803608615203657,32.767238000958784],[-96.803898905842587,32.767264073172647],[-96.804190793014513,32.767268054718507],[-96.804481928563419,32.767249913565855],[-96.80476996627813,32.767209795413194],[-96.805052588581816,32.767148024051181],[-96.805327518383436,32.767065096111679],[-96.805592542581962,32.766961680483945],[-96.805845526153874,32.766838607681422],[-96.806084434553753,32.766696871046044],[-96.806307341499277,32.766537610616297],[-96.806512453606544,32.766362108949437],[-96.80669812022046,32.766171779527227],[-96.806748205867436,32.766113910961117],[-96.807323227632523,32.765431006515769],[-96.807420754086422,32.765308327681566],[-96.807510222378696,32.765188973632476],[-96.808104014585041,32.7643968222105],[-96.808121122208959,32.764373747301669],[-96.808222140370702,32.764225918113567],[-96.808543288757434,32.763720312184795],[-96.80943473210128,32.762475344836176],[-96.809461681136213,32.762434106088143],[-96.809482294633582,32.762408621809584],[-96.809500258273317,32.762383831158793],[-96.809514177840285,32.762364391694042],[-96.809584979898077,32.762290185737292],[-96.809652716449619,32.762213171355569],[-96.809717276196551,32.762133475091659],[-96.809778553060397,32.762051227894972],[-96.811023882812933,32.760305782916767],[-96.81114573759146,32.760118956302513],[-96.811264762204033,32.759893749120728],[-96.81135941521282,32.75966043253478],[-96.811428934098657,32.759420886689085],[-96.811472761487082,32.759177038695633],[-96.811490542110676,32.758930853571677],[-96.811482134951433,32.758684312757396],[-96.811447606018774,32.758439400488562],[-96.811387236068697,32.758198090372524],[-96.81130150926802,32.75796232358924],[-96.811191116559471,32.757733999918791],[-96.811056946462102,32.757514955972695],[-96.81090008096777,32.757306956121113],[-96.810721780922506,32.757111675160807],[-96.810656635601234,32.757052215760829],[-96.810613217329376,32.756932801643522],[-96.810502827671513,32.756704477345345],[-96.810368660828615,32.756485432640524],[-96.810211798766318,32.756277431905382],[-96.810192301670611,32.756254228051461],[-96.810060867290147,32.756099509834115],[-96.809992403599352,32.756018914180466],[-96.80997542383372,32.755999113228214],[-96.809922406403615,32.755937859299792],[-96.80978057005305,32.755785560839428],[-96.809665383305131,32.755676487988204],[-96.80956305867015,32.755588341285623],[-96.809456924754244,32.755504820246415],[-96.809347190491337,32.755426089289081],[-96.809234071902978,32.755352303402439],[-96.809117791673074,32.755283607840497],[-96.808998578709463,32.755220137836503],[-96.80889408883786,32.75514530561059],[-96.808786013573126,32.755075751800774],[-96.808674619319916,32.75501164785662],[-96.808560180664131,32.754953151793806],[-96.808558323007446,32.754945724360773],[-96.808499881011102,32.754784975106169],[-96.808914604475945,32.754790617468593],[-96.809427662435951,32.754798970312685],[-96.809398140221745,32.754470052702601],[-96.808847392495395,32.754471039689825],[-96.808749661527528,32.754470790630059],[-96.808440779046606,32.754470004472431],[-96.80835402704497,32.754468242234282],[-96.808228067271742,32.754262582289478],[-96.808071214152974,32.754054578821261],[-96.807892926863218,32.753859293759518],[-96.807694643119234,32.753678298809554],[-96.807477958604636,32.753513051477924],[-96.807244616538981,32.753364882306769],[-96.806996498298474,32.753234983024925],[-96.806735598961552,32.753124401708732],[-96.806453609907621,32.753030745001809],[-96.806314484280605,32.752803386237531],[-96.806157638223866,32.752595380333872],[-96.805979358074211,32.752400092508168],[-96.805781081491048,32.752219094487998],[-96.805564404100195,32.752053843804447],[-96.805530219319763,32.752030361410895],[-96.805214058928129,32.751816170726833],[-96.805201848583465,32.751807897682141],[-96.805027942875626,32.751690080065849],[-96.805493071410936,32.751691937808424],[-96.805488221498422,32.751229711410993],[-96.807490929920434,32.751224909078609],[-96.808333428474796,32.751229504498987],[-96.808819710097239,32.751233372106839],[-96.808914896599319,32.751231918872335],[-96.809362282730163,32.751228382493188],[-96.809362500865404,32.750789904764503],[-96.809368101773572,32.750495827441512],[-96.809386554970658,32.750210172178569],[-96.809393289904506,32.750070061099812],[-96.809437630670061,32.749791630625616],[-96.809472584193017,32.749579050626302],[-96.809531481318274,32.749304942615566],[-96.809587546347473,32.749051413335543],[-96.809622924544058,32.748944680832309],[-96.809734850598574,32.74861905932633],[-96.809780665611754,32.748476728724583],[-96.809794092274998,32.748454919474973],[-96.809964113156212,32.748110844966355],[-96.810020051548733,32.747992020083856],[-96.810082993455595,32.747889784028494],[-96.810208325340028,32.747671559775448],[-96.810321776760688,32.747479292065229],[-96.810440526810908,32.747307712646489],[-96.810566830339027,32.747123865778391],[-96.810638007233081,32.747016243197606],[-96.810855838095605,32.746766286338989],[-96.810124096366991,32.7467563404958],[-96.810140563432384,32.746752019526213],[-96.810158180848248,32.746746810456791],[-96.810172942392768,32.746743387169907],[-96.810187165044226,32.746740183842306],[-96.810318220284543,32.746709541946821],[-96.810447893149359,32.746673495450423],[-96.810477183204299,32.746665319798701],[-96.810507379359166,32.746657481151438],[-96.810625975636981,32.746629903804582],[-96.81065898385674,32.7466199432113],[-96.810801436783962,32.746588008964665],[-96.810942390547282,32.746550000160546],[-96.811081586238217,32.746505986614771],[-96.81121876817754,32.746456049172849],[-96.811321780092612,32.746416105897502],[-96.811398605850854,32.746385282508697],[-96.811449565637758,32.746364142601834],[-96.811500310583213,32.746342625454098],[-96.811556355042754,32.746318330165998],[-96.811601094614517,32.746298485661882],[-96.811651149841651,32.746275856021768],[-96.811700886867982,32.746252896442321],[-96.811750469333845,32.746229532482332],[-96.811799982422798,32.746205718398308],[-96.811849070682854,32.746181625239792],[-96.811897735060782,32.74615725933365],[-96.811946321438882,32.74613244769688],[-96.8119947221399,32.746107240277524],[-96.812042788409826,32.746081714425742],[-96.812060179207819,32.746072413553755],[-96.812103186565466,32.746046889332298],[-96.812205444078756,32.745997123872833],[-96.812331329871427,32.745925790149293],[-96.812358684620321,32.745909470393542],[-96.812391967094342,32.74588943758507],[-96.812416716244982,32.745874373105956],[-96.812442488741723,32.74585853061896],[-96.812463785090031,32.745845328644286],[-96.812489431031196,32.745829293219934],[-96.812511157323328,32.745815593796067],[-96.812536858207949,32.745799249745403],[-96.812556462696662,32.74578667688391],[-96.812581789480376,32.74577030519719],[-96.812597398158161,32.745760144869351],[-96.81262744527119,32.74574041261647],[-96.812647720302337,32.745726980282782],[-96.812672730010817,32.745710275068468],[-96.812694921989447,32.745695318327719],[-96.812719770980394,32.74567842061478],[-96.812741754027755,32.74566333746511],[-96.812766410930024,32.745646269376223],[-96.812784593655294,32.745633589693291],[-96.812808421434056,32.745616850370453],[-96.812830679006922,32.745601079149679],[-96.812855016682065,32.745583678407336],[-96.812874775536073,32.745569436311733],[-96.812898954165306,32.745551867446764],[-96.812918498827926,32.745537551184576],[-96.812942517309963,32.745519815986029],[-96.812961771944344,32.745505484957619],[-96.812985598839603,32.74548760915502],[-96.813006648046056,32.745471678096216],[-96.813030315307373,32.745453608909145],[-96.813051185766412,32.745437535617519],[-96.813078869568514,32.745416016024066],[-96.813091939546084,32.745405776987127],[-96.813115255124472,32.745387398158456],[-96.813210018976463,32.745313146140539],[-96.813300666438337,32.745233921223608],[-96.813386936864674,32.745149951209022],[-96.813468582195597,32.745061477542059],[-96.813545367670187,32.744968754617709],[-96.81389129613936,32.744644721321514],[-96.81391839082427,32.744619019413193],[-96.814147898535651,32.744398546174054],[-96.814396855315394,32.744163193736703],[-96.814489880027324,32.744075250525114],[-96.814638817572387,32.743934451840353],[-96.81481430317713,32.743753628910675],[-96.814978967075248,32.74354999258582],[-96.815121369068095,32.743334701668481],[-96.815240361094411,32.743109490420096],[-96.81533498576141,32.742876170537784],[-96.815404480778241,32.742636622192535],[-96.815448288962088,32.742392772516325],[-96.815466055200673,32.742146586540116],[-96.815457638591269,32.741900045710871],[-96.815423105219693,32.741655134264462],[-96.815362735877159,32.741413825801594],[-96.815277014725851,32.741178061488952],[-96.815166632662894,32.740949741086716],[-96.815032478121552,32.74073070118002],[-96.814875632968125,32.740522706106475],[-96.814697357885265,32.740327430624404],[-96.814499090490983,32.740146446361848],[-96.8142824263374,32.739981210739209],[-96.814049108480319,32.739833054204546],[-96.813801018100534,32.739703168384672],[-96.813573725958406,32.739605465606182],[-96.813269759401223,32.739487240157402],[-96.813134131000524,32.73943765128935],[-96.812996653655901,32.739393446101623],[-96.812857540976182,32.739354693279118],[-96.812717009111182,32.739321453035011],[-96.812594135191588,32.739294855515887],[-96.812561731455446,32.739287991125465],[-96.812275462078986,32.739240058383281],[-96.811985260606846,32.739214005675038],[-96.811693465314491,32.739210042418861],[-96.811402423184106,32.739228200492164],[-96.811114479243827,32.739268334087079],[-96.810831949904042,32.739330119347187],[-96.810557111126485,32.739413059617412],[-96.810292174942802,32.739516486024755],[-96.810039275385662,32.739639568108039],[-96.809860054118857,32.739743360811872],[-96.809817754955162,32.739773461253812],[-96.809715995000431,32.739833607293228],[-96.809640304861333,32.739879262886745],[-96.809579845615119,32.739916175701644],[-96.809534168424037,32.739946061445252],[-96.809380515760111,32.740025316891142],[-96.8092275125302,32.74010430318954],[-96.809071883147482,32.740179565571587],[-96.80891383009525,32.74025100756964],[-96.808711742229562,32.740336164761182],[-96.808668087853775,32.740354907277059],[-96.808415183657004,32.740477986049278],[-96.808176349529461,32.740619727421681],[-96.807953511007142,32.740778991489485],[-96.807815255016706,32.740893810412373],[-96.807606060364321,32.741078215213129],[-96.807516660451995,32.741160000698599],[-96.807430869283905,32.741245564040263],[-96.807348846362572,32.741334746159183],[-96.807270744184621,32.7414273812484],[-96.807196707957189,32.74152329708123],[-96.807043721578779,32.741614087280269],[-96.806820878528981,32.741773349307202],[-96.806615823837561,32.741948851783924],[-96.806430207702959,32.742139181404937],[-96.806265526814244,32.742342806424148],[-96.806123104938195,32.742558087209943],[-96.806111138318457,32.742580730414886],[-96.805978633358009,32.742572331816625],[-96.805845908721466,32.742568828696832],[-96.805713145213616,32.742570225827642],[-96.805580523692171,32.742576521305821],[-96.805448224821475,32.742587706555319],[-96.805160267294497,32.742627826348475],[-96.804877723120811,32.74268959806129],[-96.804602868381622,32.742772525147892],[-96.804337915237113,32.742875938841372],[-96.804084997856336,32.742999008782995],[-96.80384615003409,32.743140741811743],[-96.803623297416536,32.743299998090222],[-96.803418232878272,32.743475495274367],[-96.80339967810373,32.743493019121715],[-96.803124998180124,32.743754755515155],[-96.803106943529585,32.743772629784381],[-96.802939416045319,32.743945112988229],[-96.802774723800567,32.744148733358315],[-96.80263229056294,32.744364010118602],[-96.802513264873127,32.744589209277564],[-96.802418604684988,32.744822519371404],[-96.802349072919043,32.74506206042004],[-96.802305227439248,32.74530590543452],[-96.802287424073782,32.745552089475993],[-96.802295804455767,32.745798631135067],[-96.802330303225219,32.746043546158873],[-96.802390640292415,32.746284860874631],[-96.802476332152565,32.746520633991828],[-96.802586688504476,32.746748965576629],[-96.802720821432175,32.746968018826024],[-96.802766723350032,32.747028901052907],[-96.802884017682914,32.748077858275181],[-96.80290175142801,32.748273383395649],[-96.802635229216946,32.748294791015802],[-96.802650116587856,32.748433516837984],[-96.802687067629392,32.748897034293385],[-96.802849208005668,32.748886199858745],[-96.802926137294946,32.749851664871677],[-96.803015778045349,32.7498507014623],[-96.803049852013302,32.750381716212395],[-96.802079068005128,32.749740845102799],[-96.802114189203863,32.749545531325133],[-96.802131993850594,32.74929934737505],[-96.802123613593054,32.74905280576337],[-96.802089114224401,32.74880789073211],[-96.802028776262048,32.748566575911234],[-96.801952320736945,32.748352970152261],[-96.801919692110516,32.748273591716888],[-96.801910455005654,32.748251424080209],[-96.801800098525391,32.748023091918377],[-96.80166596627538,32.747804037691189],[-96.801509139942681,32.747596025851742],[-96.801330880058103,32.747400731293233],[-96.801132624117798,32.747219725797514],[-96.800915967581446,32.747054466955845],[-96.800682653443474,32.746906285403014],[-96.800432869420987,32.746775575052432],[-96.800239443852874,32.746684427049331],[-96.800138538420072,32.746638825360733],[-96.800064730352304,32.746606867031637],[-96.799886728011799,32.746529463814376],[-96.799774301262985,32.746446429052334],[-96.79965830661672,32.746368456059606],[-96.799538971800715,32.746295697917482],[-96.799416531100277,32.746228297469152],[-96.799291224898411,32.746166387039246],[-96.799163299203826,32.746110088174071],[-96.799016321300883,32.746048204766943],[-96.798887005414429,32.745991354873262],[-96.798780682898325,32.745942468843047],[-96.798604520641021,32.745857946520751],[-96.798586116049691,32.745849182147239],[-96.798325248894173,32.745738583125629],[-96.798053701241031,32.74564818945214],[-96.797773658589662,32.745578729987606],[-96.797487376915882,32.74553076320867],[-96.797197159223373,32.745504675986453],[-96.79690534391851,32.745500678017244],[-96.796614278144247,32.745518801457727],[-96.796326307119287,32.745558900778896],[-96.796043747471927,32.745620652400198],[-96.795776280953604,32.745701013392193],[-96.795635716170935,32.745749186748036],[-96.795506728784389,32.7457963119166],[-96.79532212995899,32.745867795882141],[-96.795177691409876,32.745927424286002],[-96.794992900815402,32.746008864300933],[-96.79484770156985,32.746076900550207],[-96.794672685114392,32.746163915549339],[-96.794574446905884,32.746214758191158],[-96.794531744331152,32.746238144818477],[-96.794362212121712,32.746332594421276],[-96.794225930735095,32.746412811192457],[-96.794062322877039,32.746514450742694],[-96.794002434608942,32.746552561720698],[-96.793931044109584,32.746600454120113],[-96.793773789364778,32.746709018965717],[-96.793647939118031,32.746800527114331],[-96.793497443185672,32.74691573154427],[-96.793471804643332,32.746935569366627],[-96.793377206554467,32.747012609046138],[-96.793233866818412,32.747134156413303],[-96.793158343760979,32.747200377576121],[-96.792588744971226,32.747716831562627],[-96.792484473080819,32.747778688919368],[-96.792469137997159,32.747788744988675],[-96.792182226346313,32.747978052860148],[-96.792112835370119,32.748025142833491],[-96.791832158066043,32.748221012367033],[-96.791764335239336,32.748269675929556],[-96.791651706629409,32.748352753932558],[-96.789868643654529,32.74740285489321],[-96.789729049442627,32.747328489057587],[-96.789375724805836,32.747139445669021],[-96.78938422699801,32.747118498877526],[-96.789453795355527,32.74687896511562],[-96.789497676910301,32.746635124661601],[-96.789515515958698,32.746388942471611],[-96.789507171012076,32.746142399962537],[-96.789472707579392,32.745897481383551],[-96.789456098861194,32.745827243700163],[-96.789486612727316,32.745748943592773],[-96.789540276873524,32.745619669883034],[-96.78959173605827,32.745491274059049],[-96.789604464621704,32.745459514382297],[-96.789647523165854,32.745352059524137],[-96.789656874803626,32.745328723451024],[-96.789695840918739,32.745231483505549],[-96.789735979453468,32.745124127338038],[-96.78974746749104,32.745084570484011],[-96.789752626859652,32.745072647535892],[-96.789856945506756,32.744811736885417],[-96.789873083985,32.744771378144634],[-96.789882499265232,32.744747834583826],[-96.789901642711826,32.744699961669561],[-96.789908427350511,32.744683003022125],[-96.789915960063325,32.744664164209702],[-96.789933355970774,32.744620689437433],[-96.789943429125614,32.744595514302674],[-96.78995960863584,32.744555071333664],[-96.790012084235045,32.744423821172205],[-96.790023609741567,32.74439499603637],[-96.790064581591579,32.744292541525006],[-96.790116309601217,32.744163185924599],[-96.790167044093167,32.744036311390097],[-96.790219297373525,32.743905656070019],[-96.790270371270978,32.743777933835034],[-96.790309862609973,32.743672192973719],[-96.790379425769672,32.74343265863844],[-96.790423303078782,32.743188817801368],[-96.790441138868118,32.742942635421763],[-96.790432791674988,32.742696092918067],[-96.790398327026708,32.74245117453939],[-96.790338025160594,32.742209853942683],[-96.790276591461406,32.742033581561834],[-96.790253863320345,32.741975593758291],[-96.790229641586023,32.741916084583785],[-96.790119323021486,32.741687741957151],[-96.789985229163207,32.741468675035129],[-96.78982844138875,32.741260648373299],[-96.78972463632563,32.74114688939455],[-96.789767015437064,32.741126273428179],[-96.79000588031343,32.740984567433884],[-96.790228751543353,32.740825335545097],[-96.790433836030019,32.740649860089619],[-96.790619483340478,32.740459554338237],[-96.790784196617722,32.740255950023986],[-96.790926651992066,32.740040686782145],[-96.791045700972049,32.739815498650891],[-96.791106251951248,32.739674431475628],[-96.79114650794638,32.739572008269512],[-96.791180030965663,32.739543324021554],[-96.791365674363007,32.739353017141937],[-96.791530383876292,32.739149411824172],[-96.791672835666034,32.738934147711618],[-96.791791881269845,32.738708958849514],[-96.791886562863908,32.7384756567549],[-96.791956117698504,32.738236121455493],[-96.791999988109495,32.737992279978748],[-96.792017818483217,32.737746097289012],[-96.792009467400646,32.737499554807293],[-96.791975000420251,32.737254636782424],[-96.791914697798148,32.737013316868619],[-96.791847810820258,32.736829198274606],[-96.791878845920962,32.736721786600171],[-96.791904493652353,32.736612962709629],[-96.791924690373207,32.736502996634194],[-96.791939385968163,32.736392161239266],[-96.791948543972197,32.736280731547339],[-96.791952141660971,32.736168984055581],[-96.791950170107356,32.736057196049714],[-96.791942634203465,32.735945644916001],[-96.791964707750438,32.735900348208844],[-96.792059385895399,32.735667045940247],[-96.792128938063613,32.73542751050072],[-96.792172806612285,32.73518366891885],[-96.792190635942859,32.734937486159808],[-96.792182284644568,32.734690943645163],[-96.792147818277741,32.734446025624038],[-96.792087517093407,32.734204705750635],[-96.792001864705625,32.733968925282994],[-96.791891551457425,32.733740584111651],[-96.79176064694289,32.733526200474515],[-96.791735188605927,32.733488656525012],[-96.791468817090532,32.733097571136291],[-96.791385815227159,32.732982494244901],[-96.791297143689718,32.732871727107614],[-96.791203025871212,32.732765548783576],[-96.791103698885635,32.732664226771199],[-96.790999412970621,32.73256801633422],[-96.790890430856948,32.732477159858647],[-96.790777027106699,32.732391886242056],[-96.790850162053516,32.732281364045264],[-96.790969200824264,32.732056175875115],[-96.791063877485954,32.73182287430776],[-96.791133429328568,32.731583339366864],[-96.791177298711844,32.731339498076849],[-96.791195130030573,32.73109331540067],[-96.791186781857917,32.730846772759136],[-96.791152319729051,32.730601854402458],[-96.791092023860784,32.730360533987515],[-96.791006377824459,32.730124752776725],[-96.790896071911945,32.729896410666584],[-96.790768554726199,32.72968702313284],[-96.790536738462151,32.729343396149432],[-96.790455259516406,32.729222618187514],[-96.790326721961335,32.729032078320316],[-96.790226194545539,32.728883085337735],[-96.790066147622923,32.728670217174049],[-96.789887950899924,32.728474905968284],[-96.789689760541435,32.728293882002376],[-96.789473171479486,32.728128603016209],[-96.78923992616555,32.727980399806682],[-96.788991905196383,32.727850464376999],[-96.788731102867629,32.727739845094028],[-96.788459620023062,32.727649430358447],[-96.788448366343999,32.727646637204877],[-96.788388544912806,32.727481932333497],[-96.788278249014908,32.72725358786267],[-96.788144181495468,32.727034518753108],[-96.787987423519667,32.726826489577931],[-96.787809235068622,32.726631175369597],[-96.787611053062875,32.726450148068388],[-96.787394472366998,32.726284865441023],[-96.787161235365232,32.726136658313621],[-96.786913222587401,32.726006718721081],[-96.786652428263167,32.725896095063696],[-96.786380953171914,32.725805675777337],[-96.786100982228788,32.725736189928924],[-96.786039573632706,32.725725749992606],[-96.786067424594663,32.725613650737131],[-96.786089390568748,32.725500251375841],[-96.786105411752629,32.72538586063834],[-96.786115444528647,32.725270789953264],[-96.786119461582601,32.725155352600396],[-96.786117451978043,32.725039862857784],[-96.78610942118614,32.724924635146095],[-96.786138662259347,32.724758709506744],[-96.786156506225183,32.724512527453605],[-96.786148172660106,32.724265984373844],[-96.786113726981839,32.724021064521096],[-96.786053449274391,32.723779741564336],[-96.78596782296313,32.723543956786372],[-96.785857538180935,32.723315610112508],[-96.785723482578476,32.723096538339213],[-96.785566737224926,32.722888506061068],[-96.785388561999852,32.722693188335384],[-96.785190393717102,32.72251215713095],[-96.784973827130955,32.722346870245801],[-96.784740604512066,32.722198658540393],[-96.784492606274341,32.72206871408634],[-96.784231826530501,32.72195808532328],[-96.783960365942548,32.721867660727973],[-96.783908373728607,32.721852995175361],[-96.782388094886258,32.721436163125908],[-96.782357424064372,32.721427755234004],[-96.782129643190558,32.72137297603237],[-96.781944700709886,32.721341955861639],[-96.781884374449731,32.72128684227448],[-96.781667817005157,32.721121549616235],[-96.78143460312198,32.720973331695902],[-96.781186613143788,32.720843380635209],[-96.780925841116769,32.720732744926892],[-96.780646399990786,32.720640016287163],[-96.780528583519185,32.720606400664913],[-96.780502656576189,32.72059911051204],[-96.780480531263649,32.72059297602943],[-96.780438171927386,32.7205815016749],[-96.780415910620135,32.720575613331782],[-96.780385659746742,32.720567748312504],[-96.780363363793285,32.720562051593227],[-96.780327378694452,32.720553048330899],[-96.780305011286671,32.720547570685042],[-96.78026798963613,32.720538705488067],[-96.780223054330932,32.720528186639889],[-96.780125167581559,32.720506656427666],[-96.780074428603072,32.720496272762858],[-96.780042340126641,32.72048985779599],[-96.780019629323618,32.720485419789668],[-96.779978847223077,32.720477683093229],[-96.779956065506482,32.720473491224695],[-96.779920212862407,32.720467072827709],[-96.779897394871583,32.720463101421103],[-96.779866156568588,32.720457799443196],[-96.779843302879129,32.720454018743318],[-96.779806609824973,32.720448133450411],[-96.779783686810987,32.720444571852738],[-96.779747513333049,32.720439129371009],[-96.779724552976958,32.720435788220335],[-96.779687949081406,32.720430643715737],[-96.779664919417343,32.720427520765391],[-96.779631528200809,32.720423144977325],[-96.779606299610236,32.720419962711141],[-96.77956968091236,32.720415527791992],[-96.779546577680975,32.720412843045011],[-96.779510661185,32.72040884174141],[-96.779487553676745,32.720406377899018],[-96.779451372830295,32.72040269400815],[-96.77942823014601,32.720400448838674],[-96.779398659798204,32.720397722322403],[-96.778301121939521,32.720279590502543],[-96.778266362039886,32.720275594039379],[-96.778245690888724,32.720273328776635],[-96.778204714774873,32.720269062171063],[-96.778183972177573,32.720267015079123],[-96.778143854482167,32.720263269040991],[-96.778123108688035,32.720261441967523],[-96.778082461804814,32.720258080018034],[-96.778061679746429,32.720256472504758],[-96.778026465236636,32.720253911874181],[-96.778005678389064,32.720252496398018],[-96.777959873386848,32.720249651895102],[-96.777930963143746,32.720248048069955],[-96.777898750806955,32.720246436357677],[-96.777877922904423,32.720245487495269],[-96.777837110385988,32.720243844970355],[-96.777816246199933,32.720243116569655],[-96.777775906219944,32.720241920719552],[-96.77775503778517,32.720241411420709],[-96.777719662374551,32.720240710975943],[-96.777698822215442,32.720240394172457],[-96.777653121772559,32.720239970906434],[-96.777632244803925,32.720239901614669],[-96.777591589873566,32.720239981190019],[-96.777570740637515,32.720240132345332],[-96.77753052884735,32.720240633836717],[-96.777509643360503,32.720241003650344],[-96.777479526304177,32.720241659484508],[-96.777453062610093,32.720242365954363],[-96.77740731616592,32.720243873912622],[-96.77738648720873,32.720244684635126],[-96.777345730562686,32.720246487226532],[-96.777324897301057,32.720247519756015],[-96.777284804104085,32.720249717554601],[-96.777263998642766,32.720250966924539],[-96.777228351485022,32.720253274145335],[-96.777207542243374,32.720254718272194],[-96.777161534715304,32.72025818874647],[-96.777140784695845,32.720259879912469],[-96.777100482722489,32.720263378960261],[-96.777079731614322,32.720265291075961],[-96.77704646754745,32.720268503460893],[-96.777023699628813,32.720270813318663],[-96.776977344611893,32.720275804986954],[-96.776956680978103,32.720278157539155],[-96.776921877713065,32.720282282054754],[-96.776901210331886,32.720284827560711],[-96.77686020593589,32.720290103531113],[-96.776839598299674,32.720292869026451],[-96.776798352873598,32.720298634092671],[-96.776777808164439,32.720301620523429],[-96.776737589707892,32.720307686627514],[-96.776717069507569,32.720310894363116],[-96.77667730806445,32.720317326659163],[-96.776656818825046,32.720320753083406],[-96.776615524251241,32.720327894667975],[-96.776594258408394,32.720331698145074],[-96.77655940659703,32.720338101987252],[-96.77653903946738,32.720341943173665],[-96.776488690860376,32.720351820993884],[-96.776470173677708,32.72035545061749],[-96.776376198370485,32.7203734982482],[-96.776347920106005,32.720360717879508],[-96.776287509296012,32.720334300030885],[-96.776223521213836,32.720307431166212],[-96.77616451266546,32.7202836411155],[-96.77610996673252,32.720262460922164],[-96.776093176780805,32.720256097519837],[-96.776042386139167,32.720237303610723],[-96.775976899774719,32.720214027899132],[-96.775912582101611,32.720192218684964],[-96.775849182363686,32.720171711945753],[-96.775790103767136,32.720153462254231],[-96.775737823458954,32.720137981114711],[-96.775716562210903,32.720131877609838],[-96.775656581972541,32.720115227107499],[-96.77558759817839,32.72009778149291],[-96.775576278760838,32.720083443228752],[-96.775545701504825,32.72004148371677],[-96.775501319723247,32.719982285076398],[-96.775484783334718,32.71996083747689],[-96.775453401871701,32.719920900652035],[-96.775436426432776,32.719899701299234],[-96.775404769237653,32.719860888960113],[-96.775386785481032,32.71983925349879],[-96.775353716100113,32.71980019966967],[-96.775335875029128,32.719779514118578],[-96.775302168346386,32.719741138707192],[-96.775283903911088,32.719720717853839],[-96.775249110909542,32.719682517658796],[-96.775230427166974,32.719662372382189],[-96.775195138062571,32.719624996873058],[-96.77517604139544,32.719605128163188],[-96.77513979734421,32.719568085726991],[-96.775118343123708,32.71954654906807],[-96.77508343284039,32.719512141653261],[-96.775063526971181,32.719492847952949],[-96.775025750405888,32.719456872848781],[-96.775005449325846,32.719437877605934],[-96.774967058927515,32.719402581239528],[-96.774946367917451,32.719383887232787],[-96.774857355220121,32.719306564832294],[-96.774680976419901,32.719169720813653],[-96.774539240096559,32.71906762043249],[-96.774220969495971,32.7188383553476],[-96.774103261581459,32.718757520615654],[-96.773982147352257,32.718681884972526],[-96.77385785629356,32.718611591731353],[-96.773788008115531,32.718574966881469],[-96.773738575098619,32.718550239874176],[-96.773686630760579,32.718525281335367],[-96.773635672791286,32.718501779580635],[-96.773582071479581,32.718478086847931],[-96.773530137570717,32.718456108394278],[-96.773476244883852,32.718434289404094],[-96.773424363650264,32.718414213827153],[-96.773369211537172,32.718393846549382],[-96.773314984816381,32.718374779172876],[-96.773260834517686,32.718356666184071],[-96.773206621103668,32.718339440704455],[-96.773148208353888,32.718321879947581],[-96.773094538971804,32.718306637225652],[-96.773039402096828,32.718291857524818],[-96.772983295792855,32.718277715525936],[-96.772927303953693,32.718264491462762],[-96.772868548455762,32.718251557267259],[-96.772852180170517,32.718248120659922],[-96.772812389241849,32.718240083293381],[-96.772757327652016,32.718229665389003],[-96.772697006160129,32.718219187873416],[-96.772640524410804,32.718210255512531],[-96.772582390813099,32.718201938735604],[-96.772556377472171,32.718198499690736],[-96.772522320883141,32.718194272368834],[-96.772467133930732,32.718188052923686],[-96.772405410416965,32.718182023981569],[-96.772348772248421,32.718177350074107],[-96.772291837995809,32.718173472044242],[-96.772256506795799,32.71817147456003],[-96.772229881902277,32.718170185284329],[-96.772176754065725,32.718168138751778],[-96.772114627582766,32.718166645326399],[-96.772054281014334,32.718166125461231],[-96.771997651892448,32.718166470811873],[-96.771954977167752,32.718167259130794],[-96.771937138422075,32.718167728997251],[-96.77188392051734,32.718169598209698],[-96.771820104770271,32.718172780248551],[-96.771762902982971,32.718176509722035],[-96.771703019503803,32.718181304942682],[-96.771648541515404,32.718186463940469],[-96.771588945738443,32.718192976792913],[-96.77153034927754,32.718200277381428],[-96.771471617642746,32.718208492432602],[-96.771413075918716,32.718217584077365],[-96.77135513844209,32.718227478709352],[-96.771302227665657,32.71823729983678],[-96.771240227180968,32.718249774260762],[-96.771183975774221,32.718262007549335],[-96.771129859638094,32.718274606944568],[-96.771067588478942,32.718290130582417],[-96.771017458542545,32.718303434788375],[-96.770960951574409,32.718319310060529],[-96.770903667146953,32.718336372264652],[-96.770849197849671,32.718353515105719],[-96.770799075484106,32.71837009788009],[-96.770778716173496,32.718377053528123],[-96.770740819588568,32.718390362807668],[-96.770685335631839,32.7184106798138],[-96.77063177459506,32.718431254453684],[-96.770582822604013,32.718450903789936],[-96.770528669610769,32.718473602332566],[-96.770504901631057,32.718483886454301],[-96.770475573561583,32.718496867550044],[-96.770423869996534,32.718520508393084],[-96.770374373161758,32.718544078011881],[-96.77032271015068,32.718569687410259],[-96.770271611566756,32.718596061371706],[-96.770243506026361,32.718611020248041],[-96.770221529255437,32.718622953643788],[-96.770174429584742,32.71864921457],[-96.770125481188245,32.7186775404383],[-96.770076620309126,32.718706903834715],[-96.770032333819572,32.718734492743934],[-96.769996627598061,32.718757430735813],[-96.76998555770048,32.718764677032247],[-96.769936135116964,32.718797784623284],[-96.76989177691803,32.718828611350439],[-96.769847349425731,32.718860583462593],[-96.769801811868291,32.718894547820661],[-96.769763087425375,32.718924424734929],[-96.769716504996964,32.718961633221681],[-96.769677544578983,32.718993870808042],[-96.769634049934254,32.719031128574962],[-96.769593016589454,32.719067570974637],[-96.769554968306281,32.719102546887292],[-96.769512431859752,32.719143080272389],[-96.769478152962492,32.719176910879057],[-96.769439379652155,32.719216509924649],[-96.769427509318589,32.719229072782994],[-96.769291464735687,32.719206889816206],[-96.769264378537258,32.719204291984902],[-96.769238058923833,32.719200956214955],[-96.769180676038388,32.719194339444954],[-96.769122563992795,32.719188511610334],[-96.769061676782499,32.719183342290648],[-96.769009318603025,32.719179659994531],[-96.768963934772557,32.719177033594598],[-96.768946120059155,32.719176149557946],[-96.768890722784789,32.719173912173858],[-96.768835350858126,32.719172454394062],[-96.76877219269214,32.719171744052574],[-96.768716838378595,32.719171955053973],[-96.768660963975321,32.719172957001149],[-96.768598120671783,32.719175031638599],[-96.768542751617161,32.719177694731485],[-96.768487504041218,32.719181131553079],[-96.768424202301489,32.719186032707746],[-96.768367196357332,32.719191330929561],[-96.76831058454772,32.71919742742309],[-96.768257321518121,32.719203925924447],[-96.768194632516085,32.719212529847574],[-96.7681356949075,32.719221571151365],[-96.768085875810769,32.719229937692923],[-96.768071894379759,32.719232404449762],[-96.768024776460976,32.719241116176605],[-96.767971793429425,32.7192516366012],[-96.767908777899507,32.719265162225462],[-96.767858011232136,32.719276868880769],[-96.767800396688926,32.719291045174536],[-96.76778288459505,32.719295540751723],[-96.767740816478266,32.719306714710534],[-96.767693121451813,32.719320010945701],[-96.767631786676915,32.719338110148712],[-96.767585133394391,32.719352642092758],[-96.7675276755715,32.719371468142903],[-96.767501729778502,32.719380307994754],[-96.767470693528054,32.71939117207431],[-96.767419541810199,32.719409755887632],[-96.767363858596696,32.719430970590864],[-96.767311600637015,32.719451838882634],[-96.767263922390768,32.719471704017963],[-96.767230686807707,32.719486026976469],[-96.767208470372779,32.719495829730924],[-96.767161439699066,32.719517172216008],[-96.767135280990786,32.719529537412598],[-96.767118020278701,32.7194142830826],[-96.76709477526299,32.719300085175405],[-96.76706560914657,32.719187254193763],[-96.767030601231795,32.719076096923793],[-96.766989846704746,32.718966915600802],[-96.766943896951503,32.718851593077289],[-96.766889874982525,32.718716034763958],[-96.766838037970572,32.718585904108465],[-96.766787731271677,32.718459646057603],[-96.766737032876833,32.718332363327541],[-96.766685413733754,32.718202791233246],[-96.766635641708447,32.718077860108558],[-96.766583785140071,32.717947730862853],[-96.766531442824103,32.717816367275447],[-96.766480024773813,32.717687346268583],[-96.766428697491278,32.717558547479058],[-96.766377845892976,32.717430912491132],[-96.766325629837397,32.717299834677291],[-96.766273933214194,32.717170084526252],[-96.766224312557611,32.717045492650676],[-96.766171995566296,32.716914197790942],[-96.766120806711172,32.71678573179954],[-96.766070762520414,32.716660121966974],[-96.76601844360232,32.716528457210863],[-96.765966445349946,32.71639758971002],[-96.76594174384698,32.716335424200992],[-96.765953203786623,32.716271816944236],[-96.765971102001416,32.716025637669546],[-96.765962825269,32.715779093116481],[-96.765928438550063,32.715534167550288],[-96.765868221453104,32.715292834686444],[-96.765782656916045,32.715057035887284],[-96.765672434574142,32.714828671190887],[-96.765556975362202,32.714637180376812],[-96.765154624811714,32.714029799535453],[-96.764649624371245,32.713267417487685],[-96.764631067325837,32.71323977810188],[-96.764474388777884,32.713031719104826],[-96.764296279717371,32.712836371030569],[-96.76409817642535,32.712655306092415],[-96.763881673132943,32.712489982359919],[-96.763648511601389,32.712341730989976],[-96.763400571752868,32.712211744374052],[-96.763139847229766,32.712101071290633],[-96.76286843825001,32.712010600573663],[-96.762588529196307,32.711941061704053],[-96.762311886823667,32.711894610673873],[-96.762137128699209,32.711802987997956],[-96.761876406950492,32.711692312261114],[-96.761605000506904,32.711601838782478],[-96.761325093730733,32.71153229706529],[-96.76127285925908,32.711521831475146],[-96.761266121889562,32.711520531299357],[-96.761361910441693,32.711422362321208],[-96.761526636932985,32.711218796422301],[-96.761669116639908,32.711003566337169],[-96.761788200875358,32.710778405836734],[-96.761882931504672,32.710545126209809],[-96.761952545382854,32.710305607303212],[-96.76199648437003,32.710061776012942],[-96.762014392300514,32.709815597220796],[-96.762006127130292,32.709569052316844],[-96.761971753726854,32.709324125569125],[-96.761911551591425,32.709082790702737],[-96.761836200962762,32.708871537383381],[-96.760938332318801,32.70667700463941],[-96.759372017972581,32.702848308907932],[-96.758931825503126,32.701772255430448],[-96.758883911139023,32.701662411368041],[-96.758830643706716,32.701555061076995],[-96.758772152556233,32.701450465237457],[-96.758708579722423,32.701348877840928],[-96.758640079580047,32.701250545573444],[-96.758199630991058,32.700173555681886],[-96.75818935004277,32.700148799340397],[-96.758079165722307,32.699920427720429],[-96.757945213942207,32.699701325700232],[-96.757788574935091,32.699493258118324],[-96.757610507724863,32.699297900315813],[-96.75741244825538,32.699116824584465],[-96.757195990405052,32.698951489080791],[-96.756962875569428,32.69880322505616],[-96.756714983294458,32.698673225004207],[-96.756454306839814,32.69856253781137],[-96.75618294603639,32.698472052425267],[-96.755903084879122,32.698402498444757],[-96.755616977882596,32.698354435107902],[-96.75532692664494,32.69832825006258],[-96.75503526823158,32.698324153793237],[-96.754744348523857,32.698342179247184],[-96.754456511563291,32.698382181684963],[-96.754371987081655,32.698400633845232],[-96.754380943247213,32.698294312629457],[-96.754384565983614,32.698187676380435],[-96.754382846207378,32.698080992472576],[-96.754375788230604,32.697974528399818],[-96.754363409750098,32.697868551104861],[-96.75434574180305,32.697763326309911],[-96.754322828689183,32.697659117850378],[-96.754345787132422,32.697650163971865],[-96.754598644277792,32.697527194912944],[-96.754837448003727,32.697385556141434],[-96.755060272873209,32.69722638690682],[-96.755265326162032,32.697050969032837],[-96.755450957687557,32.696860715326991],[-96.755615670721085,32.696657157102628],[-96.755758141393429,32.696441933624754],[-96.755877221090273,32.696216778611124],[-96.755971951713576,32.69598350330638],[-96.756041570118342,32.695743987522462],[-96.756085518127747,32.695500158130372],[-96.756103439503917,32.6952539799966],[-96.756095192094037,32.695007434505989],[-96.756060840623121,32.694762505931237],[-96.756000664414969,32.694521168012137],[-96.755915146079005,32.694285362151632],[-96.75589742754552,32.694244366318237],[-96.755765960466704,32.693947512114143],[-96.755673508385485,32.693760134140014],[-96.755539571828081,32.693541029455758],[-96.75538294931809,32.69333295877415],[-96.755204899746744,32.693137597461224],[-96.755006858915735,32.692956517837089],[-96.754790420553462,32.692791178089443],[-96.754557325898588,32.692642909503981],[-96.754309454334575,32.692512904610915],[-96.754048798954443,32.69240221233575],[-96.753777459419283,32.692311721666883],[-96.753497619553031,32.692242162245861],[-96.753211533698718,32.692194093354416],[-96.752921503284284,32.692167902685192],[-96.752629865207609,32.692163800767915],[-96.752371018055499,32.692179835381161],[-96.751577184509969,32.69001333801365],[-96.751556849711619,32.68995779602178],[-96.751513570401443,32.689847840604429],[-96.751403416019059,32.689619462943021],[-96.751269496236219,32.689400353609535],[-96.751112891027844,32.689192277501306],[-96.750934859145772,32.688996910028052],[-96.750736836249402,32.688815823559466],[-96.750520415922608,32.688650476338438],[-96.75028733925906,32.688502199710683],[-96.750039485497226,32.688372186271302],[-96.749778847586867,32.688261485014472],[-96.749507525048543,32.688170985001015],[-96.749227701569211,32.68810141594755],[-96.748941631360012,32.688053337213539],[-96.748651615723062,32.688027136570732],[-96.748359991437141,32.688023024629246],[-96.74806910410895,32.688041034462437],[-96.747781297519253,32.68808102145676],[-96.747498886974071,32.688142662935221],[-96.747224147477539,32.688225463401061],[-96.747006139262098,32.688308685063554],[-96.746215120720379,32.688640791527746],[-96.744890604755497,32.686982926017151],[-96.744994771627219,32.686942304027731],[-96.74510736693064,32.686890696282887],[-96.746342879126587,32.686297480767415],[-96.746483121505236,32.68622613702091],[-96.74672190779161,32.68608451376717],[-96.746944718855815,32.685925358996691],[-96.747149762084391,32.685749954416949],[-96.747335387375642,32.685559712728363],[-96.747500098051304,32.685356165147475],[-96.747642570260794,32.685140950853729],[-96.74776165537763,32.684915803490817],[-96.74785639526003,32.684682534241844],[-96.747926026688276,32.684443022870113],[-96.7479699913807,32.684199196211097],[-96.747987932964975,32.683953019109218],[-96.747987464982813,32.683939001703017],[-96.748053437385082,32.683907365714951],[-96.748195290787521,32.683835243699669],[-96.748434067918353,32.683693617138374],[-96.748656869919103,32.683534459278498],[-96.748861904249182,32.683359051852413],[-96.749047520878719,32.683168807583442],[-96.749212223199081,32.682965257708844],[-96.74935468742693,32.682750041426637],[-96.749473765000147,32.68252489239643],[-96.749568497837586,32.682291621814855],[-96.749638122776346,32.68205210945586],[-96.749682081586826,32.681808282162905],[-96.749700017944335,32.681562104785463],[-96.749691789575095,32.681315558702487],[-96.749688981597899,32.681295524831341],[-96.749727635115747,32.681200342558242],[-96.7497972587703,32.680960830097582],[-96.749841216604111,32.680717002735662],[-96.749859152300345,32.68047082532248],[-96.7498509235906,32.680224279237251],[-96.749816595049595,32.679979348757328],[-96.749756445815962,32.679738007638015],[-96.749682678058917,32.679530494109969],[-96.749078891287709,32.678046788849059],[-96.748967569910775,32.677771327781137],[-96.748953611125771,32.677737507396202],[-96.748843478337989,32.67750912733144],[-96.748709583121908,32.677290015110479],[-96.748553005254337,32.677081935653938],[-96.748375003267412,32.676886564398416],[-96.748177012579347,32.676705473744164],[-96.747960626514981,32.676540121967676],[-96.747727585892193,32.676391840451274],[-96.747479769659009,32.676261821829542],[-96.747219170463339,32.676151115138246],[-96.74694788751394,32.676060609481965],[-96.746668104179236,32.675991034622875],[-96.746382074347011,32.675942949966981],[-96.746092098994481,32.675916743333765],[-96.745800514575976,32.675912625381564],[-96.745509666377473,32.675930629232113],[-96.745269881597935,32.675962377030444],[-96.743797387642005,32.676209181855597],[-96.743558520165948,32.676244678805546],[-96.743510449417968,32.676252765896493],[-96.743344007009455,32.676280056158241],[-96.743051962039772,32.676328231780644],[-96.743004032454792,32.676336455965554],[-96.74272165592599,32.676398086618555],[-96.74244694829423,32.676480876565826],[-96.742182120536683,32.67658415814445],[-96.741946363807699,32.676697984022823],[-96.741905756982348,32.676719368005003],[-96.741568675694552,32.676890989652115],[-96.741500105976939,32.676926889476896],[-96.741261335979004,32.677068502755084],[-96.741038536945339,32.677227647398873],[-96.74083350132004,32.677403041962691],[-96.740647879148511,32.677593274009418],[-96.740483167166303,32.677796812579921],[-96.740340689391729,32.678012018737476],[-96.740221594723252,32.678237159060039],[-96.740126841668712,32.678470422557311],[-96.740057193896703,32.678709929624986],[-96.740013210205319,32.678953753546615],[-96.739995247534182,32.679199929554656],[-96.74000344879984,32.679446476303603],[-96.740037750082024,32.679691409500556],[-96.740097872884007,32.679932755325375],[-96.740183335423268,32.680168572238038],[-96.740293449246167,32.680396959951899],[-96.740424656015236,32.680611706799532],[-96.740347023318691,32.680658513401781],[-96.740271813312901,32.680709121193836],[-96.740199211956693,32.680763405046527],[-96.74012939875891,32.680821230741536],[-96.740012391770975,32.680849620066809],[-96.739896803196942,32.680883322745764],[-96.739782874184414,32.680922268465906],[-96.73967084241869,32.680966375976418],[-96.73931957524465,32.680528377486972],[-96.739290818716839,32.680493114153279],[-96.739112830263835,32.680297729656765],[-96.738914850853561,32.680116624268692],[-96.73869847371995,32.679951256384079],[-96.738483272272987,32.679814306161482],[-96.738442790783864,32.679694401125474],[-96.738396463931664,32.679576631046977],[-96.73834440373389,32.679461280691847],[-96.738286736071103,32.679348628975085],[-96.738223600382625,32.679238948286432],[-96.738155149329401,32.679132503831745],[-96.738081548424773,32.679029552991729],[-96.738002975634359,32.678930344699587],[-96.737980655102987,32.678903260999974],[-96.73753589031314,32.678363490029589],[-96.737511009949614,32.678333049852696],[-96.737333029737869,32.678137662786213],[-96.737135058768772,32.677956554543144],[-96.73691869020837,32.677791183541579],[-96.736685664733741,32.677642881318505],[-96.736437861171026,32.677512840675469],[-96.736177272065831,32.677402110825277],[-96.735905996546151,32.677311581059143],[-96.735626217920327,32.677241981333054],[-96.735340190038357,32.677193871253671],[-96.735050213861783,32.677167638844772],[-96.734758625851441,32.677163494972461],[-96.734467771322429,32.677181472966936],[-96.734179993791017,32.677221428471142],[-96.733897608329769,32.677283039061614],[-96.733862355644561,32.677293660589314],[-96.733690522939952,32.677042484471308],[-96.733668121146039,32.676952528610016],[-96.733582678992647,32.676716707179935],[-96.733472586981009,32.676488313478472],[-96.733338731210949,32.676269184680713],[-96.733325470442722,32.676249856743645],[-96.733038630996205,32.675835688112997],[-96.732960723981066,32.67572890712129],[-96.732877875357659,32.675625913001092],[-96.732790268920695,32.675526934238718],[-96.732698099019856,32.675432190412657],[-96.73260157012858,32.675341891706438],[-96.732500896390434,32.675256238442365],[-96.730489839251788,32.67244306824125],[-96.729986302756984,32.671738662265007],[-96.729866235995729,32.67158285689252],[-96.729688286115888,32.671387458812738],[-96.729490345768937,32.671206338330535],[-96.729274007874267,32.671040953962475],[-96.729041012862155,32.670892637353006],[-96.728793239313575,32.67076258141973],[-96.728531244138281,32.670651356834775],[-96.728249262556758,32.670169872954126],[-96.727985035526814,32.669716845620499],[-96.727706063484575,32.669238530397166],[-96.727613821051207,32.669080371557826],[-96.727516865214369,32.668926618133895],[-96.72736035171495,32.668718511888883],[-96.727182413081891,32.668523110194286],[-96.726984484223422,32.668341985695797],[-96.726768157966504,32.668176596942331],[-96.726535174647793,32.668028275613551],[-96.726287412753948,32.667898214665122],[-96.726026864495154,32.66778746347314],[-96.725985540921243,32.667773667758723],[-96.725952327410454,32.667752742532066],[-96.72587620497174,32.667705726988729],[-96.725857353572721,32.667694170701907],[-96.725815495331148,32.667668705099757],[-96.725792548167135,32.667654744322519],[-96.725730801154029,32.667618090898841],[-96.725715211310515,32.667609118367793],[-96.725624492159469,32.66755723646169],[-96.725593253166195,32.667539593577459],[-96.725513867814399,32.667495315500588],[-96.725468949298076,32.667470707999996],[-96.725416239333029,32.667442350688304],[-96.725395644667628,32.667431270902739],[-96.725334087375188,32.667398961967599],[-96.72524617640876,32.667353962088342],[-96.725194585422614,32.667328101029682],[-96.725112741491401,32.667287932909517],[-96.725064201279764,32.667264584931573],[-96.724975879815617,32.667223119137688],[-96.724920917101869,32.667197905173239],[-96.72483172457062,32.667157933980249],[-96.724741717511591,32.667117959195956],[-96.724641560737794,32.667075338145374],[-96.724556424729059,32.667040652435311],[-96.724471286654762,32.667005966636381],[-96.724388628487063,32.666973490833087],[-96.724358024924243,32.666962064828525],[-96.724271203241258,32.666930101251417],[-96.724184384746678,32.666898141265975],[-96.724127105665019,32.66687760469874],[-96.724039524738203,32.666847037139924],[-96.723982082310528,32.666827527292313],[-96.723893682915076,32.666798327905624],[-96.723786305240267,32.666764691818798],[-96.723697163732098,32.666738269599627],[-96.723608021337114,32.666711840989336],[-96.723589434513443,32.666706383504334],[-96.723549410487848,32.666694993013365],[-96.723542416985538,32.666693045783475],[-96.72365740913574,32.666931441350897],[-96.72408021833678,32.667798026668279],[-96.724568412827082,32.66878152671574],[-96.724842917282928,32.669276575169256],[-96.724539154645896,32.670340242679188],[-96.724472949903671,32.670279416746638],[-96.724402551909478,32.670225546181015],[-96.724331334198141,32.670173051050867],[-96.724259299857366,32.670120549613898],[-96.724185631468615,32.670070791946699],[-96.724111145275558,32.670021033363739],[-96.724035845847155,32.669972645792548],[-96.723959722520718,32.66992562907916],[-96.72389493214034,32.669886210959085],[-96.723804211727355,32.669834327728594],[-96.723724825216877,32.669790048512674],[-96.723651502570419,32.669750601129117],[-96.723563590129558,32.669705600063502],[-96.723481744745726,32.669665430872818],[-96.723399080780254,32.669626632604221],[-96.723315597110187,32.669589207945947],[-96.723231297814138,32.669551779679182],[-96.723146173733724,32.669517098614598],[-96.72306104758762,32.669482417461147],[-96.722974282144875,32.669450473656951],[-96.722887519872486,32.669418534346399],[-96.722799936867673,32.669387965916862],[-96.722711535313422,32.669358765692031],[-96.72262230461105,32.669332316206024],[-96.722533071937889,32.669305861215243],[-96.722443022674511,32.669280782570794],[-96.722352968463284,32.669257072947715],[-96.722262090155908,32.669234741365244],[-96.722170392265568,32.66921377525891],[-96.722078691421387,32.669194184513849],[-96.721986164518029,32.669175962757762],[-96.721893635628476,32.669159120885439],[-96.72180109215428,32.669143648795192],[-96.72170774064152,32.669129550458692],[-96.721614375547645,32.669116824623366],[-96.721521009342283,32.669104102309291],[-96.721426814049025,32.669094124407032],[-96.721332618044755,32.669085514679352],[-96.72123841256203,32.669078284726062],[-96.721144199836928,32.669072429167592],[-96.721049165275431,32.669067942649164],[-96.720954925479532,32.669066209367855],[-96.720859878524024,32.669064472569303],[-96.720765636784137,32.66906411458865],[-96.720670573190361,32.669065125645503],[-96.720576319067675,32.669067515582483],[-96.720482052377804,32.669071278034473],[-96.720386964814651,32.669076413143976],[-96.720292687829669,32.669082924445775],[-96.720198403522389,32.669090811945544],[-96.720104911832479,32.669101450855045],[-96.720010611944517,32.669112083522656],[-96.71991711293299,32.669124096756981],[-96.719824418064235,32.669137486999041],[-96.719730904441619,32.669152249025544],[-96.719638194086713,32.669169761717086],[-96.719546291979924,32.669187275103873],[-96.719454384667088,32.669206163821023],[-96.719362466795531,32.669226428693868],[-96.719271353006391,32.669248072383667],[-96.719181047650636,32.669271090444937],[-96.719090735988473,32.669295484725275],[-96.719001230583899,32.669321255152205],[-96.718911711493021,32.669348397183931],[-96.718823812088203,32.669376925227041],[-96.71858695874441,32.669457107147878],[-96.718345680872574,32.669559185811522],[-96.714984003602382,32.671267092105523],[-96.6970322931314,32.680384832509148],[-96.693638253104339,32.680647109970202],[-96.693720218242461,32.680404502406923],[-96.694249658005674,32.679409060869666],[-96.694491045216552,32.679027521110861],[-96.694711891267644,32.678772347134412],[-96.694884389471696,32.678607190307204],[-96.695103093979597,32.678387921928923],[-96.69526349416212,32.678191664448612],[-96.695398407663987,32.677884341656039],[-96.695441806974841,32.677747548046575],[-96.695242691296798,32.677762935688875],[-96.695157548305048,32.677770472666374],[-96.694929950971144,32.677801998559239],[-96.694828145217315,32.677800518954008],[-96.694622422568415,32.677810866879618],[-96.694511244211938,32.677820273538821],[-96.694068301380682,32.677856458353652],[-96.693862999804139,32.677870999814942],[-96.693777733427325,32.677877092735365],[-96.693489935365974,32.677916953965507],[-96.693207519499438,32.677978472045844],[-96.692932760873887,32.678061152473546],[-96.692667870877571,32.678164328467091],[-96.692414983167367,32.678287171582369],[-96.69217613130364,32.678428690482555],[-96.691953240961439,32.678587747056483],[-96.691748105319846,32.678763060567142],[-96.691562375229566,32.678953219229562],[-96.691397548294532,32.679156692676457],[-96.691254949458525,32.679371842494611],[-96.691135728595,32.679596935716177],[-96.691040845226794,32.679830161730031],[-96.690971064072485,32.680069641233843],[-96.690926945003028,32.68031344773248],[-96.690916425899673,32.68043862719388],[-96.690914727998873,32.680461148581031],[-96.690908551892349,32.6805596069035],[-96.690908395376368,32.68058211376092],[-96.69091572577176,32.680806194378214],[-96.690917631514552,32.680828457078455],[-96.69094872126314,32.681051348618929],[-96.690952906391175,32.681073023071242],[-96.691007604305085,32.681293098893384],[-96.691013272238223,32.681313971455978],[-96.69109174643971,32.681529478771687],[-96.691094766596976,32.681550858450386],[-96.691204755931366,32.681779289638946],[-96.691338516071269,32.681998463767172],[-96.691494968579462,32.682206615266075],[-96.691672856117393,32.682402067954541],[-96.691870744298811,32.682583248598753],[-96.692087040658649,32.682748698015864],[-96.692320005057638,32.682897083855927],[-96.692567759040614,32.683027212467607],[-96.692612910188643,32.683046417222656],[-96.69271259313382,32.683137814676179],[-96.692816328731439,32.683224585119639],[-96.692923902404587,32.683306549068519],[-96.693035091637313,32.683383536980536],[-96.693149666434877,32.68345538960633],[-96.693284412643393,32.683536765644078],[-96.693153797498724,32.683576805149407],[-96.693024818018927,32.683621835936627],[-96.692897664861079,32.683671791441363],[-96.692772525982562,32.683726597819536],[-96.692649586363274,32.683786174056536],[-96.691837370711326,32.684200510477204],[-96.691707889204807,32.684270057020697],[-96.691581658753591,32.684345343509712],[-96.691458933641556,32.68442621828401],[-96.691339961091273,32.684512518426075],[-96.68998041000313,32.685548895039872],[-96.689951253635016,32.685571393307733],[-96.689746097917308,32.685746703453539],[-96.689560348941754,32.685936859058941],[-96.689395504464471,32.686140329781075],[-96.689335669828182,32.686225159354763],[-96.688917741105243,32.686842627226895],[-96.688834959659005,32.686972944818415],[-96.688715722463243,32.68719803563485],[-96.688620824623627,32.687431259714543],[-96.688551030975177,32.68767073777088],[-96.688506901489319,32.687914543320232],[-96.688488794280744,32.688160711744032],[-96.688488962583591,32.688263128249297],[-96.688511262704807,32.689205042695001],[-96.688517855903839,32.689332866584891],[-96.688531390129285,32.689460142827144],[-96.688551825331544,32.689586494794312],[-96.688579101040119,32.689711548594026],[-96.688613136542543,32.68983493417533],[-96.689084814155237,32.691385158902783],[-96.689106406432046,32.691473083948004],[-96.689174716075755,32.691795360695302],[-96.689257519276978,32.692325277925022],[-96.689275346944996,32.692431061829026],[-96.689298998906878,32.692535697601087],[-96.68932840273429,32.692638864819848],[-96.689363468385238,32.692740247561069],[-96.689256601809674,32.693298343351792],[-96.689237486712855,32.693413373132614],[-96.689224151515205,32.693529215309333],[-96.689216629627424,32.693645579644965],[-96.689214939895223,32.693762174594291],[-96.689219086552157,32.693878708034298],[-96.689229059208969,32.693994887996077],[-96.689244832879652,32.694110423396346],[-96.689253045360189,32.694161165191012],[-96.689240443143717,32.694239472115264],[-96.68922384062823,32.694362266466882],[-96.689213967989502,32.694485784187535],[-96.689210854686124,32.69460965671739],[-96.689214510007758,32.694733514437914],[-96.689224923047433,32.69485698777477],[-96.689188309196467,32.696388817254082],[-96.689188223814824,32.696487863919138],[-96.689200840429507,32.69710406781207],[-96.68920889797883,32.69725565914996],[-96.689243066074553,32.697500606127548],[-96.689303062914661,32.697741976295028],[-96.689388407730348,32.697977827917406],[-96.68949841301702,32.698206260428428],[-96.689632193683096,32.69842543621305],[-96.689733872794122,32.698565289092414],[-96.690027103787287,32.698942848958524],[-96.690081902577376,32.699011149424351],[-96.690259820659392,32.699206603970573],[-96.690457743395825,32.699387786712009],[-96.6906740780436,32.699553238448821],[-96.690907084155484,32.699701626812548],[-96.691154882939813,32.69983175813136],[-96.691415481698584,32.699942582299464],[-96.691686780965554,32.700033209119148],[-96.691966596924757,32.700102907728208],[-96.692252675059791,32.700151117624451],[-96.692542713604055,32.700177449910868],[-96.69283437516944,32.700181692877827],[-96.692987849743886,32.700175027531067],[-96.693617304740641,32.700135058468248],[-96.69374128382087,32.700127410582269],[-96.693864763038349,32.700113912977137],[-96.693987466540392,32.700094595806512],[-96.694109120207258,32.700069502224977],[-96.694171681088577,32.700197459596936],[-96.694223217770201,32.700297224943839],[-96.69435701324376,32.700516395616432],[-96.694513505441989,32.700724543118341],[-96.694691436707302,32.70091999130058],[-96.694889372300921,32.701101166965721],[-96.695105719376173,32.70126661097099],[-96.695290406842531,32.701386450222067],[-96.695844487268047,32.701720019209141],[-96.695892818170833,32.701748559781024],[-96.69614062996969,32.701878681141807],[-96.696401240954231,32.701989494840376],[-96.696672551559843,32.702080110763283],[-96.6969523778792,32.70214979813619],[-96.697238465312481,32.70219799654727],[-96.697528512018209,32.702224317192112],[-96.697820180542507,32.702228548454748],[-96.697899584807814,32.702225865165978],[-96.698427494277951,32.70220255664524],[-96.698581592600959,32.702192715397906],[-96.698735160030225,32.702176585054765],[-96.698887940001725,32.702154192564677],[-96.69903967726701,32.702125575338627],[-96.699190118319692,32.702090781187202],[-96.699339011818935,32.702049868240771],[-96.699848348925642,32.701898017219129],[-96.699993560641431,32.701851396926763],[-96.700144010507501,32.701792800489649],[-96.700165011505916,32.701836395657516],[-96.700298823959002,32.702055559913241],[-96.7004553327926,32.702263699913829],[-96.700633280215385,32.702459139570401],[-96.700831231358265,32.702640305754493],[-96.701047593249527,32.702805739399494],[-96.701280625222566,32.702954108282484],[-96.701528448277401,32.703084218888762],[-96.701789069520402,32.703195021279122],[-96.702060389304549,32.703285625431157],[-96.70234022364852,32.703355300665237],[-96.702626317887848,32.703403486667533],[-96.702883673751089,32.703427939096315],[-96.703455261752381,32.703462825930636],[-96.703487958152365,32.703464681417081],[-96.703779631033029,32.703468898690026],[-96.70407057784098,32.703450992577686],[-96.704358453886528,32.703411106884452],[-96.704640942892738,32.70334956353058],[-96.704709469549115,32.703331123072935],[-96.70505049428877,32.703235830354672],[-96.705256793115282,32.703171564026121],[-96.705521743063798,32.703068361317541],[-96.705774683199735,32.702945491673013],[-96.706013579322743,32.702803946800678],[-96.706166983227504,32.702697630234987],[-96.706491896844071,32.702458069557878],[-96.706561418488363,32.702405304333276],[-96.706766579491614,32.702229966570059],[-96.706952325701479,32.702039785399137],[-96.707117159465867,32.701836291549043],[-96.707259755943369,32.701621123767396],[-96.707378965506066,32.701396015322828],[-96.707458938690024,32.701199387037377],[-96.707680217563762,32.701187774960758],[-96.708504361246924,32.701120558239722],[-96.708573594805159,32.701114277842734],[-96.708820503266111,32.701081435225241],[-96.709534455694822,32.70096252328733],[-96.70957541357248,32.700955469538236],[-96.709857891154059,32.700893914315408],[-96.71013270464924,32.700811196545793],[-96.710397641891745,32.700707983426916],[-96.710482063087539,32.700669783399192],[-96.712704422329253,32.699628291643293],[-96.712832764660178,32.699564927195226],[-96.71295826863718,32.699496111797657],[-96.713080702883431,32.699421972317396],[-96.713199841681373,32.699342645436637],[-96.713723180164294,32.698976806004687],[-96.714361665128024,32.698627562099318],[-96.714411623406534,32.698612076648864],[-96.714761398232298,32.698547506387193],[-96.715301299971401,32.698507301656768],[-96.716937063642007,32.698681206932775],[-96.71714164952779,32.698697421584107],[-96.71729062322116,32.698702326584801],[-96.719532273273956,32.698732606418858],[-96.720548710563691,32.698794092452417],[-96.720714905067936,32.698823143421812],[-96.720882168006852,32.698848545756569],[-96.721074679155635,32.698868460272095],[-96.721605450466939,32.698909821087],[-96.721713308932976,32.698943455423546],[-96.721831236828436,32.698997785567791],[-96.721982809343913,32.699126971714158],[-96.722004670293742,32.699145427258273],[-96.722116873972311,32.699234907976198],[-96.722637968125142,32.699631143178308],[-96.723218165115782,32.700091399211992],[-96.723334878324081,32.700179330719656],[-96.723455355582686,32.700262029892528],[-96.723579362495485,32.700339335834151],[-96.723706657799227,32.700411098140961],[-96.723836993832876,32.700477177194855],[-96.723970117019476,32.700537444434893],[-96.724431511709668,32.700735619400405],[-96.724575604885302,32.700793688000267],[-96.724722037628908,32.700845574965392],[-96.72487054488397,32.700891186375678],[-96.725020857838871,32.700930439670337],[-96.725172704413538,32.700963263797348],[-96.725741308417426,32.70107422911795],[-96.7258813585414,32.701098790286942],[-96.726022224706966,32.701118129667613],[-96.726163712287914,32.701132220539918],[-96.726305625799469,32.701141043435349],[-96.726447769168374,32.701144586163856],[-96.726589946003756,32.701142843830652],[-96.727131410984498,32.701126279651128],[-96.727290082318547,32.701118176000556],[-96.727448276193016,32.701103446456088],[-96.727605716041381,32.701082116769015],[-96.727762126615318,32.70105422422953],[-96.72791723446602,32.701019817601491],[-96.728355559627801,32.700912605949213],[-96.72840446773229,32.700900291001702],[-96.728511113673207,32.700870774836751],[-96.728539162735018,32.700878302869832],[-96.729195548188883,32.701110700040125],[-96.729263466211293,32.701133988558517],[-96.730471750671711,32.701534953547409],[-96.730610105786127,32.701577824637468],[-96.731229525256737,32.701755086025209],[-96.731495020567124,32.701820556007661],[-96.731702750571543,32.701855493144649],[-96.731602150219231,32.702391713044705],[-96.731580456190869,32.702529908879029],[-96.731568303191906,32.702651335345116],[-96.731505418027297,32.703504261936793],[-96.731499784749445,32.703620001191155],[-96.731499914736233,32.703735877383373],[-96.73150580766594,32.703851603707946],[-96.731517448952971,32.703966893730311],[-96.731534809783909,32.704081462095786],[-96.731624637964529,32.704589782195804],[-96.731646114530903,32.704696621206899],[-96.731672412299432,32.704802376795712],[-96.731703477199417,32.704906831518841],[-96.731739245358511,32.705009770607568],[-96.731779643234049,32.705110982409487],[-96.731809347034371,32.705226444732055],[-96.731817335105177,32.705252113246814],[-96.732157863146909,32.706325032388982],[-96.732166555895404,32.706350520593084],[-96.732243402881053,32.706560837442979],[-96.732280012528534,32.706639244939232],[-96.732350887275771,32.706790105266109],[-96.732939609441914,32.708069029657466],[-96.733014829736376,32.70821842978269],[-96.7331487328577,32.708437558572797],[-96.733305329912241,32.708645657111411],[-96.733483362398346,32.708841049642963],[-96.733681394761945,32.709022163418915],[-96.733897833377199,32.709187539794428],[-96.73413093695963,32.709335847007345],[-96.734378825932879,32.709465892040221],[-96.734639506871673,32.70957662548112],[-96.73491087964905,32.709667157863258],[-96.735190759856465,32.709736759084684],[-96.735476892460269,32.709784869427736],[-96.735766975255103,32.709811100796578],[-96.73605867049632,32.709815242294752],[-96.736349631572239,32.709797260605086],[-96.736637513678062,32.709757300140936],[-96.736920000488425,32.709695683424243],[-96.737194816004802,32.709612905840864],[-96.737256424769285,32.709591042788517],[-96.738606339726942,32.709098133232949],[-96.738809660636861,32.709016723303222],[-96.739062571649612,32.708893785940219],[-96.739301430710171,32.708752177118953],[-96.73952431193598,32.708593035847244],[-96.739593770574345,32.708533641126429],[-96.740226211666524,32.708295297082728],[-96.740380049477309,32.708264024981993],[-96.74053246048598,32.708226409815573],[-96.740683183272054,32.708182516102276],[-96.740831959310739,32.708132419130074],[-96.7419469667079,32.707729927261909],[-96.742038517381857,32.707709953904775],[-96.742230332345983,32.707652167145824],[-96.742420543082346,32.707975522605047],[-96.746053701563213,32.714204521767023],[-96.747249419537312,32.716301236343206],[-96.747108056303929,32.716368668393336],[-96.74695208467908,32.716443066440597],[-96.7465337112356,32.716642628623767],[-96.745771831746097,32.717006037185079],[-96.745691342484662,32.716910443968338],[-96.745606779855194,32.716818434479755],[-96.745518303248332,32.716730182146463],[-96.74542607943215,32.716645853313786],[-96.745330282237745,32.716565606931702],[-96.745231092231634,32.716489594255265],[-96.745192806477178,32.716461264706609],[-96.745120720254562,32.716409470863937],[-96.74488757975449,32.716261184327983],[-96.744639656427111,32.716131160310404],[-96.744378943781257,32.716020447890415],[-96.744264490554045,32.715979368008632],[-96.74424921470785,32.715974174336878],[-96.743765140568399,32.715809650274252],[-96.743661797661375,32.71574391800079],[-96.743413877572635,32.715613891533835],[-96.743153167973375,32.71550317653891],[-96.742881768961936,32.715412662187575],[-96.742601864840523,32.715343078311889],[-96.742315710469995,32.715294984390724],[-96.742025607829376,32.715268768318012],[-96.741733894398422,32.715264640828174],[-96.741442916500787,32.715282635119678],[-96.741155018646893,32.715322606704163],[-96.740872516876962,32.715384233028651],[-96.740597686929831,32.715467018718329],[-96.74033274076703,32.71557029614447],[-96.740194251899624,32.71563444013767],[-96.731407785787212,32.719941240745513],[-96.731194772303979,32.720044836766817],[-96.731070909759367,32.72010821929463],[-96.730832007030997,32.720249812201423],[-96.730609080973323,32.720408937774224],[-96.730403925052471,32.720584314720732],[-96.730218190282017,32.720774530745572],[-96.730053374305029,32.720978055018733],[-96.72991080197626,32.721193248718407],[-96.729791622956242,32.721418378522863],[-96.729696796431782,32.721651633526577],[-96.729627086663569,32.721891134193378],[-96.729583052947731,32.722134953858387],[-96.729565052628359,32.722381127788502],[-96.729573228924295,32.72262767465471],[-96.729607518117362,32.722872610163456],[-96.729667641807382,32.72311396047575],[-96.729753118205608,32.723349784015696],[-96.729863258747145,32.723578180443226],[-96.729997177252244,32.723797312433724],[-96.730153794007492,32.724005414757904],[-96.730316265098182,32.724185091563399],[-96.730635965818223,32.724510018398718],[-96.730718457195422,32.72459056849673],[-96.730803952817965,32.724667922514897],[-96.73089232894003,32.724741968491486],[-96.730983457646559,32.724812599252822],[-96.732097526055426,32.72564429842356],[-96.732180154253925,32.725703936131218],[-96.732413298323834,32.725852246422725],[-96.732661230887956,32.72598229475615],[-96.73292195817055,32.72609303169294],[-96.733146023300208,32.726169466300099],[-96.734103523403121,32.726461617196762],[-96.73415088008197,32.726475718269725],[-96.734430812671434,32.726545321134111],[-96.734716999024769,32.726593433179517],[-96.735007136504166,32.726619666296287],[-96.735091677649521,32.726623147088247],[-96.736170591711883,32.726655668755065],[-96.736326613158994,32.72665721122322],[-96.736482568390713,32.726652411549793],[-96.736638199710796,32.726641277665649],[-96.736793249958211,32.726623827968105],[-96.737703604475854,32.726502416272766],[-96.738713402460874,32.72643587911093],[-96.738841441767775,32.726425839477685],[-96.738969014966088,32.726411009190343],[-96.739095942874627,32.726391409078573],[-96.739222047218576,32.72636706667145],[-96.739347150879837,32.726338016158756],[-96.739533233417589,32.726332415838662],[-96.739936532945393,32.726398440482733],[-96.740071119329016,32.726417986759529],[-96.740206314567743,32.726432744775039],[-96.740341948361191,32.726442695939156],[-96.740477849856589,32.726447827716768],[-96.740613847863941,32.726448133643572],[-96.740690433605423,32.726446958516114],[-96.741196646193785,32.726522103358185],[-96.741268720143665,32.726532098624915],[-96.74130878348214,32.726537049048879],[-96.74192669762526,32.72661008179189],[-96.742081921411156,32.726625216087548],[-96.742237631567832,32.726634037522899],[-96.742393571461363,32.726636531558896],[-96.74254948407922,32.726632694084991],[-96.742858992913611,32.726618797379842],[-96.742998718146737,32.726614590116071],[-96.743367574112597,32.72660347669094],[-96.743480911664236,32.726598387188346],[-96.743782786102145,32.726580359416644],[-96.743974206183523,32.726568927363587],[-96.744135642790354,32.726555851049952],[-96.744546890207488,32.726512928075813],[-96.744818759094343,32.726474591509557],[-96.745101275166121,32.726412961408855],[-96.745277123522271,32.726367396216958],[-96.745349141619428,32.726472268806702],[-96.74542614192211,32.726573539828159],[-96.745507944625047,32.726670972800967],[-96.745594358708829,32.726764340207076],[-96.74560419389077,32.726774535714739],[-96.745771847015206,32.726948285046454],[-96.745807556531432,32.726984649452021],[-96.745822836375552,32.726999840991482],[-96.745989421518644,32.727164929820269],[-96.746102756496455,32.727271492061838],[-96.746271987527919,32.727422498827693],[-96.746346632194232,32.727486952425195],[-96.746563139401886,32.727652306559044],[-96.746796312607614,32.727800589850162],[-96.7470442716739,32.727930609474036],[-96.747305022611314,32.728041316223106],[-96.747391910991155,32.728072899191538],[-96.747741983095295,32.728195677132057],[-96.747793569120546,32.728217578475125],[-96.747870690406856,32.728245731303289],[-96.747947209161012,32.728272678710873],[-96.747970652561193,32.72828089760565],[-96.748171350646501,32.728350585161166],[-96.748350690154666,32.728407695908373],[-96.748405713608733,32.728423207380125],[-96.748508811984294,32.728451410258131],[-96.748733738472211,32.728505469471962],[-96.749026170924566,32.728554341701027],[-96.74907532726273,32.728560521694298],[-96.749196981481333,32.728579782914373],[-96.749351905854439,32.728605808246321],[-96.749637447071677,32.72867339285385],[-96.749666996095115,32.728680386897842],[-96.749717739687867,32.728692933250692],[-96.749832347734142,32.728770582837562],[-96.749961636624477,32.728884943347083],[-96.750050176224889,32.728961094594837],[-96.750074192685474,32.728987250860101],[-96.750208295198178,32.729113335580124],[-96.750547249466791,32.729412897321929],[-96.750662217193948,32.729509450436971],[-96.750781628270829,32.729600450860218],[-96.750905214761232,32.729685694403678],[-96.751032699360124,32.729764989796735],[-96.751594528159444,32.730097922523434],[-96.751728316030238,32.730173064616935],[-96.751865333346728,32.730242142714552],[-96.752005305432363,32.730305018336466],[-96.752147951687206,32.73036156543688],[-96.75260225984205,32.732703875874179],[-96.752631721316746,32.732842870681999],[-96.752635645180575,32.732854687165663],[-96.752652414468315,32.732959575189504],[-96.752689217015842,32.733144161699649],[-96.752747244109955,32.733374494507345],[-96.75283279168076,32.733610302018164],[-96.752943004314204,32.733838677841021],[-96.753076995250552,32.73405778481694],[-96.753233684192793,32.734265857918459],[-96.753411811899838,32.734461221594493],[-96.753609942050474,32.734642303329174],[-96.753826480231581,32.734807644735582],[-96.754059684357316,32.734955914332829],[-96.754307674041186,32.73508591940697],[-96.75456845504722,32.735196610867369],[-96.754839926442642,32.735287099585413],[-96.755072195433669,32.73534480375497],[-96.755024594494813,32.735508491612507],[-96.754980623769228,32.735752320063177],[-96.754962691105746,32.735998497456379],[-96.754970939178506,32.736245042435655],[-96.754982288910071,32.736348880787716],[-96.755083000395103,32.737111946765076],[-96.755101110867358,32.737227556971341],[-96.755124998423284,32.737342113043503],[-96.755154602905051,32.737455326486419],[-96.755189849757471,32.737566912186189],[-96.755230650215751,32.737676589128164],[-96.755276901529044,32.737784081104685],[-96.755328487219188,32.737889117410646],[-96.755317688703116,32.737926248447764],[-96.755273717585013,32.738170076964096],[-96.755255785245907,32.738416254361162],[-96.755264034357083,32.73866279928243],[-96.755268141155568,32.738705576448076],[-96.755272508387151,32.738747048553471],[-96.755286404694189,32.738854616900305],[-96.755305201307138,32.738961437984045],[-96.755328858965783,32.739067288689178],[-96.75535732825675,32.739171947926998],[-96.755390549716694,32.739275197097406],[-96.755453063568666,32.73945578621742],[-96.755511046491435,32.739606931895352],[-96.755621273457663,32.739835305254999],[-96.755755280053293,32.740054409258889],[-96.75591198585505,32.740262478903396],[-96.756090131486218,32.740457838665371],[-96.756288280481286,32.740638916060398],[-96.756504838275305,32.740804252736517],[-96.756738062624621,32.740952517250911],[-96.756986072979771,32.741082516930668],[-96.757246874938431,32.741193202728411],[-96.757518367399058,32.741283685561392],[-96.757798364989341,32.741353235726315],[-96.758084611730055,32.7414012939172],[-96.758291370709728,32.741419945563365],[-96.75836928417057,32.741497844738589],[-96.758615074199327,32.74174150494207],[-96.758651094990668,32.741776605307095],[-96.759713007934948,32.742793865995822],[-96.759731703660393,32.742811619976727],[-96.761641609542167,32.744609556598718],[-96.762440158465111,32.745373412900037],[-96.76254402831087,32.745468395614402],[-96.762652222223636,32.745558421933467],[-96.7627645039247,32.745643295253721],[-96.762880628208237,32.745722830225006],[-96.76300034147684,32.745796853155277],[-96.763123382295291,32.74586520238995],[-96.7636720885248,32.746445279473733],[-96.763762478679325,32.746536301694512],[-96.763856539052227,32.746623525951229],[-96.763954110193509,32.746706804382406],[-96.764055026701783,32.746785995815458],[-96.764159117504619,32.746860966006039],[-96.764266206148562,32.74693158786561],[-96.764376111098258,32.746997741676857],[-96.765492661777415,32.748056760960523],[-96.765634661612026,32.748183110638891],[-96.76580197422787,32.748313380465213],[-96.766484330383904,32.748808518267793],[-96.766533611914753,32.74884356847889],[-96.766766874131946,32.748991814096449],[-96.76701492163059,32.74912179369619],[-96.767275759709179,32.749232458392392],[-96.767547286975613,32.749322919272075],[-96.767611452453096,32.749338850653096],[-96.768809355558645,32.750473581078438],[-96.769268250849535,32.750923326875011],[-96.769304501715197,32.750958253149797],[-96.770126942776088,32.751737261816373],[-96.770143975889383,32.751753394598516],[-96.774061314017572,32.755556667972932],[-96.774166733658149,32.755654393323958],[-96.774276697295775,32.755746975953272],[-96.774390954305872,32.755834204850395],[-96.774509244278619,32.755915881206832],[-96.774631297612387,32.755991818869198],[-96.77475683612829,32.756061844763536],[-96.774760638513371,32.756072316707169],[-96.774870935445875,32.756300672737879],[-96.775005014408393,32.756519755740513],[-96.775161794394535,32.756727800880867],[-96.775340015430615,32.756923132832618],[-96.775520167010257,32.757088307986123],[-96.775538202463878,32.757104211278623],[-96.775893442127852,32.757405641147692],[-96.775911923235597,32.757421193397541],[-96.775918496067504,32.75742620822475],[-96.775931845339628,32.757437955283216],[-96.776575784584622,32.757982361883911],[-96.777195386354563,32.758513656332951],[-96.777215799246207,32.75853100475117],[-96.777325037025193,32.758623020599586],[-96.777355719470393,32.758649343058821],[-96.777678820356073,32.758926520183948],[-96.777710128389884,32.758953014469647],[-96.7777390680656,32.758975095232785],[-96.777873125333002,32.759099259393757],[-96.777941623467697,32.759158065647469],[-96.778193557444808,32.759376612818862],[-96.778241439394975,32.759410447375757],[-96.778572818213803,32.759699632364821],[-96.778588282371388,32.759712995818369],[-96.778815631734346,32.759908112600719],[-96.778847454947964,32.759935047552524],[-96.778897230796218,32.759973025405706],[-96.779047726403647,32.760110465030557],[-96.779066937295411,32.7601255416538],[-96.779947254119421,32.760849466429697],[-96.780680086536336,32.761451522131701],[-96.780861553258603,32.761589789147642],[-96.781062799436583,32.761731918172281],[-96.781092129066764,32.761785340824119],[-96.781126613901421,32.761835590233225],[-96.781165913701656,32.761882170622194],[-96.781209640722594,32.761924622413403],[-96.781257363538856,32.761962526763341],[-96.781308611301256,32.761995509695062],[-96.781491544838531,32.762184653469916],[-96.781517630327514,32.762210077929396],[-96.781546674196946,32.762237300245594],[-96.781582284824239,32.762270824049267],[-96.781687375256482,32.762367510141729],[-96.781949833780132,32.762621003251844],[-96.782093884549909,32.762749235015058],[-96.782193297045595,32.762825077848355],[-96.782294462510734,32.762920721554394],[-96.783197312056188,32.763801370780158],[-96.783352317915316,32.763954766568268],[-96.783540151809433,32.76412543376977],[-96.783756817660347,32.764290722694149],[-96.783990149234711,32.764438935830981],[-96.784238265119185,32.764568880921601],[-96.784499170061579,32.764679509357734],[-96.784770762131473,32.764769932518625],[-96.785050855154225,32.764839421181506],[-96.785337192381917,32.764887416535856],[-96.785627469962023,32.764913531410826],[-96.785919348580251,32.764917555848932],[-96.786210480149578,32.764899457474591],[-96.786498518490831,32.764859381641585],[-96.786781146022051,32.764797651800137],[-96.787056085610203,32.764714764247451],[-96.787321124075248,32.764611387547745],[-96.787574126279154,32.764488351900866],[-96.787813057525966,32.764346650350014],[-96.788035991349489,32.764187422650544],[-96.788241134149445,32.764011951096712],[-96.788426835023387,32.763821648927724],[-96.788591596682608,32.763618047847686],[-96.788628496593432,32.763566492531595],[-96.788964679147028,32.76308493833772],[-96.78903279574071,32.762988701378397],[-96.789071763385977,32.762928810754758],[-96.789176566465258,32.762799299342127],[-96.789213425097643,32.762747801014513],[-96.78934233165802,32.762563159399534],[-96.789359375701025,32.762538746759944],[-96.789447297397516,32.762412813517933],[-96.789590678805254,32.762207458562585],[-96.789696388939845,32.762043588293231],[-96.789762452179502,32.761918660130235],[-96.7898041075062,32.761867094132995],[-96.789827941383521,32.761834372412892],[-96.790043621850089,32.761729477688689],[-96.790282541728288,32.76158777136402],[-96.790505464192947,32.76142853920512],[-96.790710595735064,32.761253063541908],[-96.790896285542914,32.761062757646748],[-96.791061036416892,32.760859153253833],[-96.791203524185093,32.760643889999123],[-96.791248562979149,32.760564931396694],[-96.79127287521159,32.760520512485407],[-96.791400308771088,32.760562933946233],[-96.791680393708162,32.76063240769588],[-96.791966720948849,32.760680387797613],[-96.792256986721,32.760706487203322],[-96.792428599126922,32.760711526799113],[-96.793890743328831,32.760721826738518],[-96.793925150071914,32.76073327905366]],[[-96.803254172530629,32.747552323915713],[-96.803470834634439,32.747717578676664],[-96.803704155558236,32.747865754988354],[-96.803952253975197,32.747995660888805],[-96.804213134772766,32.748106248085101],[-96.804227039634156,32.748110876191895],[-96.804080157401415,32.748147542694376],[-96.80390353644836,32.748197367423501],[-96.803843239360347,32.74820341739909],[-96.803560526717078,32.748229798503083],[-96.803202839826341,32.748247460264274],[-96.803143920023899,32.74766141036838],[-96.803120702440907,32.747430471767622],[-96.803254172530629,32.747552323915713]],[[-96.779461098036734,32.727091927710596],[-96.779981275689991,32.72732751163354],[-96.779945342086265,32.727437475792534],[-96.779914870798635,32.727549077050462],[-96.77988993586203,32.727662044254011],[-96.779791370631372,32.72817131923518],[-96.779240219325487,32.726991860667546],[-96.779461098036734,32.727091927710596]]],[[[-96.781528006519679,32.766824574674509],[-96.781464630238872,32.766930242473308],[-96.781483097369872,32.76694446329585],[-96.781366242759489,32.767044096582651],[-96.781843001605694,32.767504178944996],[-96.781808791506847,32.767558661085218],[-96.781951214831722,32.767635762220202],[-96.782071483505746,32.767677092083794],[-96.782766282316217,32.76670003855839],[-96.782716005907275,32.766649859468792],[-96.782652250277408,32.766581625937029],[-96.782618679541443,32.766550923048008],[-96.782547551797336,32.766485336725438],[-96.782494049288573,32.766433739330203],[-96.782418852654502,32.766354733652506],[-96.782307620543918,32.766240898819362],[-96.782235339954696,32.766300976527724],[-96.782231302163794,32.766304419346497],[-96.781923279453494,32.766567284835851],[-96.781731152465298,32.766731784465279],[-96.78171404109905,32.766714806260175],[-96.781621060262026,32.766680504050598],[-96.781528006519679,32.766824574674509]]],[[[-96.793505636967168,32.76626784564278],[-96.793581888742821,32.766321124996487],[-96.793739983782558,32.766433258481946],[-96.793886929563655,32.766532868747262],[-96.794089223872561,32.766673099223745],[-96.794219303823255,32.766761480395132],[-96.7943749575265,32.766873580454984],[-96.794509787573148,32.766968899209424],[-96.794763390708312,32.767148320570861],[-96.794882140532508,32.767233797438912],[-96.795017021268237,32.767326367228485],[-96.795377470040464,32.767575978868983],[-96.79578350840319,32.767866076175196],[-96.796100492526577,32.768091723492525],[-96.796862847613667,32.767321425913124],[-96.794267238523489,32.765494803442159],[-96.793505636967168,32.76626784564278]]],[[[-96.788822835403508,32.768999318059599],[-96.788600358953815,32.769188694386429],[-96.788641015890946,32.769223329074393],[-96.788970647802799,32.76951804680315],[-96.788989873022018,32.769533568485954],[-96.789282587838073,32.769287428724404],[-96.78920177230097,32.769217589381611],[-96.789098480353829,32.769132319773924],[-96.789010478272033,32.769055508673539],[-96.788881556767251,32.768949268869974],[-96.788822835403508,32.768999318059599]]],[[[-96.761124268363503,32.769059957766004],[-96.761274471959666,32.769185931424026],[-96.762088285801696,32.769859145994275],[-96.763176918673977,32.768892505986315],[-96.765340113822944,32.766969461617386],[-96.765637029191097,32.766703146206538],[-96.765227057088538,32.766363154961056],[-96.771205189661913,32.761335755916363],[-96.768881160890359,32.758548175640264],[-96.767509171354988,32.756841611656348],[-96.765812382868972,32.754731786630039],[-96.765424617465072,32.754300644625943],[-96.764113465212688,32.755427607756218],[-96.763033777812325,32.756332000481358],[-96.763419286217797,32.756687582856728],[-96.762356409845395,32.757603730636482],[-96.762000894922252,32.757285155958598],[-96.761016287717965,32.758125566838878],[-96.760958912216481,32.758076619658262],[-96.760691635947552,32.757849240302392],[-96.76057584240877,32.757948925038633],[-96.760460047531893,32.758048664669495],[-96.760346570576104,32.758146347741679],[-96.76023355659909,32.758243651162509],[-96.760120110628392,32.758341361525446],[-96.760008121291619,32.758437772638807],[-96.759893981613445,32.75853605033241],[-96.759757866230515,32.758653237009874],[-96.759645049466357,32.758750378518108],[-96.759530014581927,32.758849412708237],[-96.759408922374107,32.758953696051755],[-96.759282801199717,32.759062279660114],[-96.759154295837433,32.759172946608317],[-96.759030456523377,32.759279555106865],[-96.758910788048652,32.759382592496351],[-96.75886236798226,32.759429884881278],[-96.758916720020821,32.759474054604311],[-96.758987070894207,32.759543581784861],[-96.759058226667008,32.75963199597053],[-96.759106096129926,32.759751389420614],[-96.758246148555742,32.760488757149155],[-96.763647316846857,32.765043699443574],[-96.762183372693073,32.763819992336593],[-96.761015499840838,32.762832114245668],[-96.760905895211621,32.762738485075531],[-96.760905266304746,32.762737948644201],[-96.760659181700873,32.762528152477564],[-96.760653168401305,32.762522771264472],[-96.759126550762232,32.763812030474796],[-96.759490326964837,32.764113459240619],[-96.757383672485034,32.765924608348989],[-96.759078075779144,32.767350852928637],[-96.758757311216641,32.767648002580444],[-96.759646524700145,32.768408596071417],[-96.759684834419005,32.768371040759682],[-96.760240714207143,32.768848622765852],[-96.760487600123042,32.768625467036827],[-96.760532152436653,32.768589771115799],[-96.761124268363503,32.769059957766004]]],[[[-96.799016642727508,32.770340642443237],[-96.798955223074231,32.770443943799137],[-96.79888919701601,32.770564663357881],[-96.799109608739656,32.770728349006077],[-96.799165673415033,32.770770662565823],[-96.799353481476516,32.770429006318281],[-96.799086813951419,32.770227990490106],[-96.799016642727508,32.770340642443237]]],[[[-96.769001419141091,32.769516681037537],[-96.769502454650336,32.769939477229087],[-96.770195722526068,32.770523868921899],[-96.77047883242389,32.770761969907717],[-96.770774977731264,32.77101075997831],[-96.770921450196681,32.771133756581712],[-96.77112234322928,32.771302871716408],[-96.772169580752092,32.770411598290536],[-96.772784188193427,32.769888184814242],[-96.773227634844602,32.769506720092821],[-96.774408088756601,32.76849769247832],[-96.774552839450379,32.768374617281893],[-96.775384815229202,32.767631531417884],[-96.775609315162896,32.767422963640307],[-96.775743097213962,32.766984962028211],[-96.775779071808515,32.766607900619412],[-96.775733665934112,32.766401903697435],[-96.775681724665162,32.766166250650848],[-96.774854814649174,32.765332275002898],[-96.774379196469582,32.764887227042237],[-96.769001419141091,32.769516681037537]]],[[[-96.763170404653849,32.770807297836903],[-96.763550089373396,32.771145117419181],[-96.763850670467903,32.771412696865866],[-96.763872060021086,32.771490703749379],[-96.764327613016491,32.771888013105055],[-96.764803987784816,32.772298003921037],[-96.766064528174624,32.771193952872665],[-96.764951947395659,32.77030598207709],[-96.764801367939015,32.770185276843399],[-96.764746924861115,32.770140530447478],[-96.764500202437503,32.769944647696299],[-96.764315691064169,32.769798160752742],[-96.763170404653849,32.770807297836903]]],[[[-96.760872039749273,32.772567073088794],[-96.761123075699288,32.772779848982061],[-96.762038050285383,32.771931789164064],[-96.761950047666517,32.771862690945525],[-96.761779314131417,32.77173814307627],[-96.760872039749273,32.772567073088794]]],[[[-96.791099007504101,32.773902000103249],[-96.791455436909757,32.773768142167519],[-96.79124709483547,32.773586132664803],[-96.790941610438566,32.773321977976543],[-96.790969030291009,32.773292114841162],[-96.790804020197314,32.773147996901223],[-96.79074816334483,32.77310078309948],[-96.790884418708913,32.772721986070657],[-96.790910931800468,32.772630989161335],[-96.79064449146118,32.772563971098734],[-96.790338758075038,32.77245848316948],[-96.790250333309572,32.772421727494581],[-96.790125870498898,32.77236721947515],[-96.790023718469371,32.772332867918941],[-96.789946082377966,32.77231697510588],[-96.789883432718398,32.772337500098324],[-96.7898880762435,32.772402289425884],[-96.789144024820985,32.771460026916145],[-96.78755961064472,32.772772707862039],[-96.786193184382881,32.771565467629905],[-96.785426635890659,32.77235194776339],[-96.785755433385745,32.772585573523898],[-96.785498616656739,32.772956171966683],[-96.785204186687594,32.773346417514482],[-96.786100640119074,32.773817670775543],[-96.786258628585131,32.773883235413287],[-96.786716549411025,32.774132011073995],[-96.786884167813653,32.774240372673347],[-96.787766136761078,32.774951922834127],[-96.787965587438862,32.774900269971546],[-96.788240674538969,32.774855465626388],[-96.789409965118821,32.774664028757016],[-96.791037708344305,32.774393714215741],[-96.791325797795125,32.774342423722274],[-96.791099007504101,32.773902000103249],[-96.791031332203517,32.773789339367418],[-96.790993516767784,32.773718482339369],[-96.791033165601547,32.77377097234141],[-96.791099007504101,32.773902000103249]],[[-96.790194799418288,32.773115932494463],[-96.790338645656249,32.7732196990763],[-96.790660392232652,32.77343494241024],[-96.79075711553611,32.773503816495605],[-96.790850892083668,32.773576651900434],[-96.79086880439678,32.773593720078836],[-96.79090291560901,32.773626855180119],[-96.790865662681412,32.773591379669348],[-96.790445905649193,32.773293427748541],[-96.790297113211835,32.773192198968587],[-96.790174423657689,32.773109374844246],[-96.790115767464812,32.773037084583777],[-96.790194799418288,32.773115932494463]],[[-96.789901861657754,32.772594608019318],[-96.78991801891803,32.772717472462226],[-96.789935066802045,32.772770130970621],[-96.789956479097739,32.772821170783004],[-96.789982104357463,32.772870230898377],[-96.790011761335535,32.772916964317972],[-96.789964401263163,32.772867850285543],[-96.789921240554037,32.772762256284068],[-96.789901316330315,32.772623572429779],[-96.789899255747059,32.772558260332154],[-96.789901861657754,32.772594608019318]]],[[[-96.800604219330893,32.7752013712864],[-96.800198735611431,32.77521758522137],[-96.799441793329024,32.775253419540036],[-96.79944242103457,32.775320890840185],[-96.799447983016947,32.775903444548824],[-96.799450174251135,32.776313859898359],[-96.799450678033921,32.77641008399204],[-96.799450802572693,32.776433893092182],[-96.799474173338595,32.776440398163722],[-96.799546261842508,32.776461975135732],[-96.799619359910508,32.776486305940402],[-96.799690626038853,32.776512415514901],[-96.799756730754794,32.776538941515469],[-96.799824695637753,32.776568572110335],[-96.799852359020505,32.77658200852494],[-96.800009181000263,32.776658240042714],[-96.800198695669849,32.776750341312678],[-96.800338270217196,32.776818172342914],[-96.800388051133055,32.776842358035786],[-96.800504805570597,32.776806923239839],[-96.800660477835166,32.776759704331432],[-96.800659582082773,32.776703003871773],[-96.800656900196671,32.776533625913906],[-96.800655537882861,32.776446707968468],[-96.800652535184824,32.776256896866357],[-96.800642867019477,32.77564622541091],[-96.800635804452057,32.775200109132825],[-96.800604219330893,32.7752013712864]]],[[[-96.807224872961143,32.77723811319764],[-96.807264767690739,32.777369636503444],[-96.807517067889933,32.777310079120284],[-96.807494062212953,32.77723899237327],[-96.807462069826997,32.777124432893459],[-96.80747170076242,32.777059176706501],[-96.807490454964551,32.777025364248608],[-96.807530209390663,32.776986189736284],[-96.807582347703601,32.776959311128188],[-96.807641766622794,32.776947358430704],[-96.807722231195442,32.776956436538967],[-96.807887254765788,32.777036631706217],[-96.808054254851498,32.777128417198497],[-96.808147603780455,32.777176758218758],[-96.808292088762684,32.777237691349931],[-96.808445126943283,32.777303995314377],[-96.808605531965895,32.777350980727185],[-96.808497001656278,32.777134949521809],[-96.807807604389538,32.774848166990779],[-96.807766462627725,32.774727525791441],[-96.807650678195898,32.774883034763818],[-96.807441767929731,32.77517296883159],[-96.807232567941369,32.775478019489356],[-96.807151970232155,32.775566267506797],[-96.807076201327121,32.775614719475776],[-96.806747192962845,32.775711131392214],[-96.806809121094105,32.77590034118213],[-96.806986794032738,32.776441225865661],[-96.807063579675656,32.776705520612182],[-96.807224872961143,32.77723811319764]]],[[[-96.910207577859552,32.779155721065358],[-96.910580851445403,32.779587941855837],[-96.910586852809843,32.779589248779097],[-96.910654689992199,32.779553271641284],[-96.910275519973339,32.779116022363958],[-96.910207577859552,32.779155721065358]]],[[[-96.803568093939731,32.77746722237152],[-96.803519597762431,32.777477524608372],[-96.802843385496118,32.777620018976485],[-96.803005889756804,32.778165100343045],[-96.803017296824493,32.778203331052161],[-96.803039486969737,32.778278646615433],[-96.80385327675809,32.778112675448632],[-96.80364870295702,32.777449760343828],[-96.803568093939731,32.77746722237152]]],[[[-96.800841524722557,32.778072207254048],[-96.800857495500665,32.778122236471532],[-96.801026252033068,32.778652452868037],[-96.80105178471409,32.778728371868368],[-96.801741607251572,32.77857561328274],[-96.801720114235593,32.778508722017982],[-96.801647342987238,32.778276357413915],[-96.801554386622328,32.777979531989757],[-96.801540461472527,32.777935061452403],[-96.800841524722557,32.778072207254048]]],[[[-96.790553447108167,32.778340430192088],[-96.79059190037232,32.778385243737624],[-96.790738421178517,32.778561642149597],[-96.790818075632089,32.778655072448544],[-96.791136508855331,32.778463086469472],[-96.79105083251784,32.778373100171798],[-96.790904721747296,32.77824746134273],[-96.790553447108167,32.778340430192088]]],[[[-96.797407750861424,32.777726575789167],[-96.797444773954496,32.777838584087014],[-96.79774664074435,32.778684736388136],[-96.797766679464985,32.778751759995238],[-96.798144333793786,32.778668597677083],[-96.799091142388505,32.778464597262094],[-96.798904087173412,32.777983186522412],[-96.798708721223491,32.777444085113451],[-96.798733872858961,32.77743862620617],[-96.798313485260621,32.776351372421232],[-96.798137265121127,32.77581870930068],[-96.798095989503295,32.775702644721207],[-96.798017135029482,32.775601815296561],[-96.796814157207223,32.774493341141692],[-96.796062644714652,32.77511829580007],[-96.795627162615986,32.775513661176575],[-96.795003311799917,32.776031828057256],[-96.79571615670838,32.776657050484467],[-96.795811467085514,32.776784347743337],[-96.795875153572624,32.776935474410266],[-96.796231095546418,32.777981838620498],[-96.79741777628773,32.777724284158232],[-96.797407750861424,32.777726575789167]]],[[[-96.801535424096087,32.77868817946954],[-96.801072651681721,32.778783270734834],[-96.801096525880538,32.778863787660157],[-96.801081884433628,32.778866996920186],[-96.801220517674238,32.77932078662635],[-96.801252566759402,32.779416780501528],[-96.801738548214402,32.779316101462456],[-96.801706724814053,32.779221065044297],[-96.80162173172387,32.778953709946819],[-96.801665614429126,32.778946089102114],[-96.801579082693635,32.778679208110027],[-96.801535424096087,32.77868817946954]]],[[[-96.797484278115533,32.779155126024499],[-96.797556600465299,32.779400621878736],[-96.798226287778391,32.779256378261806],[-96.798150668397994,32.77901207694854],[-96.797484278115533,32.779155126024499]]],[[[-96.797510978587553,32.77946758624514],[-96.797678770639791,32.780077172295115],[-96.79771150788946,32.780176457775383],[-96.798523153061154,32.779999067910687],[-96.798495475239235,32.779900421905424],[-96.79832320925037,32.779302386366112],[-96.797510978587553,32.77946758624514]]],[[[-96.796706271763554,32.779986836364785],[-96.796389315978999,32.780049001050834],[-96.7964629042566,32.78031675293802],[-96.796495224428824,32.78043308226318],[-96.796892928298419,32.780346376820781],[-96.79679109578575,32.779968354153446],[-96.796706271763554,32.779986836364785]]],[[[-96.799850228015245,32.780512833544549],[-96.800007847877055,32.780480009772283],[-96.799906823258979,32.780143381513987],[-96.799992987488949,32.780125134618629],[-96.800000876569385,32.780123417840905],[-96.800008363614168,32.780120396404726],[-96.800015234553769,32.780116156698973],[-96.800021292934389,32.78011081994525],[-96.800026365534862,32.780104538731962],[-96.80003030731946,32.780097492651485],[-96.800033005584737,32.780089883165267],[-96.800034383181924,32.780081927843653],[-96.800034400722751,32.780073854145101],[-96.800436248455512,32.77998875713611],[-96.800325429629225,32.779619487933267],[-96.799316000289934,32.779832000767847],[-96.798780213208147,32.779944666580811],[-96.798815921913175,32.780060158633987],[-96.798895127909049,32.780322298253807],[-96.799044802579616,32.780289729586691],[-96.799367780650996,32.78021945367589],[-96.799433987589012,32.780204293015309],[-96.799424540783846,32.780174485758643],[-96.799729233612126,32.780110143395902],[-96.799850228015245,32.780512833544549]]],[[[-96.800270558804428,32.780430113799618],[-96.800371210683565,32.780781999122901],[-96.800861488020132,32.780678891890041],[-96.800781023867827,32.780413054736549],[-96.800759030561238,32.780328200821806],[-96.800270558804428,32.780430113799618]]],[[[-96.787961645520795,32.779902302975742],[-96.788276473291006,32.780269681547836],[-96.788272105048605,32.780292725339663],[-96.788670891321374,32.780758072076964],[-96.78874342511196,32.780842149154857],[-96.789088242547734,32.780629456802508],[-96.789016402496358,32.780546880367382],[-96.78829106737841,32.779700962756465],[-96.787961645520795,32.779902302975742]]],[[[-96.801230343240746,32.780220225047763],[-96.801329138254516,32.780574145098868],[-96.801092087514903,32.780625697177896],[-96.801214219507557,32.781016449937951],[-96.803107621325964,32.780617124351728],[-96.802904005949017,32.779851997243277],[-96.801230343240746,32.780220225047763]]],[[[-96.798998722068021,32.780691118199449],[-96.799028210901284,32.780785171859762],[-96.799103937528812,32.781050150803772],[-96.799579026042181,32.780955610311629],[-96.79964702071149,32.780941513003086],[-96.799548562641277,32.780575630219538],[-96.798998722068021,32.780691118199449]]],[[[-96.796478533025549,32.780488603828779],[-96.796497429469582,32.780558761536867],[-96.79657834710811,32.780830406366277],[-96.796655646263048,32.781092013568987],[-96.7966895892487,32.781206817343111],[-96.797128296441016,32.781122354856642],[-96.796929236953304,32.780395331308661],[-96.796478533025549,32.780488603828779]]],[[[-96.790024471403711,32.780594411478802],[-96.789944427079547,32.780641611950237],[-96.789357440186862,32.780987749969135],[-96.789525065204074,32.781190600639931],[-96.789597064441452,32.781275217321529],[-96.790181758680561,32.780926319196617],[-96.79032976692352,32.780836778276672],[-96.790089851514907,32.780556104404212],[-96.790024471403711,32.780594411478802]]],[[[-96.792252736110044,32.780957354896302],[-96.792151929512315,32.780977694385967],[-96.792080372890325,32.780991176786415],[-96.792167282391361,32.781345080235248],[-96.792242024427281,32.781329478693699],[-96.792512555017979,32.781271362630918],[-96.792477248205884,32.781157190111337],[-96.792411724289764,32.780922809745881],[-96.792252736110044,32.780957354896302]]],[[[-96.798520132313939,32.781462426296351],[-96.798648539403715,32.781434764006718],[-96.798879409448972,32.781384563353249],[-96.798798692710903,32.781116081449632],[-96.798642750155921,32.781149769964479],[-96.798563355905088,32.780885309660114],[-96.798487430589191,32.780901675353178],[-96.798357476161314,32.78092816362458],[-96.798520132313939,32.781462426296351]]],[[[-96.792345031844135,32.781689468341483],[-96.792384366414396,32.781843958474902],[-96.792409118605846,32.781952888353864],[-96.792440138828795,32.782074273400703],[-96.792620663576002,32.782036890378947],[-96.792908187449271,32.781977609661006],[-96.792789383994759,32.781597976935323],[-96.792345031844135,32.781689468341483]]],[[[-96.66933078518079,32.780527836407046],[-96.669621079605847,32.780554222061781],[-96.669802555515489,32.780559497162784],[-96.670588452327124,32.780563781289885],[-96.671011999271172,32.780564098644007],[-96.671097998030561,32.780563197960426],[-96.671652714447674,32.780551194196484],[-96.672421402333356,32.780564522733009],[-96.672550004295317,32.78056706037443],[-96.672713314898331,32.780569251078518],[-96.674403447372924,32.780604023685797],[-96.674704394743458,32.780609802691899],[-96.674846259712595,32.780610231016531],[-96.674988033922588,32.780605139227617],[-96.675129502661406,32.780594535036492],[-96.675270451679665,32.780578434502821],[-96.675410667515067,32.780556862010307],[-96.675557458969692,32.780578468455516],[-96.675705027307984,32.780593900732022],[-96.67585311295538,32.780603131694235],[-96.676001455427325,32.780606145104777],[-96.676123438771796,32.78060634512812],[-96.67621928339868,32.780605309321125],[-96.676510488645931,32.780587467835247],[-96.676798627287781,32.78054764619953],[-96.677081380933743,32.780486165818779],[-96.677356471435814,32.780403520980428],[-96.677621684397224,32.780300378294839],[-96.67787488327717,32.780177566076709],[-96.678114031793186,32.780036075572163],[-96.6783372017305,32.779877044835182],[-96.678542597587182,32.779701754575072],[-96.678728566422635,32.779511616572236],[-96.678867208495618,32.779340706526085],[-96.678983671941509,32.779335924667514],[-96.679099826609189,32.77932619360498],[-96.679215462273945,32.77931153095043],[-96.679330369650387,32.779291963241342],[-96.679444340771255,32.779267525892699],[-96.679931186953638,32.779265261797249],[-96.680065332360115,32.77929317943839],[-96.680200427709792,32.779316062429011],[-96.680336284114134,32.779333878774409],[-96.68047271162051,32.779346603564015],[-96.68060951947777,32.779354219006187],[-96.680746516402948,32.779356714453122],[-96.682541489171513,32.779361335167216],[-96.682641104355667,32.779360302641187],[-96.682932304226014,32.779342446116154],[-96.683220435943454,32.779302609597451],[-96.683503181173222,32.779241114609867],[-96.68377826183513,32.779158455558267],[-96.684043463611687,32.779055299167695],[-96.684296650052033,32.778932473863044],[-96.684535784974045,32.778790970995836],[-96.684678374016713,32.778689348527877],[-96.68475009682831,32.77871329064952],[-96.685030155414879,32.778783004522197],[-96.685316483409025,32.7788312301414],[-96.685606777033712,32.778857578483738],[-96.685819901059361,32.778862869928382],[-96.686021483849331,32.778862292329585],[-96.686078503667076,32.7788617062727],[-96.686393359509935,32.778856141181905],[-96.687142109337032,32.778844317009558],[-96.687270406243471,32.778840778241914],[-96.687398459609128,32.778832120608115],[-96.687526065280039,32.778818357910936],[-96.687653019815954,32.778799512092085],[-96.687805436308793,32.778822224089083],[-96.687958695837423,32.778838290793161],[-96.688112508809027,32.778847681845335],[-96.688266584585037,32.778850379500682],[-96.688327169264369,32.778850268269096],[-96.689209530996933,32.778848615753844],[-96.68929223676254,32.778847572483365],[-96.689583433611674,32.77882970038322],[-96.689871560678185,32.778789848452682],[-96.690154299664968,32.778728338340549],[-96.69042937254207,32.77864566457361],[-96.690694565054613,32.778542493995161],[-96.690947740826374,32.778419655144567],[-96.691186863761288,32.778278139482268],[-96.691410005850301,32.77811908526489],[-96.691615371815914,32.777943773390867],[-96.691801308958233,32.777753615814362],[-96.691966318086145,32.777550143073647],[-96.692109072948242,32.7773349937465],[-96.692228422639985,32.777109900952716],[-96.692323406891248,32.776876675436313],[-96.692393260513398,32.776637196608078],[-96.692437423439188,32.776393391042639],[-96.692455663606509,32.776139888803847],[-96.692459842496746,32.775844153208183],[-96.692464507840725,32.775512215999505],[-96.69246667016084,32.775358410382331],[-96.69246887520768,32.775201510803008],[-96.692526984265996,32.77255914606134],[-96.692518947238625,32.772310691485202],[-96.692484741301868,32.772065746578996],[-96.692424685566877,32.771824379093715],[-96.692339261672757,32.771588530669504],[-96.69222915812189,32.771360101744385],[-96.692095261107553,32.771140929777019],[-96.691938650422543,32.770932780170078],[-96.691760584861157,32.770737328923971],[-96.691562500356639,32.770556149084179],[-96.691345990988196,32.770390699645148],[-96.691112798565285,32.770242312774904],[-96.690864803261718,32.770112181957664],[-96.690603999163017,32.77000135713147],[-96.690332487130377,32.769910728352556],[-96.690052452374886,32.769841026374159],[-96.689766150810343,32.769792811626502],[-96.689475885599236,32.769766472975491],[-96.689392476616234,32.769762997165564],[-96.689301187159046,32.769760184915029],[-96.689153024124309,32.769758285942665],[-96.68900490190768,32.769762248252931],[-96.688857052288938,32.769772065645647],[-96.68870970662131,32.769787722758686],[-96.688563095469405,32.769809195091995],[-96.688417448248515,32.76983644904594],[-96.688272992865549,32.769869441973881],[-96.688261141360101,32.769865485604186],[-96.687981108374103,32.769795778960756],[-96.687694808080792,32.769747559443651],[-96.687404543632468,32.769721215957304],[-96.687203855512919,32.769715911600429],[-96.687099354810798,32.769715875224527],[-96.687008153109446,32.769716923810293],[-96.686716985639777,32.769734789892496],[-96.686428886552378,32.769774634541513],[-96.686146173506813,32.769836136225344],[-96.685871123942903,32.769918800573308],[-96.685605951590574,32.770021960933164],[-96.68535279238057,32.77014478898667],[-96.685113682056681,32.770286293517962],[-96.684890548377396,32.770445336531637],[-96.684832523221786,32.770494868680771],[-96.684711511807478,32.770474457768259],[-96.684421245867469,32.770448107319297],[-96.684129353800415,32.770443844621958],[-96.683838183366646,32.770461703962212],[-96.683550080627441,32.77050154193897],[-96.683267363271696,32.770563037074147],[-96.682992308774047,32.770645695049687],[-96.682727130903956,32.770748849264663],[-96.682473965636703,32.77087167145033],[-96.682234848764864,32.77101317043806],[-96.682011708099481,32.771172208277051],[-96.681806338833624,32.771347504380849],[-96.68162039369831,32.771537647104608],[-96.681525769300819,32.771654312126955],[-96.681298277214538,32.771652544182032],[-96.681209134390755,32.77165184633003],[-96.680986665863117,32.771650105300672],[-96.680668637503317,32.771647651113092],[-96.68034689503925,32.771645141755677],[-96.680028864049362,32.771642659736223],[-96.679718213884115,32.771640256097292],[-96.679394910579632,32.771637747581494],[-96.679084253514361,32.771635316100657],[-96.678765067358285,32.771632835576973],[-96.678438822565951,32.771630287801848],[-96.678161209652203,32.771628121652995],[-96.678118790904477,32.771627805859069],[-96.677861134755176,32.771625787153056],[-96.677808325518725,32.771625398350878],[-96.677489866822754,32.771622897253721],[-96.677166536925654,32.771620384356389],[-96.676844927020369,32.771617866976385],[-96.676725237915889,32.771618789776412],[-96.676520600558817,32.771631329360069],[-96.676374724168241,32.771618076944875],[-96.676202640500321,32.771612874076318],[-96.675883402672511,32.771610362846708],[-96.675559621446325,32.771607837344398],[-96.675247144312365,32.771605397527715],[-96.674760663034135,32.771601593236589],[-96.673218270060062,32.771586604269615],[-96.673091391994589,32.771587460339966],[-96.672800215589561,32.771605293831882],[-96.672512104185287,32.771645106230658],[-96.67222937554051,32.771706576263838],[-96.67195430722056,32.77178920981568],[-96.671689113106453,32.77189234048187],[-96.671435929303826,32.772015140183214],[-96.671196791754681,32.772156617931955],[-96.670973628436556,32.772315635948594],[-96.67076823472469,32.77249091380601],[-96.67058226354699,32.772681040006283],[-96.67041721445041,32.772884484443502],[-96.670274414165434,32.773099608937684],[-96.670247264255181,32.773150788362329],[-96.670229650563371,32.773159598272663],[-96.670103315491886,32.77322684109911],[-96.669959668000715,32.773308204283765],[-96.669843077224414,32.773378112125535],[-96.669735595481143,32.773445469741013],[-96.668137105773013,32.773463803451754],[-96.668081564774909,32.77346469074368],[-96.668028328935122,32.773467948930232],[-96.6679820916453,32.773463745548028],[-96.667784902213981,32.773458413705839],[-96.665432441057163,32.773455064278771],[-96.665337729272935,32.773456093043308],[-96.665046545180161,32.773473908376346],[-96.664758424232502,32.773513702804259],[-96.664475684265653,32.77357515519909],[-96.664200602936077,32.773657771587224],[-96.663935394229469,32.773760885702345],[-96.663682194368732,32.773883669598746],[-96.663443039425474,32.774025132415652],[-96.663219857516964,32.774184136494043],[-96.663014444168297,32.774359401518872],[-96.662828452465263,32.774549516095469],[-96.662663382120186,32.774752950211649],[-96.662520560034551,32.77496806577043],[-96.662401137881318,32.775193130080019],[-96.662306076803148,32.77542633276181],[-96.662236142950889,32.775665794701546],[-96.662191897422431,32.775909589544931],[-96.662173698411266,32.776155794237148],[-96.662173443064646,32.776168123752804],[-96.662165353675547,32.77639380693266],[-96.662162565079711,32.776430505822283],[-96.662156380360614,32.776558497883961],[-96.66216437438311,32.776805048220893],[-96.662198498461109,32.777050001369304],[-96.662258475523942,32.777291383346871],[-96.662343824963841,32.77752725232412],[-96.662453859239179,32.777755707594956],[-96.662587693025387,32.777974911361383],[-96.66274424729113,32.778183097815472],[-96.662922263881384,32.778378590495322],[-96.663120307368402,32.778559815844801],[-96.663174525776199,32.778601266828588],[-96.663249368888472,32.77860211263063],[-96.663551324227925,32.778861894301777],[-96.663569952300577,32.778873753180768],[-96.663817932056446,32.779003938343948],[-96.664078729153161,32.779114819272351],[-96.664350242525941,32.779205505310962],[-96.664630286635628,32.7792752651211],[-96.664916605127146,32.77932353770742],[-96.665206894300212,32.77934993366862],[-96.665318463297382,32.779354194640497],[-96.665920768621376,32.779368452928423],[-96.666049355513209,32.779390007629161],[-96.666178640678993,32.779406875936196],[-96.666308453379145,32.779419035572509],[-96.666438622177367,32.779426470479557],[-96.666568975167124,32.779429170838476],[-96.666731336202233,32.779429884348396],[-96.666842342069984,32.779431073719032],[-96.66695328953378,32.77942728194467],[-96.667063955188198,32.779418516660499],[-96.667174116195284,32.779404795516413],[-96.667336369871094,32.779582960074194],[-96.6675344250595,32.77976417837705],[-96.667750912898384,32.779929669154114],[-96.667984091708362,32.780078099723063],[-96.668232081304637,32.780208276071839],[-96.6684928874555,32.780319147732605],[-96.668764409023339,32.780409824125208],[-96.669044460402972,32.780479573988394],[-96.66933078518079,32.780527836407046]]],[[[-96.783431392986316,32.781119916260273],[-96.783459510638096,32.781238475782452],[-96.783552600309108,32.781575810503881],[-96.783560252420571,32.781603634359364],[-96.782817837294544,32.781748647824514],[-96.78294987535422,32.782219988124268],[-96.784418982126795,32.781932615368873],[-96.784295565912117,32.781457682417759],[-96.78365960477943,32.781077803718325],[-96.783431392986316,32.781119916260273]]],[[[-96.799629764259649,32.782136991228732],[-96.799045066724091,32.782630107967833],[-96.799678662914829,32.783178689067334],[-96.800171802914349,32.782763962015487],[-96.799994095099649,32.782059815580119],[-96.799629764259649,32.782136991228732]]],[[[-96.793299561844961,32.780982393250419],[-96.793328187858364,32.781100127561025],[-96.793044497772485,32.781160030957238],[-96.793070617295925,32.781256579702543],[-96.793227846409536,32.781787223404834],[-96.793295790719199,32.782001269066875],[-96.79344924221634,32.782536273729946],[-96.793479040272942,32.782624246768577],[-96.793324012789114,32.782654519300202],[-96.793526430804022,32.783316399637364],[-96.793558449498647,32.783429663538975],[-96.794286517154873,32.783272768727976],[-96.794581529315451,32.783200503393431],[-96.794993472184473,32.783110437396466],[-96.794994644087396,32.78311018288484],[-96.795313746560652,32.783042053184353],[-96.795315744986354,32.783041626005925],[-96.796141037074747,32.782867341700438],[-96.795934464061318,32.782133811737815],[-96.795719419998306,32.781444985860716],[-96.795496550533485,32.780701933622993],[-96.79441454197115,32.78093587832516],[-96.794376631119391,32.780813806707819],[-96.794295213156147,32.780544378557231],[-96.794455482788052,32.780509683338032],[-96.794375448169134,32.780242776167285],[-96.794347556322421,32.780168831074548],[-96.794248779335476,32.780189024209015],[-96.794224485010176,32.780114781191671],[-96.794152913918424,32.779874640256658],[-96.794063571863617,32.779892632979873],[-96.793996031038461,32.779655366674554],[-96.793967039650894,32.779559003298615],[-96.794088360652722,32.779535050156959],[-96.794066292477254,32.779469206672943],[-96.793941007048417,32.779092777219965],[-96.793793202607176,32.778654426705486],[-96.793758013324535,32.778549436017713],[-96.793797448301987,32.778540391386279],[-96.793419771858922,32.777506740095269],[-96.793160378964842,32.777566485526805],[-96.792934785659469,32.777754532596177],[-96.792589476778801,32.778035676316549],[-96.79244897935483,32.778151610725708],[-96.792340355035108,32.778252140251553],[-96.792260162536536,32.778326355736404],[-96.792215022992949,32.778372514539917],[-96.792181568382873,32.778414374657501],[-96.79215023168986,32.778453586918488],[-96.792100346689352,32.778522190945054],[-96.792194462542582,32.778604934444616],[-96.792116004592629,32.778690187165409],[-96.791783096927588,32.779045366441323],[-96.791043499565617,32.779462771656249],[-96.790967839308877,32.779506772533246],[-96.791231653035126,32.779818685090866],[-96.791481160283496,32.779821961999595],[-96.791775522830335,32.779787519761634],[-96.792041053029607,32.779729311733036],[-96.792259177912044,32.779640213908202],[-96.792261656528922,32.779638687604795],[-96.792262735528325,32.779640262766954],[-96.79230955802042,32.779611319696834],[-96.792363182026136,32.779578413119566],[-96.792476118470233,32.779501614000878],[-96.792543016711775,32.779433805344958],[-96.792633981502377,32.779501046091795],[-96.792719185041236,32.779575790216931],[-96.792804386588813,32.779650534253904],[-96.792889587212471,32.779725278217512],[-96.792948064324975,32.779784412600215],[-96.792976874023026,32.779849206990974],[-96.793012458240867,32.779968057903659],[-96.793048045756237,32.780086908849007],[-96.793127274694925,32.780071327795952],[-96.793199081811935,32.780311163230294],[-96.793215761669657,32.780375637735958],[-96.793115202061259,32.780397171034458],[-96.793131019528786,32.780455244423507],[-96.793206959517747,32.780722525557316],[-96.79322512122414,32.780718843315796],[-96.793299561844961,32.780982393250419]]],[[[-96.797066797430944,32.78279018957349],[-96.797325813062415,32.783010723135263],[-96.797604492291995,32.783247990999463],[-96.797496214480972,32.78334140718276],[-96.797736840139308,32.78355203829895],[-96.798130088458834,32.783218594847746],[-96.797511497034805,32.782695909004126],[-96.797066797430944,32.78279018957349]]],[[[-96.773715164447168,32.783293011415715],[-96.773784766730174,32.78324642941147],[-96.774066172189123,32.783022774527915],[-96.77446263661146,32.782995781662422],[-96.774570031820488,32.782989734716296],[-96.774677033101156,32.78297873369749],[-96.774783412047967,32.782962802088846],[-96.774888941583868,32.782941973898062],[-96.774966609421625,32.782930823810204],[-96.774968788984907,32.782930421116646],[-96.77506802373918,32.782924262008883],[-96.775160546370842,32.782909062526429],[-96.775190584139764,32.782906934806228],[-96.775265205831573,32.782902260565358],[-96.775359577314347,32.782896034675062],[-96.775421511931654,32.782891548764667],[-96.775637924834385,32.782878484635461],[-96.775685232843557,32.782871908019807],[-96.775832432007448,32.782863023916264],[-96.775859807438692,32.782860921354448],[-96.776061172372579,32.782842222711913],[-96.776288369049269,32.782821074091984],[-96.776424576762523,32.782806311549699],[-96.776560081997658,32.782786092621485],[-96.776694666265215,32.78276044990848],[-96.77682811256075,32.782729424757143],[-96.776907585646299,32.782730526007434],[-96.777160651764163,32.782715409232779],[-96.777250622383875,32.782707017302023],[-96.77734000960443,32.782693786213123],[-96.777479974451268,32.782684575366041],[-96.777522497563794,32.782681420457493],[-96.777658526175259,32.782668060103447],[-96.777886286005597,32.782653388657984],[-96.778437127987104,32.782613180893975],[-96.778565099543925,32.782602007626835],[-96.778692584216344,32.782586220937716],[-96.778819415743612,32.782565841415028],[-96.778945428716796,32.782540895636977],[-96.779070458794493,32.782511416136913],[-96.779071675008055,32.78251124626793],[-96.779256128625633,32.782478033516007],[-96.77963531071893,32.782409753366075],[-96.779911620695017,32.782349182121052],[-96.780186621076126,32.78226630986866],[-96.780451719961832,32.782162947949303],[-96.780704781727565,32.782039926443822],[-96.780943771197983,32.781898238281499],[-96.781166761437746,32.781739023109871],[-96.781371958392427,32.781563563122319],[-96.781418995823259,32.781518579852069],[-96.781554257726413,32.781386341476889],[-96.781692972198755,32.78124103293738],[-96.781857781647318,32.781037441048149],[-96.782000324136945,32.780822188666498],[-96.782119450474184,32.780597009743083],[-96.782214202185727,32.780363715714941],[-96.782283815957001,32.780124186544654],[-96.782327733650675,32.779880349210501],[-96.782331398687191,32.77982984011463],[-96.782401618715696,32.779730376972061],[-96.782466861068556,32.779627580062936],[-96.782526967781237,32.779521698278742],[-96.782581793323587,32.779412987980059],[-96.782631204952196,32.779301712375862],[-96.782675083031833,32.779188140886212],[-96.782713321325033,32.779072548489985],[-96.782745827249414,32.778955215059057],[-96.782877186924182,32.778756842105878],[-96.782996308264146,32.778531662306456],[-96.78309105546559,32.778298367572823],[-96.783160665250179,32.778058837873466],[-96.783204579512599,32.777815000190685],[-96.783222442285123,32.777568819458359],[-96.783214111888782,32.777322277081694],[-96.783179653715123,32.777077357308642],[-96.783119347950375,32.776836033807662],[-96.783033678244806,32.776600247865986],[-96.782923335081321,32.776371899418216],[-96.782912202178821,32.776351738974533],[-96.782781479428792,32.776117495318793],[-96.782712284586083,32.775974298331214],[-96.782690218756073,32.775934743199358],[-96.782574199850785,32.775730988433338],[-96.78246213879379,32.775551469080604],[-96.782438709059136,32.775517634970917],[-96.782323192336719,32.775353520591651],[-96.782189792193194,32.775179318928735],[-96.782158969215217,32.775145548578578],[-96.782098556878196,32.775065410441798],[-96.782072887268299,32.775034954624559],[-96.781787096749341,32.774700711894774],[-96.781768226357684,32.774680324460888],[-96.781757802401074,32.774658752252563],[-96.781685624042623,32.774534917631563],[-96.781610484515625,32.774413774903174],[-96.781539034628125,32.774265904679154],[-96.78151391946939,32.774221007408499],[-96.781363565586247,32.773958391935018],[-96.781351387433659,32.773926250923637],[-96.781310011649083,32.773836475634305],[-96.781271619139204,32.773745384617683],[-96.781248740321246,32.773662977873258],[-96.781209569685871,32.773521988934505],[-96.781184487789616,32.773431572304446],[-96.781170196231145,32.773380123201683],[-96.781152747206093,32.773320326334961],[-96.781067086118796,32.773084538975453],[-96.780956752386032,32.772856188721612],[-96.78082263405264,32.772637112399032],[-96.780665812693826,32.772429074638943],[-96.780641412687828,32.772400103506861],[-96.780619776803434,32.772374762999696],[-96.780514556519478,32.772251497111782],[-96.780360498960079,32.772084916721681],[-96.780162230651982,32.771903878105057],[-96.779945552910263,32.771738583010077],[-96.779712208899767,32.771590362363249],[-96.779464080013284,32.771460408308521],[-96.779203161413818,32.771349769362573],[-96.778931554881979,32.771259334084462],[-96.778651446390597,32.771189831669844],[-96.778365092446236,32.77114182094143],[-96.778074796633703,32.771115689123917],[-96.7777828979887,32.771111646272871],[-96.777491744324692,32.771129724906011],[-96.777203681568167,32.771169779855335],[-96.776921027085592,32.771231487897268],[-96.776646057846321,32.771314352998637],[-96.776380986932381,32.771417706891512],[-96.776127949460559,32.771540719698692],[-96.775888980192292,32.771682398718724],[-96.775666005751901,32.771841604549458],[-96.775460819994336,32.772017055252704],[-96.775275074172953,32.772207337939633],[-96.77512528380494,32.772390652932522],[-96.775011853060917,32.772544902227395],[-96.774972616309128,32.772594804939757],[-96.774931173016498,32.772649090197831],[-96.774915886871597,32.772669209550344],[-96.774875624690765,32.772725340303076],[-96.774828432409763,32.772793128915204],[-96.774744018945611,32.772899931991567],[-96.774659510271036,32.773012829874858],[-96.774472675642755,32.773262427428158],[-96.77439214087137,32.773370003845791],[-96.774364268876425,32.773407234962065],[-96.774327953787349,32.773444435478581],[-96.774231398481902,32.77356967573629],[-96.774165215374566,32.773649452415079],[-96.774069597472248,32.773775545264897],[-96.773979607400079,32.773902423284255],[-96.773882044910167,32.774031257041841],[-96.773790719321354,32.774155799316446],[-96.773694867618104,32.774286501141773],[-96.773602440564943,32.774412481911043],[-96.773482883178005,32.774575494588674],[-96.773411899224513,32.774676161289761],[-96.773346003106894,32.774780229575249],[-96.773285357504989,32.774887442528446],[-96.773230112136531,32.774997535469296],[-96.773180403387528,32.775110236607865],[-96.773136353975559,32.775225267715257],[-96.772973785159991,32.77544128280659],[-96.772954091747181,32.775467613675559],[-96.772864982986292,32.775585846379343],[-96.772845631338484,32.775611564152896],[-96.77257323001578,32.775973505146823],[-96.772484994242959,32.776067548943203],[-96.772401689289111,32.776165987106062],[-96.772323533680634,32.776268561411356],[-96.771978993899381,32.776746089339255],[-96.771891591283094,32.776867201511187],[-96.771647155958533,32.777206047312212],[-96.771634708293533,32.777224079866905],[-96.771565422348928,32.777320263795502],[-96.771501844271867,32.77742031237549],[-96.771444189046235,32.777523887301022],[-96.771392651628332,32.777630638342217],[-96.771347406287575,32.777740204529429],[-96.770828773709809,32.77846395288514],[-96.770811504881962,32.778489069766181],[-96.770686286142748,32.778679232371267],[-96.770567133370804,32.778904400374863],[-96.770472352600393,32.779137685553962],[-96.770402707723747,32.779377208129233],[-96.770392207834291,32.779430909456174],[-96.770354839931926,32.779620452821312],[-96.770308507008792,32.779821147472433],[-96.770276483469232,32.780011463251832],[-96.770258584292904,32.780257642076229],[-96.77026687897289,32.780504185262942],[-96.770301302839911,32.780749108547333],[-96.770361576407097,32.780990438189569],[-96.77044721668139,32.781226232779517],[-96.770557533777463,32.781454592210387],[-96.770691640095265,32.781673679455196],[-96.770848454407755,32.781881729645555],[-96.771026716465641,32.782077067414605],[-96.771224988865043,32.782258120455488],[-96.771441676047715,32.782423430612056],[-96.771675034728787,32.782571666655208],[-96.771923183276002,32.782701636141361],[-96.772184126175091,32.782812290266243],[-96.772455761189391,32.782902740202076],[-96.772735901798754,32.78297225651071],[-96.77302229087168,32.783020280158638],[-96.773312624138697,32.783046423747621],[-96.773438221092405,32.783048167653355],[-96.773715164447168,32.783293011415715]]],[[[-96.787827467560504,32.783477596751155],[-96.787748298772954,32.783493392672312],[-96.787823097504457,32.783760905025012],[-96.787841250287926,32.783821310292389],[-96.788000380523826,32.783790886367768],[-96.787981384837735,32.783729116620712],[-96.787915691760503,32.783494112741451],[-96.787904286284586,32.78346213190332],[-96.787827467560504,32.783477596751155]]],[[[-96.804962545096416,32.77864428787683],[-96.805200535840754,32.779388413147387],[-96.8044387146048,32.779548118221896],[-96.804283225045481,32.779580713254319],[-96.804847178055653,32.78148939881121],[-96.80490568638686,32.781578168018292],[-96.804987128898517,32.781659002555337],[-96.805078071433357,32.781739862801537],[-96.805112728578223,32.781770678838072],[-96.805230327140876,32.781875372327733],[-96.805263989164118,32.781901946506295],[-96.805311899342541,32.781949333893451],[-96.807724437429187,32.784205763192404],[-96.807759542214256,32.784173118422139],[-96.807870728568759,32.784060475906763],[-96.807966793471252,32.783958364122661],[-96.808002023322999,32.783923070214435],[-96.808246343481088,32.783670854876156],[-96.808485841779316,32.783486790075244],[-96.80857316604687,32.783416552211079],[-96.808830952190078,32.7831768392833],[-96.809035983251789,32.783021069959091],[-96.809209987361243,32.782904954809219],[-96.809255550396543,32.782874549715025],[-96.809283411410888,32.782654929708926],[-96.80931100996618,32.782530220751447],[-96.809323495913006,32.782472658859234],[-96.809362557365944,32.782301373126217],[-96.809445432075449,32.78200834701736],[-96.809533157406833,32.781674150544866],[-96.809917752200548,32.780575619508078],[-96.809988423057362,32.780282427176083],[-96.810047864448777,32.780023446636129],[-96.810098280087885,32.779768466130314],[-96.810103016777191,32.779519738441614],[-96.810067456421237,32.779336441108882],[-96.810022454196528,32.779221741629314],[-96.809971022719822,32.779102832026119],[-96.809808419571297,32.778840832625285],[-96.809455221097821,32.778334322515498],[-96.809171472580132,32.778410187938803],[-96.808876860508462,32.778458415034656],[-96.808457537432488,32.778390856186796],[-96.808266898369496,32.778319535569779],[-96.808085390840787,32.778238717108096],[-96.808002455096371,32.778193604161132],[-96.807906164328941,32.778166175768973],[-96.807726362614105,32.778123868076335],[-96.807531448157064,32.778106094383645],[-96.807207189994784,32.778173158505282],[-96.804962545096416,32.77864428787683]]],[[[-96.797589511770809,32.783853122824048],[-96.798205645852036,32.784391310258492],[-96.798942397354807,32.78379464585943],[-96.798321344094305,32.783255008469915],[-96.797589511770809,32.783853122824048]]],[[[-96.786992155404192,32.784050426511556],[-96.786834066387684,32.784187034569484],[-96.786834103400139,32.784187053118046],[-96.78687020159262,32.784259759524041],[-96.786912569393053,32.784329000194603],[-96.786960876829241,32.784394235864148],[-96.78701474766946,32.784454958459186],[-96.787073762352634,32.78451069505526],[-96.787400310003065,32.784797168521237],[-96.787553929324631,32.78489599201891],[-96.787745325660964,32.78485670206036],[-96.787566681593191,32.784600256913862],[-96.787515189480899,32.784555365734121],[-96.787348858282016,32.783977202499536],[-96.786992155404192,32.784050426511556]]],[[[-96.776795596424279,32.784836454515066],[-96.777091697594827,32.785112554575697],[-96.777182687667192,32.785195414100421],[-96.777423926934517,32.78514834326463],[-96.777810354848285,32.785071040406898],[-96.777697571912256,32.784677312824314],[-96.777616385024345,32.784694168429802],[-96.777312264580942,32.784757311384418],[-96.777304957665947,32.784731812587651],[-96.777223772220012,32.784464980686572],[-96.777165759635324,32.784256856499482],[-96.777090168898852,32.783966047404455],[-96.777082459843498,32.783938940281843],[-96.776443036532555,32.784062647603562],[-96.776451426955774,32.784087758309198],[-96.776387370241508,32.784098607340667],[-96.776320313712048,32.784104977239942],[-96.776217141527226,32.78410539428107],[-96.776121398497438,32.78409493497351],[-96.776079266874817,32.784086859439086],[-96.776323387439135,32.784301438671442],[-96.776269179868805,32.784349305174196],[-96.776351455538375,32.784424477307226],[-96.776550162803062,32.784607600274484],[-96.776795596424279,32.784836454515066]]],[[[-96.814775924134921,32.779910466946248],[-96.814630216906792,32.77987635307516],[-96.814483284162307,32.779847978418687],[-96.814335351870653,32.779825386614462],[-96.814186647538222,32.779808612406633],[-96.814037399858734,32.779797681592399],[-96.813887838361538,32.779792610982362],[-96.813738193058583,32.779793408374651],[-96.8134470182532,32.779811571182798],[-96.813158943560921,32.779851709397505],[-96.812876286443839,32.77991349912525],[-96.812601323893006,32.779996443674932],[-96.812336268936122,32.780099874139147],[-96.812083256562559,32.780222960023877],[-96.811844321330639,32.780364708040047],[-96.811621389591494,32.780523978229191],[-96.811416254856141,32.780699488135404],[-96.811230567967215,32.780889824393377],[-96.811065826184503,32.781093455203376],[-96.810923353764153,32.781308740887205],[-96.810804299563102,32.781533947381334],[-96.810709621764801,32.781767263162891],[-96.810640083431878,32.782006808205871],[-96.810596242480557,32.782250655489257],[-96.810578454703645,32.782496840055792],[-96.810584441603183,32.78271346396739],[-96.810629463052166,32.783318561711276],[-96.810631785951969,32.783348476913886],[-96.810668700396718,32.783845861524576],[-96.810671119616813,32.783875766308263],[-96.810705656303639,32.784120678325642],[-96.810766042035269,32.784361988303509],[-96.810851792916381,32.784597754989271],[-96.810962218170147,32.784826078501005],[-96.811096429326497,32.785045122100776],[-96.811253344313656,32.785253121271928],[-96.811431702071616,32.785448401057749],[-96.811630064425984,32.785629389618876],[-96.811846835093903,32.78579462931819],[-96.812080270118301,32.785942789493163],[-96.812328487252358,32.78607267831223],[-96.812589490428479,32.786183247619611],[-96.812861176925637,32.786273609271042],[-96.81314135980837,32.786343034538831],[-96.813427781605171,32.786390965123175],[-96.813718137782601,32.786417014374457],[-96.81401008839309,32.786420972864057],[-96.814241076089246,32.786408389070843],[-96.814303005004348,32.786403141426902],[-96.814479127453041,32.786395550640812],[-96.814753763299578,32.786383713522547],[-96.815329077330986,32.786358906594245],[-96.815355530751873,32.78635767485472],[-96.815440239574272,32.786352562969697],[-96.815505133023606,32.786347397277162],[-96.815554169640208,32.786342776192413],[-96.815618165129024,32.786335808850787],[-96.815671282742215,32.786329215459183],[-96.815734223361275,32.786320443441511],[-96.81578756256188,32.786312188040618],[-96.815848301073942,32.786301860979655],[-96.815901990757155,32.786291902924859],[-96.81595591307557,32.786281107399532],[-96.816019485360044,32.786267348007463],[-96.816070383220932,32.78625551304188],[-96.816122854063664,32.786242542179906],[-96.816139904833733,32.786238159689987],[-96.816189205893039,32.786224999767342],[-96.816238314404885,32.786211182417802],[-96.816290737921904,32.786195638543433],[-96.816349568439776,32.786177196907524],[-96.816399118165876,32.786160832107761],[-96.816421558144228,32.786153169168969],[-96.816458082479087,32.786140344853756],[-96.816508821116642,32.786121812536216],[-96.816559828774203,32.786102325089537],[-96.816613565017192,32.786080840708479],[-96.816667813469508,32.78605813300684],[-96.816693065764639,32.786047209733852],[-96.816720586205051,32.786035034614088],[-96.816770969650392,32.786012030129228],[-96.816816858225337,32.785990244622994],[-96.816874610181699,32.785961664893165],[-96.816921174218081,32.78593764719789],[-96.816952242897656,32.785921127656593],[-96.816969339226347,32.785911860823894],[-96.817019268496921,32.785884084300946],[-96.817065290609392,32.785857503152016],[-96.817111969700434,32.785829552729687],[-96.817162747336468,32.785797968863974],[-96.817204256393779,32.785771198518461],[-96.817251267294736,32.785739822499458],[-96.817296919057554,32.785708214315001],[-96.817342869325017,32.78567522118275],[-96.817386765588907,32.785642546582821],[-96.817427556590076,32.78561112331883],[-96.817470004466273,32.785577290858917],[-96.817514292183191,32.785540690905357],[-96.817551809313358,32.785508596467004],[-96.817594616249181,32.785470688497284],[-96.817634992419883,32.785433598147314],[-96.817669741147313,32.785400585037245],[-96.817709251443659,32.785361742227352],[-96.817747941741231,32.785322276804763],[-96.817783367324324,32.785284814585843],[-96.817822075256629,32.785242331525559],[-96.817853047635083,32.785207101751368],[-96.81788713931158,32.785166947241237],[-96.817920719622677,32.785125885680081],[-96.8179534162566,32.785084350369978],[-96.817982460447368,32.78504606580676],[-96.817995385733013,32.785028585374782],[-96.818014932069985,32.785001583541806],[-96.818044250380211,32.784959762601609],[-96.818073519812671,32.784916294071635],[-96.818101500765792,32.784872978572992],[-96.818128535654481,32.784829326480576],[-96.818141301040342,32.784808054868385],[-96.818152724695977,32.784788620376268],[-96.81817989458871,32.78474082844177],[-96.818201937881327,32.784700268282599],[-96.818228539884487,32.78464891686199],[-96.818249351760159,32.784606681394024],[-96.818263243197748,32.784577371675795],[-96.818270479315146,32.784561703818568],[-96.818291172384789,32.784515312453038],[-96.818311647473479,32.784466787780481],[-96.818330108103524,32.784420441078829],[-96.818346023649681,32.784378186281685],[-96.818360231299451,32.784338385083345],[-96.818364438068485,32.784326163112055],[-96.818379673192226,32.784280090264019],[-96.818393683703604,32.7842348017669],[-96.818408702601275,32.784182445861006],[-96.818420534163181,32.78413776104999],[-96.818432054434652,32.784090570979771],[-96.818442648142394,32.784043086977441],[-96.81845254533043,32.783994044041933],[-96.81846190884599,32.783941948075487],[-96.818468797380973,32.783898641309271],[-96.81847652841212,32.78384248442957],[-96.818481771314708,32.783797275790405],[-96.81848657881612,32.783747040225542],[-96.818490092059463,32.78370030738774],[-96.818492862231196,32.783649570760957],[-96.818494402795508,32.783604954231244],[-96.818494737372035,32.783589890229891],[-96.818495154047739,32.783545927734004],[-96.81849482145897,32.783505387847725],[-96.818493342267729,32.78345227670512],[-96.818491073249163,32.783405799392291],[-96.818487570239597,32.783355250320838],[-96.818486076025707,32.783337358395244],[-96.818482923814841,32.783304076083738],[-96.818477749080586,32.783257680337059],[-96.818471487564523,32.783210093778898],[-96.818463829716052,32.783159903410343],[-96.818454948129599,32.783108988479057],[-96.818450668965156,32.783086496035104],[-96.818445639256197,32.783061465335066],[-96.818435625274759,32.783015204374948],[-96.818424125521958,32.782966777633298],[-96.818411385513969,32.782917653162258],[-96.818397602233034,32.78286870488855],[-96.818388803791038,32.782839322824159],[-96.818383825891345,32.782823278739187],[-96.818368240819026,32.782775319864001],[-96.818350831439204,32.782725312387356],[-96.818334686004235,32.782681740127032],[-96.818315683394715,32.782633379667224],[-96.818298369340198,32.782591697373427],[-96.818277337409086,32.782543656705649],[-96.81825466516139,32.782494676588342],[-96.818232087873795,32.782448405341384],[-96.818210149548776,32.782405546611514],[-96.818186432370837,32.782361283867644],[-96.818161162741788,32.782316234384403],[-96.818136254732821,32.782273738637848],[-96.818107970225398,32.782227548914918],[-96.818081795859712,32.782186580131132],[-96.818050906370246,32.782140213557604],[-96.818021224571979,32.78209750349663],[-96.817991557047336,32.782056463993662],[-96.817835836751442,32.781846251884616],[-96.817810428960726,32.781806029383233],[-96.817732554377756,32.781682807792166],[-96.817681784259989,32.781605494850986],[-96.817670190714736,32.781588627962954],[-96.817607211468953,32.781497752557215],[-96.81754210055513,32.78140133839068],[-96.81738175838224,32.781188306842743],[-96.817203396093504,32.780993035524929],[-96.817005032736219,32.780812055787457],[-96.816788264634695,32.780646825014273],[-96.816554835681046,32.780498673614559],[-96.816306627951718,32.780368793173771],[-96.816045637245068,32.780258231616813],[-96.815773965921167,32.780167876879311],[-96.815662867380382,32.78013758067717],[-96.814775924134921,32.779910466946248]]],[[[-96.79361186672979,32.786186400166336],[-96.793682354584874,32.786247356666905],[-96.793542492095895,32.786362432547158],[-96.793985981851208,32.786744117095566],[-96.794530819524539,32.786284151435119],[-96.794100916780394,32.785908524974701],[-96.793961057468465,32.786023603161453],[-96.793890569599682,32.785962646817765],[-96.79361186672979,32.786186400166336]]],[[[-96.789169843818328,32.78697809112591],[-96.789190037070938,32.786994608226557],[-96.789495418721984,32.787262667610555],[-96.789545500092117,32.787306318206895],[-96.789870232294362,32.787034193968481],[-96.7894898527789,32.786712806287532],[-96.789169843818328,32.78697809112591]]],[[[-96.804570993996649,32.787512998429399],[-96.804529940790587,32.787670118730539],[-96.804796452020398,32.787918684706668],[-96.804834048374559,32.787873295248488],[-96.804973977827331,32.787633997512721],[-96.804678323451199,32.787486244746354],[-96.804596570447728,32.787447435841983],[-96.804570993996649,32.787512998429399]]],[[[-96.802400227098801,32.786824444837045],[-96.803356577947596,32.78793796889083],[-96.803866571280452,32.787519202742466],[-96.803486721640724,32.787191621766617],[-96.803066499231974,32.786810406449206],[-96.803031303268241,32.78678352305478],[-96.803000907991802,32.786766575891157],[-96.802977118888819,32.786756386843919],[-96.802948952077131,32.786747253740124],[-96.802867847129988,32.786728117318326],[-96.80276008673188,32.786636077462092],[-96.802661621791046,32.786581190446043],[-96.802400227098801,32.786824444837045]]],[[[-96.742780742581033,32.788333405769286],[-96.742778034418606,32.788422920139588],[-96.742774563506217,32.788849645245847],[-96.742774782071322,32.788873547015157],[-96.743063501318147,32.788877604673168],[-96.743064832766507,32.788331183679183],[-96.742780742581033,32.788333405769286]]],[[[-96.806626033090524,32.791634158260173],[-96.806360185936839,32.79185789304853],[-96.806588219335978,32.792055628420059],[-96.806672308932932,32.792126473629231],[-96.807025993672426,32.791816003892173],[-96.806718331074208,32.791555139601577],[-96.806626033090524,32.791634158260173]]],[[[-96.796178431658433,32.791932818489045],[-96.795991709295279,32.792087997197719],[-96.796389792074891,32.792426151749467],[-96.796588964833845,32.792260039302533],[-96.796692820938588,32.792176744254263],[-96.796291202427355,32.791838765006212],[-96.796178431658433,32.791932818489045]]],[[[-96.795823480759211,32.791469311253394],[-96.796280894549085,32.791829378097333],[-96.796769304737651,32.792236660803091],[-96.797510029547695,32.792824012840299],[-96.798443984251634,32.792079430436829],[-96.797196948191072,32.791051372300899],[-96.79676754026967,32.790697360096274],[-96.795823480759211,32.791469311253394]]],[[[-96.881415889603915,32.792657818326013],[-96.881530321137518,32.792753081768403],[-96.881649113120389,32.792842849046089],[-96.881772001809608,32.792926920857056],[-96.881898714366741,32.793005110544385],[-96.882028969463533,32.793077244510712],[-96.882162477906576,32.793143162603627],[-96.882423588842798,32.793253585267315],[-96.882619480048589,32.793319653331686],[-96.882695192021458,32.793344195161147],[-96.883021772996841,32.793446742746696],[-96.88309820023116,32.793469724287327],[-96.883378460728437,32.793538991265805],[-96.883664943629398,32.793586760054588],[-96.883955343908113,32.79361264530597],[-96.884001652924368,32.793614725281856],[-96.884185671512711,32.793621881953591],[-96.884894118208834,32.793773754254801],[-96.885209379235192,32.793873171798289],[-96.885294565887705,32.793898902016736],[-96.885574829455038,32.793968164043655],[-96.885861314923957,32.794015927771866],[-96.886151717247984,32.794041807894168],[-96.886443696107889,32.794045596345008],[-96.886734902610158,32.794027262647255],[-96.886986918650706,32.793993237992154],[-96.887341944332647,32.79393316089908],[-96.887378015603588,32.793926876854968],[-96.887660665408845,32.793864917876235],[-96.887935600701056,32.793781807480826],[-96.888200608336433,32.793678216026827],[-96.88832575977186,32.793620433028515],[-96.889157211555599,32.793219580052344],[-96.889293130574643,32.793225023402385],[-96.889429158355512,32.79322525280827],[-96.88956509496137,32.793220267932796],[-96.88970074058939,32.793210076102866],[-96.889835895864408,32.793194692298663],[-96.889970362132004,32.793174139131672],[-96.890120482516423,32.793183790893025],[-96.890270873199626,32.793187244691381],[-96.890421278397682,32.793184494652529],[-96.89057144230199,32.793175545453728],[-96.890721109514345,32.793160412315743],[-96.890870025481277,32.793139120976953],[-96.890952390644557,32.79312587769131],[-96.89101929185945,32.793114505096028],[-96.891301936534177,32.793052537838399],[-96.891576865898514,32.792969419388655],[-96.89184186685641,32.792865820169553],[-96.892094804569197,32.792742572173651],[-96.892333644863911,32.7926006701516],[-96.892556462004919,32.792441255475346],[-96.892761463332235,32.792265611943236],[-96.892946999083776,32.792075154178562],[-96.893111573299208,32.791871415139923],[-96.893253863230527,32.791656035545401],[-96.89337272171889,32.791430750371219],[-96.893467192446053,32.791197371909256],[-96.893536514361898,32.790957780802458],[-96.89358013167741,32.790713904525511],[-96.893597718156016,32.790466139340417],[-96.893603698137269,32.790109240932289],[-96.893606286978198,32.789954746904812],[-96.893634998786624,32.789949072210959],[-96.89385177685827,32.789899507601618],[-96.894126694065093,32.789816383494326],[-96.894391682629646,32.789712778816103],[-96.894644607813206,32.789589525603304],[-96.894883435543676,32.789447618648701],[-96.89510624018655,32.789288199363988],[-96.895311229182497,32.789112551584445],[-96.895496752868667,32.788922089967734],[-96.895661315382029,32.788718347503355],[-96.895803594068738,32.788502964937074],[-96.895922441860435,32.788277677269072],[-96.896016902525034,32.788044296811236],[-96.896086215093447,32.787804704222495],[-96.896129823851822,32.787560826989605],[-96.896147375294206,32.787314630366851],[-96.896138730247642,32.787068095885516],[-96.896103956635969,32.786823207731537],[-96.896086110004916,32.786740176053407],[-96.896065391928744,32.786651550618814],[-96.896191518344509,32.786495390300743],[-96.896333792180158,32.786280007089637],[-96.896452635648629,32.786054718874929],[-96.896547092552524,32.785821337972976],[-96.89661640195321,32.785581745046343],[-96.896660008162101,32.785337867584403],[-96.896677557693877,32.785091670843272],[-96.8966778400914,32.78507096012747],[-96.896690819358511,32.783652042884732],[-96.896689035040055,32.783606906824851],[-96.896692269268073,32.783588816357081],[-96.896709854353531,32.783340509552403],[-96.896721108695004,32.782647896539011],[-96.896732917554345,32.781821050895928],[-96.896735273595226,32.781656139320589],[-96.896737627639084,32.781491219600262],[-96.896739981511288,32.781326308894783],[-96.896743097538817,32.781108163253215],[-96.896872727994165,32.781109415116234],[-96.897006299818557,32.781108388898197],[-96.897181628030793,32.781097333883814],[-96.897262363849663,32.781104522876312],[-96.897408259836283,32.781109171202964],[-96.89861111573488,32.781124674558576],[-96.89870090662501,32.781126361176817],[-96.900700332373376,32.781163897365182],[-96.900869081524903,32.781163366313145],[-96.900883664390193,32.781162446289507],[-96.900896739514266,32.781163610148042],[-96.901032175259687,32.781168105274311],[-96.902887560815742,32.781197000493449],[-96.902988686560676,32.781196355632758],[-96.903044056411929,32.781196579685073],[-96.90328423406136,32.781199846070777],[-96.903797992417012,32.781183659410047],[-96.904085646729001,32.781207027706436],[-96.904627870527364,32.781234945936895],[-96.904723403699123,32.781238641899087],[-96.904886228415748,32.781242917783835],[-96.904921864226139,32.78124368876307],[-96.905120107211431,32.781247058561178],[-96.905197820037202,32.781247595271232],[-96.905396102898237,32.781246964234988],[-96.905480470655419,32.781245771449065],[-96.905771631218443,32.781227393162403],[-96.90605966837613,32.781187040432599],[-96.906342264557466,32.781125038937866],[-96.906617142880776,32.781041887164101],[-96.906882090661028,32.780938255802468],[-96.907134973487686,32.78081497710432],[-96.90737375762987,32.780673046067349],[-96.907596517804109,32.780513604297482],[-96.907801461809214,32.780337935810991],[-96.907907378980354,32.780233461890454],[-96.907919990149338,32.780220373289936],[-96.907999551489539,32.780134366823319],[-96.908164069002382,32.779930607675894],[-96.908306303255628,32.779715210658836],[-96.90842510753896,32.779489910888813],[-96.908519525970306,32.779256520775121],[-96.908588797920899,32.779016921054591],[-96.908632368003438,32.778773039270988],[-96.908649883023841,32.7785268407156],[-96.908641204102111,32.778280306934988],[-96.908606399434788,32.778035422109625],[-96.908563026927297,32.777853002629953],[-96.908109375535673,32.776231373013879],[-96.908092101225009,32.776172529937497],[-96.908045942567966,32.776046025905231],[-96.908013757758951,32.775819554556719],[-96.907957163243637,32.77559160177946],[-96.907760209422406,32.774937586114575],[-96.907423321365343,32.773820171005589],[-96.907412436975903,32.77378318826046],[-96.907503657143124,32.773704993255159],[-96.90768912245565,32.773514513223418],[-96.90785362841018,32.77331075438331],[-96.907995852807844,32.773095357612121],[-96.908003890738229,32.773080114398333],[-96.908153636515195,32.773053329169635],[-96.908302089465366,32.77302011821083],[-96.908448973987845,32.772980543177624],[-96.908594017393511,32.772934677540519],[-96.908736950411281,32.772882606448441],[-96.908877507687933,32.772824426570672],[-96.909312822798412,32.772633807658593],[-96.909456232529408,32.772572111166319],[-96.909478042960927,32.77256264133689],[-96.909730898317164,32.772439357280874],[-96.909969655773921,32.772297421168545],[-96.910192390262878,32.772137974646554],[-96.910397309789417,32.771962301769605],[-96.910486864369588,32.771874446341847],[-96.910641982127657,32.771795342355496],[-96.910749755972617,32.771740354607495],[-96.911063722934557,32.771581284351171],[-96.911076227204234,32.771574846619643],[-96.911120957445618,32.771551794302589],[-96.911382048530882,32.771418463814292],[-96.911533172760144,32.771340749875684],[-96.911592567890708,32.77130945903005],[-96.911819115474145,32.77117477450394],[-96.91211771239999,32.771013124242955],[-96.91236120882995,32.770881311341455],[-96.912490601405509,32.770846320345463],[-96.912618561487292,32.770806407617222],[-96.912744901940627,32.770761631526938],[-96.912869437999404,32.770712057557219],[-96.912991987536373,32.770657758207335],[-96.913112371329447,32.770598812887137],[-96.914250745838231,32.770013752972943],[-96.914310994610361,32.769982020777938],[-96.914347799378007,32.769961866920113],[-96.91579922966325,32.769155246298041],[-96.916001164590426,32.769033452858942],[-96.916223880052783,32.76887399549463],[-96.916428780105321,32.768698312635522],[-96.916614215801175,32.768507819221448],[-96.916693266742115,32.768414769514301],[-96.916919141797791,32.768136851026838],[-96.917061119662691,32.768094244171202],[-96.917201095912972,32.76804546192416],[-96.917338802089517,32.767990597844722],[-96.917473974086931,32.767929757156175],[-96.917606352660144,32.767863056544307],[-96.918061681622987,32.767621109544336],[-96.919051916791545,32.767116464683241],[-96.919122747644565,32.767079313457074],[-96.919361475663209,32.766937359255607],[-96.919584179828988,32.766777895847923],[-96.919789068391367,32.766602207424413],[-96.919974492496195,32.766411708969677],[-96.920124994856607,32.766225232788521],[-96.920116573463474,32.766343846850482],[-96.920125283091593,32.766590380050417],[-96.920160115051416,32.766835261861594],[-96.920220786567626,32.767076518880906],[-96.920306811445272,32.767312210279997],[-96.920417496699486,32.767540436783513],[-96.920551951768175,32.767759362433971],[-96.920709092614771,32.7679672236657],[-96.920887656359596,32.768162346630525],[-96.921079521239903,32.768343719867538],[-96.921092570764799,32.768352949842033],[-96.921064898399933,32.768354699893166],[-96.920776909711051,32.768395087416195],[-96.920494364147018,32.768457121771576],[-96.9202195378017,32.768540304297545],[-96.919954642605305,32.768643964171289],[-96.91970181226371,32.768767269051082],[-96.919488139300782,32.768893018429175],[-96.918970001277827,32.769225610097955],[-96.918944466096477,32.769241244803716],[-96.918721754600398,32.769400707036581],[-96.918516857465136,32.769576393664927],[-96.918331423620273,32.769766889901284],[-96.918312360326624,32.769790508499128],[-96.91826557599687,32.769808814805053],[-96.918012739990544,32.769932116239673],[-96.917774001759682,32.770074067820069],[-96.917551286070903,32.770233527946644],[-96.917346384696089,32.770409212635336],[-96.917160946599097,32.770599707114322],[-96.916996467037421,32.770803478308117],[-96.916987154840328,32.770825501801603],[-96.91685786673014,32.771020628636592],[-96.916846087659366,32.771041678207155],[-96.916738697000909,32.771245397602513],[-96.916728400778467,32.771267579911274],[-96.916643222919305,32.771478200339274],[-96.916635205936927,32.771501396558023],[-96.916572786156976,32.771717384537368],[-96.916566734714095,32.771741167676652],[-96.916559493301961,32.771774025176931],[-96.916554375684683,32.771797943770451],[-96.916528130434585,32.771933484171896],[-96.916519550557183,32.771984514477971],[-96.916498183218593,32.772068641908589],[-96.916470084448861,32.77220400626797],[-96.916451718380785,32.772303066163715],[-96.916432602438604,32.772420097114981],[-96.916419920900495,32.772508218805335],[-96.916402428621936,32.772754418567516],[-96.916411128562132,32.773000951909729],[-96.9164459527899,32.773245834644129],[-96.916506618592067,32.773487093360131],[-96.916592639819825,32.773722787215831],[-96.916703323517766,32.77395101691603],[-96.916837779136316,32.774169946477556],[-96.916994922634416,32.7743778123032],[-96.917173491111242,32.774572940507873],[-96.917372044696293,32.774753760474447],[-96.917588985566098,32.774918815922511],[-96.917822568392396,32.77506677767191],[-96.918070909739725,32.775196455490949],[-96.918332012536979,32.77530680292066],[-96.918603773263328,32.77539693360427],[-96.918884004384154,32.775466120673165],[-96.919077281033324,32.775500766654282],[-96.919326066421249,32.775538732635148],[-96.919419233504598,32.775551773541352],[-96.919709585181948,32.775577575348485],[-96.920001504713639,32.775581285027769],[-96.920292643683396,32.775562872735847],[-96.920580655851765,32.775522486356188],[-96.920863223848869,32.775460451837617],[-96.921138071019982,32.775377267932249],[-96.921402984931248,32.77527360558981],[-96.921655831444454,32.775150297311356],[-96.921894577121392,32.775008338332363],[-96.922117296988446,32.77484887048405],[-96.922322199168804,32.774673177992646],[-96.922507634698732,32.774482675875348],[-96.922658309163609,32.774295994082749],[-96.922784833329075,32.774244676910087],[-96.922909031023934,32.774187960516933],[-96.923030671971517,32.774125950061944],[-96.923149530635698,32.774058760519537],[-96.92368829856072,32.773739182250338],[-96.92380887888983,32.773664097612475],[-96.924031591943944,32.773504626319315],[-96.924236487231326,32.773328930655659],[-96.924421915843652,32.773138425664378],[-96.924511237014812,32.773027753317038],[-96.924709666772614,32.773045379016374],[-96.925001578184165,32.773049076958657],[-96.92529270780976,32.773030652956827],[-96.925580709485118,32.772990254988876],[-96.925863265924988,32.772928209096833],[-96.926138100567655,32.772845014124357],[-96.926403001080189,32.772741341110404],[-96.926481206430722,32.772703196720691],[-96.926488905569897,32.772683095760947],[-96.926516836411494,32.772610176723902],[-96.926547601721438,32.772499256175394],[-96.926590072418335,32.772346146937544],[-96.92659643624819,32.772323200667806],[-96.926596974566067,32.772318308276006],[-96.926701612250952,32.771367488481729],[-96.926721688658148,32.771185082115075],[-96.926696020475987,32.770720854461757],[-96.926614865825456,32.770327517797362],[-96.92652375222994,32.769922595291163],[-96.926397424144113,32.769687616892654],[-96.926159623173049,32.769304366665068],[-96.926150282380775,32.769289312707116],[-96.926134243197083,32.769215847982814],[-96.92610953232311,32.769102664962389],[-96.926119913320676,32.768899479351056],[-96.92615057624414,32.768699415857249],[-96.926226406716523,32.768436928883048],[-96.926298138581586,32.768214475624688],[-96.926350596267909,32.768123504954211],[-96.926413314759515,32.768026936059975],[-96.926522905529055,32.767898448076593],[-96.926541381720313,32.767876787897563],[-96.926730394174399,32.767730269881028],[-96.927021266119866,32.767573593177822],[-96.927303576870386,32.767471546569574],[-96.927335095106585,32.767460153600901],[-96.92736113605163,32.767437911649978],[-96.927489765672306,32.767328046492104],[-96.927500283903072,32.767319062960944],[-96.927543331768533,32.767185020870343],[-96.927528468688038,32.767067425140858],[-96.927477087927727,32.767002345159703],[-96.927197101002378,32.766927214076169],[-96.927126652855662,32.76688623093149],[-96.926994003126239,32.766721330386744],[-96.926997962073841,32.76649801837079],[-96.927122196463628,32.766085802033899],[-96.927253588329975,32.76576327872742],[-96.927284932012327,32.765686340459574],[-96.92728238202946,32.765682230642852],[-96.927257245432031,32.765642502568042],[-96.927225114835352,32.765592707218971],[-96.927199297232676,32.765553461158902],[-96.927169216328281,32.765508601752209],[-96.927156096690709,32.765489221370494],[-96.927143827610593,32.765471420178791],[-96.927112920884468,32.765426962485655],[-96.92708691710682,32.7653902159593],[-96.927055195040936,32.765346170934293],[-96.927028477325379,32.76530971660241],[-96.92699594613299,32.765266095145932],[-96.92696858008685,32.765230025832949],[-96.926935248131258,32.765186837970681],[-96.926905768623698,32.76514931777767],[-96.92686818728923,32.765102325062948],[-96.926838083535458,32.765065337201854],[-96.926800491837341,32.765019956959655],[-96.926773645578507,32.764988116045785],[-96.926737882715869,32.764946338628775],[-96.926707793958329,32.764911762646875],[-96.926671264772722,32.764870463448787],[-96.926640683718077,32.764836443113488],[-96.926603397735434,32.764795626763288],[-96.926572119234336,32.764761932194766],[-96.926534086872095,32.764721613253727],[-96.926502119175552,32.764688260789661],[-96.926463344575481,32.764648446524184],[-96.926431848711061,32.764616601702713],[-96.926391263004874,32.764576226949551],[-96.926358231445562,32.764543881048375],[-96.92634306045332,32.764529256568807],[-96.926179706849041,32.764382951760183],[-96.925962775755778,32.764217911170327],[-96.925729207910408,32.764069964592416],[-96.92548088650544,32.763940301960545],[-96.92521980825731,32.76382996944816],[-96.924948076227807,32.763739853145857],[-96.924667877401816,32.763670679682171],[-96.924381469011649,32.763623005229654],[-96.924091155081427,32.763597214308035],[-96.923799274792174,32.763593514225946],[-96.923575617885547,32.7636056873162],[-96.923539737793917,32.763609088054736],[-96.923560989952577,32.763535521254738],[-96.923567668695355,32.763506032106214],[-96.923973133313183,32.761661106105223],[-96.924000958144958,32.761610129871826],[-96.924034932426324,32.761542321555815],[-96.924067396014323,32.761475066798134],[-96.924119251193545,32.76135535074701],[-96.924136395050411,32.761312735147477],[-96.92397885453866,32.761206528925257],[-96.923939362764955,32.761140164947101],[-96.924017465466136,32.760940704131173],[-96.924043669166252,32.760800723368895],[-96.924099665652349,32.760701204123137],[-96.924152472658932,32.760590195498636],[-96.924234912387476,32.760528240675129],[-96.924323616096913,32.760495001032616],[-96.92439016218637,32.760442760337682],[-96.924530345552654,32.759901960250829],[-96.924530217315692,32.759897698874788],[-96.924532243158737,32.759894638189621],[-96.924622973649051,32.759544614181308],[-96.924636951624123,32.759487828975324],[-96.924674904197104,32.759275123020501],[-96.924922921759006,32.759277767660215],[-96.924971362657672,32.759197414537439],[-96.925091875399048,32.758931195676361],[-96.925151659842726,32.758808817088493],[-96.925174682523718,32.75865733875743],[-96.925245670543845,32.758348969059149],[-96.925313913763503,32.758036269627077],[-96.925351709836832,32.757816254163274],[-96.925391825281793,32.757656400633465],[-96.925460516755919,32.757413865069005],[-96.925565481969059,32.757249185918205],[-96.925586214805108,32.757184316597183],[-96.925651196283098,32.756981015110348],[-96.925728168907284,32.756685605704455],[-96.925747631491333,32.756592199870752],[-96.926253511677047,32.750054513081352],[-96.926262425643998,32.749821715850402],[-96.926272215602836,32.749498385377962],[-96.926319686831619,32.748063271862826],[-96.926336781922657,32.747471722576798],[-96.926342275876351,32.74728046849544],[-96.926580366678778,32.747066866356832],[-96.926559558850073,32.747063402970888],[-96.92626929843864,32.747037617104965],[-96.926079869041757,32.747032696950576],[-96.925689552400897,32.747032172672569],[-96.925587155856562,32.747033397532377],[-96.925296111544469,32.747051822257923],[-96.925008193885148,32.747092219641843],[-96.924725719076335,32.747154263705696],[-96.924626355629414,32.747184349681824],[-96.924523677737312,32.747184517565081],[-96.924432791462493,32.747185739447445],[-96.924271282601808,32.747195962777347],[-96.924182015904549,32.747181100373574],[-96.924110381646358,32.747172661224994],[-96.923749313234453,32.747133574010157],[-96.923709483779632,32.747129263751376],[-96.92368170422165,32.747126247212826],[-96.92346181841593,32.747108758252843],[-96.92325864365317,32.747103839850077],[-96.922836969110051,32.747104770410196],[-96.922815237708363,32.747104820272497],[-96.922664202919975,32.74710813060215],[-96.922513415322484,32.747117380792716],[-96.922363108426737,32.747132556519276],[-96.922194750785536,32.747152926090799],[-96.921979654960964,32.747185213507464],[-96.921697177739873,32.747247250689199],[-96.921422418179958,32.747330435998798],[-96.921157587673861,32.747434098591164],[-96.920904819406516,32.747557406102558],[-96.920666145969335,32.747699363461784],[-96.920443491606648,32.74785882902264],[-96.920238647596932,32.748034518757443],[-96.92005326244238,32.748225017853741],[-96.919888830973704,32.748428793198869],[-96.919746674949465,32.748644203952871],[-96.919627940677884,32.748869515043623],[-96.919533583768995,32.749102914106551],[-96.919464364699778,32.749342520444451],[-96.919420838818823,32.74958640654453],[-96.919403359379146,32.749832607134557],[-96.919403096050502,32.749851831768673],[-96.919397561357556,32.750432762301749],[-96.919396601200745,32.750513419408257],[-96.919243091520997,32.751283494448693],[-96.919216203312757,32.751418372520256],[-96.918683348550658,32.754009782625701],[-96.918637354002385,32.753990339354303],[-96.918573105108223,32.753966857755827],[-96.917564971281323,32.753609236586165],[-96.917357526540684,32.753542585749898],[-96.917077365816738,32.75347339513052],[-96.916790994403556,32.753425703158854],[-96.916500716027954,32.753399894495473],[-96.916208869584324,32.753396176592119],[-96.915917802466225,32.75341457935285],[-96.91562985990376,32.753454954998141],[-96.915347358295094,32.75351697772436],[-96.915072573379987,32.753600148963464],[-96.914807716755149,32.753703797983647],[-96.91455492181575,32.753827092530429],[-96.914316221367883,32.753969037636836],[-96.91409353987342,32.754128491755438],[-96.913888668829173,32.754304170950697],[-96.913703256954946,32.754494660494849],[-96.913538799296674,32.754698427352338],[-96.913396617823636,32.754913830751342],[-96.913277859049103,32.755139135679123],[-96.91318347878024,32.75537252982064],[-96.913144414215097,32.755507710324892],[-96.913012669648978,32.755491938652753],[-96.912880352178064,32.755482066305532],[-96.912747725832332,32.7554781129828],[-96.912615055258016,32.755480086573115],[-96.91248260518968,32.75548798313833],[-96.912186475980903,32.755481821024844],[-96.912095793507987,32.755481001872958],[-96.911645139803142,32.755482241844007],[-96.91164489997756,32.75542925558905],[-96.911635866963209,32.755234798424894],[-96.91160106307025,32.754989914022573],[-96.911540423241277,32.754748652588681],[-96.911454433814058,32.754512954912734],[-96.911343787847301,32.754284720217839],[-96.911209375897016,32.754065784399238],[-96.91105228190284,32.753857910955297],[-96.910873768550488,32.75366277366664],[-96.910675275375752,32.753481943046921],[-96.91045839974845,32.753316875280198],[-96.910351044151966,32.753248844411786],[-96.910344916374683,32.753232048088883],[-96.910234274857046,32.753003812386169],[-96.910099867582545,32.752784875348567],[-96.909942778453157,32.752577000484088],[-96.909764270115431,32.752381861584958],[-96.909565782064817,32.752201029177819],[-96.909348911629905,32.752035959460954],[-96.909305862261405,32.752008678433882],[-96.909305356115794,32.751915955603586],[-96.909296315574451,32.751718888804305],[-96.909261519513649,32.751474003687235],[-96.90920088844446,32.751232741053379],[-96.909114908634351,32.750997041701822],[-96.909004273064582,32.750768804869182],[-96.908869872207319,32.750549866468027],[-96.908712789912968,32.750341990017361],[-96.908534288773055,32.750146849322078],[-96.908335808225004,32.749966014923302],[-96.908118945537041,32.749800943035424],[-96.907885445362965,32.74965296278927],[-96.907637190350272,32.749523264390355],[-96.907376176680955,32.749412894299752],[-96.907104506897142,32.749322738910642],[-96.906824367482571,32.749253525166168],[-96.906538015191202,32.749205809563463],[-96.90624775359575,32.749179976953052],[-96.906067865026884,32.749175053070047],[-96.906048218117689,32.749173699899991],[-96.905868758787889,32.748977275773129],[-96.905670286284362,32.748796437104325],[-96.905453431409725,32.748631360553489],[-96.905219938755081,32.748483375288991],[-96.904971690907232,32.748353671556863],[-96.904710683990473,32.748243295861016],[-96.904439020492788,32.748153134639836],[-96.904221395982702,32.748099360937388],[-96.903978902614668,32.747972660300007],[-96.90371789805242,32.74786228251682],[-96.903446236728911,32.747772119123809],[-96.903166105059611,32.747702897128327],[-96.903067289232084,32.747683870683751],[-96.902672844473472,32.7476133656345],[-96.902485315253969,32.747584667449708],[-96.902195060138354,32.747558825373964],[-96.901903233498388,32.747555073886495],[-96.901612182568215,32.747573443161514],[-96.901324252447566,32.747613785689204],[-96.901041759434548,32.747675775932528],[-96.900766979199503,32.747758915585088],[-96.900502123301806,32.747862534169094],[-96.900250802131012,32.747984858138878],[-96.900024982239259,32.748034203571791],[-96.900003410217423,32.748040729994237],[-96.89996842847529,32.748008852306477],[-96.899751586127039,32.747843765800852],[-96.899518105048671,32.747695769819231],[-96.899269867733906,32.747566054694254],[-96.899008870222062,32.747455667021235],[-96.898737214925589,32.747365493335288],[-96.898457088211387,32.747296260726557],[-96.898170746731168,32.74724852584427],[-96.897880493970703,32.74722267369404],[-96.897714022915579,32.747217814996127],[-96.896304931416935,32.747207190016518],[-96.896155223674583,32.747208008284865],[-96.896005713360225,32.747215737682438],[-96.895856719349965,32.74723036172395],[-96.895708559418708,32.747251849219197],[-96.894686601923411,32.747245922152139],[-96.894568003610033,32.747247061048562],[-96.894276952172632,32.747265413150181],[-96.893989019718404,32.747305738689093],[-96.893706522564415,32.747367712264825],[-96.893431736414257,32.747450835705251],[-96.893166872874914,32.747554438663137],[-96.892914065396482,32.747677689255241],[-96.892675346886662,32.747819592867877],[-96.892452641952318,32.747979008288354],[-96.892247742279039,32.748154651892285],[-96.892062296817045,32.748345109238457],[-96.891897800882475,32.748548847550893],[-96.891755576752757,32.748764226287236],[-96.891719713361041,32.748832231644499],[-96.89161534449488,32.748863505562618],[-96.89062893033433,32.749199010941489],[-96.890610985346925,32.749205166918898],[-96.890346113281765,32.749308763854522],[-96.890093296891479,32.749432008695479],[-96.889854569155617,32.749573906874446],[-96.889631854755166,32.749733317222415],[-96.889426945451916,32.749908956155913],[-96.889241490273733,32.750099409271336],[-96.889076984614832,32.750303143826713],[-96.888934750831069,32.750518519309956],[-96.888815935856925,32.750743800933442],[-96.888721495951501,32.750977176569677],[-96.888652192260565,32.751216765710318],[-96.888647701963393,32.751241877430374],[-96.888477109979874,32.751185236853559],[-96.888196979215422,32.75111598114318],[-96.887910630933149,32.751068222640505],[-96.887620368673282,32.751042346541233],[-96.88745164035258,32.75103745753605],[-96.883947476580616,32.751012766210458],[-96.88382436741955,32.751013866044914],[-96.883533301413124,32.751032192987907],[-96.883245351862953,32.751072493631867],[-96.882962835223765,32.751134442776774],[-96.882688027355996,32.751217542447144],[-96.882423140041524,32.751321122487177],[-96.882170306921623,32.751444351198124],[-96.881931561110676,32.751586234142358],[-96.881708827435105,32.751745630273653],[-96.881503897811854,32.751921256122984],[-96.881318421432368,32.752111697391911],[-96.881153893861551,32.752315421434069],[-96.881011637631588,32.752530787821883],[-96.880892799857804,32.75275606184104],[-96.880798336982679,32.752989431425235],[-96.880729010337035,32.753229016114894],[-96.880685376134736,32.753472888570968],[-96.880667788501754,32.753719083631871],[-96.880676387334802,32.753965619800532],[-96.880711105515928,32.754210512866962],[-96.880720227008126,32.754254810548858],[-96.880754627796108,32.754414136787027],[-96.88080830624321,32.754618343030721],[-96.881184317329669,32.755816143219597],[-96.881106149463605,32.755783070986588],[-96.880834486873283,32.755692858231832],[-96.880554347847493,32.755623585322027],[-96.880267989137366,32.75557580923082],[-96.879977714367129,32.755549915295461],[-96.879756798455077,32.755548232160628],[-96.879534335859773,32.755546143350955],[-96.879391144266236,32.75554932519961],[-96.879248190171296,32.755558161678842],[-96.879105696788812,32.755572638991033],[-96.878963886613207,32.755592734530786],[-96.878822981072162,32.755618416920179],[-96.878836374613442,32.755430986270134],[-96.878836646282878,32.755411786978627],[-96.878840179693881,32.755058310055233],[-96.878831314185859,32.754830973070689],[-96.878796600947879,32.75458607948994],[-96.878736050553343,32.754344802060452],[-96.878650148620636,32.754109081699923],[-96.878539587503511,32.75388081781437],[-96.878405257075514,32.753661846534044],[-96.878248240619712,32.753453931643065],[-96.878069800197579,32.75325874725543],[-96.877871374758058,32.753077864264561],[-96.87765456112561,32.752912739275835],[-96.877421103559229,32.752764701847283],[-96.877172884363816,32.752634942645578],[-96.876911899432201,32.752524508620553],[-96.876640251076211,32.752434286680575],[-96.876360125606539,32.752365004304245],[-96.876073779665234,32.752317218541663],[-96.875783516773737,32.752291314807799],[-96.875611717458085,32.752286389473227],[-96.874954590744508,32.752282228465241],[-96.87430835876485,32.752272970796135],[-96.874157577273181,32.752273764127196],[-96.873866505141407,32.752292068435658],[-96.873578547117432,32.752332346685535],[-96.873296019724222,32.75239427385668],[-96.87302119890866,32.752477352150841],[-96.872756296557043,32.752580911584218],[-96.872503446431338,32.752704120623982],[-96.872264681783108,32.752845984990692],[-96.872041927590317,32.753005363788027],[-96.871836975935082,32.753180973686213],[-96.871651476186102,32.753371400515327],[-96.871486924096487,32.753575111745405],[-96.871344642395769,32.753790467051807],[-96.871225778404451,32.754015731809602],[-96.871131288775757,32.754249094027074],[-96.871061935056233,32.754488673303968],[-96.871018273677464,32.754732542344627],[-96.871000658984329,32.754978736015225],[-96.8710003096501,32.755007367514374],[-96.87099843343114,32.755333518210854],[-96.870998880673611,32.755362132187848],[-96.871007094153427,32.755580055278337],[-96.871041786290704,32.755824951016315],[-96.871102316781517,32.756066232167541],[-96.871188200565228,32.756301957710356],[-96.871298745793965,32.756530228094299],[-96.871433063032214,32.756749207008745],[-96.8715900693539,32.756957130458652],[-96.871768502962439,32.757152324095763],[-96.871966925073536,32.757333216775343],[-96.872183738922544,32.757498351631753],[-96.872417200203728,32.757646398845992],[-96.872665426460543,32.757776167497227],[-96.872926421549352,32.757886610396035],[-96.873198082815833,32.757976840416497],[-96.873478223526817,32.758046129890396],[-96.873764586551118,32.758093921612087],[-96.874054867827496,32.758119830049132],[-96.874216886006963,32.758123067342829],[-96.874346714349812,32.758124742565663],[-96.874944108257296,32.758131147767934],[-96.875545875483525,32.758137078717482],[-96.875700790475065,32.758135789372787],[-96.875855510440175,32.758127912228176],[-96.876009755357842,32.758113461540148],[-96.876163246066824,32.75809246346239],[-96.87631570477086,32.758064955998428],[-96.876302305509739,32.758252386342015],[-96.876302148915684,32.758270982846092],[-96.876292142783768,32.75897148739061],[-96.876287841476511,32.759317597265529],[-96.876275341395882,32.759974643414807],[-96.876283913096543,32.760222029186309],[-96.876318621606316,32.760466923370885],[-96.876379169606039,32.760708201873129],[-96.876465071894302,32.760943923692579],[-96.876501033536783,32.761018167872599],[-96.876500455466498,32.761026253274842],[-96.876509043432932,32.761272789604043],[-96.876543752974698,32.761517683707268],[-96.876604302303122,32.761758962081593],[-96.876690206206135,32.761994683727757],[-96.876800772673775,32.762222949126532],[-96.87693511209963,32.762441922007483],[-96.877092141378853,32.762649838424281],[-96.877270598530146,32.762845024085053],[-96.877419203605314,32.762983468674669],[-96.878963881489597,32.7643276719486],[-96.878872600444467,32.764458064959165],[-96.878822923149528,32.764531589461896],[-96.878724463956232,32.764682669050671],[-96.878701901918262,32.764717894325457],[-96.878620393079444,32.764847399929032],[-96.878268773380242,32.765408865602964],[-96.878266047475378,32.765413338754783],[-96.878189326419957,32.765413198422095],[-96.877898212031525,32.765431512152901],[-96.87761021320992,32.765471799703477],[-96.877327646806236,32.765533735978856],[-96.877052789081674,32.765616823107436],[-96.876787852219437,32.765720391034165],[-96.876720326131462,32.765753292712283],[-96.876758407160736,32.765646076678323],[-96.876791061552368,32.765537085240872],[-96.87681820707293,32.765426592872615],[-96.876839775361987,32.765314877826015],[-96.876855712104188,32.765202221432595],[-96.876865977166105,32.765088907394485],[-96.876870544697297,32.764975221069939],[-96.876871886241702,32.764901923127788],[-96.876876341229419,32.764658262952189],[-96.876879095511327,32.76450765624336],[-96.876870506204028,32.764261119997514],[-96.876835794687977,32.764016226034116],[-96.876775243190508,32.763774947811932],[-96.876689337338661,32.76353922625492],[-96.876578769518034,32.763310960778774],[-96.876444429655933,32.763091987526579],[-96.876287401111696,32.762884070298483],[-96.876108946043928,32.762688883227064],[-96.875910503519691,32.762507997227466],[-96.875693670500993,32.762342868929366],[-96.875460191402624,32.76219482791744],[-96.875211948703324,32.762065064887118],[-96.874950938484801,32.761954626819211],[-96.874679263262479,32.761864400654474],[-96.874399109563441,32.76179511390572],[-96.874112734257011,32.76174732365817],[-96.873822441100799,32.761721415362871],[-96.873676555808615,32.761716739066223],[-96.873483926025457,32.761714219053523],[-96.873337939327868,32.761715077035525],[-96.873046836067346,32.76173337941276],[-96.872758847042945,32.76177365573713],[-96.87247628902702,32.7618355810041],[-96.87223675192574,32.761907983751698],[-96.872002667860727,32.761785613197489],[-96.871741662456984,32.761675168390305],[-96.871469991352313,32.761584935211388],[-96.87118984104049,32.761515641230005],[-96.870903468363693,32.761467843589642],[-96.870613177058374,32.761441927800917],[-96.870564573642909,32.76143975301256],[-96.869854468738552,32.761412475004427],[-96.86970823645764,32.761409638435417],[-96.869626508365471,32.761409605695249],[-96.868709316764949,32.761408881668778],[-96.868302605661668,32.761408571711982],[-96.86532949443729,32.761406264874601],[-96.860650293426943,32.761402487865617],[-96.860616198081104,32.76140261099431],[-96.856778529711818,32.761433365832957],[-96.856714221281166,32.761434417086647],[-96.856423115517117,32.761452680542718],[-96.856135119864192,32.761492918362464],[-96.855852551148104,32.761554805851212],[-96.855577685648427,32.761637845530174],[-96.85531273561125,32.761741367726387],[-96.855059835182217,32.761864541206947],[-96.854821018017887,32.762006371978451],[-96.854598209519054,32.762165719415194],[-96.854393202204832,32.7623413004399],[-96.854207645892131,32.762531701114881],[-96.854043036789378,32.76273538912114],[-96.853900698084928,32.762950724320618],[-96.85378177755851,32.763175972250565],[-96.853758100764992,32.763234408359288],[-96.853635724122299,32.763152642764169],[-96.853452352966841,32.763038702090974],[-96.85320414008649,32.762908895131076],[-96.852943154774394,32.762798410872037],[-96.852671499346201,32.762708136626742],[-96.852418460525186,32.76264450966201],[-96.850767349812571,32.762290256246203],[-96.850740249670977,32.762284546519162],[-96.850453885530797,32.762236701781468],[-96.850163597687185,32.762210738249237],[-96.849871725111242,32.76220686462203],[-96.849580615406722,32.762225112056448],[-96.849292614146393,32.762265334024441],[-96.849010038201286,32.762327205958762],[-96.848735163909069,32.762410230506084],[-96.848470203586686,32.762513738115089],[-96.848217291462433,32.762636897670525],[-96.847978461287141,32.762778715290786],[-96.847755638566269,32.762938050456313],[-96.8475506159334,32.763113620188548],[-96.847365043328793,32.763304010640631],[-96.847200417091969,32.763507689575938],[-96.847058060549244,32.763723016929497],[-96.846939121624004,32.763948258301681],[-96.84684455757241,32.764181601888936],[-96.846775130540507,32.764421167441299],[-96.84673139754949,32.764665027773134],[-96.846713713521709,32.764911217821265],[-96.846722219129532,32.765157756128538],[-96.846756848005612,32.765402658468325],[-96.846762411618798,32.765430232181281],[-96.84695126138665,32.766338176124748],[-96.847006169795506,32.766551895116784],[-96.847091999728462,32.766787637121062],[-96.847202496042826,32.767015928751803],[-96.847336769696753,32.767234933527504],[-96.847482840685501,32.767428450484999],[-96.847391087430481,32.767428684841043],[-96.847113210141302,32.767426519755233],[-96.846999945852019,32.767427643058085],[-96.846708818433996,32.767445883761688],[-96.846420798932115,32.767486099062275],[-96.846138204364024,32.767547964446159],[-96.845863311217443,32.767630982612758],[-96.845598331961043,32.767734484062231],[-96.845345400975532,32.767857637728852],[-96.845106552163557,32.767999449778337],[-96.844883711180671,32.768158779736098],[-96.84467867080744,32.768334344665426],[-96.844493081126899,32.768524730758102],[-96.844328438616174,32.768728405812709],[-96.844266139867869,32.768822627514943],[-96.844118761963301,32.768776159793759],[-96.843969510856738,32.768736114780879],[-96.843818666306575,32.768702567537254],[-96.843666511058004,32.768675580944311],[-96.843513330312973,32.768655205586107],[-96.843359411195678,32.768641479654505],[-96.84334078427834,32.768640139230783],[-96.843235395959411,32.768632554049589],[-96.843156435988504,32.768627687617446],[-96.842969846323683,32.768622647654496],[-96.842615023051891,32.768621668498739],[-96.842508411882406,32.768621374710797],[-96.842415484741011,32.76862111715311],[-96.84223065091895,32.768620607318191],[-96.842137447289616,32.768620349473935],[-96.842074141536102,32.768619319537954],[-96.84191686994393,32.768619974067263],[-96.841625737570752,32.768638202867955],[-96.841337711896941,32.768678406390691],[-96.841055109989952,32.768740260216568],[-96.840780208396524,32.768823267138117],[-96.840515219653398,32.768926757745966],[-96.840262278217509,32.76904990106167],[-96.840023418075688,32.769191703334315],[-96.839800564974723,32.769351024168031],[-96.839686437965582,32.769448734718452],[-96.839539193822233,32.769452254435038],[-96.839392232319568,32.769462029039417],[-96.839245819043086,32.769478040867149],[-96.839100218587561,32.769500260982021],[-96.839045719980135,32.769505762567903],[-96.83892946875892,32.769513605113488],[-96.838813734521665,32.76952707501637],[-96.838698789509564,32.769546140591352],[-96.838584904107307,32.769570756990561],[-96.838359820695885,32.769584844236874],[-96.838071790470877,32.76962504019162],[-96.837789183273912,32.76968688659052],[-96.837514275694261,32.769769886285751],[-96.837249280316911,32.769873369926238],[-96.837212734664703,32.769891160548319],[-96.837212222759135,32.769850564270229],[-96.837207828791335,32.769501796976321],[-96.837377944635449,32.769498636003121],[-96.837373198372546,32.769121970098432],[-96.837044014242764,32.769279481701936],[-96.836946567664029,32.76932621226554],[-96.836879122377269,32.769360169609833],[-96.836812388687036,32.769395116832037],[-96.836784946173296,32.769410054541559],[-96.836785554537087,32.768122907678787],[-96.836776668812902,32.767918787257429],[-96.836742066492889,32.767673882184503],[-96.836681621494563,32.767432584519071],[-96.836595818588322,32.767196835341096],[-96.83648534933026,32.766968534288907],[-96.836351102854991,32.76674951779183],[-96.836194161769882,32.766541549998777],[-96.836015787529149,32.766346305448842],[-96.835817418549823,32.766165355520627],[-96.835600651201503,32.76600015735837],[-96.835367229370476,32.765852041108644],[-96.835119035075095,32.765722198073611],[-96.834858064006383,32.765611675877388],[-96.834586418365731,32.765521362138429],[-96.834306284441482,32.765451985074307],[-96.834019918944321,32.765404102497868],[-96.833870406044113,32.765390710312275],[-96.833701804540979,32.765362518524881],[-96.833411511378387,32.765336515887107],[-96.833119629258761,32.765332602935572],[-96.832828505862437,32.765350811143115],[-96.832802040957901,32.765353572422384],[-96.828069420723537,32.765863912271257],[-96.828038434108251,32.765867381079332],[-96.827337942895667,32.765948688503364],[-96.827144201307178,32.765976235132044],[-96.827069788317246,32.765988778143431],[-96.827032958447091,32.765995173304077],[-96.826750136279699,32.766057051212577],[-96.826677390252939,32.766075954279742],[-96.826402920077115,32.766158816252783],[-96.826367321062449,32.766171317610791],[-96.826297426237716,32.76619627380316],[-96.826068027566834,32.76628723230381],[-96.826000545407823,32.766317607134852],[-96.8259339987316,32.76634841392287],[-96.82574852680132,32.766441152942249],[-96.825653088207773,32.766494571508311],[-96.825631950244698,32.766506860634685],[-96.825494524426745,32.766509899089613],[-96.825357297520583,32.766517890577319],[-96.825220447982829,32.766530824705278],[-96.825084153779329,32.766548684653316],[-96.824948592153774,32.766571447195481],[-96.824452570606482,32.766664140747764],[-96.824423951414957,32.766669921544349],[-96.824154422582481,32.766719732668811],[-96.824103412626854,32.766729621116767],[-96.823394648667616,32.766872093674273],[-96.823358467704722,32.766879365965053],[-96.823170821393902,32.766917085740914],[-96.823067980268007,32.766937757177509],[-96.822906701210613,32.766970174386131],[-96.822800156793292,32.766960621600447],[-96.822508269802142,32.76695668373948],[-96.822217138903596,32.766974867099549],[-96.82192910984115,32.767015025668933],[-96.821815661675714,32.76703709611423],[-96.821311503452264,32.767144143355097],[-96.821198766282976,32.767168565152559],[-96.821029144272714,32.76720680559206],[-96.820989527652841,32.767218255440838],[-96.820808612101359,32.767270209335628],[-96.820752970824756,32.767286852456387],[-96.820572246132016,32.767339198222167],[-96.820307238262359,32.767442645774189],[-96.820054273023914,32.767565747993842],[-96.819815384595685,32.767707511460571],[-96.819775319521966,32.767736143844594],[-96.819704841157275,32.767767171098257],[-96.81910014494963,32.768025326434625],[-96.817194020571392,32.768414916005391],[-96.815668657379788,32.768726660430715],[-96.815520639071366,32.768756909974186],[-96.814964494694621,32.768817481466975],[-96.814934375147701,32.76882107873729],[-96.814744603109546,32.768847038304244],[-96.814676721282353,32.768857333693852],[-96.813813718089264,32.768995010482556],[-96.813745751181855,32.769006512799898],[-96.813463129011353,32.769068303912334],[-96.813188200606817,32.769151249827949],[-96.812923178721149,32.769254681628283],[-96.812670198077342,32.769377768808674],[-96.812431292978587,32.769519518069501],[-96.812208389533097,32.769678789442416],[-96.812003281024303,32.769854300461958],[-96.811817618083651,32.770044637753799],[-96.811652897777975,32.770248269509935],[-96.811510444190688,32.770463556044625],[-96.811391406026942,32.770688763287509],[-96.811296741340925,32.770922079709543],[-96.811227213089751,32.77116162527976],[-96.81118337910867,32.771405472972795],[-96.811165595133886,32.77165165782813],[-96.811174002642232,32.771898198429902],[-96.811208536055886,32.772143110533612],[-96.811268915005527,32.772384420490177],[-96.811312222214355,32.772512863652082],[-96.811492942336102,32.773003303890683],[-96.811552904026883,32.773158206670864],[-96.811530266448912,32.773622381762493],[-96.811458221091897,32.773861833724894],[-96.811414386411855,32.774105681449768],[-96.811396602536846,32.774351866287979],[-96.81140501094265,32.774598406823841],[-96.811439546044525,32.774843318813339],[-96.811499927459266,32.775084628608447],[-96.811585671326071,32.77532039495788],[-96.811696086924727,32.775548717982566],[-96.811830285862655,32.775767760948284],[-96.811987186166704,32.77597575934368],[-96.81216552689483,32.77617103821818],[-96.812363870009932,32.776352025739676],[-96.812580619384022,32.776517264279526],[-96.812696950712763,32.776591106458156],[-96.812766244898967,32.776824732986853],[-96.812774053251928,32.776853950537237],[-96.812859802212927,32.777089715976281],[-96.812970223290833,32.777318037838661],[-96.813104428048973,32.777537079399693],[-96.813261334467285,32.777745076159249],[-96.813439681554499,32.777940353179886],[-96.813638031222311,32.778121338644496],[-96.813854787290012,32.778286574940992],[-96.814088205917741,32.778434731434224],[-96.814336404991167,32.778564616322122],[-96.814597388587799,32.778675181480729],[-96.814869054144282,32.778765538798986],[-96.815149214893921,32.778834959584231],[-96.815435613543329,32.778882885572685],[-96.815725945745498,32.778908930151786],[-96.816017871746027,32.77891288393046],[-96.816309043076629,32.7788947151017],[-96.816506379961098,32.77886826092891],[-96.816597229976153,32.778855113226946],[-96.816755930806281,32.778831272512036],[-96.816846402243385,32.778816239883426],[-96.816980666692729,32.778789734820101],[-96.818130220741978,32.77854097910263],[-96.819789827629606,32.778183114215636],[-96.819922228514699,32.778155746534416],[-96.819957243680619,32.778148334064561],[-96.82132462337367,32.777852061444875],[-96.821392354696499,32.777965728569313],[-96.82146558056553,32.778075936188714],[-96.821544124654721,32.778182418925908],[-96.821627797831908,32.778284920373167],[-96.821716398614171,32.778383193709587],[-96.821809713653082,32.778477002295453],[-96.822258124726503,32.778910115609285],[-96.822608504034434,32.779412414039726],[-96.822614988390086,32.77960183435863],[-96.822649556375055,32.779846743139395],[-96.822709971675167,32.780088047397115],[-96.822795750157113,32.780323805924837],[-96.822906200821606,32.780552118906549],[-96.823040434994113,32.780771149688846],[-96.823060393658423,32.780798412662421],[-96.823191734340554,32.780981946735267],[-96.823803307362468,32.781860704354735],[-96.823941101662214,32.782040986534057],[-96.82411948088253,32.782236248171976],[-96.824317861931803,32.782417216540935],[-96.824534648376627,32.782582434166194],[-96.824768096132573,32.78273057056294],[-96.825016322850729,32.782860434091205],[-96.825277332385838,32.782970976798701],[-96.825549021965841,32.783061310755365],[-96.82582920463048,32.783130707456429],[-96.825880909777496,32.783139354950094],[-96.825906938838585,32.783152971823853],[-96.826167950343503,32.783263512659552],[-96.826439641725713,32.783353844668454],[-96.826719826010418,32.783423239361426],[-96.827006245714784,32.78347113868503],[-96.827296596322071,32.783497156241211],[-96.827476787050585,32.783502195478235],[-96.827600240552755,32.783502757285014],[-96.827711991431116,32.783501644552565],[-96.828003175421856,32.78348344834977],[-96.828291255186485,32.78344327576059],[-96.828573912810157,32.783381451013668],[-96.828848870916929,32.783298471170951],[-96.829113916178343,32.78319500553954],[-96.82936691340052,32.783071885035746],[-96.829605827929257,32.782930103384999],[-96.829828733432123,32.782770800988665],[-96.829867520167141,32.782737604271652],[-96.829921465952665,32.782725804621769],[-96.830196420767919,32.782642821795427],[-96.830461462499983,32.782539353286808],[-96.830714455983383,32.782416230035288],[-96.830953366594017,32.782274445788545],[-96.831137321321222,32.782142975784794],[-96.831267678974342,32.782105503412993],[-96.83139620682492,32.78206216880784],[-96.831522641394358,32.782013060804111],[-96.831646723495211,32.781958280071876],[-96.83176819876256,32.781897938910149],[-96.831789875071209,32.781897940187221],[-96.831874368362833,32.781897985033702],[-96.831970761253572,32.781896829336439],[-96.832261939105081,32.781878623159955],[-96.83255001173201,32.781838440700618],[-96.832832661276925,32.781776606266597],[-96.833107610428954,32.781693616997806],[-96.833372645931789,32.781590142277182],[-96.833625632670064,32.781467013094307],[-96.83386453607406,32.781325223244465],[-96.834032260070344,32.781205344999833],[-96.83425821145245,32.781225579807327],[-96.834506236751622,32.781230316211712],[-96.834673056766107,32.781228128262292],[-96.834740214593182,32.781227254446655],[-96.83490405543931,32.781225253577098],[-96.835096310251501,32.781213103705113],[-96.835288726568209,32.781203857448112],[-96.835629857780361,32.781199796858559],[-96.835917752205091,32.781181663582807],[-96.83620582091406,32.781141472653019],[-96.836488465691701,32.781079629906742],[-96.83676340926543,32.780996632550881],[-96.837028438423957,32.780893150033634],[-96.83728141810289,32.780770013407206],[-96.837520313789454,32.780628216526807],[-96.837743199302892,32.780468899916563],[-96.837778097585016,32.780441187530435],[-96.837878634655965,32.78036016567669],[-96.838048818180411,32.780212324593592],[-96.838234446127331,32.780021948288571],[-96.838399123575755,32.77981828147793],[-96.838541526945789,32.779602964299265],[-96.838660508164807,32.779377731225644],[-96.838755109926993,32.779144394129709],[-96.838824570126292,32.778904833321199],[-96.83886833186088,32.77866097603188],[-96.838886040392012,32.778414787354485],[-96.83888637804823,32.778389220446677],[-96.838881982947854,32.778339919255565],[-96.838890052473531,32.778251615714254],[-96.838893343900438,32.778211526662169],[-96.838900305384811,32.778186750840263],[-96.838906616768469,32.778094381376441],[-96.838912750934895,32.778015357154167],[-96.838914021613533,32.777985118103445],[-96.838915751555959,32.777940610397479],[-96.838916030892378,32.777908690441642],[-96.838919908879248,32.777845477515406],[-96.838931838325408,32.777378249548661],[-96.838932187772286,32.777362432621985],[-96.83893247682235,32.777342370422318],[-96.838933794443307,32.777211575308186],[-96.838942242655463,32.776780769313334],[-96.838941710133582,32.776765185928156],[-96.83900652665794,32.776688793757558],[-96.839066370756839,32.776608446826152],[-96.83912100175786,32.776524468261719],[-96.839170199953898,32.776437195797186],[-96.839688686241729,32.776342788567696],[-96.840732934442556,32.776177556326942],[-96.841622293427434,32.776078989098032],[-96.841709514950907,32.776073393312736],[-96.841905393498465,32.776085924853142],[-96.84215941712749,32.776090562017785],[-96.843601347195488,32.776069295610398],[-96.843652278420308,32.77607185367679],[-96.843653409461893,32.776351195208747],[-96.843662293111706,32.776544993118833],[-96.843696917987074,32.776789896101903],[-96.843757388432209,32.77703119018657],[-96.843843219870067,32.777266934247528],[-96.843953720874723,32.777495228585224],[-96.844088002366504,32.777714236696234],[-96.844244981707121,32.777922194350239],[-96.844423397318025,32.778117426924076],[-96.844621810559232,32.778298362959056],[-96.84470439295724,32.778361279402105],[-96.844710054884189,32.778526568611618],[-96.844744683424054,32.778771471265614],[-96.844805158068198,32.779012764803952],[-96.844890994205812,32.779248508105724],[-96.845001500373158,32.779476801477415],[-96.845135787448967,32.77969580842354],[-96.845292772750014,32.779903764723002],[-96.845471194649747,32.780098995763645],[-96.845669614457549,32.780279930099077],[-96.845766506807095,32.780353126008926],[-96.845886799464381,32.780444769031654],[-96.845983693240484,32.780517964785609],[-96.846217171364458,32.780666060940135],[-96.846465423690063,32.780795881674599],[-96.846726453865145,32.780906379381015],[-96.846998158952019,32.78099666649171],[-96.847278351865157,32.781066014879073],[-96.847564775052405,32.781113866862867],[-96.847855123968912,32.781139836425744],[-96.847920559304356,32.78114263230615],[-96.848029419798351,32.781142197125938],[-96.848082422641937,32.781145014456008],[-96.848143534570539,32.781145822665763],[-96.848165526153508,32.78114636823787],[-96.848181339667562,32.781146823622208],[-96.848374277675035,32.781149849964997],[-96.848526963732695,32.781157253320899],[-96.848630468759694,32.781160201763875],[-96.848798308980705,32.781165340168869],[-96.84894700986527,32.781170941258324],[-96.849109598007871,32.781177064760683],[-96.84912893498111,32.781177744481305],[-96.849291543682838,32.781183050874574],[-96.849616736577204,32.781193663599048],[-96.849747937106869,32.781197946447961],[-96.849860597073956,32.781198396170836],[-96.849902960626281,32.781202184514662],[-96.849982293201791,32.781205429788002],[-96.850091631201849,32.781208772790841],[-96.850221716383899,32.781212749920904],[-96.850269753217304,32.781213918456501],[-96.850618689303289,32.781220230205925],[-96.850859987364927,32.781225714208503],[-96.851150459912446,32.781251702051335],[-96.851296385622035,32.781254744454429],[-96.851442369466966,32.781256956784404],[-96.851458853377807,32.781256557497329],[-96.851605070077184,32.781257730098446],[-96.851746982591038,32.781246850782338],[-96.852002521478255,32.781251761905111],[-96.852615253578108,32.781272561872285],[-96.85284089551628,32.781273606395011],[-96.852880757033475,32.781269374040015],[-96.853027522962464,32.781272364209094],[-96.855012661294921,32.781298108506178],[-96.85571468365039,32.781304378157643],[-96.855839439203791,32.781304164938817],[-96.855964100776234,32.781299318711199],[-96.856088496372465,32.781289846161108],[-96.856212454364183,32.781275760357801],[-96.856335803726864,32.781257080735429],[-96.856532681783747,32.781276247638132],[-96.856667636800339,32.781296514990437],[-96.856803365364428,32.781310705795974],[-96.856939594010669,32.781318791463178],[-96.857076048266151,32.781320755701067],[-96.857159983401431,32.781322177248683],[-96.857243929706698,32.781321795723279],[-96.857325930563263,32.781323953171189],[-96.85740667364,32.781324440724333],[-96.857477851308559,32.781323776391019],[-96.857555528122532,32.781326276124346],[-96.857978485769635,32.781331861885626],[-96.85799888308226,32.781332077109553],[-96.858271395028638,32.781334232135073],[-96.858757425505772,32.781339735194408],[-96.859331529317927,32.781344597269417],[-96.859412610448899,32.781345280089766],[-96.859492414909852,32.781345947818515],[-96.859576351900088,32.781346641150414],[-96.859696580576141,32.781347995901363],[-96.859816743389345,32.781343792542998],[-96.85993658352848,32.781334040058717],[-96.860055844871965,32.781318759291473],[-96.860339708989414,32.781321226352624],[-96.860477884559486,32.781340260885244],[-96.860616700993532,32.781353854973581],[-96.860755944166414,32.781361987648687],[-96.860895399294748,32.781364646365859],[-96.861055497025546,32.781364894983732],[-96.86119323806254,32.781365111221206],[-96.861215117435691,32.781365147026193],[-96.861377962298491,32.781365396257442],[-96.861420211475163,32.781365460533785],[-96.864107069300857,32.78136961717945],[-96.865023567850898,32.781370972127988],[-96.865077915303246,32.781375825602971],[-96.865256975744941,32.781379280038841],[-96.865369845943533,32.781380491419078],[-96.86541977033616,32.781379878673718],[-96.865585872215689,32.781382295548745],[-96.865602540554065,32.781382371222826],[-96.866078624701345,32.781384510399974],[-96.866244534278295,32.781385252605638],[-96.866405294888949,32.781385969338729],[-96.866471457802476,32.781385696665737],[-96.866584981185596,32.781384253048131],[-96.86670283874146,32.781385801110211],[-96.866784194630455,32.78138687055862],[-96.866860557125221,32.781387873472319],[-96.867023239074641,32.781390009012043],[-96.867090089764261,32.781390306037551],[-96.867172421985103,32.781389957603615],[-96.867340293430388,32.781404945620423],[-96.867511615945446,32.781409878988939],[-96.868475640232546,32.781416171549417],[-96.868639032690041,32.781417237401193],[-96.868803400910835,32.781418308622555],[-96.868839587735152,32.781418374732745],[-96.868939407469341,32.781418087661862],[-96.86905306611861,32.781419796685363],[-96.869085872713214,32.781420150297286],[-96.86928375147393,32.781421440313544],[-96.869463062271407,32.781422608306237],[-96.869525243750374,32.781422511792492],[-96.869844123038675,32.781419440124168],[-96.869959895446129,32.781418315131731],[-96.870119303724962,32.781413733445298],[-96.870278353192788,32.781402103398221],[-96.870436732353852,32.781383447767766],[-96.870594131025214,32.781357803090657],[-96.870750240944176,32.781325219591572],[-96.870899038780209,32.781348509398029],[-96.871048679477454,32.781365564392033],[-96.871198901905657,32.781376354811798],[-96.871349443919399,32.781380861827515],[-96.871500042815583,32.781379077574236],[-96.872150855715006,32.781359581598281],[-96.872317181995186,32.781354594856204],[-96.872993224186885,32.781346954876803],[-96.873256065713804,32.781350753474705],[-96.873401719539217,32.781376569166554],[-96.873548285750644,32.781396564977946],[-96.873695531897965,32.781410709196052],[-96.873843224452685,32.781418979388526],[-96.87399112917835,32.781421362439048],[-96.874627595610463,32.781419620460611],[-96.875016920477876,32.781416995409778],[-96.875156715575557,32.781417502617415],[-96.877182064498086,32.781441517061829],[-96.877514194919399,32.781445706698761],[-96.877845078600643,32.781449880086583],[-96.87853054954671,32.781458522479788],[-96.878785969877541,32.781461741811633],[-96.878917180578298,32.781480662911946],[-96.879049011648661,32.781494620881638],[-96.879181275422809,32.781503595851092],[-96.879313783618983,32.781507575044138],[-96.879386726318998,32.78150852569253],[-96.879389246212256,32.781832391385365],[-96.879375364552388,32.783824766152918],[-96.879375374877057,32.783858575684185],[-96.8793796768161,32.784425053221682],[-96.879381882095103,32.785107383964231],[-96.879389993540372,32.785285109392071],[-96.879418898493327,32.788975155796301],[-96.879424287117004,32.789663163866585],[-96.879433202366229,32.789849114383841],[-96.879467931156,32.790094007136467],[-96.87952850793485,32.79033528355987],[-96.879614447270512,32.79057100267039],[-96.879725056867684,32.790799264969316],[-96.879859446772969,32.791018234211137],[-96.88001653347456,32.791226146478891],[-96.880195054529651,32.791421327514179],[-96.880247296982461,32.791471791213901],[-96.880479856131018,32.791772869234208],[-96.880570001910513,32.79188343277562],[-96.880665496642294,32.791989410671675],[-96.880766107393981,32.792090544419239],[-96.880871588754061,32.79218658733113],[-96.881262397271897,32.792521632075861],[-96.881415889603915,32.792657818326013]],[[-96.898775443646528,32.766637229374261],[-96.897857752747981,32.766719091447143],[-96.89789245914821,32.76661452022563],[-96.897921911729654,32.766508349513892],[-96.897946037317467,32.766400843092697],[-96.897964775971701,32.766292268061392],[-96.897978081136245,32.766182894174278],[-96.898127264421817,32.765998136170516],[-96.898269500704842,32.765782750407439],[-96.898388311815722,32.765557459990276],[-96.898482741817219,32.765324077253084],[-96.898552029987385,32.765084482873291],[-96.898553942786208,32.76507378188623],[-96.898698824295053,32.765101996713597],[-96.898844751258309,32.76512417890202],[-96.898991472597643,32.76514029028538],[-96.899138735867922,32.765150303142825],[-96.899286287691609,32.765154200246492],[-96.899288810734078,32.76523851077399],[-96.899292595001882,32.765347532990518],[-96.899297838282536,32.765466467746002],[-96.899309720356115,32.765584923579041],[-96.899328204080746,32.765702530211414],[-96.899353231678589,32.765818920019392],[-96.899384724916501,32.765933729182876],[-96.899389380464044,32.76597136307285],[-96.89939505686911,32.766086002324748],[-96.899407000177732,32.766200158958497],[-96.899425174574588,32.766313490644045],[-96.899449525558765,32.766425657525161],[-96.899479980107159,32.766536323238611],[-96.899516446893401,32.766645155922816],[-96.899368617502105,32.766631573221176],[-96.89922035966066,32.766623981702224],[-96.899071916077901,32.766622393793845],[-96.898923529766805,32.766626812095545],[-96.898775443646528,32.766637229374261]]],[[[-96.741288300958658,32.783653497480877],[-96.741271838299468,32.783746038627832],[-96.741260740617463,32.78383937524702],[-96.741255044862413,32.783933196574026],[-96.741254769998335,32.784027190230603],[-96.741254065397555,32.784811422213032],[-96.741253879266196,32.785007956734958],[-96.741253467137938,32.785456529666305],[-96.741262137157548,32.785659195445056],[-96.741296482969133,32.785904126649591],[-96.74135668115575,32.786145470242488],[-96.741442249330859,32.786381284701719],[-96.741552498190259,32.786609669760566],[-96.741686540682849,32.786828788185737],[-96.74184329609578,32.787036874857542],[-96.742021504654303,32.787232254115914],[-96.742191571766043,32.787389549086086],[-96.742220260200256,32.78741410131461],[-96.742441909458009,32.78760377767918],[-96.742616438508961,32.787753128588975],[-96.742780683070251,32.787893647345591],[-96.742914836902344,32.788008448545952],[-96.743027328725191,32.788104710852146],[-96.743140723958192,32.788201737130443],[-96.743251851495685,32.788296820057852],[-96.743369751645545,32.788397704214667],[-96.743480912958844,32.788492831601125],[-96.743595110114171,32.788590554248522],[-96.743709759314314,32.788688648456095],[-96.74381372050739,32.788778471463765],[-96.743930563526362,32.788879150731191],[-96.744041940616412,32.788975089681685],[-96.744155031017428,32.789072522878925],[-96.744272529299622,32.789173745011283],[-96.744384975841768,32.789270608796699],[-96.74446867332577,32.789342695356126],[-96.744498018215012,32.789367970639873],[-96.744611351111317,32.789465610666277],[-96.744720292580283,32.789559462693823],[-96.744816640932726,32.789639167654137],[-96.744916172574847,32.789714860044313],[-96.745018720511439,32.789786412866881],[-96.745124112686483,32.789853706069763],[-96.745232172271912,32.789916626747726],[-96.745342717964192,32.789975069331796],[-96.747682708576804,32.791905761792684],[-96.747699977720856,32.791919916611398],[-96.748408139845864,32.79250098176739],[-96.748604287778235,32.792649347669219],[-96.748837635195088,32.792797626440468],[-96.749085778883654,32.79292764138593],[-96.749346723369655,32.793038343335816],[-96.749618366403027,32.793128843076971],[-96.749898521399473,32.79319841077038],[-96.750184931111292,32.793246486968613],[-96.750475291103214,32.793272683850503],[-96.750767261396518,32.793276790797627],[-96.751058493166639,32.793258774770734],[-96.751346639427027,32.793218780459881],[-96.751629381726815,32.793157130659303],[-96.751904442008637,32.793074321021408],[-96.752169606120219,32.792971019483112],[-96.752422737912283,32.792848055638871],[-96.752661801645061,32.792706421954179],[-96.752884869785305,32.792547257637366],[-96.753055816102929,32.792403444139197],[-96.753407654668322,32.792084641774828],[-96.754637885148711,32.79096990347265],[-96.754712605099144,32.79090750081204],[-96.754780850046117,32.7908487728306],[-96.754955500107997,32.790693909526524],[-96.755013986131871,32.790640658141655],[-96.755199813983367,32.790450405997056],[-96.755364701316779,32.790246849373183],[-96.755507322862059,32.790031627522048],[-96.755626528788767,32.789806474148136],[-96.755721359983283,32.789573200482806],[-96.755791052490565,32.789333686324774],[-96.755835047540003,32.78908985853186],[-96.755852988512459,32.788843681957623],[-96.755844733100062,32.788597137974314],[-96.75581034609047,32.788352210842476],[-96.755750107096972,32.788110874290467],[-96.755664499232566,32.78787506971009],[-96.755554212481798,32.787646697186226],[-96.75542013451178,32.787427593723535],[-96.755263346572889,32.787219524172244],[-96.755085108886149,32.787024163889406],[-96.754917595463482,32.786869092754884],[-96.754720643849438,32.786700203644678],[-96.754686897193253,32.786671375814528],[-96.754528331084828,32.786535941321098],[-96.754509145920906,32.786519691506591],[-96.754452674026822,32.786472256044817],[-96.754362594111768,32.78639357287809],[-96.754345317674563,32.786378596308509],[-96.754232583530722,32.786281611298811],[-96.754131260608929,32.786192557483055],[-96.75411046780215,32.786174449591265],[-96.753990484284316,32.786070943485477],[-96.753867287584242,32.785965784888575],[-96.753758124858223,32.785873095901565],[-96.75365518589679,32.785784116398162],[-96.753424632396943,32.785584753016757],[-96.753195068404665,32.785386812818558],[-96.753181839094466,32.78537547181962],[-96.753161289117585,32.785357957040972],[-96.752934695011575,32.78516276297249],[-96.752875734081599,32.785110810067451],[-96.75283355991516,32.785074332129383],[-96.752723689293177,32.784981046893655],[-96.75261252509118,32.784885577826941],[-96.752501145115374,32.784790667531958],[-96.752391095020755,32.784695687432702],[-96.752376328766815,32.784683025052423],[-96.752259666758093,32.784583637039226],[-96.752159577086388,32.784498736974804],[-96.752072033445089,32.784422242458362],[-96.751972837376087,32.784334059116112],[-96.751930005472744,32.78429669763522],[-96.751809923907942,32.784193925746045],[-96.751730629694336,32.784130895636032],[-96.751714236960822,32.784115061641295],[-96.751646995375509,32.784050030859682],[-96.751549818792668,32.783937701810551],[-96.751351582785972,32.783756617428409],[-96.751309925993539,32.783722448875629],[-96.751192284130596,32.783627664866039],[-96.751074968428767,32.783533138772846],[-96.750961104547585,32.783441394890289],[-96.750913145794115,32.783402757748661],[-96.750793931309843,32.783244529627382],[-96.750780771955959,32.78323010471712],[-96.755652645570493,32.784062261246127],[-96.755776831646315,32.784084685513399],[-96.755939579829558,32.784111195110228],[-96.756109539031641,32.784144632382905],[-96.756187245296729,32.784156813208767],[-96.756207316575058,32.784198376347994],[-96.756341391609695,32.784417479018231],[-96.756498177125579,32.784625547256837],[-96.756676413105438,32.784820905551747],[-96.75687466235523,32.785001981430653],[-96.757091329503339,32.785167316553796],[-96.757324671426304,32.785315579490991],[-96.757572806626513,32.785445577581882],[-96.757833739697631,32.785556261792209],[-96.758105368481907,32.785646743051842],[-96.758174251277993,32.785665998281196],[-96.758331473627379,32.785708312211383],[-96.7584887058931,32.785750617961973],[-96.758642113478899,32.78579189676455],[-96.758797192755509,32.785833638927599],[-96.758949046629013,32.785874503249907],[-96.759107889599846,32.785917246552529],[-96.759195173536,32.785940741764271],[-96.759210195142373,32.785952203707666],[-96.759443542669302,32.786100462660031],[-96.759691683168199,32.786230456515327],[-96.759952621190038,32.786341136273101],[-96.760224254537192,32.78643161289925],[-96.760504396703112,32.786501156740599],[-96.760790790543652,32.786549208542034],[-96.761081131751041,32.786575380678599],[-96.761373080498046,32.786579462731325],[-96.761506133709929,32.786572302597335],[-96.761664421687996,32.786563052625588],[-96.762241600769443,32.78653081639186],[-96.762356083730694,32.786635790665656],[-96.762379195212645,32.786655922831166],[-96.762499803149296,32.786752229256621],[-96.762613711358142,32.786855230835279],[-96.762726833807676,32.786951259280876],[-96.762839700795013,32.787047095546143],[-96.762956123360226,32.787145948740132],[-96.763074970245327,32.787246863234522],[-96.76309460331251,32.787263392147025],[-96.763137064376053,32.787295788368624],[-96.763205711029855,32.787358047212678],[-96.763242241442128,32.787389369341028],[-96.763353575794426,32.78749117347558],[-96.763463569584403,32.787589360962698],[-96.763575164981958,32.787688982241932],[-96.763681340198147,32.787779461064112],[-96.763791491399701,32.78786505491081],[-96.763905394026068,32.787945589285485],[-96.764022815868799,32.788020900006146],[-96.76414351754498,32.788090833540032],[-96.764267252985263,32.788155247316631],[-96.76424958090216,32.788253240441904],[-96.764231663343182,32.788499418238281],[-96.76423994204859,32.788745961666052],[-96.764274352477699,32.788990886458706],[-96.764334615251883,32.789232218864107],[-96.764420247465125,32.789468017450119],[-96.764530559296972,32.789696382077686],[-96.76466466318989,32.789915475678022],[-96.764821477936223,32.790123533331581],[-96.764999743283454,32.790318879611462],[-96.765166424340819,32.790472086127544],[-96.76519790675772,32.790500037044453],[-96.765553924165218,32.790805863319726],[-96.765586202845299,32.790833187570811],[-96.765802900462859,32.790998507439198],[-96.766036272274931,32.791146753961556],[-96.766284436543273,32.791276734609937],[-96.766545397627382,32.791387400490343],[-96.766817053143939,32.79147786268026],[-96.767097216407862,32.791547391642858],[-96.767383630105044,32.791595428242822],[-96.767673989767857,32.791621584977548],[-96.767965955420479,32.791625651552224],[-96.768257178275448,32.791607595252295],[-96.768545311418166,32.791567561092464],[-96.768828036503479,32.791505872187486],[-96.76910307561252,32.791423024504923],[-96.769368214763759,32.791319686287935],[-96.769418055614324,32.791295465701666],[-96.769422251819577,32.791299369043266],[-96.769876360753855,32.791692651752918],[-96.769918744757803,32.791728685623362],[-96.770135452634065,32.791893997931055],[-96.770368834039488,32.792042236313044],[-96.770617007158606,32.7921722083072],[-96.770877976279522,32.792282865088879],[-96.771149638954299,32.792373317809172],[-96.771429808440175,32.792442837007179],[-96.771716227372963,32.792490863626455],[-96.772006591242786,32.792517010244651],[-96.772298560039999,32.79252106664844],[-96.772589784951833,32.792503000205144],[-96.772877919047076,32.792462956011114],[-96.773160643972972,32.792401257262078],[-96.77343568181189,32.792318400004604],[-96.773700818592587,32.79221505255915],[-96.773953918385388,32.79209204488982],[-96.774192945708791,32.791950369814664],[-96.77441597332249,32.791791166875683],[-96.774482451932414,32.791737730576969],[-96.77463649105097,32.79161036798358],[-96.774799617279072,32.791475515328472],[-96.774946633496498,32.791353975234969],[-96.775116553781402,32.791213494543214],[-96.77527844904381,32.791079653310014],[-96.775436102948206,32.790949303069524],[-96.775462771422511,32.790925851894158],[-96.775519949481989,32.79088503582809],[-96.775590646325952,32.790828103822456],[-96.77574225166272,32.790702292649968],[-96.775903698932851,32.790568328964454],[-96.776061313446306,32.790437548084618],[-96.776214746258617,32.790310214866238],[-96.776374847221774,32.79017737647812],[-96.776540463450999,32.790039946812236],[-96.776704698471946,32.789903673012169],[-96.776839411412411,32.789785001571957],[-96.777025190673569,32.789594716808914],[-96.777190026346844,32.789391131240663],[-96.777332593578279,32.789175884351856],[-96.777451742974876,32.788950710048802],[-96.777546515878001,32.78871741973127],[-96.777616148802267,32.788477893332193],[-96.777660083456382,32.788234057807415],[-96.777677963708101,32.787987878073295],[-96.777669647738037,32.787741335527052],[-96.777635200821493,32.78749641441798],[-96.777574903054244,32.787255088425532],[-96.777489238022127,32.787019298856706],[-96.777401062845314,32.786836819354768],[-96.777568767407431,32.786853011322961],[-96.777576970435547,32.787096222392705],[-96.77761141703607,32.787341143525708],[-96.777633218199313,32.78744139512451],[-96.777645787819878,32.787493716346567],[-96.777684284624343,32.787634790716467],[-96.777769950768857,32.787870580139312],[-96.777880294969407,32.788098932953879],[-96.778014429407818,32.788318012186387],[-96.778171272630516,32.788526053033017],[-96.778349564155548,32.788721380202119],[-96.778547866341626,32.788902421472152],[-96.778764583390696,32.789067718781958],[-96.778997971777457,32.789215941005494],[-96.779246149630367,32.789345895810847],[-96.779507121199146,32.78945653451165],[-96.779778784016344,32.789546968404579],[-96.780058951337892,32.789616468180391],[-96.780345365817155,32.789664474939045],[-96.780635722980008,32.789690601418009],[-96.780656362007065,32.789691614621638],[-96.780784728123592,32.789697572427919],[-96.780851591168116,32.789702820614608],[-96.780918132235655,32.789710192877891],[-96.78098429699277,32.789719683055587],[-96.781050019433067,32.78973128121649],[-96.781090441321467,32.789737321880267],[-96.781121281843866,32.789744631706377],[-96.781225797623136,32.789771652367158],[-96.781269297770208,32.789794076748919],[-96.781463804720332,32.789952404216287],[-96.781684117092922,32.790120698927396],[-96.781917513125862,32.79026891565978],[-96.782165698199435,32.790398864628195],[-96.782426676505153,32.790509497193504],[-96.782698345521354,32.790599924701581],[-96.782978518454044,32.790669417894748],[-96.783264937911397,32.790717417925897],[-96.783555299379188,32.790743537586678],[-96.783847262867155,32.790747566880995],[-96.784138479605261,32.790729473394258],[-96.784426602728132,32.790689402440798],[-96.784709313971405,32.790627677431551],[-96.784984335527596,32.7905447946248],[-96.78524945355673,32.7904414225465],[-96.785502532279878,32.790318391359371],[-96.785741536385515,32.79017669407046],[-96.785964538820167,32.790017470400997],[-96.786033013418162,32.789962368930674],[-96.786247918024216,32.789784330679439],[-96.786263094216253,32.78977307353891],[-96.786326905954184,32.789725737334834],[-96.786389740838871,32.789677890673403],[-96.78659494582395,32.789502422178657],[-96.786780703573001,32.789312122840016],[-96.786945516338747,32.789108524338708],[-96.78708805945169,32.78889326626328],[-96.787207183713292,32.788668082610251],[-96.787301930666942,32.788434784854701],[-96.787371537036506,32.788195252989347],[-96.787415444744354,32.78795141401401],[-96.787433297875268,32.787705232872838],[-96.787424954828296,32.78745869097439],[-96.78741711041117,32.787402957137253],[-96.787422467854512,32.787399116527403],[-96.78741571692143,32.787393057272133],[-96.78739048109648,32.787213772562779],[-96.787330156991857,32.786972451295568],[-96.78724446631206,32.786736668441776],[-96.787134099708936,32.786508323911384],[-96.7869999454918,32.786289254483648],[-96.786843085525106,32.786081224734247],[-96.786664780609783,32.785885909700461],[-96.786476659751912,32.785713422360303],[-96.786066238058169,32.785372176011165],[-96.786010255254055,32.785322092117404],[-96.785905609325056,32.785236510192696],[-96.785519709488241,32.78490570342737],[-96.785344672132879,32.784713959823208],[-96.785146365440568,32.784532929330133],[-96.785009179723176,32.784428300926336],[-96.785000689952497,32.784403176835461],[-96.784981126437202,32.784406905300166],[-96.784929647579133,32.784367643081126],[-96.784696262036164,32.784219431931525],[-96.7844480905392,32.784089487948663],[-96.784187128593985,32.78397885956835],[-96.783915478330158,32.783888435264352],[-96.783635326072528,32.783818944144286],[-96.783488319968981,32.783791487720762],[-96.783454404994288,32.783785845177697],[-96.783315013722145,32.783765302358553],[-96.783246516876432,32.783762772051482],[-96.7830242223488,32.783742773684111],[-96.782996510256723,32.783740861374341],[-96.782959047934185,32.783738275073645],[-96.782776083423542,32.783736083228952],[-96.782754394213711,32.783662621550477],[-96.782633001709144,32.783685946738998],[-96.782648125469549,32.7837366747207],[-96.782501746255264,32.783745144395972],[-96.782467296315858,32.783747506072423],[-96.782352765115419,32.783755908276952],[-96.782238677065664,32.783769019715344],[-96.782125225715532,32.783786818144222],[-96.782012603533857,32.783809273368753],[-96.78197906355895,32.783816306872559],[-96.781857873976165,32.78384211059393],[-96.781737798832978,32.783872683572262],[-96.781619025739943,32.783907978039025],[-96.781525650377077,32.783936287365968],[-96.781201238301037,32.784032211617323],[-96.780884718486547,32.784114561797622],[-96.780823452456218,32.784117963829544],[-96.78065291781499,32.784131248337289],[-96.780438194045104,32.784158968541043],[-96.780223633898231,32.784192893239847],[-96.780150254076474,32.78420523514184],[-96.77986756012298,32.784266949819688],[-96.779592553244115,32.784349821353523],[-96.779327446824766,32.784453181423608],[-96.779074376267801,32.784576200103018],[-96.778835376600568,32.784717884642987],[-96.778612374692571,32.784877095596912],[-96.778407164619665,32.785052550985341],[-96.77822139783099,32.785242837881739],[-96.778056572229389,32.785446424884391],[-96.777914012745754,32.785661672667239],[-96.777794868938258,32.785886847472348],[-96.777794151283899,32.785888614344309],[-96.77774694018548,32.785844849852303],[-96.77768116669283,32.785858494332665],[-96.776772932074692,32.786041480350683],[-96.776751184597529,32.786021276002444],[-96.776298560101097,32.785630183611673],[-96.776258727118602,32.785596358210412],[-96.776208882257379,32.785558337112263],[-96.776123092048451,32.785478310676808],[-96.776079739451859,32.785440551792931],[-96.776974814000283,32.785268001616913],[-96.776250292616965,32.784582026624371],[-96.775796494691647,32.784663380048819],[-96.77528262635812,32.78475801037844],[-96.775166208471177,32.784669203843862],[-96.774932838442581,32.784520974376271],[-96.774684680400071,32.784391010914092],[-96.774423729740846,32.78428036204977],[-96.774152088503811,32.78418991642215],[-96.773871942941142,32.784120403310332],[-96.773585549858069,32.784072381623098],[-96.773295213154043,32.784046238673383],[-96.773003272194472,32.78404218460647],[-96.772712075132873,32.784060252030223],[-96.772695222387952,32.784062594771491],[-96.772589202166245,32.783843149588009],[-96.772455087885248,32.783624064426775],[-96.772298266727262,32.783416016290758],[-96.772119999180831,32.783220680364877],[-96.771921722804819,32.783039628764669],[-96.771705033223313,32.782874319452475],[-96.771471673696283,32.7827260834691],[-96.771223525741974,32.782596113082299],[-96.771165865168257,32.782571661801917],[-96.771079640783299,32.782492925418161],[-96.77086295410534,32.782327614631612],[-96.770629597422484,32.782179377061865],[-96.770381452230168,32.782049404989209],[-96.770120513822135,32.781938747075301],[-96.76984888413871,32.781848292031981],[-96.769619140056122,32.781789586540604],[-96.769230185856628,32.781703287891162],[-96.769198099262326,32.781694474932948],[-96.769043379952592,32.781651982254616],[-96.768870254035207,32.781604433034246],[-96.768780507774224,32.78157961962998],[-96.768625287531705,32.781540823480405],[-96.76846864630717,32.781508235266514],[-96.768310832279582,32.781481906620371],[-96.768152095486101,32.781461879256511],[-96.768039959661337,32.781429081051897],[-96.767926439255803,32.781401453476043],[-96.76781177255522,32.781379054520777],[-96.767696200251436,32.781361931202774],[-96.767579964937241,32.781350119464847],[-96.767448153934666,32.78129241510598],[-96.767314062121812,32.781240229675433],[-96.767177920459815,32.781193653057919],[-96.767039963440425,32.781152765477472],[-96.766724406913397,32.781065962915662],[-96.76671791634125,32.781064216490073],[-96.766970550686338,32.780386178699061],[-96.767377072649467,32.779125257289635],[-96.767252262840984,32.778784506438654],[-96.767021136619761,32.778519500278485],[-96.766154622792797,32.777967463021497],[-96.765862707281769,32.777831188197808],[-96.765500710223904,32.777689094424659],[-96.765251269476366,32.777558252211577],[-96.764935604436104,32.777396922648144],[-96.764779891002007,32.777274930171806],[-96.764532575045806,32.777066670423672],[-96.764033286082807,32.776639084352766],[-96.763629825312236,32.776303559361352],[-96.763014569355974,32.775732774312523],[-96.762821082231596,32.775559626773799],[-96.76271406343983,32.775457789247184],[-96.762588660557782,32.77533920011782],[-96.76246284830826,32.775199985947758],[-96.76216926987216,32.774820629417484],[-96.762005872687595,32.774606663613874],[-96.761635293525103,32.774130010739171],[-96.761464480787168,32.77397633513872],[-96.7612225234802,32.774172623645732],[-96.760535958490223,32.774804278552381],[-96.75957063240439,32.773997596387836],[-96.759634637425222,32.773942960869576],[-96.759481511208079,32.773811279373319],[-96.759348524611909,32.773812579027357],[-96.75750502310062,32.772277962289778],[-96.757486277211484,32.772167047095223],[-96.757675022284531,32.771995728984571],[-96.757525303186782,32.771860806955246],[-96.757329847651718,32.772033518084598],[-96.756923717085911,32.772388493175768],[-96.752841250492466,32.776072274552021],[-96.752718251959379,32.775937436309384],[-96.752520031438436,32.77575635367738],[-96.752446375882968,32.775696746615012],[-96.751619996771282,32.775048652997249],[-96.751477018698822,32.774942915896361],[-96.751243713816763,32.774794641868404],[-96.750995617666192,32.774664631042462],[-96.750734725145804,32.774553932391832],[-96.750463137826983,32.774463434956338],[-96.750183041527563,32.774393868432092],[-96.749896692656293,32.77434579215813],[-96.74960639475681,32.77431959388651],[-96.749314486882014,32.774315484208245],[-96.74902331691932,32.7743334961785],[-96.748735230926613,32.774373485166535],[-96.748452546457401,32.774435128479233],[-96.748177540722281,32.774517930604993],[-96.747912427097361,32.774621223782596],[-96.747659341042521,32.774744178624076],[-96.747420317710919,32.77488580289392],[-96.747197284161871,32.775044957631486],[-96.747046378283159,32.775170788408602],[-96.747011701704722,32.77520165095099],[-96.746900774917279,32.77530034662324],[-96.746789188824806,32.775399599321048],[-96.746677727114573,32.775498758069837],[-96.746565589424776,32.775598506978788],[-96.746449952924479,32.775702358074462],[-96.746333270578702,32.775765251054089],[-96.746219412827173,32.775833123796147],[-96.746108592064871,32.775905849687987],[-96.746001015021491,32.775983293063682],[-96.74589688237576,32.776065309457124],[-96.745796388381066,32.776151745871502],[-96.74568549519212,32.776141734691777],[-96.745393581505851,32.776137615809979],[-96.745102404769582,32.776155618596853],[-96.74481431109561,32.776195598495669],[-96.744531618099415,32.776257232886429],[-96.744256603060165,32.776340026329393],[-96.744028246358539,32.776428988040969],[-96.743841194072658,32.776454944147019],[-96.743558499574561,32.776516576324426],[-96.74328348282387,32.776599367613599],[-96.743018357285379,32.776702650340773],[-96.742765258514794,32.776825595201906],[-96.742526221767761,32.776967210041946],[-96.742303174211401,32.777126355976137],[-96.742097910289218,32.777301751548215],[-96.741912081883868,32.777491984312945],[-96.741747187393813,32.777695523305184],[-96.741604552304707,32.777910729584818],[-96.74148532678349,32.778135869728516],[-96.741390470391508,32.778369132747464],[-96.741320747630297,32.778608639040904],[-96.741276717899737,32.778852461898765],[-96.741258738513551,32.779098636561962],[-96.741258283650083,32.779142219086417],[-96.741258136850092,32.779282415470028],[-96.74125806353932,32.779352212865597],[-96.741266732233811,32.779555185390137],[-96.741301075695759,32.77980011671076],[-96.74136126975435,32.780041460417131],[-96.741446832056155,32.780277274986354],[-96.741557073344268,32.780505660150823],[-96.741691106628465,32.780724778676507],[-96.74184785127018,32.780932865442644],[-96.742026047581177,32.781128244788619],[-96.74212701503474,32.781220495694647],[-96.742126116127437,32.781221299242709],[-96.741940279575132,32.781411531991857],[-96.741775377866858,32.781615070959624],[-96.741632736546336,32.781830277206168],[-96.741513505830767,32.782055417308385],[-96.741418645323279,32.78228868027773],[-96.741348919558632,32.782528186513971],[-96.741304887960737,32.782772009307394],[-96.741286907858637,32.783018183899458],[-96.741286463425922,32.783071529154192],[-96.741288300958658,32.783653497480877]],[[-96.775910372719522,32.785104559204385],[-96.775974585894417,32.78534464433006],[-96.775976150765601,32.78535032746872],[-96.775961984494174,32.78533798832536],[-96.775885803595244,32.78527163207734],[-96.775814521893423,32.785209547625612],[-96.775781255438446,32.785181185934711],[-96.77577183049209,32.785172393074269],[-96.77570823804372,32.78511699749231],[-96.775734545815894,32.785111794626189],[-96.775742136102082,32.785139173473567],[-96.775910372719522,32.785104559204385]]],[[[-96.809156557224441,32.792708027162547],[-96.809210202460605,32.79275511296261],[-96.808952602627514,32.792974848946116],[-96.808746493800456,32.793149531559777],[-96.80866052946007,32.793221932902007],[-96.808864004855153,32.793399998927292],[-96.809238415430016,32.793738658234417],[-96.80940904779041,32.793892997130563],[-96.809630896181318,32.794093658703332],[-96.80973869245031,32.794191161215522],[-96.809865248847601,32.794101325403126],[-96.810395723745984,32.793673170244119],[-96.810541513037364,32.793553927888624],[-96.810655975972594,32.793460310271151],[-96.81068601114228,32.793436019819779],[-96.810703186316374,32.793421825853322],[-96.811273314815637,32.792970928664872],[-96.810756368064162,32.792343781298079],[-96.810802761276477,32.79230421064895],[-96.810835541765201,32.792279115051322],[-96.810652899063228,32.792060064758886],[-96.810435298330447,32.791848005435831],[-96.810386293283543,32.791805261054392],[-96.810331512004353,32.791844966518447],[-96.809719094419293,32.792356584280263],[-96.809644522816086,32.792377328887348],[-96.809708849431175,32.792428400968788],[-96.809820768410944,32.792528164699497],[-96.809755221231924,32.792576637372655],[-96.809730523164063,32.792597617000162],[-96.809611915252887,32.792490459349928],[-96.809530497538617,32.792418960705113],[-96.809476781913659,32.792446129937659],[-96.809156557224441,32.792708027162547]]],[[[-96.767439640186566,32.793336309702781],[-96.76724933751764,32.793494343626222],[-96.767618217448543,32.79381370502891],[-96.767708454911514,32.793885078405275],[-96.767947774612495,32.793689812701999],[-96.767496608716201,32.793297746473691],[-96.767439640186566,32.793336309702781]]],[[[-96.770782750465557,32.794102099208459],[-96.770704315097319,32.794170286223668],[-96.770623271228999,32.794234070652514],[-96.770963886596945,32.794524476325826],[-96.77103732410896,32.794464639227826],[-96.771205626339565,32.794321073772061],[-96.771458397718632,32.794105463070956],[-96.771572706809295,32.794203696757904],[-96.771699391717149,32.794096897762856],[-96.77186062376731,32.79396096817986],[-96.771913592739566,32.793919113939722],[-96.771410745336041,32.793495134402683],[-96.771353478648308,32.793543492974564],[-96.771299359452868,32.793589134448645],[-96.771254529386212,32.793551199166352],[-96.771025906277615,32.793746262667881],[-96.771046036075262,32.793763862366383],[-96.770713915875376,32.79404385121407],[-96.770782750465557,32.794102099208459]]],[[[-96.729198102373061,32.79390406724329],[-96.729358114914987,32.793933714219989],[-96.729519246228989,32.793956510194342],[-96.729681203123619,32.793972413687229],[-96.729843690905156,32.793981395760945],[-96.730006413913955,32.793983440071884],[-96.730169076062325,32.793978542900263],[-96.730331381373304,32.79396671315687],[-96.730358074731512,32.793964671273685],[-96.730672084277785,32.793935544394373],[-96.730698730471985,32.793932975034082],[-96.730966586368368,32.793896116884717],[-96.73125783681968,32.793922508439437],[-96.731387422797496,32.793927085117225],[-96.73182156002369,32.793935100843903],[-96.732276674081362,32.793943500703456],[-96.73243904685603,32.793943074741357],[-96.732730284529964,32.793925101631309],[-96.733018441211016,32.793885149784181],[-96.733301198364202,32.793823541652564],[-96.733576277812688,32.793740772552965],[-96.733841465249583,32.793637510096204],[-96.734094624338198,32.793514583561759],[-96.734333719118453,32.793372985115035],[-96.734556821807274,32.793213853680413],[-96.73476213744469,32.793038470777297],[-96.73494801373657,32.79284824893162],[-96.73511295198125,32.792644719199707],[-96.735255626498699,32.792429520617482],[-96.735374887031696,32.792204386701741],[-96.735469774027294,32.791971128527408],[-96.735539523080718,32.791731625768286],[-96.735566173667678,32.791602393304444],[-96.735609347896741,32.791358775828982],[-96.735808032564151,32.790237609497403],[-96.735824770906461,32.790136900512422],[-96.735836213476631,32.790035453287977],[-96.735842328886193,32.789933546107044],[-96.735843100359787,32.789831458514321],[-96.735838525781176,32.789729470549396],[-96.735891764440737,32.789546652105756],[-96.735919833732694,32.789409324929956],[-96.736119672875517,32.788258242633482],[-96.736130636660434,32.788188964985792],[-96.736312363340332,32.78691780539048],[-96.736354865940484,32.786817421791213],[-96.736392598964542,32.786715149815983],[-96.736425478855352,32.786611215938926],[-96.736453432802733,32.78650585031432],[-96.736476398904585,32.786399286266978],[-96.736494326304111,32.786291759775509],[-96.736803053689741,32.784132103221076],[-96.73681639059221,32.784022027127413],[-96.736824150371845,32.783911417881939],[-96.736826313217676,32.783800557873541],[-96.736822873607906,32.7836897301313],[-96.736813840323947,32.783579217601947],[-96.736799236428055,32.783469302427427],[-96.737129501269948,32.781219682206107],[-96.737414295126001,32.78124541100216],[-96.737706225242619,32.781249548613246],[-96.737997420192229,32.781231563151763],[-96.73828553328508,32.781191599061472],[-96.738568246337124,32.781129978893411],[-96.738843281526812,32.78104719806128],[-96.73910842490352,32.780943924270183],[-96.739361540485476,32.780820986890973],[-96.739600592662796,32.780679378176366],[-96.739823653995586,32.780520237133409],[-96.740028929856848,32.780344845358904],[-96.74021476827258,32.780154615450165],[-96.74037967084638,32.779951078528569],[-96.740522312185149,32.779735873687819],[-96.740641542298931,32.779510734495254],[-96.740736401879616,32.779277472068181],[-96.740806126743351,32.779037966114764],[-96.740850157858844,32.778794143426985],[-96.740853882509725,32.778763036795176],[-96.74090166965928,32.778339958820737],[-96.740915925282494,32.778124890830156],[-96.740907712362969,32.77787834564996],[-96.740873370730384,32.777633414184372],[-96.740813179631871,32.777392070196967],[-96.740727621795386,32.777156255139154],[-96.740617386802342,32.776927869180305],[-96.740483361903443,32.776708749433197],[-96.740326627921476,32.776500660879293],[-96.740148444643268,32.776305279028435],[-96.739950248949484,32.776124176366388],[-96.739733635814517,32.775958811266555],[-96.739500347883066,32.775810515218467],[-96.739354166226832,32.775730755860081],[-96.739279649518764,32.775692444241237],[-96.739154122181674,32.775631315518808],[-96.739026320420365,32.775575096813093],[-96.738896436203149,32.775523872569003],[-96.738764664626331,32.775477719729381],[-96.738631203621168,32.775436707619427],[-96.738496253656578,32.775400897842538],[-96.738360017438012,32.775370344187827],[-96.73819147007606,32.775228125548523],[-96.73848093606496,32.773705761427841],[-96.738499637894733,32.773602645026237],[-96.738512654845692,32.773498657961156],[-96.738519947715673,32.773394113402411],[-96.738521494541317,32.773289326198771],[-96.738517290664163,32.773184611929764],[-96.738657561704883,32.772551040128668],[-96.738705373235703,32.772420098083479],[-96.739139896948984,32.771230064352473],[-96.73915122204393,32.771204066650768],[-96.739508187605566,32.770367513292882],[-96.739577218497871,32.770276646190766],[-96.739641969257178,32.770182681125405],[-96.739702301070082,32.770085819540185],[-96.739758084596517,32.769986269088065],[-96.739809200247166,32.769884243186453],[-96.73985553843967,32.769779960559646],[-96.739873013516402,32.769738237932614],[-96.740834114568045,32.767443149391767],[-96.740888238687205,32.767301874834629],[-96.740957953733655,32.767062368579303],[-96.741001978491255,32.766818545617404],[-96.741019956102065,32.766572370763178],[-96.741011743962531,32.766325825375489],[-96.740977406512627,32.766080893725842],[-96.740917222965422,32.765839549579276],[-96.740831675988218,32.765603734388627],[-96.740721455075075,32.765375348324191],[-96.740587447363112,32.765156228499613],[-96.740430733536712,32.76494813989698],[-96.740252573220531,32.764752758026496],[-96.740054403110108,32.764571655374077],[-96.739837817973964,32.764406290313033],[-96.739604560231498,32.764257994332539],[-96.739356510581544,32.764127960184013],[-96.73909566354844,32.764017237028192],[-96.738824120337583,32.76392671410234],[-96.738544066411649,32.763857121307659],[-96.738269286744881,32.763810954781505],[-96.738257000831993,32.763804508583462],[-96.738163904910962,32.763745189984235],[-96.737915858804612,32.763615152956795],[-96.737655015075646,32.76350442677451],[-96.737383474902785,32.763413900699007],[-96.737103423724392,32.763344304656876],[-96.736817117585915,32.763296198224886],[-96.736526859687032,32.763269969397733],[-96.736234988758483,32.763265829012646],[-96.736033478124085,32.763284422736078],[-96.736115556905631,32.763209613111123],[-96.736155170261767,32.763194302759224],[-96.736293054540127,32.763135836930829],[-96.736311265851157,32.763127455581667],[-96.73634384564302,32.763111975940895],[-96.736528150868324,32.763025219649982],[-96.736543371263792,32.763017686961128],[-96.736571273188204,32.763003930361407],[-96.736597461803541,32.762989850911353],[-96.736809289009926,32.762861094217037],[-96.736834620840654,32.762845915726977],[-96.736869027684151,32.762823948038999],[-96.736888132237823,32.762811703630859],[-96.736931048573709,32.762781750853861],[-96.737036339718514,32.762706360293308],[-96.737138571851588,32.762626870968468],[-96.737152420790423,32.76261641721316],[-96.737324997322062,32.762471373232515],[-96.737510804111963,32.762281147109533],[-96.737675679681018,32.762077613500921],[-96.737818298853199,32.761862411473793],[-96.737937511817194,32.761637274572749],[-96.738032359402965,32.761404013896779],[-96.738102077523038,32.761164509139903],[-96.738146107200123,32.76092068708455],[-96.738164091536717,32.76067451253784],[-96.73815588787501,32.760427966856014],[-96.738121560586833,32.760183034312973],[-96.738061388803175,32.75994168868111],[-96.737975855096821,32.759705871424977],[-96.737961137434468,32.759675372010747],[-96.738062264837922,32.759603208655335],[-96.738163446429112,32.759520670951048],[-96.738358382899662,32.759354626002605],[-96.738588209225611,32.759175922986493],[-96.738838545103093,32.759259381672166],[-96.739118584754181,32.759328973826641],[-96.739404879344036,32.759377074972797],[-96.739695125363752,32.759403297088603],[-96.739986983753184,32.759407429352372],[-96.740278106588022,32.759389438521154],[-96.740324291492172,32.759383030055275],[-96.740562531369932,32.75940455177799],[-96.740854389803886,32.759408682005585],[-96.741145512467,32.759390689143288],[-96.741433553252278,32.759350717694559],[-96.741716194557426,32.759289090269633],[-96.74199115913899,32.759206302340687],[-96.74225623361491,32.759103021669937],[-96.742509282558345,32.758980077683738],[-96.742748270895461,32.758838462687905],[-96.742971271701151,32.758679315740174],[-96.743176490835353,32.758503918484948],[-96.74336227678063,32.758313683563649],[-96.743527131563567,32.758110142138086],[-96.743669730175256,32.757894933338193],[-96.743725289928122,32.757796671605831],[-96.743774743913818,32.757704560515897],[-96.743838376819212,32.757577679647184],[-96.743933204561202,32.757344414402482],[-96.744002903571797,32.757104906267791],[-96.74404691502734,32.756861082052694],[-96.744064882177298,32.756614906581696],[-96.744056662502032,32.756368361218449],[-96.744022320502324,32.756123430234346],[-96.743962135427623,32.755882087389097],[-96.743876589957665,32.755646274124913],[-96.743794517930183,32.755473810804411],[-96.743770475226114,32.755416828331725],[-96.74372471589605,32.755281331719281],[-96.743846163897729,32.755332882421143],[-96.744117685941376,32.7554233944347],[-96.744397717629482,32.755492974717285],[-96.744684002707913,32.75554106372018],[-96.744974237744302,32.755567273519091],[-96.745266083766978,32.75557139339157],[-96.745557192951182,32.755553390194372],[-96.745845219298388,32.755513408514069],[-96.746127845322661,32.755451771043418],[-96.74640279390357,32.755368973335365],[-96.746667851787933,32.755265683231023],[-96.746920883682463,32.755142730232564],[-96.747159854650633,32.755001106718488],[-96.747382837907281,32.75484195181501],[-96.747588039453561,32.754666547230698],[-96.747773807913688,32.754476305665868],[-96.747849124935826,32.75438813376217],[-96.747881487480129,32.754348623104953],[-96.748042390453719,32.754152741700786],[-96.74904901914941,32.752983507020232],[-96.749144905337545,32.752913269930197],[-96.749237742705304,32.752839049764219],[-96.749327365914041,32.752760978704643],[-96.749413615349397,32.752679195792055],[-96.749496337405503,32.752593846677676],[-96.749575384758558,32.752505083363943],[-96.749687956900246,32.752373420275191],[-96.749786023546335,32.752258693336437],[-96.749882257716095,32.752146164709295],[-96.749978054136449,32.752034117797386],[-96.750076259530616,32.751919244672578],[-96.750169800758428,32.751809820282034],[-96.750269760696909,32.751692927008314],[-96.750365949553554,32.751580414518699],[-96.750462229183739,32.751467778766951],[-96.750554701580569,32.751359627024854],[-96.750649662210634,32.751248525711567],[-96.75075094978817,32.751130057920825],[-96.75084786932841,32.751016693098173],[-96.750942367438967,32.750906168616289],[-96.751036578145374,32.75079597193541],[-96.751137050881695,32.750678450237153],[-96.751154381574352,32.750656596518851],[-96.751180252729739,32.750630099803374],[-96.751225466752643,32.750578049942831],[-96.751318204786386,32.750468617928043],[-96.751415472921579,32.750353846045137],[-96.751510518388159,32.750241687314116],[-96.75160494192906,32.75013025845459],[-96.751701551165951,32.750016279815021],[-96.75179905052191,32.74990120603843],[-96.751846363403658,32.749843836068976],[-96.751905472738173,32.749770182385561],[-96.751969636340093,32.749695793415675],[-96.752068352791014,32.749581316498272],[-96.752164323787483,32.749470040671653],[-96.752299828037081,32.749299941363383],[-96.752442391230261,32.749084722370362],[-96.752561549948155,32.748859571247991],[-96.752656345456927,32.748626299209484],[-96.752726014088907,32.748386786040484],[-96.752769997264593,32.748142958590925],[-96.752787938461395,32.747896781711589],[-96.752779695368574,32.747650236777247],[-96.752745332675289,32.747405308056045],[-96.752711992291992,32.747279742061174],[-96.7526831986941,32.747164313742957],[-96.752672220045653,32.74712839025868],[-96.752649858506871,32.747038746827698],[-96.752564298482284,32.746802939398428],[-96.752454070728845,32.746574563433789],[-96.752320062438798,32.746355455966025],[-96.752163354300635,32.746147381877563],[-96.751985205893803,32.745952016561937],[-96.751787053817182,32.74577093237157],[-96.75157049269437,32.745605587531038],[-96.751337264751712,32.745457313367027],[-96.751089250447279,32.745327302454811],[-96.750828444021678,32.745216603768398],[-96.750556946352887,32.745126106347861],[-96.750276942537241,32.745056539889148],[-96.749990688238483,32.74500846373072],[-96.749700486239604,32.744982265623733],[-96.749554635093133,32.744977443687731],[-96.749397345913323,32.744975228546259],[-96.749266211994865,32.744973076747343],[-96.749241599879412,32.744970854949457],[-96.749210342619534,32.744969354902153],[-96.748703205112832,32.744947082383085],[-96.747820445664019,32.744902899618396],[-96.747632278475379,32.744898093127141],[-96.746564780580783,32.744896938680725],[-96.746117017488459,32.744893811590821],[-96.745516376740468,32.744891582677795],[-96.744914887958615,32.744891597350161],[-96.744320629922143,32.744893819984668],[-96.744278697553924,32.744894283867779],[-96.744258200931171,32.74489454453429],[-96.744125906844715,32.744896017472655],[-96.743996929675617,32.744895878458465],[-96.743868084499169,32.744894138424606],[-96.743807921686368,32.744892577676808],[-96.74367781979042,32.744867578117493],[-96.743546921345626,32.744847155619034],[-96.743415387324646,32.744831335296048],[-96.743283379481767,32.744820136603622],[-96.743151060153949,32.744813573313373],[-96.74281402584927,32.744802523524683],[-96.741975535028203,32.744725555849691],[-96.742006898605666,32.744617772694113],[-96.742050909352727,32.744373948976367],[-96.742068879510128,32.744127773582825],[-96.742060666533874,32.743881227876507],[-96.742026334870857,32.743636296131605],[-96.741966163686982,32.743394952113917],[-96.741880635550416,32.743159137275079],[-96.741770439803133,32.742930751782751],[-96.741636463379891,32.742711632745753],[-96.741479786712461,32.742503545139947],[-96.741301669127026,32.742308164467403],[-96.741097319742011,32.742121889028738],[-96.740858578833368,32.74192451153764],[-96.740654500722925,32.741769496900623],[-96.740421301088972,32.741621202219299],[-96.740173313486693,32.74149116949598],[-96.73991253194157,32.741380447880012],[-96.739641057131564,32.741289926596195],[-96.739361073968894,32.741220335532525],[-96.739074837951094,32.741172234225665],[-96.738784651713956,32.741146010629073],[-96.738492853410733,32.741141875537735],[-96.738201790047668,32.74115986221134],[-96.73791380682367,32.741199826222868],[-96.737631220465829,32.741261445080191],[-96.737356307394222,32.741344223468765],[-96.737091280239412,32.741447493818427],[-96.736838273764448,32.741570426925101],[-96.736599322483059,32.741712030728088],[-96.736376352873165,32.741871166431849],[-96.736257904660008,32.741968539799807],[-96.734254521929145,32.743703491319906],[-96.734218960416413,32.743699126714937],[-96.73385141405862,32.743656316237335],[-96.733831955198511,32.743654100563049],[-96.732670765487342,32.743524874100466],[-96.730500011734065,32.743283345347983],[-96.730276055927533,32.743265058323125],[-96.730154206670704,32.743263323372062],[-96.730030063128055,32.743233701749908],[-96.729904906908331,32.743208702142987],[-96.72977891003282,32.743188358912072],[-96.729652245678253,32.743172700017965],[-96.729567258549793,32.743163666952412],[-96.72956859584869,32.743107046619741],[-96.729571919112928,32.742966524169802],[-96.729572625165886,32.742936525645604],[-96.729719920427044,32.742814622520086],[-96.729857201976444,32.742693866395179],[-96.729858829655711,32.742692200234508],[-96.72993884724157,32.742626513841131],[-96.730224593917953,32.742383316639284],[-96.730366041811578,32.742252701514865],[-96.730382173889751,32.742241898614623],[-96.730462042358027,32.742172195218124],[-96.730482063799997,32.742154465728497],[-96.730498591695437,32.742138955791312],[-96.730533964062474,32.7421057591269],[-96.730766198467165,32.741887792922576],[-96.730824789249638,32.741832801988224],[-96.730910336299303,32.741752786941738],[-96.730965819370397,32.741700890475308],[-96.730995013232416,32.741673583831016],[-96.731053156191166,32.741619200642468],[-96.731238634819562,32.74142926168679],[-96.731403486044357,32.741225736102912],[-96.731546086923771,32.74101054096127],[-96.731665287794257,32.740785409751084],[-96.731760129582838,32.740552153525456],[-96.731829848248807,32.740312651942645],[-96.731873884809957,32.740068831759721],[-96.731891882313619,32.739822657768471],[-96.73188369799567,32.739576111320858],[-96.731849396072377,32.739331176696886],[-96.731789255469849,32.739089827685731],[-96.731703758510349,32.738854005779146],[-96.731696837544362,32.738839657499433],[-96.731713557973237,32.738717012530017],[-96.731723198436541,32.738593609034389],[-96.731725727032128,32.738469855378],[-96.731721135392434,32.73834616108504],[-96.731709438712045,32.738222935483265],[-96.731690675697493,32.738100586349432],[-96.731721698190739,32.73805126746408],[-96.731756046603209,32.737995113154049],[-96.731777169994231,32.737955216733681],[-96.731815083554267,32.737898699136309],[-96.732708989259649,32.736433762796075],[-96.732724514120122,32.736407988623547],[-96.732843705823655,32.736182856215969],[-96.732938539600156,32.735949599021488],[-96.733008251473521,32.735710096706264],[-96.733052282516041,32.735466276033108],[-96.733070275819642,32.735220101797914],[-96.733065155824733,32.735065933676012],[-96.733290654475141,32.734712707326707],[-96.733334495373569,32.734641570054016],[-96.733453683159269,32.734416437036025],[-96.733548513446735,32.734183179349856],[-96.73361822228793,32.733943676665461],[-96.733662250779489,32.733699855748718],[-96.733680242034069,32.733453681397528],[-96.733672053337443,32.733207134966584],[-96.733637748941462,32.73296220073582],[-96.733577607791801,32.73272085249117],[-96.733492112215245,32.73248503171834],[-96.733381951291378,32.732256638632549],[-96.733248011674789,32.732037510403977],[-96.733091373500628,32.731829412082497],[-96.732913295785423,32.731634019256177],[-96.732715214558652,32.731452904499491],[-96.732498723873647,32.731287526282905],[-96.732265565389909,32.731139216201555],[-96.732065785706595,32.731032426193643],[-96.731672400465087,32.730838692841637],[-96.731624233972752,32.730815433615604],[-96.731588059153196,32.730800069258734],[-96.731518827809452,32.730763062255406],[-96.73076892008983,32.730393744940748],[-96.730720762519994,32.730370489993859],[-96.730699737361746,32.730361559958943],[-96.730639852369904,32.730329583075097],[-96.729873612968575,32.72995307643685],[-96.729828253006204,32.729931197666417],[-96.729567518311967,32.729820454265791],[-96.729296089391596,32.72972991032244],[-96.729016150787814,32.729660295906633],[-96.728729957639359,32.729612170743181],[-96.728439812237156,32.729585922977378],[-96.728148052405388,32.729581763599107],[-96.7278570248411,32.729599726063242],[-96.727569074454536,32.729639666137892],[-96.727286517708833,32.729701261523509],[-96.727011630785384,32.729784017094559],[-96.726746626104443,32.729887265464711],[-96.726493638247788,32.730010177606758],[-96.726254701579748,32.730151761628733],[-96.726031742460123,32.7303108788945],[-96.725826554621094,32.730486248178437],[-96.725640789333113,32.730676457246993],[-96.72547594448514,32.730879975326111],[-96.725377189566487,32.731024030048246],[-96.724546625493176,32.73233016034829],[-96.724474373768345,32.732441708974761],[-96.724467520128144,32.732450170522405],[-96.724368762948046,32.732594221739234],[-96.723538166098464,32.733900347830151],[-96.723443601349388,32.734046339726902],[-96.72339818297263,32.734116731320036],[-96.723395564509119,32.734121676236342],[-96.723364802788353,32.73416654482731],[-96.72253419293402,32.735472640863364],[-96.722439623756614,32.735618633769761],[-96.722394204882647,32.735689023200813],[-96.722391585213913,32.735693969883592],[-96.722360824628865,32.73573883554706],[-96.722211540686274,32.735977924695668],[-96.722115140591413,32.736123580906828],[-96.722070954598962,32.736194035664191],[-96.722036473968387,32.736250976496649],[-96.721950780243787,32.736381175773126],[-96.721932417693324,32.736409941290795],[-96.721908843876975,32.736447566022036],[-96.721880939907351,32.736492948666992],[-96.721780817459049,32.736541583207185],[-96.721541855699741,32.736683158110274],[-96.72131887173343,32.736842266855604],[-96.721113659492232,32.73701762828621],[-96.720927870443035,32.737207830231597],[-96.720763002666232,32.737411341975175],[-96.720697041463978,32.737510861810428],[-96.719989376391538,32.736878335734623],[-96.719913282568029,32.73681256106002],[-96.719696802661275,32.736647160602544],[-96.719463651488837,32.736498826557551],[-96.719215708890971,32.736368751983136],[-96.718954968530497,32.736257986365096],[-96.718683530754291,32.736167419282751],[-96.718403580176229,32.736097780992672],[-96.718117372031685,32.736049631411944],[-96.71782720873199,32.736023358882413],[-96.717535428245739,32.736019174593302],[-96.717244377435975,32.736037112199952],[-96.716956401400196,32.736077027670767],[-96.716673816807969,32.736138598904148],[-96.71639890006486,32.736221330969101],[-96.716133863831246,32.7363245566684],[-96.715880842942695,32.736447447157524],[-96.715641872029565,32.736589010718603],[-96.715418877727359,32.736748108880441],[-96.715213654051325,32.736923460571148],[-96.715027852560596,32.737113653698664],[-96.714862971435494,32.737317157617483],[-96.714720336055009,32.737532333669563],[-96.7146010965877,32.737757448675296],[-96.714506212706738,32.737990691848204],[-96.714436449134965,32.73823018374766],[-96.714392365601071,32.738473997778975],[-96.714374564991218,32.738709254713868],[-96.714321538649841,32.740846658914705],[-96.714321029662472,32.740879179397375],[-96.714314461876256,32.741655944987684],[-96.714313062232321,32.741920673192048],[-96.714316625392541,32.745048744328884],[-96.714316417034482,32.745095446813245],[-96.714320609810017,32.745295288118598],[-96.714316105144931,32.745382022190761],[-96.714315966846442,32.745510770308456],[-96.714315303504947,32.746124725416919],[-96.714314982468835,32.746423268565728],[-96.71431470093836,32.74668514816895],[-96.714314686558467,32.746697960106118],[-96.714314092912062,32.747247539769653],[-96.714313960130951,32.747370389223562],[-96.714196961764401,32.747295954721572],[-96.713948996728917,32.747165869734282],[-96.713688231229057,32.747055093147267],[-96.713416765814188,32.746964514628175],[-96.713136785320742,32.746894864525558],[-96.712850545225066,32.746846702851762],[-96.712560348195396,32.746820418045843],[-96.712377593007076,32.74681519860188],[-96.707907123382768,32.746793697631972],[-96.706953278433161,32.7467766201001],[-96.706432527322505,32.746756634988387],[-96.704380966110278,32.746662713799047],[-96.704114617188338,32.746659748888533],[-96.703823528785534,32.746677655056665],[-96.70353551220289,32.746717539405303],[-96.703252884436225,32.746779080083215],[-96.702977922238745,32.746861782405453],[-96.702712838636785,32.746964979414322],[-96.702459768847007,32.747087842496249],[-96.702220747893534,32.747229380153811],[-96.701997702814765,32.747388454124639],[-96.701792428034679,32.747563783531398],[-96.70160657552357,32.747753956461402],[-96.701441643872869,32.747957442431996],[-96.701298958868009,32.748172602929273],[-96.701179671077483,32.748397704899197],[-96.701084740563061,32.748630937660195],[-96.70105005867191,32.748738454819609],[-96.700973305700487,32.748996930917194],[-96.70096242751859,32.749034693170593],[-96.700919990865472,32.749186675030259],[-96.700903721737006,32.749248075071158],[-96.700880082640907,32.749342339144633],[-96.700870457093899,32.749382223764712],[-96.700847120244049,32.749483899904433],[-96.700836818528856,32.749531024592088],[-96.700817082359109,32.749625927802548],[-96.700807725675276,32.7496733448681],[-96.700789956227638,32.749768526380294],[-96.700781609771852,32.749815915674496],[-96.700765806683123,32.749911341210229],[-96.700758425070219,32.749958941092984],[-96.700744596312248,32.75005458641597],[-96.700738676347001,32.750098476095886],[-96.700726352258755,32.750198082002207],[-96.700723525716782,32.750221947216204],[-96.700634533121089,32.75100782318151],[-96.700631793183788,32.751033258133653],[-96.700617614548321,32.751172053871208],[-96.700613089852624,32.751221558522857],[-96.700602581077064,32.751351858719282],[-96.70059921963356,32.751399685448781],[-96.700591399930886,32.751530121077224],[-96.700589020664353,32.751578094609926],[-96.70058389832414,32.751708626105085],[-96.700582550042256,32.751754602315835],[-96.700580085208287,32.751887143936116],[-96.700579763082331,32.751911142808602],[-96.700552493534587,32.755214909704563],[-96.700552425944679,32.755241305122958],[-96.700552887922029,32.755389845432617],[-96.700553589971676,32.755440195090507],[-96.700556937192076,32.755575201048295],[-96.700558623412505,32.755623180202207],[-96.700564760095574,32.755758117399878],[-96.700567433130118,32.755806017936571],[-96.700576354798415,32.755940844818923],[-96.70057993755934,32.755987783517526],[-96.70059172242749,32.756123381516424],[-96.700593927098311,32.756147315036735],[-96.700632458948746,32.756543295555716],[-96.700634748221304,32.756591068769801],[-96.700638991997451,32.756658899820536],[-96.700643419181006,32.75671620960275],[-96.700645087604499,32.756736636704844],[-96.700647603445617,32.756763966950949],[-96.700653211615233,32.756821203631311],[-96.700658385715371,32.75686894463945],[-96.700665174210258,32.756926088365219],[-96.700671343338726,32.756973820323743],[-96.700679312437202,32.757030857569276],[-96.700686467662877,32.757078494663524],[-96.700695614588227,32.757135404643449],[-96.700703728222067,32.757182785925572],[-96.700714046886404,32.757239553218085],[-96.700719141615309,32.75726667455536],[-96.700723175383899,32.757287000598041],[-96.700734667242244,32.757343606282703],[-96.700744754764742,32.757390820407245],[-96.700757413784004,32.75744724635711],[-96.700768463963399,32.757494258846307],[-96.700782286134896,32.757550492375472],[-96.700794298828242,32.757597310442286],[-96.700809278191898,32.757653329816975],[-96.700822312121545,32.75770016356239],[-96.700838450040777,32.757755954370303],[-96.7008503467097,32.757795755404644],[-96.700869679024095,32.757857940343484],[-96.700884569210132,32.757904145229254],[-96.700902997584947,32.757959425300356],[-96.700918904759845,32.758005592586038],[-96.700938475632739,32.758060594248157],[-96.700955297167695,32.758106415785633],[-96.700976000291291,32.758161118144599],[-96.700993757246223,32.758206660981827],[-96.70101558752593,32.758261052237565],[-96.701032921945242,32.758303112848949],[-96.701057240306653,32.758360408293285],[-96.701076876116758,32.758405419999711],[-96.701100939424094,32.758459133718688],[-96.701121496252682,32.758503840357122],[-96.701146664327553,32.758557189430498],[-96.701168121766727,32.758601544705293],[-96.701194387398147,32.758654516400121],[-96.701216854234687,32.758698735645794],[-96.701244213541017,32.758751310963802],[-96.701267454579238,32.75879493799863],[-96.701295899062757,32.75884711501152],[-96.701320111609462,32.758890526997305],[-96.70134962292353,32.758942263046805],[-96.701374747445115,32.758985342769712],[-96.701405324561776,32.759036636035539],[-96.701431262990383,32.759079218823224],[-96.701462892368312,32.759130052872983],[-96.701489760277667,32.759172335216761],[-96.701522436839497,32.759222697348335],[-96.701550196191349,32.759264607442823],[-96.701585911015485,32.759317433433615],[-96.701612488862153,32.75935591435514],[-96.701647224593955,32.759405278921442],[-96.701676657911634,32.759446288704829],[-96.701712408684472,32.759495134883913],[-96.701742641990208,32.759535650230156],[-96.70177939529259,32.759583963408268],[-96.701810609629305,32.759624216029437],[-96.701848358358546,32.759671978063182],[-96.701880258278976,32.759711587572291],[-96.701923615654437,32.759764398628462],[-96.701951705258253,32.759797928001355],[-96.701991400811508,32.759844548320963],[-96.702024970461963,32.759883256542125],[-96.702065622802706,32.759929283663951],[-96.702100045721053,32.75996755503423],[-96.702141644471354,32.760012974375272],[-96.702176699228474,32.760050568479002],[-96.702219228583019,32.760095369887537],[-96.702255152306535,32.760132542697598],[-96.702298600856594,32.760176709771926],[-96.702314235588887,32.760192481812922],[-96.702335312100232,32.760213371718145],[-96.702379668363704,32.760256891663204],[-96.702417111701777,32.760292986021966],[-96.702462358915469,32.760335843260428],[-96.702500447291072,32.760371293909984],[-96.702546571765069,32.760413479222748],[-96.7025854927643,32.760448458439861],[-96.702632482003764,32.760489956311361],[-96.702672118316244,32.760524353262852],[-96.702719958685819,32.760565151768809],[-96.702742876941528,32.760584503349854],[-96.702760203160736,32.760598881023057],[-96.70280887780514,32.760638969094735],[-96.702849940475829,32.760672201448699],[-96.702899436881438,32.760711564472217],[-96.702941133991175,32.760744149348781],[-96.702991436369572,32.76078277627083],[-96.703033772058802,32.760814720041985],[-96.703084863572471,32.760852598892065],[-96.703127850427492,32.760883912561667],[-96.7031797174037,32.760921033219027],[-96.70321710573711,32.760947377388639],[-96.703276023181672,32.760988094045544],[-96.703320206062685,32.761018072913608],[-96.703373572383327,32.761053641258904],[-96.703418541289849,32.761083077654924],[-96.703472636809551,32.76111785285967],[-96.703518110534375,32.761146558721222],[-96.703572915176764,32.761180530572176],[-96.70361891885581,32.761208529711794],[-96.703674416776536,32.761241689860888],[-96.703717776518303,32.761267151465972],[-96.703777333729974,32.761301437222592],[-96.703824485969335,32.761328072900369],[-96.703881320961457,32.761359575553719],[-96.70393578667354,32.761384461544772],[-96.703989169984027,32.761412777310653],[-96.704036515082834,32.761439225381437],[-96.704093232113479,32.761470709094468],[-96.704140740212623,32.761496912345848],[-96.704209956542343,32.761545637782199],[-96.704269061508427,32.761580662674376],[-96.704517052625036,32.761710766838448],[-96.704777849733091,32.761821562549549],[-96.705049351768707,32.761912159839312],[-96.705329373283362,32.761981828083378],[-96.705615658104492,32.762030007024151],[-96.705905902802186,32.762056308013818],[-96.706197768326902,32.762060519594904],[-96.706488906696777,32.762042607886443],[-96.706776971678437,32.762002716737818],[-96.707059645474459,32.761941168113204],[-96.707334650579966,32.761858456849872],[-96.707599773286091,32.761755250092897],[-96.707801475776364,32.761657331221159],[-96.710952008627928,32.762872192279005],[-96.710973551809332,32.762881023871557],[-96.711245063408853,32.762971607624976],[-96.711525093128174,32.763041261909699],[-96.711811384728719,32.763089426580791],[-96.712101634725926,32.763115713105087],[-96.712393504027588,32.763119910141825],[-96.712684644621447,32.763101983926916],[-96.712972710256167,32.763062078426685],[-96.713255383129152,32.763000515720904],[-96.713530385742885,32.762917790760028],[-96.713795504408708,32.762814570799698],[-96.71404860334448,32.762691684776954],[-96.714287647073135,32.76255012453165],[-96.714510708223756,32.762391028679893],[-96.714715992170241,32.762215678455064],[-96.714901846873218,32.76202548612013],[-96.715066773805589,32.761821982493494],[-96.715209447377461,32.761606806401232],[-96.715328717339446,32.761381691178954],[-96.715423624062709,32.761148447751204],[-96.71549340298337,32.760908955673017],[-96.71553749463493,32.760665141625253],[-96.715555541620333,32.760418970350024],[-96.715554950967189,32.76038431726198],[-96.715553823164399,32.760172446815119],[-96.715595462534836,32.752570660578897],[-96.715716840684308,32.752632434039697],[-96.715840627953398,32.752689226007789],[-96.715966620000287,32.752740942733816],[-96.716094608843591,32.752787498846402],[-96.716224383205727,32.75282881749304],[-96.716355728861686,32.752864830466976],[-96.716488428992605,32.752895478319793],[-96.716498730836818,32.752969123846881],[-96.716558839270576,32.753210480027938],[-96.716644309823764,32.753446312121056],[-96.716754453978709,32.753674719717438],[-96.716888385526659,32.753893865402503],[-96.717045024648868,32.754101983836598],[-96.717223112506119,32.754297399104445],[-96.717421213097609,32.754478538274178],[-96.717637732248605,32.754643942496642],[-96.717870928026983,32.754792279785711],[-96.718118920112516,32.754922356881586],[-96.718379714251498,32.755033124114455],[-96.718651209404314,32.755123691745418],[-96.718852438456452,32.755173736915751],[-96.7188515227826,32.755290806160879],[-96.718849374665439,32.755565677350496],[-96.718847227005455,32.755840525090974],[-96.71884652500502,32.755930136780265],[-96.718844274484681,32.756218194727595],[-96.718843673820487,32.756329282444135],[-96.718849847873017,32.756440200083119],[-96.718862773665919,32.75655053487111],[-96.7188824030966,32.756659876203699],[-96.718908663115315,32.756767817173589],[-96.718513150247162,32.757165819822681],[-96.718094772227687,32.757586823217643],[-96.717676385844484,32.758007831442818],[-96.717258000918761,32.758428833815493],[-96.71715027288532,32.758543284442773],[-96.716985356821297,32.758746790880856],[-96.716842692151189,32.758961969055029],[-96.716723429280023,32.759187085768602],[-96.716628528069137,32.759420330221324],[-96.716558753381278,32.759659822962135],[-96.716514665034239,32.759903637389577],[-96.716496620813473,32.760149808813139],[-96.716504764290548,32.760396355923767],[-96.716539032012406,32.760641294426151],[-96.716599145751061,32.760882650456978],[-96.716684623798855,32.761118482394487],[-96.716794777577618,32.761346889831138],[-96.716928720801306,32.761566035353631],[-96.717085373556984,32.761774153623747],[-96.717263476895866,32.761969568727402],[-96.71743120912825,32.762124976121314],[-96.719010696708835,32.763480358711455],[-96.71930454819227,32.763732509669687],[-96.71915866188678,32.763881810501488],[-96.718993740508665,32.764085319525449],[-96.718851072126839,32.764300499921404],[-96.718731807176269,32.764525618474842],[-96.718636905535206,32.764758864370684],[-96.71857339706925,32.764972415097688],[-96.718494443672839,32.765291471289238],[-96.718488178627709,32.765317414333154],[-96.718444092770355,32.765561229345003],[-96.718426052750686,32.765807400947686],[-96.718434202106167,32.766053947830763],[-96.718468477336756,32.766298885700792],[-96.718528600153746,32.766540240699435],[-96.718614088776505,32.766776071213407],[-96.718724254541826,32.76700447684653],[-96.718858211067115,32.76722362020007],[-96.719014878332288,32.767431735953224],[-96.71919299727189,32.767627148212178],[-96.719391131634552,32.767808284069432],[-96.719607686973731,32.767973684702497],[-96.719840921066123,32.768122018154152],[-96.720088953282641,32.76825209119545],[-96.72034978904675,32.768362854189391],[-96.720621326983519,32.768453417431068],[-96.720901381355176,32.768523050570174],[-96.721187695724538,32.768571193632042],[-96.721477966423777,32.768597458257489],[-96.721519871251644,32.76859942052328],[-96.721764757126849,32.76860954709236],[-96.723061229033931,32.768669503827603],[-96.72309553393228,32.768670936637676],[-96.723958653965354,32.76870310731487],[-96.725032762784664,32.768738314028234],[-96.725145586972133,32.768740354891229],[-96.725240152951329,32.768740679291788],[-96.726893292925936,32.768775097330881],[-96.726177684333479,32.774896622062975],[-96.726169866059905,32.775011031971523],[-96.726134753446445,32.775014257879249],[-96.72584665493774,32.775054193838031],[-96.725563952409445,32.775115785114082],[-96.725288923217207,32.775198536614973],[-96.725119278147162,32.775264595153836],[-96.720995701502844,32.775610065225997],[-96.720913643716898,32.775610503836276],[-96.720843295897069,32.775611522135058],[-96.720627396292912,32.775622696042305],[-96.7205596976778,32.775628112987697],[-96.720534696680517,32.77563019585569],[-96.719869197746533,32.775687826919359],[-96.717806902310016,32.775859001710955],[-96.717306453720653,32.77590053270832],[-96.717242557610433,32.77590637397121],[-96.716954452205457,32.775946289325759],[-96.716671740665404,32.776007860381846],[-96.716396700418443,32.776090592209982],[-96.71613154511887,32.776193817614761],[-96.715878410561245,32.776316707753992],[-96.715639332289967,32.776458270912521],[-96.715416237806025,32.776617368622425],[-96.715210921930606,32.776792719815347],[-96.71502503696486,32.77698291240317],[-96.714860081762197,32.777186415744744],[-96.714717382297096,32.777401591186511],[-96.714598089254963,32.777626705553814],[-96.714503162740201,32.777859948065299],[-96.714433367819325,32.778099439285512],[-96.7143892644727,32.778343252625255],[-96.714371210607197,32.778589423402707],[-96.714379349871706,32.778835970314077],[-96.714413618847544,32.779080909065634],[-96.714465355147723,32.779294177924683],[-96.714569599925241,32.779651331985512],[-96.714577984140547,32.779679419845074],[-96.714663474921949,32.779915252840837],[-96.714773646830025,32.780143661747005],[-96.714907613432743,32.780362809138445],[-96.715064294628746,32.780570929661891],[-96.715242431240796,32.78076634738516],[-96.715440586874948,32.780947489356699],[-96.715657166913502,32.781112896704798],[-96.715890428934543,32.781261237418349],[-96.716138492083658,32.781391318209849],[-96.716399361535707,32.781502089379806],[-96.71667093564426,32.78159266115771],[-96.716951028380393,32.781662303124385],[-96.717237382997766,32.781710455234133],[-96.717527695504742,32.781736729054963],[-96.7178196263053,32.781740913348408],[-96.718063787967978,32.781727379234731],[-96.719331836914861,32.781616505666079],[-96.719491611167911,32.781599156402116],[-96.719650508644264,32.781575064891136],[-96.719808244960134,32.781544274250457],[-96.719890475726487,32.781526386171258],[-96.720874110032057,32.781440366658899],[-96.720921146530031,32.78143596078354],[-96.720951569109957,32.781432799090716],[-96.722870611311251,32.781225583144703],[-96.72364859968468,32.7812332538725],[-96.723777565193657,32.781232365922982],[-96.724004823850251,32.781220260853765],[-96.724607716915415,32.781170204174082],[-96.724543417525396,32.781390920404476],[-96.72449934031934,32.781634737266401],[-96.724481313829273,32.78188090944758],[-96.724489481483516,32.782127455632953],[-96.724523779635149,32.782372391534615],[-96.724583929810436,32.782613743310229],[-96.724669450009017,32.782849569372395],[-96.724779651313312,32.783077969360676],[-96.724913647054791,32.783297105921875],[-96.725070356897334,32.783505213789915],[-96.725248521433031,32.783700617134492],[-96.725446704043094,32.783881743119828],[-96.725478324812926,32.783905887467526],[-96.725481471586974,32.783928357355379],[-96.72554162542157,32.78416970863826],[-96.725627149664689,32.784405534012961],[-96.725737355366135,32.784633933124617],[-96.725871355822036,32.784853068627022],[-96.726028070658259,32.785061175262712],[-96.72620624042672,32.785256577211214],[-96.726404428466495,32.7854377016481],[-96.726621039898916,32.785603089842887],[-96.726675293029658,32.785637582601673],[-96.72668978225667,32.787335037698199],[-96.726617310529562,32.788775680191655],[-96.726579117983519,32.789534873301058],[-96.726509359101243,32.790921510791243],[-96.726506888284334,32.790991808037973],[-96.726515062405227,32.791238353911368],[-96.726549369669783,32.791483289076446],[-96.726609531530613,32.791724639696881],[-96.726695065893566,32.79196046419441],[-96.726805283726989,32.792188862221394],[-96.726939298229354,32.792407996440268],[-96.727096028913323,32.792616101603961],[-96.727274216203455,32.79281150190382],[-96.727476974719437,32.792995390711297],[-96.727489145858371,32.793008280646369],[-96.727687353830703,32.793189402925869],[-96.727903986577715,32.793354788782928],[-96.728137301253227,32.793503106379148],[-96.728385416578575,32.793633162613631],[-96.728646337308504,32.793743907984343],[-96.728917961383772,32.793834452928607],[-96.729198102373061,32.79390406724329]]],[[[-96.803806009365331,32.795759187677021],[-96.803763232593539,32.795793884165157],[-96.80337699519211,32.796112005571558],[-96.803704981632137,32.796380559088725],[-96.803762479133709,32.796335149132709],[-96.804119596368011,32.796036581965879],[-96.804138750872781,32.796021658256088],[-96.803819436762794,32.795747901860075],[-96.803806009365331,32.795759187677021]]],[[[-96.806438540572941,32.797197363101816],[-96.806460497871385,32.797218648184739],[-96.806712277909668,32.797436136664324],[-96.806790607987594,32.797367948416678],[-96.807381743624262,32.796878476919666],[-96.807399049325781,32.796864165217002],[-96.807133581413893,32.796628421651832],[-96.806438540572941,32.797197363101816]]],[[[-96.800052483065656,32.796905079167431],[-96.799835950575357,32.797092179563847],[-96.800206434612662,32.797405797498875],[-96.800438337716415,32.79720762876682],[-96.800816063129801,32.796884847070004],[-96.800905355749464,32.796960585346163],[-96.800968555872345,32.796906341689223],[-96.801118058916913,32.796433661939403],[-96.80148521856205,32.796136806943274],[-96.800870154588452,32.795593835061936],[-96.80148540224279,32.795087140219167],[-96.801520121041051,32.795059441671086],[-96.801593257399901,32.794834642182643],[-96.801278949988543,32.794562930789816],[-96.800439909588562,32.793837586973652],[-96.800381660604458,32.793886822849153],[-96.799973580626784,32.793534397071916],[-96.799553005987846,32.793191105186516],[-96.79955269465168,32.793190690551192],[-96.79953412783432,32.793193495136407],[-96.799458548039311,32.793205500927094],[-96.799195713595907,32.793513799853649],[-96.798824599029345,32.79383034359374],[-96.798861101356849,32.79386296786052],[-96.798260004405378,32.794360203649958],[-96.797676409686801,32.794856079754233],[-96.797721811018633,32.794895298414914],[-96.798017318263575,32.795150562065778],[-96.798429087881885,32.795503301749385],[-96.798809119656624,32.795182879225401],[-96.799654944615256,32.795909741855468],[-96.799260970646017,32.796240361119871],[-96.799334389554289,32.796301501300846],[-96.799665741046823,32.796567281378408],[-96.799699818249877,32.796596802947718],[-96.799778641410825,32.796665566798623],[-96.799898868287897,32.796770451572939],[-96.800016737422695,32.796873281871406],[-96.800052483065656,32.796905079167431]]],[[[-96.801894276335176,32.797823144997245],[-96.801831792933712,32.798044917093421],[-96.801826915267497,32.798056050663],[-96.801816471119679,32.798101583605053],[-96.801896940991782,32.798122908986848],[-96.801999123224093,32.798149987420103],[-96.802051856940679,32.798162765252393],[-96.80214967887855,32.797830935824393],[-96.801915656988982,32.797766102115709],[-96.801894276335176,32.797823144997245]]],[[[-96.815760889198089,32.799262109554078],[-96.815983156178348,32.799869072753559],[-96.816101974960347,32.800239763922072],[-96.816240225105759,32.800587803624381],[-96.816317444278553,32.800855773614416],[-96.816377839924726,32.800709226970142],[-96.816387307978175,32.800644014064183],[-96.816401157040389,32.800579004768032],[-96.816426192671926,32.80051252612764],[-96.816466543820738,32.800458795194736],[-96.816510122028575,32.80041767809773],[-96.816566655412657,32.800387858006225],[-96.816646885901093,32.800344698014285],[-96.816698245911411,32.800306225100464],[-96.816730304077822,32.800264951115338],[-96.816744800984239,32.800213341474034],[-96.816756516269663,32.800135373224791],[-96.816769674438348,32.800059254512824],[-96.816422317594601,32.79963895195641],[-96.816269998563257,32.799482791140392],[-96.815940829545951,32.79919722618137],[-96.815673760827124,32.798989470053897],[-96.815760889198089,32.799262109554078]]],[[[-96.775712337485601,32.799927245405129],[-96.775610796769442,32.800019200413345],[-96.775592999486221,32.80003531744731],[-96.775565562198864,32.800060163223776],[-96.775565523080473,32.800060197856773],[-96.775565560936954,32.800060228145426],[-96.775565580801342,32.800060250067276],[-96.775579525109876,32.800071380246521],[-96.775592103280303,32.80008142539792],[-96.775595559894413,32.800084185436212],[-96.77566949783089,32.800143234614247],[-96.775707496726099,32.800176309495207],[-96.775729189868542,32.800195190067974],[-96.775890604887564,32.80033567789021],[-96.775939921392663,32.800378611680593],[-96.776063658018543,32.800486312111843],[-96.776125742794974,32.800540349724997],[-96.776164439888348,32.800574003257665],[-96.776183251903404,32.800590413105368],[-96.776183309660013,32.800590463512201],[-96.776302232800063,32.800489618665573],[-96.776425207926309,32.800385337572891],[-96.776604473405996,32.800233321346596],[-96.776588193896856,32.800220076362699],[-96.776586780399739,32.800218844578161],[-96.776094227639291,32.799790253714249],[-96.775985419816365,32.799694396975404],[-96.775776963975105,32.799868824770684],[-96.775776908424575,32.79986877078651],[-96.775712337485601,32.799927245405129]]],[[[-96.758009804020034,32.800706521264765],[-96.758198645072866,32.800549836267081],[-96.757597719806242,32.800029217896409],[-96.757403355148014,32.800188691853776],[-96.757535810679599,32.800296810988563],[-96.757989202037649,32.800691263284534],[-96.758009804020034,32.800706521264765]]],[[[-96.81173864973438,32.801899245848382],[-96.812632451049382,32.802681619581712],[-96.812793435394227,32.802827518466636],[-96.812883043257088,32.802758475546995],[-96.813687521438638,32.80208500102588],[-96.813823339081694,32.801967220508146],[-96.814742673865027,32.801201708681781],[-96.814838727968578,32.801121298144729],[-96.814990086417353,32.801253325608982],[-96.815043219793637,32.800897307619351],[-96.815070125421641,32.800717019523887],[-96.815149849203948,32.800645594123836],[-96.81523300947174,32.800578200955783],[-96.815319402500293,32.800515005118449],[-96.815408816645345,32.800456161427995],[-96.815501032861505,32.800401814038771],[-96.815765523528853,32.800246440982839],[-96.81597418627581,32.80013728931641],[-96.815847877771404,32.799926325951702],[-96.81571880542063,32.799717042154434],[-96.815586991553701,32.79950947413181],[-96.815528953543961,32.799438760836217],[-96.815468589067734,32.799369450812669],[-96.815405945667507,32.799301598643048],[-96.81534107268017,32.79923525776087],[-96.815274021198007,32.799170480409565],[-96.815204844028557,32.799107317601035],[-96.815133595652938,32.799045819075786],[-96.815060332183037,32.798986033263418],[-96.814985111317199,32.798928007244825],[-96.81490799229492,32.798871786714912],[-96.814829035850053,32.798817415946779],[-96.814748304163103,32.798764937756644],[-96.814665860812212,32.798714393470405],[-96.814581770723052,32.798665822890868],[-96.814496100117836,32.798619264266613],[-96.814408916462952,32.798574754261686],[-96.814320288416098,32.798532327926914],[-96.814230285772013,32.798492018672107],[-96.814138979407645,32.798453858239974],[-96.81404644122631,32.798417876680993],[-96.813952744101059,32.798384102329834],[-96.81385796181732,32.798352561782934],[-96.813762169014836,32.798323279877735],[-96.813665441128876,32.798296279672925],[-96.813567854330799,32.798271582430466],[-96.81346948546819,32.798249207598793],[-96.813370412004275,32.798229172797384],[-96.813270711956989,32.798211493803109],[-96.81317046383748,32.798196184537737],[-96.813069746588411,32.798183257056714],[-96.812968639521742,32.79817272154019],[-96.812867222256273,32.798164586284472],[-96.812673507287698,32.798142136710283],[-96.812560772146682,32.798104621184031],[-96.812493956179779,32.79819066270953],[-96.812422478504686,32.798272872559956],[-96.812346558437284,32.798350998489774],[-96.81226642892409,32.798424800784169],[-96.812182335827529,32.79849405299462],[-96.812094537171518,32.798558542633678],[-96.812003302349808,32.798618071826951],[-96.811769230902001,32.798767954827284],[-96.811471980284111,32.798953926294161],[-96.811162030958727,32.799150279005637],[-96.810763912300388,32.799382380111702],[-96.810612161178042,32.799475321845961],[-96.809677800654043,32.800018311708698],[-96.809648138509147,32.800040940242461],[-96.81173864973438,32.801899245848382]]],[[[-96.793156890938675,32.803484012546228],[-96.794297335291986,32.804153419007527],[-96.7943661722516,32.804092651074079],[-96.794457046281366,32.804013624448672],[-96.794553497664467,32.80392851133945],[-96.794675491288004,32.803819846289272],[-96.794813225033252,32.803691916109301],[-96.794890338418767,32.803628347219032],[-96.79520412990243,32.803349435063112],[-96.794153681689338,32.802893718227935],[-96.794245310327881,32.802739843659737],[-96.794239237095695,32.802664627730771],[-96.79422940720417,32.802542680851673],[-96.79421869252451,32.802405821938549],[-96.794206424780555,32.802248317270411],[-96.794195311326305,32.802089767758162],[-96.794182922583332,32.801894349660294],[-96.79405029714458,32.801980429256091],[-96.793619939702154,32.802246004366324],[-96.793512814082533,32.802230570054299],[-96.793506976577333,32.802291758132931],[-96.793513259787744,32.802425367998659],[-96.793515970322602,32.802480772021113],[-96.793519215194223,32.802547316809566],[-96.793524909735055,32.802613372988596],[-96.793076550619332,32.802427239541004],[-96.793156890938675,32.803484012546228]]],[[[-96.806467101114649,32.803524791386145],[-96.805943540570496,32.803748560049279],[-96.806568806267435,32.804258360287363],[-96.806843951524286,32.804505717904398],[-96.807335288891622,32.804938643269203],[-96.807399419107199,32.804887796659038],[-96.808078534832674,32.804350614342582],[-96.807433303686565,32.803670944214389],[-96.807055508532045,32.80326850476294],[-96.806994939983483,32.803212010590876],[-96.806467101114649,32.803524791386145]]],[[[-96.772035618258542,32.804320001585495],[-96.772453120560201,32.804706792214034],[-96.77268059743281,32.804522026318658],[-96.772607296621061,32.804457593399341],[-96.772267801403331,32.804161291945803],[-96.772251019287353,32.804145937912509],[-96.772035618258542,32.804320001585495]]],[[[-96.814328997351083,32.804178998073283],[-96.814521737554429,32.804530644357897],[-96.814804004542751,32.804864007215208],[-96.815046003351426,32.805097004863704],[-96.815671818749024,32.805638155681017],[-96.817043919738467,32.804555501718603],[-96.816547616806417,32.802315959889562],[-96.814328997351083,32.804178998073283]]],[[[-96.775178703430996,32.805217778320575],[-96.775480744765161,32.805504867624499],[-96.775723283363448,32.805714012426073],[-96.776251088240599,32.806170326516892],[-96.776990406068194,32.805561015907536],[-96.776447964294164,32.805080793899315],[-96.775910044222357,32.804613736288736],[-96.775178703430996,32.805217778320575]]],[[[-96.805392244068472,32.807021315755911],[-96.805449835797603,32.8070725975522],[-96.805562264596404,32.807170209827966],[-96.805604213275402,32.807206628423039],[-96.805778255965905,32.807345546626763],[-96.806065585559153,32.807111031393511],[-96.806135831188712,32.807052976599778],[-96.805741126607828,32.8067392711895],[-96.805392244068472,32.807021315755911]]],[[[-96.787659320846601,32.806785725239074],[-96.786280462677325,32.80789701656186],[-96.786439742253165,32.808035290711196],[-96.787139587438077,32.808630360798894],[-96.787427760405052,32.808882355269823],[-96.787859310852838,32.809259721246889],[-96.789692480528529,32.807759864085703],[-96.788769208659616,32.806973372871013],[-96.788120287030068,32.806413654975373],[-96.787659320846601,32.806785725239074]]],[[[-96.808244242621583,32.808589531657638],[-96.808175766971246,32.80865251007895],[-96.808634824299602,32.809012924833681],[-96.808811874195428,32.809157950427888],[-96.808905696312749,32.809234801263408],[-96.809049992635792,32.809352996202804],[-96.809268861062932,32.809517939562276],[-96.809573678456857,32.809747652740775],[-96.809634697858002,32.809692865463006],[-96.809972576920899,32.809379909268507],[-96.810244299435567,32.809132253220348],[-96.810291638093602,32.809089442283955],[-96.810261997910047,32.80906899519816],[-96.809820332025851,32.80872084736361],[-96.809317995698564,32.808323994426267],[-96.809019910927503,32.808056311569267],[-96.808960130967009,32.808109204206936],[-96.808616819514071,32.808374075055895],[-96.808559667014805,32.808329249528668],[-96.808244242621583,32.808589531657638]]],[[[-96.811264516113198,32.809649625543251],[-96.811168362374943,32.809731413831798],[-96.811269422271565,32.809800169801569],[-96.811602874153266,32.810027035951578],[-96.811826737308294,32.809850837807993],[-96.811812926180352,32.809840082480655],[-96.811472114525642,32.809563566868867],[-96.811415587343987,32.809521124148972],[-96.811264516113198,32.809649625543251]]],[[[-96.80879173016325,32.810462394220728],[-96.808935707919986,32.810590729811771],[-96.808657556983121,32.810818175460547],[-96.80858840609018,32.810876834620217],[-96.808638071464827,32.810920352421626],[-96.808828620509459,32.811087310558364],[-96.809176358126436,32.810806137338759],[-96.80917759051664,32.810805135813425],[-96.810037112368704,32.810096897113851],[-96.809795937134098,32.809915147671205],[-96.809722678846228,32.80997353336884],[-96.809430019048264,32.810212821584791],[-96.809255747616149,32.810075060037825],[-96.809207254890708,32.810118800124293],[-96.80879173016325,32.810462394220728]]],[[[-96.751405529371354,32.810293227594862],[-96.751764959362291,32.810627691143551],[-96.75181298509473,32.810669331144346],[-96.751814066941691,32.810669769356657],[-96.752263659157933,32.810309482521653],[-96.752451023315032,32.81015781800135],[-96.751954497374854,32.809730030391002],[-96.751897280137925,32.809782930295469],[-96.751890374602766,32.809788761675755],[-96.751698238501177,32.809950979490814],[-96.751502581539,32.810116170816052],[-96.751231727160274,32.809887366210766],[-96.751134859429399,32.80980048904248],[-96.751095374199181,32.809832975428002],[-96.751194459031524,32.809918831237503],[-96.751246949063784,32.80996196199748],[-96.751405529371354,32.810293227594862]]],[[[-96.794287702207512,32.810173276788269],[-96.793378034759087,32.811857537048397],[-96.794558502524538,32.812309320375221],[-96.794924257931783,32.811622462942097],[-96.795283286830653,32.810954368938646],[-96.795659316479188,32.810253601757452],[-96.794926639249681,32.809634638029237],[-96.794287702207512,32.810173276788269]]],[[[-96.800558472711714,32.811554571184161],[-96.800556011957156,32.811560924126603],[-96.800554015906059,32.811566156908086],[-96.800552043259458,32.811571394518985],[-96.800550092897737,32.81157663964968],[-96.800548447654833,32.811581122309065],[-96.800546261250886,32.811587147991439],[-96.800544379965743,32.811592411202469],[-96.800542522085152,32.811597679242837],[-96.800540686506736,32.811602953901428],[-96.80053887538331,32.811608234305609],[-96.800537087629849,32.811613521342572],[-96.800535322230431,32.81161881229265],[-96.800533580218286,32.811624108973774],[-96.800531860508343,32.811629412273113],[-96.800530166355742,32.811634719529259],[-96.800528493454834,32.811640032487333],[-96.800526845026269,32.811645350289368],[-96.800525219984948,32.811650673822491],[-96.800523617280419,32.811656002170366],[-96.800522040116007,32.811661335376854],[-96.800520484203304,32.81166667428522],[-96.800518951712405,32.811672017121261],[-96.800517444761681,32.811677364815871],[-96.800515959079974,32.811682717310696],[-96.80051449787058,32.811688074649481],[-96.800513061133572,32.811693436832265],[-96.800511646750635,32.811698802928163],[-96.800510256857351,32.811704172966323],[-96.800508889283591,32.81170954872097],[-96.800507546234016,32.81171492661452],[-96.800506226571741,32.811720310239174],[-96.800504930331385,32.811725697791523],[-96.800503657512905,32.811731089271554],[-96.800502409184105,32.81173648469391],[-96.800501184294433,32.811741883142226],[-96.800499982792132,32.811747287321687],[-96.800498804746255,32.811752693625387],[-96.800497651190042,32.811758103871405],[-96.800496522123595,32.811763518059735],[-96.800495415411206,32.811768936161187],[-96.800494332155296,32.811774356386955],[-96.800493274456855,32.811779780569623],[-96.8004922391126,32.811785208665391],[-96.800491228292557,32.811790638900028],[-96.800490240894504,32.811796073062425],[-96.800489278003354,32.811801510265418],[-96.800488338568783,32.8118069495927],[-96.800487422556103,32.811812392847692],[-96.800486531050439,32.811817839143323],[-96.800485664086352,32.811823286676159],[-96.800484819476409,32.811828738122088],[-96.800484000475862,32.811834190819866],[-96.800483204897262,32.811839647445375],[-96.800482432757917,32.811845107096843],[-96.800481685177374,32.811850567083873],[-96.800480961018849,32.811856030998634],[-96.800480261401916,32.811861496150591],[-96.800479585224252,32.811866964328566],[-96.800478932503111,32.811872434630892],[-96.800478305408618,32.811877905283282],[-96.800477701736142,32.811883379863403],[-96.800477121554806,32.811888854764526],[-96.800476565880487,32.81189433270621],[-96.80047603369735,32.811899810968825],[-96.800475527089006,32.811905292286689],[-96.800475042886731,32.81191077481256],[-96.800474584293895,32.811916258590287],[-96.800474149174946,32.811921743590574],[-96.80047373646201,32.811927229798989],[-96.800473350409035,32.81193271817547],[-96.800472986796734,32.811938205956615],[-96.800472647691507,32.811943696778343],[-96.800472333145208,32.811949187935639],[-96.800472043157868,32.811954679428496],[-96.800471775576653,32.811960172129382],[-96.800471533604906,32.811965666082031],[-96.800471314056466,32.811971160341081],[-96.800471121202648,32.811976654964838],[-96.800470950754914,32.811982150796666],[-96.800470803798348,32.811987646949454],[-96.800470682468529,32.811993143452291],[-96.800470584612711,32.811998641177823],[-96.800470510282551,32.812004137420892],[-96.800470461579209,32.812009634014089],[-96.800470436349812,32.812015131829938],[-96.800470434611611,32.812020629966725],[-96.800470457466957,32.812026126635708],[-96.800470504863995,32.812031624541852],[-96.800470575769594,32.812037121867277],[-96.800470672336544,32.812042617739422],[-96.800470792377425,32.812048114834226],[-96.800470935926839,32.812053611348276],[-96.80047110300201,32.812059106379884],[-96.800471294636282,32.812064601747032],[-96.800471510864085,32.812070095646312],[-96.800471751668226,32.812075588979447],[-96.800472014895817,32.812081082618967],[-96.800472303784844,32.812086574805164],[-96.800472616199656,32.812092065508992],[-96.800472953190805,32.812097555646595],[-96.800473313690546,32.81210304520345],[-96.800473698783904,32.812108533292459],[-96.800474107420342,32.812114018997377],[-96.800474540633132,32.812119504136085],[-96.800474998422303,32.812124988708675],[-96.800475479754581,32.812130470897081],[-96.800475983544942,32.812135951588509],[-96.800476514064556,32.812141430841265],[-96.800477067042195,32.812146908596915],[-96.800477644630817,32.812152383983062],[-96.800478246813043,32.81215785790134],[-96.800478871453407,32.812163330322591],[-96.800479521772502,32.812168800388925],[-96.800480194584225,32.812174267154788],[-96.800480893022893,32.812179734270792],[-96.800481613954233,32.812185198086375],[-96.800482359513751,32.812190658630641],[-96.80048312859924,32.812196117692551],[-96.800483922295669,32.812201574384872],[-96.800484740603068,32.812207028707675],[-96.800485581403137,32.812212479730043],[-96.800486445746429,32.812217928368227],[-96.800487336853536,32.812223373764368],[-96.800488249368328,32.812228816747194],[-96.800489186494076,32.812234257360437],[-96.800490147180327,32.812239694687882],[-96.800491132494869,32.812245128744067],[-96.800492140302126,32.812250559499844],[-96.800493173788155,32.812255987900599],[-96.800494229784221,32.812261412099254],[-96.800495309323509,32.812266833913789],[-96.800496414593397,32.812272250668244],[-96.800497541253762,32.812277665911104],[-96.800498692559671,32.812283076981018],[-96.800499868528433,32.81228848297625],[-96.800501136603359,32.812293875798979],[-96.800502234364913,32.812299294254643],[-96.80050315866157,32.812304735594417],[-96.800503911697987,32.812310196240652],[-96.800504490357085,32.812315671641223],[-96.80050489470797,32.812321158189221],[-96.800505125887497,32.812326652292612],[-96.800505181846432,32.812332149413642],[-96.800505064789462,32.812337645974722],[-96.800504772667281,32.812343137438255],[-96.80050430554904,32.81234862019744],[-96.80050366563934,32.812354090674738],[-96.800502853007245,32.812359545263249],[-96.800501867739129,32.812364979454635],[-96.800500708853463,32.812370388725775],[-96.800499380673315,32.812375770429952],[-96.800498168927192,32.812380092154179],[-96.800491456179017,32.812386166030841],[-96.800492259522301,32.812391621050907],[-96.800492913047265,32.812397091160804],[-96.80049342004358,32.812402571895753],[-96.80049377734241,32.812408061408625],[-96.800493983962397,32.812413555176434],[-96.800494043124061,32.812419052341191],[-96.800493952778226,32.8124245483653],[-96.800493712924848,32.812430043248661],[-96.800493324752651,32.812435530694074],[-96.800492786160518,32.81244100886898],[-96.800492099335898,32.812446475097516],[-96.800491264313237,32.812451927576205],[-96.800490282246713,32.812457361811191],[-96.800489152103083,32.812462775984542],[-96.800487877154751,32.812468166533243],[-96.800486454250205,32.812473530708338],[-96.800484886627302,32.812478866750325],[-96.800483173304556,32.812484170136074],[-96.800481318570462,32.812489440022318],[-96.800479321443518,32.812494671885922],[-96.800477180890553,32.812499863908911],[-96.80047490016662,32.812505013429998],[-96.800472480425924,32.812510115955263],[-96.800469923786792,32.812515172415594],[-96.800467230370074,32.812520176499113],[-96.800464401260811,32.812525127318743],[-96.800461438646437,32.812530022198509],[-96.800458344697049,32.81253485936427],[-96.800455118431202,32.812539634292875],[-96.800451764154559,32.812544345239353],[-96.80044828295226,32.812548991316532],[-96.800444677046215,32.812553568045182],[-96.800440946470943,32.812558073621844],[-96.800437096617202,32.812562505414448],[-96.800433126434513,32.8125668625066],[-96.800429039195322,32.812571141335361],[-96.800424836019246,32.812575339210191],[-96.800420520126863,32.812579455273138],[-96.800416094790762,32.812583485961248],[-96.800411560010829,32.812587431274444],[-96.800406920144681,32.812591286762689],[-96.800402176294597,32.812595050637064],[-96.800397331646721,32.812598723843074],[-96.800392387372511,32.812602300985134],[-96.80038734882811,32.812605781234474],[-96.800362898243279,32.81262157455734],[-96.800420752219637,32.812672922659445],[-96.800444630977097,32.81269288390623],[-96.800450419871794,32.812697791926333],[-96.800457869714677,32.812704478694997],[-96.800492598858057,32.812667530332426],[-96.800496572176613,32.812663176888925],[-96.800500494880012,32.812658789382432],[-96.800504365865976,32.812654369601674],[-96.800508185134476,32.812649917546786],[-96.800511951617722,32.812645433203052],[-96.800515666331705,32.81264091929021],[-96.800519328260421,32.812636373088608],[-96.800522936284295,32.812631797288731],[-96.800526490403328,32.812627191890513],[-96.800529990617548,32.812622556894055],[-96.800533435859123,32.81261789228472],[-96.800536828229042,32.812613199895125],[-96.800540163473556,32.812608478765149],[-96.800543445811925,32.812603731658342],[-96.800546669957043,32.81259895579656],[-96.800549840128255,32.812594153943344],[-96.800552952054446,32.812589326040275],[-96.800556008938898,32.812584472131171],[-96.800559008628852,32.812579593088508],[-96.800561951124223,32.812574688912314],[-96.800564836407887,32.81256976050431],[-96.800567663394602,32.812564808751553],[-96.800570432084541,32.812559833654078],[-96.800573143545407,32.812554835226493],[-96.800575795607088,32.812549815242988],[-96.800578389354698,32.812544772816466],[-96.800580924770983,32.812539708848618],[-96.800583398635226,32.812534624197397],[-96.800585814133555,32.812529519808201],[-96.800588171283295,32.812524394779444],[-96.80059046686381,32.812519249969029],[-96.800592700840525,32.81251408718024],[-96.800594876434104,32.812508905555298],[-96.800596990423969,32.812503705952032],[-96.800599044945571,32.812498488399719],[-96.800601036743856,32.812493255559524],[-96.800602967988922,32.812488005657386],[-96.800604837595728,32.812482739580325],[-96.800606645529683,32.812477459131827],[-96.800608391825378,32.812472162508421],[-96.800610076413776,32.812466853316892],[-96.800611698296109,32.81246152793593],[-96.800613258453836,32.812456190888518],[-96.800614755836506,32.812450841258453],[-96.800616190444089,32.812445479045685],[-96.800617562259291,32.812440105151886],[-96.80061887021435,32.81243471956256],[-96.800620117495413,32.812429323223107],[-96.800621299796745,32.812423917878618],[-96.800622419288487,32.81241850175477],[-96.800623475901588,32.812413078458462],[-96.800624468637309,32.812407644368236],[-96.80062539740932,32.812402203992605],[-96.800626263337264,32.812396754641114],[-96.800627066369302,32.812391299018806],[-96.80062780330212,32.812385837081877],[-96.800628478389541,32.812380369790461],[-96.800629087360448,32.812374897086137],[-96.800629634503323,32.812369418125606],[-96.800630115495181,32.812363935555588],[-96.800630534607166,32.812358449434399],[-96.800630887550895,32.812352960605438],[-96.800631177546975,32.812347468210746],[-96.800631403493071,32.812341974039121],[-96.800631564304226,32.812336478977713],[-96.800631662133227,32.812330982153874],[-96.800631694827274,32.812325484440279],[-96.800631663436803,32.81231998675311],[-96.800631567944677,32.812314489994137],[-96.80063140621526,32.812308994134078],[-96.800631183552966,32.812303501049364],[-96.800630894670675,32.812298007961914],[-96.800630541634945,32.812292518507689],[-96.800630125513464,32.812287032701313],[-96.800592204826955,32.811953984182026],[-96.8005917655681,32.811944242757185],[-96.800591585672265,32.811938747550606],[-96.800591453878411,32.811933250295397],[-96.800591372270361,32.811927753725861],[-96.800591340882548,32.811922256038471],[-96.800591357562183,32.811916758105852],[-96.800591423359776,32.811911260844248],[-96.800591538258018,32.811905765155402],[-96.800591703359245,32.811900269250458],[-96.800591916493303,32.811894774903607],[-96.800592180863575,32.811889282158688],[-96.800592492198831,32.811883790957346],[-96.800592853685259,32.811878302244956],[-96.800593263204519,32.81187281509068],[-96.800593723925374,32.811867331341681],[-96.800594232644457,32.811861850954223],[-96.800594789361796,32.811856373928272],[-96.800595396212941,32.811850900293038],[-96.800596051044991,32.811845430920954],[-96.800596754925778,32.811839965826671],[-96.80059750999088,32.811834505039343],[-96.800598311951831,32.81182904940237],[-96.800599162944152,32.811823598944876],[-96.800600061882875,32.811818154553919],[-96.800601010903478,32.8118127162588],[-96.800602007870467,32.81180728403023],[-96.800603053851518,32.811801857882799],[-96.800604147778913,32.811796437802002],[-96.800605290685866,32.811791025605729],[-96.800606482572363,32.811785621294021],[-96.800607722370586,32.811780224852278],[-96.800609009030026,32.811774835364211],[-96.800610345702211,32.811769455578649],[-96.800611729218318,32.811764083648512],[-96.800613161679436,32.811758721406271],[-96.800614642052196,32.811753367034008],[-96.800616170284883,32.811748023236795],[-96.80061774639465,32.811742689112869],[-96.800619369296527,32.811737365549419],[-96.800621040058289,32.811732052561027],[-96.800622758679864,32.811726750147642],[-96.800624525161254,32.811721458309279],[-96.800626338400178,32.811716178834693],[-96.800628198413818,32.81171091082232],[-96.800630106252768,32.811705655188277],[-96.800632061934209,32.811700411031026],[-96.800634063288101,32.811695180124609],[-96.800636111399442,32.81168996158209],[-96.800638068332788,32.811685098055953],[-96.800651132280848,32.811664441959657],[-96.800719282724529,32.811556677854114],[-96.800722345901903,32.811551827634801],[-96.800725406977904,32.811546975582779],[-96.800728465935265,32.811542122599853],[-96.800731521723563,32.811537267769744],[-96.800734574308194,32.811532412895716],[-96.800737624791452,32.811527556189098],[-96.800740672088324,32.81152269853694],[-96.800846507767233,32.81161487472189],[-96.800870290591959,32.811588089394505],[-96.800926804556525,32.811516330886533],[-96.80094905238424,32.811489218824107],[-96.800990753081933,32.811440059628453],[-96.801025737971528,32.811400371849132],[-96.801077630814646,32.811343918130234],[-96.801131101087648,32.81128852495614],[-96.801264795048326,32.811160895988593],[-96.801341171459185,32.811094131044264],[-96.801133681691866,32.81094715744949],[-96.80113757156694,32.810942749632943],[-96.80114147831874,32.810938352869883],[-96.801145401981771,32.810933965356931],[-96.801149343571964,32.810929589813824],[-96.801153302038912,32.810925225324205],[-96.801157277382558,32.810920871888108],[-96.801161269602872,32.810916529505562],[-96.801165278699898,32.81091219817651],[-96.801169304673621,32.810907877900917],[-96.801173346456252,32.810903568664322],[-96.801177405098315,32.810899271382901],[-96.801181482769906,32.810894984282434],[-96.80118557516532,32.81089070910803],[-96.801189683352476,32.810886445874239],[-96.801193809501299,32.810882192806858],[-96.801197951441793,32.810877951680041],[-96.801202111292213,32.81087372342472],[-96.801206286986059,32.810869504404884],[-96.801210478437042,32.810865299129119],[-96.801214686781989,32.810861104005099],[-96.801218909833551,32.810856921708819],[-96.801223151897304,32.810852750495165],[-96.801227407617176,32.810848591192944],[-96.801231681264284,32.81084444386051],[-96.801235970720228,32.810840307566984],[-96.801240275950619,32.810836184115757],[-96.80124459697258,32.810832072605045],[-96.80124893271848,32.810827973020416],[-96.801253287476612,32.810823884518399],[-96.801257655856261,32.810819809731193],[-96.801262041112622,32.810815745997481],[-96.801266441075626,32.810811695091459],[-96.801270856830186,32.810807656126009],[-96.80127528944422,32.810803629115739],[-96.801279736747588,32.810799615834831],[-96.801284199877117,32.810795612691102],[-96.801288679814263,32.810791624207631],[-96.801293173424781,32.810787646733928],[-96.801297682826913,32.810783681200725],[-96.801302209053986,32.810779729426109],[-96.801306747852053,32.810775790449959],[-96.801311304577339,32.810771863443584],[-96.801315876009269,32.810767949264871],[-96.801320463215504,32.81076404792843],[-96.801325064077886,32.810760158503385],[-96.801329679629603,32.810756282807695],[-96.801334312040694,32.810752419067178],[-96.801338958073359,32.810748569041408],[-96.801343619880441,32.810744731857881],[-96.801348296394153,32.810740907502051],[-96.801352988682169,32.810737095988479],[-96.801357694609081,32.810733297287918],[-96.80136241522527,32.810729512316762],[-96.801367150548103,32.810725740173304],[-96.801371901645325,32.810721980872003],[-96.801376666364092,32.81071823528552],[-96.801381445772236,32.8107145034284],[-96.801386238836457,32.810710783482605],[-96.801391047657802,32.810707077280767],[-96.801395871168481,32.810703384808271],[-96.801400707233,32.810699706035983],[-96.8014055601396,32.81069604012044],[-96.801410424549559,32.810692386988883],[-96.801415304699333,32.810688748502855],[-96.801420198470694,32.810685123731638],[-96.801425106948699,32.810681511788019],[-96.801430029048248,32.810677913559196],[-96.801434964734852,32.810674330848506],[-96.801439915162632,32.810670759162015],[-96.801444878109677,32.810667202979076],[-96.801449855763309,32.810663659623835],[-96.801454848106303,32.810660129997856],[-96.801459852985843,32.810656614973773],[-96.801464871486985,32.810653113664408],[-96.801469903609714,32.81064962606979],[-96.801474949336722,32.810646153091618],[-96.801480009770401,32.810642692941052],[-96.801485081655571,32.810639248279436],[-96.801490168230146,32.810635817347134],[-96.801495268426265,32.810632400129556],[-96.801500380108422,32.810628996597586],[-96.801505506462703,32.810625607696579],[-96.80151064642132,32.810622233411969],[-96.801515797865974,32.810618872812981],[-96.801520963965459,32.81061552774662],[-96.801526142636064,32.81061219547874],[-96.801531332758188,32.810608878699831],[-96.801536536501899,32.81060557563562],[-96.801541753832652,32.810602288089484],[-96.801546983734553,32.810599013341808],[-96.801552227223482,32.810595754112256],[-96.801557482181252,32.810592509469885],[-96.801562748607836,32.810589279414849],[-96.801568029689221,32.810586064892405],[-96.801573322273939,32.81058286315389],[-96.80157862842853,32.810579677835072],[-96.801583945001369,32.810576506187296],[-96.801589275178557,32.810573349155852],[-96.801594616807336,32.810570207613395],[-96.80159997097266,32.810567080672705],[-96.801605337657278,32.81056396923556],[-96.801610716895823,32.810560871498502],[-96.801619825630524,32.810555604132283],[-96.801625177693097,32.810552475357966],[-96.801630516185057,32.810549330163425],[-96.801635840090512,32.810546165828988],[-96.801641149374859,32.810542984158054],[-96.801646445071356,32.810539786968597],[-96.801651725079012,32.810536572428049],[-96.801656990482869,32.810533339649297],[-96.801662242316084,32.810530090450293],[-96.801667478460473,32.810526823900275],[-96.801672699949251,32.810523541817105],[-96.8016779068342,32.810520241495752],[-96.801683098030324,32.810516923823357],[-96.801688274570793,32.810513590617866],[-96.801693435422379,32.810510240061262],[-96.801697451355295,32.810507613454973],[-96.801703713210529,32.810503489643772],[-96.801708828011513,32.810500089753688],[-96.801713928191447,32.810496672527094],[-96.801719012665188,32.810493238851144],[-96.8017240814156,32.810489789627582],[-96.801729134459805,32.810486323954606],[-96.80173417179796,32.810482841832318],[-96.801739193429952,32.810479343260639],[-96.801744199355795,32.810475828239625],[-96.801749189575531,32.810472296769269],[-96.801754161919021,32.810468750623791],[-96.801759119658712,32.810465186240144],[-96.801764060589946,32.810461607195982],[-96.801768984730032,32.810458012589535],[-96.801773893181291,32.81045440063216],[-96.801778785891798,32.810450774028745],[-96.80178366182848,32.81044713096145],[-96.801788519906211,32.810443472317381],[-96.801793364378781,32.810439799056503],[-96.801798188874145,32.810436109287934],[-96.801802997646121,32.810432403971816],[-96.801807789644201,32.810428682191734],[-96.801812564816558,32.810424946652873],[-96.801817323232328,32.810421193748383],[-96.801822064822375,32.810417427085085],[-96.801826788553456,32.810413644845006],[-96.801831494425656,32.810409847028168],[-96.801836184574427,32.810406033663703],[-96.801840856847008,32.810402205624129],[-96.801845511260652,32.810398362007831],[-96.801850148883119,32.810394502829297],[-96.801854768594822,32.810390630779075],[-96.801859370464925,32.810386742250401],[-96.801863955526571,32.810382839061262],[-96.801868521644266,32.810378921182433],[-96.801873070953533,32.810374988643147],[-96.801877602386611,32.81037104142878],[-96.801882114875681,32.810367079524781],[-96.801886609471339,32.810363103847408],[-96.801891087275834,32.810359112607877],[-96.80189554613635,32.810355106678706],[-96.801899986035622,32.810351086961575],[-96.801904409126493,32.810347052583978],[-96.801908813273442,32.81034300351677],[-96.801913198441866,32.810338941563302],[-96.801917565751367,32.810334864033116],[-96.801921914099623,32.810330772714977],[-96.801926244554494,32.810326667623507],[-96.801930554980359,32.810322548729552],[-96.80193484751274,32.810318416062209],[-96.801939121083961,32.81031426960697],[-96.801943376778965,32.810310108476664],[-96.801947613495514,32.81030593446021],[-96.80195183126807,32.810301745754074],[-96.801956028977159,32.810297545048847],[-96.801960206674536,32.810293329639485],[-96.801964367528953,32.810289101373009],[-96.801968507303911,32.810284858387782],[-96.801972629150953,32.810280603432645],[-96.80197673096896,32.810276334675052],[-96.801980813825764,32.810272052129505],[-96.80198487663634,32.810267756683217],[-96.801988920451222,32.810263449252346],[-96.801992944254422,32.810259127117348],[-96.801996947994084,32.810254792983336],[-96.802000933823081,32.810250445977644],[-96.802004897470312,32.810246086041992],[-96.802008844274596,32.810241713249333],[-96.802012768914423,32.810237326625085],[-96.802016673490797,32.810232928001717],[-96.802020559071437,32.810228517393909],[-96.802024424605833,32.810224093885282],[-96.802028270094013,32.810219657475955],[-96.802032094433741,32.810215209954599],[-96.802035899812253,32.810210748645424],[-96.802039684059537,32.810206275322606],[-96.802043448243381,32.810201790000725],[-96.802047191295955,32.810197292665194],[-96.802050915352851,32.810192783345187],[-96.802055046569564,32.810186643483355],[-96.802058183731262,32.810181827613455],[-96.802061255278247,32.810176980182227],[-96.802064259040506,32.810172102963953],[-96.802067193950293,32.810167195944032],[-96.802070058939876,32.810162259107933],[-96.802072856093019,32.810157295189796],[-96.802075583291355,32.810152303258931],[-96.802078240517773,32.81014728421686],[-96.802080826669936,32.810142239852574],[-96.802083342832887,32.810137169278832],[-96.802085786836614,32.810132074269937],[-96.802088159748834,32.81012695484047],[-96.802090461535116,32.810121812793788],[-96.80209268900937,32.8101166471845],[-96.802094846390929,32.810111460775964],[-96.802096930493761,32.810106252622823],[-96.802098941300613,32.810101023626721],[-96.802100879844758,32.810095775605625],[-96.802102743990673,32.810090508530429],[-96.802104533738373,32.810085222401106],[-96.80210625010389,32.81007991993733],[-96.802107892036659,32.810074600222755],[-96.802109459519457,32.810069264159246],[-96.802110951450047,32.810063913535494],[-96.80211236891347,32.810058547464365],[-96.802113711857928,32.810053168651017],[-96.802114978165221,32.810047776164581],[-96.802116168868537,32.810042371823002],[-96.802117285035678,32.810036955640854],[-96.802118325564408,32.81003152940702],[-96.802119289404203,32.810026092205163],[-96.802120176520603,32.810020645838677],[-96.802120987946836,32.810015192125626],[-96.80212172371742,32.810009729262433],[-96.802122381645063,32.810004259925179],[-96.802122963865344,32.809998784143012],[-96.802123468208208,32.809993303690113],[-96.802123896809221,32.80998781859563],[-96.802124248600592,32.80998232884501],[-96.802124524615607,32.809976836256226],[-96.802124722701507,32.809971341701811],[-96.802124842858333,32.809965845181765],[-96.802124888272033,32.809960347641571],[-96.802124854637142,32.809954850826202],[-96.802124745174169,32.809949353877698],[-96.802124558780875,32.80994385858498],[-96.802124295439981,32.809938365849682],[-96.802123955168824,32.80993287477007],[-96.802123537881101,32.809927389854657],[-96.802123044696316,32.809921908412896],[-96.802122474529483,32.809916431331992],[-96.802121827328889,32.809910961316938],[-96.802121103111801,32.809905497466048],[-96.802120303961885,32.809900042513561],[-96.802119427778251,32.809894594627032],[-96.802118474509086,32.809889156511375],[-96.802117446289927,32.809883728195857],[-96.802116342035816,32.809878310567562],[-96.802115161729461,32.809872904528135],[-96.802113905370874,32.809867510077666],[-96.802112576128835,32.809862129063148],[-96.802111168664567,32.809856761411773],[-96.802109688316889,32.809851407196476],[-96.802108131813469,32.809846069980196],[-96.802106501324417,32.809840747988773],[-96.802104795764663,32.809835442109282],[-96.802103016167479,32.809830154159627],[-96.802101163600597,32.809824884154494],[-96.802099236979089,32.809819632980904],[-96.802097237353451,32.809814401555187],[-96.802095164706387,32.809809190779013],[-96.802093019055206,32.809803999750649],[-96.802090800330873,32.809798832076865],[-96.80208850856792,32.809793685954354],[-96.802086146935054,32.80978856323015],[-96.802082025004353,32.809780045968708],[-96.80192834737025,32.809763766254122],[-96.801976161041338,32.809903540630906],[-96.80198093352297,32.809980569199141],[-96.801963900634405,32.810060459565314],[-96.801926388014351,32.810133043429744],[-96.801782824535948,32.810279759357641],[-96.801609734920802,32.810412007306141],[-96.801529807235553,32.810461076771965],[-96.801384641797029,32.810552282792095],[-96.801253862436127,32.810649801091422],[-96.801128384676289,32.810760475048156],[-96.801021353162923,32.810872527336194],[-96.800581427883586,32.810571780973753],[-96.800322053479604,32.810767087337254],[-96.800259005398885,32.810716151622813],[-96.800083093595035,32.81092360779018],[-96.800028765165436,32.810981289615498],[-96.800631953092378,32.811437535955029],[-96.800558472711714,32.811554571184161]]],[[[-96.753152999763714,32.810997996696365],[-96.752842292333014,32.811197055649082],[-96.752826633255822,32.811328350601791],[-96.752798273807215,32.811415450884198],[-96.752893321160201,32.811499156981171],[-96.752800228660888,32.811420912506186],[-96.752677718262547,32.811637060629586],[-96.752864508199863,32.811787421408511],[-96.752864492335135,32.811965714078148],[-96.753165869974978,32.81222255453843],[-96.753245672678517,32.812157327865073],[-96.753292314021223,32.812196775064507],[-96.75350323561085,32.812021946116062],[-96.753004897234575,32.811592937963603],[-96.75296588473455,32.811560146748839],[-96.753002318573834,32.811531294111731],[-96.753321048566733,32.811270747887157],[-96.753394425983544,32.811208826692862],[-96.753152999763714,32.810997996696365]]],[[[-96.766924430321865,32.813304108117087],[-96.767787230371582,32.813313712110094],[-96.768218525760275,32.813319717192215],[-96.768218606912484,32.813319718321985],[-96.768399272209479,32.8129688855133],[-96.768470596718686,32.812817303644238],[-96.768497787055992,32.81275857660652],[-96.768501342208765,32.812747274355431],[-96.768510274740109,32.812718865118107],[-96.768516185000806,32.812700066306142],[-96.768431589914826,32.812701121056023],[-96.768111881085602,32.812696670293924],[-96.767834491620746,32.812690575720289],[-96.767588764352183,32.812687153770575],[-96.767419574216007,32.812689260148112],[-96.767412244958436,32.812688993010994],[-96.76692833874273,32.812671259351482],[-96.766928002610953,32.812725364387276],[-96.766924374785887,32.813304053227327],[-96.766924429243289,32.813304053986002],[-96.766924430321865,32.813304108117087]]],[[[-96.753152999763714,32.810997996696365],[-96.753544142779461,32.810665016754015],[-96.754570950651186,32.811540323909583],[-96.754974365852817,32.81120500975662],[-96.755486278899028,32.811638044356215],[-96.756281886537309,32.810974588854414],[-96.755788130034844,32.810528372354355],[-96.755773735156126,32.810515808578522],[-96.756200394068898,32.810164819744742],[-96.758488023578522,32.808282859713024],[-96.759014859139569,32.807849430875301],[-96.760299653768314,32.806768508815288],[-96.760319444769678,32.806784095066689],[-96.760718832355536,32.807127957442788],[-96.760789651914479,32.807186907844709],[-96.760939550312557,32.807064441928517],[-96.76123046532382,32.80682626988191],[-96.760738667184839,32.806400153900405],[-96.761589606425943,32.805698747832764],[-96.761993392527501,32.805359376908349],[-96.762407297217734,32.805022983548199],[-96.762913116577863,32.80546560479663],[-96.764542375414379,32.804108839170354],[-96.764041231488662,32.803680782948533],[-96.765417811884461,32.802534578067437],[-96.765353279064726,32.802468414076813],[-96.768804135962441,32.799686603298724],[-96.768307955305602,32.799251534001918],[-96.767559878284487,32.798604699221919],[-96.767113808476068,32.798214881246153],[-96.76711427949806,32.798214494565194],[-96.767559893620728,32.798603913850258],[-96.76830797063532,32.7992507486302],[-96.768804151287839,32.799685817926999],[-96.769330064952186,32.800138276005917],[-96.769732675473989,32.800490473854673],[-96.769959375043072,32.800688786132206],[-96.769973204824723,32.800700884934194],[-96.770312468535835,32.800997149220947],[-96.769970892295333,32.800702222806287],[-96.766533451474388,32.803520847828906],[-96.766547998976506,32.803531139613504],[-96.764100995088555,32.805575748882809],[-96.762582975530208,32.806835635604635],[-96.761052522253294,32.808104954091533],[-96.761098930445698,32.808145463892728],[-96.759589884077698,32.809399943167222],[-96.759429291339472,32.809537900131254],[-96.759398207197691,32.809504475988568],[-96.756357886535994,32.812107215218347],[-96.756353977021604,32.812111689937566],[-96.756414793083991,32.812232966104546],[-96.756531977860789,32.812580091331178],[-96.756555586706455,32.81265002547687],[-96.756575398107486,32.812711505768924],[-96.756323654720418,32.812712463471442],[-96.756322850378126,32.8127124675296],[-96.756348488181672,32.813279806914821],[-96.75744737859489,32.813291322456394],[-96.75767336788347,32.813274861853856],[-96.758389932970545,32.813279095958123],[-96.758661837825585,32.813280701786944],[-96.759794436699593,32.813287381312698],[-96.759979112714007,32.813288470170001],[-96.760274237220514,32.813290209662988],[-96.760274856814021,32.813272069596842],[-96.760275075421006,32.813257546994663],[-96.76027508543477,32.813256927505492],[-96.760276293149545,32.813176288878623],[-96.760277262726206,32.813111549834794],[-96.760277268248004,32.813111159374245],[-96.760281805496149,32.812808420770516],[-96.760281808747607,32.812808091609753],[-96.760282634966643,32.812721144923877],[-96.759990288947876,32.812719589500944],[-96.760089785066157,32.812642352325113],[-96.760257504083015,32.812499396412477],[-96.761252039944395,32.811651683537846],[-96.761386265212991,32.811537272304797],[-96.761548706530107,32.811398809229644],[-96.761553900165836,32.811394194458693],[-96.761583253235699,32.811368112150639],[-96.761592502383763,32.811359895807698],[-96.761559848968133,32.811335187341648],[-96.762351215811407,32.810697401784594],[-96.762352214153523,32.810696598577849],[-96.763234863117532,32.809978331285329],[-96.76325102507802,32.809991352687575],[-96.763472576488269,32.80980369025567],[-96.7640224471442,32.809337928263375],[-96.764926987105611,32.808572798928651],[-96.76531362104086,32.808902584763288],[-96.765783915943842,32.808450042540606],[-96.765783807070221,32.808450039218812],[-96.765092155810635,32.808429365455375],[-96.765079363450567,32.808414980662931],[-96.765079144234832,32.808414721455996],[-96.764803051950764,32.808090361565228],[-96.764761461767918,32.808033707206029],[-96.764726040420243,32.808062613424468],[-96.764709405507006,32.808048388744645],[-96.764661576428423,32.808007492500174],[-96.764354225142128,32.807747975685395],[-96.764334407288658,32.807731968511909],[-96.76464722256425,32.807474620504742],[-96.764760121111266,32.807474241941172],[-96.765230004170633,32.807472660642347],[-96.76524406547388,32.807472614128315],[-96.765244063363951,32.807472558178901],[-96.765244011027917,32.807472558350987],[-96.765243120869386,32.80744844444213],[-96.765237735520941,32.807334158267871],[-96.76522282515667,32.807013676066894],[-96.765222598671343,32.807008600428212],[-96.765218804235332,32.806923229008113],[-96.766271846573147,32.806925540145343],[-96.766270463158833,32.806788066056754],[-96.766268648570204,32.8066302482369],[-96.766266243495579,32.806421001999063],[-96.766396688252456,32.806409074643263],[-96.766485952803478,32.806338843126525],[-96.766799379226498,32.80608342037182],[-96.766799435860804,32.806083473473173],[-96.766854062104855,32.806131669167179],[-96.767394654489863,32.80660859864215],[-96.76742587695756,32.806635149954779],[-96.767475795612711,32.806679324809942],[-96.767541019158131,32.806737044303659],[-96.767607062381884,32.806681152207666],[-96.767644561302561,32.806649418597445],[-96.767932619590454,32.806405635437393],[-96.767958078408995,32.80638409188844],[-96.768032885245844,32.806320807589564],[-96.768107874361121,32.806257371554075],[-96.768844642233304,32.805634080463633],[-96.768918777791313,32.805571362638744],[-96.768722856453948,32.805398527408919],[-96.76862897135122,32.805315701985748],[-96.768622570062462,32.805310054261703],[-96.768173204508912,32.804913621666735],[-96.768397048506628,32.804729710319329],[-96.769229360839716,32.804045861859045],[-96.769284781733518,32.803999899305197],[-96.769412209536654,32.803895022225873],[-96.769622084539037,32.803722287760706],[-96.769832757617053,32.803548893012575],[-96.770664502129151,32.802864320174407],[-96.771000779344803,32.802587540347226],[-96.771583945309487,32.802107449402399],[-96.771917006474922,32.802387424201655],[-96.772648364548857,32.801778232473701],[-96.773388538307714,32.801157387794625],[-96.77344030797974,32.801116649961848],[-96.773554870646066,32.80102045435563],[-96.773671318566386,32.80092269109636],[-96.77378277112102,32.800829119136345],[-96.773897927726665,32.800732437205696],[-96.774013746569693,32.800635187123348],[-96.774129333488901,32.80053815288759],[-96.774120467505625,32.80053041483481],[-96.774232819146647,32.800435645464589],[-96.774347175293556,32.800339984736219],[-96.77446192473667,32.800242428987374],[-96.774582119750988,32.800141059540984],[-96.774595376939828,32.800153415047184],[-96.774718037287769,32.800049640843824],[-96.774863109115159,32.799927723814477],[-96.774904969113805,32.799892538236456],[-96.775009073109345,32.799805048742392],[-96.775046433904024,32.79977365017087],[-96.775158544974715,32.799679398868726],[-96.775214338058419,32.799632447673019],[-96.775260836158836,32.79959312058034],[-96.775365346769973,32.799504729088987],[-96.775493182470981,32.799395300428635],[-96.776000295054345,32.798996562461063],[-96.776078589447863,32.798934153375235],[-96.776050004651609,32.798909152416883],[-96.777076871797448,32.798063699951726],[-96.777059756461952,32.798049189756412],[-96.776754771624823,32.797782080556914],[-96.776675065428563,32.797717022757908],[-96.776617074952554,32.797767027851819],[-96.776515244230978,32.797671846351605],[-96.776266291754936,32.797454565826648],[-96.776341142346766,32.797393388703775],[-96.776357501623806,32.797380017870381],[-96.776383227633829,32.797358992254004],[-96.776349278397618,32.797329363148791],[-96.776414763151934,32.797275841675678],[-96.776498957432452,32.797207027396169],[-96.776596501588813,32.797280303787076],[-96.776687712103765,32.797205753798977],[-96.776778921345269,32.797131206433818],[-96.776870130451087,32.797056658099599],[-96.776968355738447,32.796976374096445],[-96.776973034712086,32.796972550682135],[-96.777058655963245,32.79690208992956],[-96.776519045796135,32.796437238352411],[-96.775864430042432,32.795871727074484],[-96.775185272422164,32.795295061272611],[-96.774802798308045,32.794963312133717],[-96.774641717718296,32.794823239501099],[-96.774547313717818,32.794735873563432],[-96.774604680543248,32.794686926867428],[-96.774783015516178,32.794538236656109],[-96.774933555859931,32.794412719189744],[-96.775028736605776,32.794495561586558],[-96.77520540995539,32.794348244831895],[-96.775381421704964,32.794201477857321],[-96.775556768553216,32.794055266031428],[-96.775602424708723,32.79409409868947],[-96.77571742436831,32.793996092561471],[-96.77583752119881,32.793896737349975],[-96.775784268853286,32.793846066205091],[-96.775899028119511,32.793749688180306],[-96.77601659841315,32.793851719489155],[-96.776018297230081,32.793850297237881],[-96.776018765810363,32.793850692466933],[-96.776330307223347,32.793589047457608],[-96.776360061206475,32.79356405956436],[-96.776423818631997,32.793510701771254],[-96.776358959648334,32.793453332800141],[-96.775844005452583,32.793008998507119],[-96.775572482585218,32.792774650872914],[-96.774813610990464,32.792120086526182],[-96.774598663977812,32.792294422195774],[-96.774507416526674,32.792368403709133],[-96.774375414766638,32.792479465519378],[-96.773976928924483,32.79282270203678],[-96.773837955265023,32.792938414313831],[-96.773127801939168,32.793529692227352],[-96.772282558375366,32.794234355020841],[-96.771694278295215,32.794738357449852],[-96.771675248324314,32.794754840117442],[-96.771449684849898,32.794948575987192],[-96.771656728520711,32.795123647159109],[-96.770904162658269,32.795762250312656],[-96.769752236879228,32.796731180588658],[-96.769693468352983,32.79668686899435],[-96.769349460393101,32.796394328371505],[-96.76932279878983,32.796371602913133],[-96.769205908684299,32.796475229367836],[-96.768476737802899,32.797088376359383],[-96.768476268910405,32.797088763976923],[-96.768078654230919,32.79674136820875],[-96.7676503807199,32.796369739305874],[-96.767584053306706,32.796425048365201],[-96.76745569538862,32.79653041654673],[-96.767350676092207,32.796616627940367],[-96.767327337148018,32.796635785496562],[-96.767233986590853,32.796712416653442],[-96.767210649731425,32.796731574217389],[-96.767093959927735,32.796827362798197],[-96.767058952933979,32.796856099531283],[-96.766977269836858,32.796923153072171],[-96.76688391867502,32.796999783964495],[-96.766860579529265,32.797018941432555],[-96.766708881749167,32.797143466316548],[-96.766592192997294,32.797239254453132],[-96.766347141289614,32.797440410381],[-96.766335472127068,32.797449989523123],[-96.766290999935265,32.79749506434456],[-96.765885477683909,32.797134777145523],[-96.765448305814999,32.79674186701979],[-96.764831115865363,32.796207369053455],[-96.764231244780078,32.795683230227844],[-96.76359984527133,32.796189748254569],[-96.763221189016505,32.796496197998543],[-96.763005774708816,32.796672604510746],[-96.763267568602018,32.796892063924815],[-96.763228666887542,32.796923851477551],[-96.763196423885589,32.796951360322943],[-96.762831996298843,32.797246004664359],[-96.762754850736101,32.797311016445619],[-96.762655109623395,32.797224311823157],[-96.762570233503524,32.797295757243347],[-96.762407611508678,32.797430506544011],[-96.762428587518528,32.797448585767071],[-96.762306234016748,32.797548071724371],[-96.762181702572278,32.797649313867332],[-96.762125999582722,32.797601473432636],[-96.76199498934831,32.79770792734341],[-96.761871624476129,32.797807755014418],[-96.761744619868821,32.797910528829263],[-96.761626182668437,32.798006329442373],[-96.761500739364607,32.798112451175982],[-96.761395661689846,32.7980214706349],[-96.761261885687162,32.797908903231523],[-96.76091117593657,32.798211697934057],[-96.760379270268729,32.79865373813071],[-96.760660129004748,32.798896838820625],[-96.760359941246747,32.799141434020797],[-96.760736864622871,32.799465602035461],[-96.761419520194593,32.800010003268874],[-96.761348786949398,32.80006293402721],[-96.760770872965807,32.800508648562989],[-96.760408409170594,32.800788194345252],[-96.759780876470074,32.801272138841973],[-96.759185081355852,32.800758707403105],[-96.759132763118899,32.800713110134836],[-96.7589556036706,32.800861183312435],[-96.758908620302321,32.80081964267449],[-96.758582910003881,32.800535589073696],[-96.75843234432287,32.800404277654501],[-96.758412106265382,32.800381143722731],[-96.758205783208226,32.800546405151287],[-96.758009804020034,32.800706521264765],[-96.757472303259917,32.80115255134595],[-96.756902432638242,32.801612351759985],[-96.756389868359733,32.801125990300442],[-96.755961784570857,32.800747714169937],[-96.75556546071779,32.800390709469916],[-96.755309828958758,32.800593607787135],[-96.755197417300153,32.80068440090789],[-96.75527231596071,32.800748574513811],[-96.755595804866786,32.801030023516745],[-96.755612930008255,32.801042313567116],[-96.75427665550697,32.802144708407567],[-96.754691162293511,32.802501149704391],[-96.755485220070227,32.801858015858073],[-96.755921206628742,32.802270418181465],[-96.755765387417142,32.803330468696458],[-96.755375345942923,32.803625639900027],[-96.755712005388446,32.803915987622254],[-96.755697564312513,32.80404895056494],[-96.755145079744182,32.804480647283917],[-96.75472563962127,32.804117311736739],[-96.754077451490573,32.804607824544036],[-96.753356793895207,32.803950630514713],[-96.753293888065855,32.803997336913419],[-96.753305974907335,32.804007558731854],[-96.753306204947378,32.804007754074803],[-96.753290231061584,32.804009988431105],[-96.753237459049828,32.804044984764808],[-96.751431092597301,32.805517868594713],[-96.750007469609002,32.804293737262839],[-96.749040967954784,32.805062257240962],[-96.74894973821003,32.805148944283054],[-96.748775461800165,32.805352526512841],[-96.74884363390278,32.805405594814395],[-96.748774067269991,32.805352080262736],[-96.747793154862819,32.806584864756857],[-96.748101101999637,32.806805428278906],[-96.749028370116278,32.807560999861487],[-96.749521391382558,32.80799274405566],[-96.750593286275958,32.807106068698708],[-96.75072179083449,32.807037860427471],[-96.750754848611905,32.807018650479499],[-96.750755379789624,32.807019118839058],[-96.750839393240298,32.806970774956412],[-96.750930737378894,32.80691425341999],[-96.751421273414678,32.80651153301028],[-96.751574122807511,32.806642890360585],[-96.752176411816464,32.806161638665962],[-96.751754765388966,32.805796872207559],[-96.75300353990157,32.806873280168972],[-96.753390693215508,32.807215484790376],[-96.753793823021539,32.807573029794014],[-96.753482660505838,32.807835324886206],[-96.753382890335757,32.807942513482622],[-96.753212936542354,32.80818342239705],[-96.753109887728385,32.808374412334238],[-96.753004806358391,32.808585992805376],[-96.752921475770279,32.80889134813907],[-96.752867815930372,32.809177875555605],[-96.752855571947876,32.80951034484292],[-96.752856502625221,32.809669806691836],[-96.75285306546489,32.809926800282518],[-96.752854227698393,32.810446396724252],[-96.752852951456603,32.810780595707733],[-96.753152999763714,32.810997996696365]],[[-96.768291467588227,32.797240813316343],[-96.768237614927727,32.797285021328442],[-96.768276869593578,32.797251752562495],[-96.768357813892948,32.797186350159087],[-96.768291467588227,32.797240813316343]]],[[[-96.772715052598301,32.814575355968181],[-96.772717640141067,32.814657491241299],[-96.772716977277199,32.814790153660262],[-96.772922132234299,32.814790775241974],[-96.772941942753974,32.814790860875377],[-96.772942190436297,32.814576975444595],[-96.772715052598301,32.814575355968181]]],[[[-96.825358778642524,32.817755476613385],[-96.825409260337281,32.817819301759528],[-96.82547881861494,32.817773830406658],[-96.825562157510078,32.817726223848176],[-96.825667386263575,32.817683552259382],[-96.82563204229406,32.817627007469468],[-96.825201464064861,32.816913085442621],[-96.825163935104399,32.817075811552236],[-96.825049048732652,32.817055648118597],[-96.824841782661224,32.817019269585835],[-96.824779104941896,32.817047179850597],[-96.825358778642524,32.817755476613385]]],[[[-96.800097286668944,32.818972484829402],[-96.800331418290554,32.818971958919839],[-96.800979786170402,32.818970498428783],[-96.800979522945866,32.818984240225653],[-96.801171564799134,32.818986642787713],[-96.801172848736371,32.818917933363764],[-96.800980815561189,32.818915141286944],[-96.80098406144198,32.818660871512414],[-96.800297775327294,32.818657224013499],[-96.80006139071476,32.818655745641692],[-96.799851362517771,32.818655436954451],[-96.799853355749818,32.818671872083193],[-96.800062411213077,32.818661408366332],[-96.800097286668944,32.818972484829402]]],[[[-96.809010780112644,32.820794192883028],[-96.809092783960367,32.821189283771929],[-96.809098200007497,32.82123055652221],[-96.809172801766081,32.821626117645131],[-96.809185654060528,32.821702828062598],[-96.810523192136188,32.821721288794691],[-96.810590000541183,32.821667826983308],[-96.811010938052974,32.821321326435857],[-96.809770943562867,32.820218933276095],[-96.809335147783457,32.820569266566245],[-96.809129881766651,32.820720172481195],[-96.80899280573783,32.820714763854191],[-96.809010780112644,32.820794192883028]]],[[[-96.716347349867078,32.821517197569101],[-96.716438714894053,32.821709571820243],[-96.716775755380482,32.821585194105438],[-96.716680347666085,32.821391388502384],[-96.716347349867078,32.821517197569101]]],[[[-96.728407046871695,32.82086340876883],[-96.728332960990031,32.820904964018226],[-96.728427908194064,32.821082260026806],[-96.7284504556646,32.821176051721785],[-96.728523047914891,32.821249935912157],[-96.728607448356868,32.821303371679114],[-96.728630394973194,32.821417785533328],[-96.728628528779709,32.821511228668044],[-96.728624576827571,32.821709108244669],[-96.728656035246814,32.821967973305284],[-96.728786752619655,32.822188390386756],[-96.728907541083913,32.822294576153411],[-96.729177692998931,32.822339657537533],[-96.729600314508943,32.822127118327252],[-96.728656706904076,32.820711638233561],[-96.728407046871695,32.82086340876883]]],[[[-96.735981547855005,32.822035914528179],[-96.736096654057008,32.822626650703867],[-96.736653611831869,32.822537452666026],[-96.736649291804326,32.822513769693359],[-96.736556745371502,32.822054346743712],[-96.736536088638914,32.821944317009006],[-96.735981547855005,32.822035914528179]]],[[[-96.717132423870211,32.822306452044209],[-96.716560405005637,32.823227454620607],[-96.716634632145031,32.823341233242743],[-96.716503500445697,32.823588148240383],[-96.716968626682373,32.823773507697624],[-96.717260680295311,32.823255361492983],[-96.717662354317952,32.823155274956484],[-96.717935864162811,32.822749574303998],[-96.717749297850702,32.822676799320917],[-96.717638955923306,32.822213366530853],[-96.717132423870211,32.822306452044209]]],[[[-96.745353084887881,32.82436719591059],[-96.745500657149179,32.824552209597783],[-96.745742394418258,32.824523224528789],[-96.745595748803382,32.824302412833632],[-96.74580025015041,32.824189782851924],[-96.745806339468118,32.824182953569021],[-96.745873170380122,32.824158593863807],[-96.745891452620327,32.824153522115765],[-96.745910289277859,32.824151254238309],[-96.745929252869942,32.824151841699091],[-96.745957919383144,32.824152798824578],[-96.745986335150192,32.824148896357222],[-96.746013682308657,32.824140246617816],[-96.74603917375282,32.824127098563103],[-96.746062075788103,32.824109830620301],[-96.746110534336268,32.824064078512706],[-96.746076598346249,32.824004596343187],[-96.74615872095535,32.823971194597419],[-96.746338067539099,32.824011405650964],[-96.746378043356273,32.82401781559971],[-96.746418694477399,32.824019322698867],[-96.746459181848024,32.824015895841285],[-96.746498669793624,32.824007605758631],[-96.746536343268701,32.823994623561298],[-96.746571424679871,32.823977217206533],[-96.746603189936152,32.823955745967673],[-96.746630983394368,32.823930653018429],[-96.746978385664292,32.823568833266023],[-96.746974564931406,32.82354152743747],[-96.746915553842499,32.823546011919852],[-96.746580330483837,32.823896087674221],[-96.746548937174893,32.823921911694313],[-96.746513673382537,32.823942132594624],[-96.746475528794292,32.823956182870326],[-96.74643557394792,32.823963668196782],[-96.746394930186597,32.823964378496356],[-96.746354738188046,32.823958293834295],[-96.746260345104432,32.823937130591375],[-96.746094859061557,32.823698604136524],[-96.74564208480416,32.82319435778755],[-96.745460413982414,32.823229240589775],[-96.745043408213149,32.823492769877376],[-96.745030831540177,32.823637375761606],[-96.744919984169343,32.823965001599177],[-96.74477794898705,32.824215779818758],[-96.745001915320813,32.824338731855519],[-96.745130274531903,32.824320709821031],[-96.745353084887881,32.82436719591059]]],[[[-96.743091996555336,32.825228586791475],[-96.743194555601931,32.825234177655034],[-96.743323327975872,32.825103911019056],[-96.743743995612363,32.824625622196514],[-96.744014919030562,32.824601959011794],[-96.744287579896366,32.824660015330075],[-96.744345183482949,32.824625281124696],[-96.74434468231064,32.824589889293939],[-96.744416901233038,32.824215219538544],[-96.744418698711826,32.824205954058897],[-96.744448797783633,32.823905791427435],[-96.744398527552363,32.823904013257192],[-96.744389353753093,32.823903688081089],[-96.744009885652488,32.823897960128065],[-96.743559306469152,32.823891156725701],[-96.743107165029883,32.823884327824814],[-96.743065037641401,32.823883691412448],[-96.743037221107016,32.823883271521218],[-96.742656550725968,32.823877521557201],[-96.742265757837643,32.823871616588093],[-96.741927088949879,32.823866497491565],[-96.741877182060634,32.823865792230912],[-96.741430887981679,32.823859457464664],[-96.741417204381392,32.823916122125944],[-96.74212768767508,32.823926871997735],[-96.742427549576817,32.823932208057251],[-96.742813106603947,32.824042807494585],[-96.742815810758302,32.824409205933932],[-96.742436098762525,32.824771347980203],[-96.742417726395061,32.82512194619278],[-96.742634297666982,32.82506789854483],[-96.742886207713752,32.825048363455267],[-96.743091996555336,32.825228586791475]]],[[[-96.715179075620384,32.840609903144106],[-96.715457656022295,32.841091047837608],[-96.715637283304929,32.841012507925853],[-96.715367225637692,32.840529100247153],[-96.715179075620384,32.840609903144106]]],[[[-96.830695921438306,32.850221599873251],[-96.830694602958459,32.850280565170557],[-96.830691508034718,32.850521064405314],[-96.830804244488959,32.850617270233975],[-96.831240607847562,32.850617308506266],[-96.83124494118232,32.850280611578185],[-96.831246031135379,32.850222528000906],[-96.830695921438306,32.850221599873251]]],[[[-96.845441764955808,32.862181556969503],[-96.845173092270969,32.86286509118559],[-96.845177451818174,32.863698372299496],[-96.845555858658059,32.86361081627917],[-96.845536556517246,32.863177193218306],[-96.845630812581902,32.863146192562475],[-96.845623839751312,32.86297678179136],[-96.845617168225999,32.862814705816405],[-96.845590917682841,32.862176976356089],[-96.845571692369845,32.861984341539738],[-96.846029404116152,32.861950675392869],[-96.846334398914067,32.862269374034163],[-96.847014912126198,32.861621694202505],[-96.845700934478771,32.861600982481804],[-96.845441764955808,32.862181556969503]]],[[[-96.862748689895895,32.86757395061985],[-96.86260771888935,32.867710922791716],[-96.862515212872779,32.867825165550656],[-96.86246572995303,32.867902862211587],[-96.8624258646973,32.867988932502925],[-96.862377018082555,32.868076259139855],[-96.862408114494258,32.868200375941278],[-96.862466279962135,32.868269867150516],[-96.862577648014764,32.868368924025134],[-96.862809211979425,32.868486055106843],[-96.862945842380242,32.868540083858299],[-96.863099671053007,32.868544855014711],[-96.863206911784815,32.868514651285906],[-96.863321860592464,32.868463931022809],[-96.86342136290925,32.868367650223057],[-96.863502139066981,32.868271119540807],[-96.863580242825464,32.868142941526926],[-96.863628858621624,32.868023996545915],[-96.863646458941517,32.867952752903527],[-96.863637500590059,32.867908650506521],[-96.863581779357162,32.867883178417571],[-96.863445098860311,32.86783189783101],[-96.863340678732442,32.867797535513965],[-96.863219390508547,32.867750582425742],[-96.863112934038156,32.867694200821333],[-96.862881625577245,32.867519342897928],[-96.862748689895895,32.86757395061985]]],[[[-96.669307609511023,32.866695907809962],[-96.669198570454441,32.867046536373863],[-96.669377095666917,32.867603283665005],[-96.670286306523536,32.868763554233233],[-96.67046927835051,32.868940927563663],[-96.67077950682382,32.869142675187973],[-96.670893408663332,32.869002429186104],[-96.670907809463372,32.868982685314876],[-96.672854425066859,32.86628829175261],[-96.672923726624731,32.866188949685018],[-96.672987949570015,32.866086251264306],[-96.673046931688361,32.865980455886195],[-96.673100524002749,32.865871830768668],[-96.673148591149655,32.86576065027711],[-96.673191011721073,32.865647195231226],[-96.673227678571124,32.865531752195814],[-96.673254548120667,32.865489036381895],[-96.67337406434774,32.86526396347768],[-96.673469192637043,32.86503075421993],[-96.673539166639429,32.864791287888437],[-96.673583425321411,32.86454749095742],[-96.673601609937862,32.864301328030322],[-96.673593576221634,32.864054780370985],[-96.673559387175132,32.863809832268416],[-96.673499320818564,32.863568457621604],[-96.673413858875207,32.863332598127919],[-96.673303690154412,32.863104154314946],[-96.673169701374391,32.862884963761125],[-96.673012973068737,32.862676792019165],[-96.672834764976528,32.862481315267544],[-96.672636514181193,32.862300106757523],[-96.672419816100046,32.862134625714326],[-96.672186414060477,32.86198620456048],[-96.67193818992709,32.861856037056739],[-96.671677139624592,32.861745173436184],[-96.671405365997742,32.861654504067793],[-96.67112505636284,32.861584760031363],[-96.670838468847947,32.861536502096115],[-96.67054790891558,32.861510119475476],[-96.670347357080402,32.86150478848888],[-96.670131364345252,32.861504665277081],[-96.669635450629585,32.861504355193823],[-96.669212935765913,32.861504108138732],[-96.668940444780404,32.861503946392332],[-96.668795561317296,32.861503856811154],[-96.668802851901319,32.860707446490792],[-96.668810260623161,32.859253507926816],[-96.66881074661967,32.859143885564627],[-96.668815291368574,32.858107311833919],[-96.668808558327925,32.85794177814418],[-96.668808708135941,32.857923556563591],[-96.668804804740944,32.857010046870386],[-96.668795340082113,32.856814365161441],[-96.668779059231753,32.856625643575562],[-96.6687447282237,32.85637883002498],[-96.668684680007658,32.856137452872133],[-96.668599238033664,32.855901589894444],[-96.668489090949961,32.855673141647543],[-96.668355125300906,32.855453945745609],[-96.668198421433402,32.855245767784389],[-96.668020238890207,32.855050283992448],[-96.66782201454869,32.854869067677768],[-96.66760534361336,32.854703578128323],[-96.667371969193198,32.854555147835121],[-96.667123772930196,32.854424970632557],[-96.666862750524785,32.854314096831693],[-96.666591004597336,32.854223416883535],[-96.666310722240922,32.854153661952985],[-96.666024161364135,32.854105392897033],[-96.665733627215147,32.854078999018569],[-96.665579682010133,32.85407396999959],[-96.66518679347152,32.85406898451587],[-96.660774397682189,32.854001682338563],[-96.660749681987454,32.854001384716348],[-96.65888346079366,32.853984829851193],[-96.658851710729849,32.853984678526992],[-96.656876952938532,32.853983382169808],[-96.656522014056833,32.853982950424438],[-96.655498871967978,32.853948699937185],[-96.655360439963218,32.853946551636746],[-96.652584274053694,32.85395325068383],[-96.651636362429144,32.853356119167358],[-96.651516425103637,32.853278331571325],[-96.651482500761858,32.853256855601302],[-96.651370006705122,32.853188739059895],[-96.651121837761835,32.853058529931332],[-96.650860839390475,32.85294762255792],[-96.650589114018231,32.852856907660986],[-96.650308848572607,32.852787116686883],[-96.650022300826166,32.852738810782846],[-96.649731775921225,32.852712379548265],[-96.649439614740174,32.852708035451187],[-96.649148167207713,32.852725813432308],[-96.648859781617347,32.8527655707462],[-96.648576777933627,32.852826986563507],[-96.648301435937071,32.852909567205138],[-96.648035971711366,32.85301264669247],[-96.647782523537117,32.853135397358606],[-96.64754312948304,32.853276828609886],[-96.647319719593582,32.853435803041656],[-96.647114091228076,32.853611040577313],[-96.646927899202879,32.853801130043252],[-96.646762644844955,32.854004541629664],[-96.646690472252203,32.854113110368282],[-96.646687281612969,32.854117037738447],[-96.647237261833666,32.854475310626526],[-96.648922093977802,32.85551227788681],[-96.649206333392954,32.855711237515656],[-96.653092212960928,32.858166815018315],[-96.660611184590095,32.862836204697892],[-96.662430292831047,32.863960996250178],[-96.662878847832005,32.86430004029463],[-96.667775827665281,32.86735567396434],[-96.668118770910581,32.867574747468517],[-96.668984913376988,32.866373588682158],[-96.669307609511023,32.866695907809962]]],[[[-96.816677142956763,32.873214226393621],[-96.816660856588058,32.873214116189835],[-96.816659345976959,32.873350284125436],[-96.816653412313386,32.873887480389875],[-96.816657189591808,32.873949102949858],[-96.8175246024893,32.873954098771335],[-96.817535772893763,32.873222369322242],[-96.816677142956763,32.873214226393621]]],[[[-96.824774101135148,32.883147123564981],[-96.823120829321027,32.883139090885265],[-96.823058024120002,32.883324627542351],[-96.822679823894447,32.883926866479129],[-96.823652319561461,32.884223486174292],[-96.824172254989364,32.884379172896509],[-96.824746265937648,32.884417131494565],[-96.824811793384029,32.884418269375551],[-96.824835828300451,32.883146586853478],[-96.824774101135148,32.883147123564981]]],[[[-96.715649237623481,32.883037152730672],[-96.715994196035837,32.883059397435837],[-96.71598374854068,32.883174147920073],[-96.716139907698192,32.88325319168996],[-96.71672764853939,32.88329128477023],[-96.716801549840596,32.882202134067654],[-96.716095050828116,32.882156534686629],[-96.716109231122815,32.881984193200715],[-96.715738258479504,32.881949408804061],[-96.715649237623481,32.883037152730672]]],[[[-96.850983728921946,32.900702041587365],[-96.850975979201635,32.901144814913771],[-96.850976000489425,32.90121089123295],[-96.85144599381394,32.901216003302075],[-96.851443711947425,32.900688221635278],[-96.85098410291846,32.90068205831686],[-96.850983728921946,32.900702041587365]]],[[[-96.891594413317321,32.915544190857709],[-96.893015214137705,32.91541174922839],[-96.894048818114484,32.915315391846477],[-96.894067265407003,32.915382063287112],[-96.89438585000542,32.915322555857941],[-96.894638067680873,32.915324946834055],[-96.894524128888222,32.91495785674303],[-96.894281874543438,32.914370824533378],[-96.894748971619265,32.914374071774155],[-96.898588050748486,32.914400695150526],[-96.898580965509382,32.913842226511591],[-96.899607383431217,32.913836440129117],[-96.899639425514792,32.913657465404121],[-96.899657064898506,32.913406771785212],[-96.89966386560134,32.912927768265043],[-96.899662350034546,32.912806279333061],[-96.899654537997208,32.912685032355327],[-96.899640450500883,32.912564353442569],[-96.899620125435874,32.91244456717763],[-96.899593617469279,32.912325995742428],[-96.899560997898007,32.912208958051465],[-96.899477033467434,32.911934131389856],[-96.899220062085973,32.911093030297849],[-96.898962348412297,32.910249490151415],[-96.898875496388641,32.910011356008255],[-96.898764688663277,32.90978311343995],[-96.89863007193189,32.909564167205545],[-96.8984727317861,32.909356280887458],[-96.898293932889899,32.909161128370044],[-96.898095117082306,32.908980280289974],[-96.897877884329461,32.908815192972078],[-96.897643982262295,32.908667195671391],[-96.897395296768792,32.908537478731255],[-96.8971338274918,32.908427088761997],[-96.896861680643767,32.908336912317147],[-96.896650841782247,32.908284896064565],[-96.896881959187269,32.908252581675249],[-96.89716496699738,32.908190601802417],[-96.897440248072712,32.908107471341701],[-96.897705586485941,32.908003860812471],[-96.897958844679536,32.907880602298256],[-96.89798173812234,32.907867017361362],[-96.898123147509224,32.907974483142169],[-96.898357048548277,32.908122479554926],[-96.898605734284956,32.908252194580903],[-96.898867204879409,32.908362581462193],[-96.899139353847062,32.908452753524294],[-96.899193222842996,32.908462452446017],[-96.899421137649483,32.90851867658597],[-96.899474356182878,32.908530353925954],[-96.899707005603489,32.908569064731807],[-96.899761428364457,32.908576703351379],[-96.89999737178141,32.90859767664859],[-96.900052152639574,32.908601354958776],[-96.900207464352562,32.908604768962796],[-96.900263705423015,32.908605149626759],[-96.90033784955699,32.908607532485959],[-96.900421831199296,32.908671352387266],[-96.900655737916651,32.908819344470722],[-96.900904428973789,32.908949054895992],[-96.901165904487797,32.909059436942236],[-96.901438057934598,32.909149603973759],[-96.90171869861841,32.909218828829708],[-96.902005565379667,32.909266554825102],[-96.902147621851228,32.909281961217921],[-96.902300233762588,32.909295644040832],[-96.902354660468959,32.90930013481676],[-96.902625468756028,32.909320543853823],[-96.902722546770121,32.909326627758816],[-96.902996749063576,32.909340146563636],[-96.903096805250541,32.90934377820458],[-96.903368589089951,32.909350115765129],[-96.903468730544361,32.909351152513615],[-96.903740616809202,32.909350441274839],[-96.903794529722688,32.909349923763763],[-96.904430162531483,32.909339385509227],[-96.904462857585813,32.909338704985011],[-96.904754439229734,32.909320329309928],[-96.905042893205433,32.909279979439766],[-96.905325898587847,32.90921798102962],[-96.905340767756485,32.90921348963775],[-96.906431238057237,32.909196146052359],[-96.906466591898337,32.909195421461888],[-96.906620966071799,32.90918569001655],[-96.906638928734068,32.909185461677104],[-96.90678958737179,32.909180605325574],[-96.906939940403177,32.909169854734081],[-96.907089757315674,32.909153226384809],[-96.907612178392981,32.909084798722432],[-96.908561221673523,32.909076304774892],[-96.90858905556064,32.908942171893088],[-96.908632652281071,32.908732396473631],[-96.908633417650265,32.908728715655691],[-96.908642346337331,32.908685747518433],[-96.909141350329435,32.906092930629285],[-96.909644684354191,32.903731770726822],[-96.910632673321402,32.899106108139144],[-96.910401094773206,32.899072907492048],[-96.911122977065787,32.895449653196891],[-96.911356221864537,32.895449322959529],[-96.91168682754423,32.89544885165428],[-96.911926863506068,32.895433813001453],[-96.9130114928967,32.895434372174435],[-96.913596931301967,32.89543107278886],[-96.914286587532374,32.895414715239937],[-96.918464158350986,32.895409545000625],[-96.928256662560898,32.895435688753551],[-96.92825576937976,32.895469654931006],[-96.928250587340216,32.89566642207798],[-96.928232912817194,32.895811745624464],[-96.928214188812802,32.895881762220185],[-96.928222546271542,32.895961590671028],[-96.92821863463287,32.8960767172102],[-96.928182440730595,32.896226620432174],[-96.928031364439946,32.896622794036901],[-96.927788107638136,32.897055966749576],[-96.927674922751734,32.897152955178967],[-96.927595665046169,32.897212436943938],[-96.927510190498822,32.89725824754521],[-96.927227968789609,32.89736723446962],[-96.926944528576243,32.897455751074453],[-96.926589096640797,32.897470493388838],[-96.925814122716545,32.897384276258649],[-96.925522089379939,32.897369024190446],[-96.92527587908944,32.897379677346201],[-96.924936899456625,32.897385012313769],[-96.924839118938166,32.897386519899072],[-96.924150902283984,32.897370104193357],[-96.923638878293588,32.897348521571722],[-96.923551319584291,32.897348082268927],[-96.92348259869523,32.897356612757306],[-96.923434285384261,32.897367842156214],[-96.922684612884851,32.897641572241731],[-96.922312366682263,32.898168626717322],[-96.9224882327957,32.898169097984486],[-96.922578742414302,32.898030167941712],[-96.922677366789245,32.897906993191476],[-96.92280022488579,32.897803270966513],[-96.922868021803964,32.897754051424783],[-96.922959003088593,32.897699999058126],[-96.923077145806658,32.897648854727805],[-96.923221722176905,32.897599640494917],[-96.923386754268591,32.897569822628661],[-96.923635776537509,32.897566830797267],[-96.923863168889568,32.897574260367513],[-96.924049979020467,32.897595769620352],[-96.924219271412753,32.897613129106453],[-96.924337866301698,32.897630725288046],[-96.924453515651365,32.897633123966145],[-96.924701910957552,32.89761837746294],[-96.924900544794099,32.897612909331762],[-96.925137812031267,32.897623967189823],[-96.925499174672439,32.897664905525836],[-96.925831311970555,32.897692503046834],[-96.926016448203413,32.897701996453925],[-96.926139129012071,32.897704031495344],[-96.926293937567763,32.897698245293569],[-96.926555340805493,32.897681593231972],[-96.926750286356793,32.897672208176353],[-96.926898369639133,32.897657306382818],[-96.92700403432157,32.897642937310501],[-96.927220055438042,32.897593735322943],[-96.927277202315722,32.897577133356513],[-96.927350675926974,32.897554996048804],[-96.927409469048541,32.897533578802467],[-96.927466691964923,32.897506662628544],[-96.927512560816055,32.897473507970595],[-96.927548619245741,32.897444423261518],[-96.927569102194937,32.897426192886563],[-96.927584690585292,32.897412320030945],[-96.927620771305499,32.897379385352572],[-96.927674885676652,32.897332798977011],[-96.927730624783635,32.897285681128459],[-96.9277847084836,32.897241178620057],[-96.927822423266207,32.897207965084874],[-96.927860155564346,32.897172858662145],[-96.927894640857176,32.89713577574539],[-96.927927516597961,32.897096917391735],[-96.927965343647998,32.897047906570833],[-96.927993326897749,32.89700985316162],[-96.92801641100489,32.896971776677589],[-96.928046096506833,32.896922855152617],[-96.928070856268135,32.896879146675793],[-96.928093200556745,32.896830881943941],[-96.928116490299999,32.896766138722008],[-96.928135657661841,32.89670893207964],[-96.928148983272578,32.896668743681445],[-96.92816566598033,32.896615762657781],[-96.92817899308551,32.896575428166663],[-96.928192306325471,32.896537019967091],[-96.92820887280881,32.89649999216104],[-96.928228831590232,32.896445955767788],[-96.928255423553949,32.896373792748015],[-96.928272137329003,32.896317546305738],[-96.928285468720347,32.896277748490355],[-96.9282977492269,32.896235780052933],[-96.928302169445246,32.896220668519412],[-96.928312094419908,32.896209705784003],[-96.928520707206644,32.895979265964215],[-96.928539103729591,32.895779093154168],[-96.928539353630583,32.895733107293815],[-96.928540951537371,32.895439157082464],[-96.928550146696736,32.895403570338168],[-96.928526507551723,32.895357893565446],[-96.928506985121587,32.895262973346107],[-96.928514267587602,32.895221668739779],[-96.928511645615913,32.895185895874228],[-96.928555314040082,32.895112215751503],[-96.928530064632696,32.895066559239929],[-96.928527853867422,32.89504274450578],[-96.928412184533684,32.894913858996347],[-96.928399051770697,32.894828474970694],[-96.928374926403109,32.894810289295329],[-96.92834554117367,32.894814057225069],[-96.928285758130571,32.894721842252146],[-96.928280597866845,32.894630158930994],[-96.928288450138396,32.894570110026514],[-96.928219020353836,32.894466140478258],[-96.928158553423003,32.894431009175769],[-96.928058784848517,32.894315219477299],[-96.927904146377927,32.89423022150693],[-96.927864141727909,32.894189625828311],[-96.927712463420193,32.893938581021025],[-96.927669453387153,32.893875059685605],[-96.927456803311131,32.893617503948718],[-96.927321078263319,32.893423915738303],[-96.927213063421704,32.893199210838638],[-96.927174978697167,32.893049813517187],[-96.927177569967256,32.892903801676525],[-96.927193585331921,32.892766557268182],[-96.92717815560421,32.892488600862762],[-96.927170930875903,32.892322428292459],[-96.927237020344563,32.892039782647146],[-96.927256085361094,32.891922596330481],[-96.927333128125085,32.891789001636283],[-96.927416189275533,32.891698414494449],[-96.927460658325941,32.891678915072831],[-96.927564798868076,32.891548501678741],[-96.92760668777629,32.891483179899467],[-96.927743838160367,32.891404729813374],[-96.92779170114558,32.891385285760201],[-96.927829385156528,32.891365718569638],[-96.927864176161648,32.891317482058028],[-96.92790875254974,32.891292276579222],[-96.928025286582169,32.891227880009794],[-96.928141118070641,32.891203567750765],[-96.928223013925006,32.891178850436162],[-96.928280997520687,32.891162383077265],[-96.928352519223566,32.891148969071573],[-96.928556476847007,32.891131500414879],[-96.928627724408813,32.891132398729859],[-96.92874629660551,32.891145343923306],[-96.928919404195085,32.891144689185715],[-96.929048603757593,32.891131979120487],[-96.929133338990368,32.891138778929879],[-96.929190770355433,32.891153819446082],[-96.929245085587411,32.891154506490324],[-96.92927545070178,32.891163476602578],[-96.929360538663616,32.891150254810263],[-96.929421562422547,32.891153864699042],[-96.92950978399945,32.891154976624058],[-96.929628354073841,32.891167929065894],[-96.929723213271828,32.891177717005071],[-96.929838937459394,32.891159128013747],[-96.929951425649179,32.891131915582918],[-96.930060265609015,32.891118987415481],[-96.930145503120372,32.891097132137851],[-96.930240814395816,32.891081153453676],[-96.930349814196873,32.891059616564718],[-96.930424919677108,32.891034802284153],[-96.930533914112473,32.891013260657999],[-96.930657483649384,32.890934640716466],[-96.93075057589526,32.890852767571822],[-96.930829541439266,32.890802219852389],[-96.930897454675403,32.890800213105095],[-96.930931894366836,32.890772014358703],[-96.930983501145505,32.890732573241806],[-96.931018654725762,32.890664287489457],[-96.931040287884215,32.890592971411522],[-96.931071682443132,32.890544693931005],[-96.931106689169965,32.890484997848219],[-96.931132453176701,32.890370783298813],[-96.931150809332763,32.890293692500187],[-96.931171863548755,32.890253863618057],[-96.931156209378742,32.890179220443159],[-96.931187570055343,32.89013381146593],[-96.931164518515729,32.890093410596272],[-96.93113332775485,32.889938393212844],[-96.931131254308966,32.889863913041005],[-96.931122636881085,32.88977504349274],[-96.931090179889651,32.889691566362089],[-96.931038418348919,32.889547762858257],[-96.930992435663711,32.889461273349504],[-96.930940176713648,32.889346065638492],[-96.930911403035452,32.889245479738804],[-96.930885074640329,32.889199328453792],[-96.930812699210037,32.889069560236955],[-96.930759316948496,32.889017339047015],[-96.930733088550113,32.888965488046068],[-96.930680260729133,32.888881779287487],[-96.930643949620134,32.888824028985361],[-96.930632259766909,32.888717939367972],[-96.930606685490275,32.888628855120949],[-96.930508681288046,32.888412836452275],[-96.930366027321199,32.888227770965699],[-96.930197987238088,32.887942160117532],[-96.930114633676581,32.887666217453095],[-96.930118335259081,32.887457238587366],[-96.930130447502833,32.887348550298988],[-96.930148937734685,32.887262877878037],[-96.930253270709542,32.887121020438315],[-96.93027803357549,32.887064064378677],[-96.930320064396952,32.886990133908377],[-96.930389552938934,32.886899372807434],[-96.930510449310148,32.886780641384739],[-96.930565334227282,32.8867469526392],[-96.930606927398031,32.886698802928599],[-96.930634718501466,32.886661934324337],[-96.93067634542615,32.886610907938994],[-96.930783009808366,32.88652921037307],[-96.930851937517829,32.886469959027615],[-96.930955258142163,32.886385351115308],[-96.931006608013206,32.886360217293543],[-96.93113047444723,32.886264433807888],[-96.931202396393786,32.886228097729735],[-96.931302123925889,32.886154892141384],[-96.931353717053014,32.886115457028232],[-96.931446311480627,32.886062236057029],[-96.931511676682192,32.886011502157352],[-96.93157005381488,32.885972146109594],[-96.93161863252972,32.885912644306273],[-96.931701190312225,32.885850668186016],[-96.931791438319124,32.885737254020114],[-96.931836204879616,32.885700593565765],[-96.93186060535227,32.885663677477133],[-96.931895710874841,32.885598258023798],[-96.931934700907576,32.885504255605859],[-96.931959066809839,32.885470194494559],[-96.932035481987725,32.885370931794739],[-96.932063694520849,32.885311149875115],[-96.932133375006202,32.885208938751077],[-96.932140768810527,32.885174672886059],[-96.932158043394253,32.885157708235319],[-96.932231821310864,32.885015464385226],[-96.932236636285012,32.884935361885304],[-96.932244685279315,32.884863870012119],[-96.932252236512483,32.884821001947323],[-96.932249654735784,32.884775153555964],[-96.932287941653129,32.884721223741643],[-96.932298574297704,32.88469559290531],[-96.932282162947246,32.884663880898323],[-96.932279567841064,32.884618060298102],[-96.932280277367667,32.884577946177068],[-96.932290928228582,32.884552311962949],[-96.932312352750074,32.884492467959966],[-96.932316348498134,32.884458133139518],[-96.93228336612232,32.884403318505427],[-96.932280609797829,32.884368909484067],[-96.932277896889872,32.884343709461241],[-96.93227477619071,32.884314430397431],[-96.932269148398461,32.884248496999959],[-96.932249749057277,32.884193847986246],[-96.93227071930599,32.884159744054834],[-96.932183777514268,32.884050659588766],[-96.93205604386921,32.883835312027429],[-96.931877341482192,32.88352491360088],[-96.931700467201821,32.883308567870138],[-96.931445587173428,32.88313640831025],[-96.931030928276726,32.882979415083788],[-96.930536821417476,32.882901595612026],[-96.930041595460082,32.882886762673557],[-96.929512942488003,32.88303472667149],[-96.928839698007764,32.883259798550128],[-96.928718749325824,32.883276045956208],[-96.928623002904132,32.883231290774404],[-96.92831835211841,32.882995498396951],[-96.928217333333109,32.882797881756019],[-96.928205078391144,32.882684807515481],[-96.928203593648931,32.88227656090244],[-96.928297511137899,32.882178748910682],[-96.928798330070876,32.88158399810343],[-96.92899306889818,32.881455146316306],[-96.929380224312254,32.881181276548396],[-96.929437522216759,32.88106003828738],[-96.929427744019975,32.881037002911157],[-96.929503360536472,32.880983545767634],[-96.929545895153666,32.88088099449832],[-96.929573552082772,32.880852706968774],[-96.929588494143886,32.880775588592499],[-96.929641412509582,32.880661701444573],[-96.929659384947101,32.880604660732118],[-96.929664051137053,32.880533134417284],[-96.929690142033223,32.880401737458733],[-96.929705331307886,32.880310292703754],[-96.929733636545237,32.880244793463476],[-96.929778866341067,32.880182358613048],[-96.929772987913026,32.880130753170441],[-96.929723279520431,32.880064258187737],[-96.929728022600145,32.879986999420993],[-96.929722817731388,32.879898160067341],[-96.929728301796658,32.879780823630902],[-96.92970348232997,32.879648786296237],[-96.929699016803511,32.879517009303513],[-96.929674520718677,32.879367810961462],[-96.929605192897426,32.879258124182087],[-96.929564983120031,32.879228961586769],[-96.929569089274054,32.879188924563294],[-96.929657966756963,32.879152824048582],[-96.92969959392353,32.879101797988469],[-96.929634979922525,32.878917721941306],[-96.929559987117671,32.878744960113551],[-96.929561408376031,32.878664801295869],[-96.929535181030914,32.87861292199058],[-96.929505919566765,32.878349100653971],[-96.929491948568327,32.87798812315409],[-96.929455340110977,32.877947570676142],[-96.929479775805291,32.877910653677908],[-96.929494485558493,32.877844994688708],[-96.929471552019919,32.877798881314185],[-96.929485901174928,32.877372378624152],[-96.929440578164005,32.877248676783438],[-96.929481849186828,32.877217708305025],[-96.929482712682756,32.877169032495026],[-96.929506001730076,32.877003234853873],[-96.92954587257455,32.876668691385866],[-96.92956349106322,32.876631707308832],[-96.929558235920311,32.876594109084444],[-96.929557474021436,32.876588669996913],[-96.929577166102575,32.876434280267055],[-96.92960889722282,32.876368818849009],[-96.929633427844735,32.876323317771892],[-96.929620925829553,32.876263051611836],[-96.929670862338185,32.876126196747968],[-96.929682205947969,32.876060478130988],[-96.929760244704141,32.875869611709312],[-96.929774677696102,32.875821114270266],[-96.929817421017916,32.875707105896709],[-96.929859449773062,32.87563319086015],[-96.929898242269772,32.87555063802013],[-96.929909583611945,32.875484913039529],[-96.929989789699164,32.87536279456689],[-96.929987070085573,32.875325534081355],[-96.930028372737937,32.875291692354295],[-96.930046514214482,32.875226057632084],[-96.930078253617694,32.875157730843654],[-96.930120299103663,32.875083809618374],[-96.930147938985186,32.875055527165195],[-96.930193365484783,32.874981637730286],[-96.930242025841764,32.874916393245414],[-96.930340070110915,32.874745815487479],[-96.930450813216623,32.874624082674217],[-96.93048894373625,32.874578740278018],[-96.930534054456999,32.874522052408395],[-96.930571837651925,32.874496745066281],[-96.930613562234655,32.87444000275292],[-96.930665319229163,32.874391970345684],[-96.930707203312181,32.874326634844657],[-96.930745472652404,32.874272711580652],[-96.930769579201268,32.874252971501598],[-96.930837371397246,32.874210595892102],[-96.930858334263704,32.874135809800784],[-96.930589825332888,32.874052687341056],[-96.931094533630272,32.873261583756452],[-96.931246602311063,32.873296394589183],[-96.931341466198816,32.872973509824917],[-96.931434711184366,32.872627436413623],[-96.931563603943843,32.872094240797708],[-96.931600574203344,32.871945908277389],[-96.931602860280748,32.871771091683016],[-96.931565803455044,32.871564728535652],[-96.931543436211314,32.871447619145741],[-96.931482928186668,32.871277787121144],[-96.931351929904594,32.871046640843474],[-96.931186585956411,32.870770137586263],[-96.931051192108242,32.870606154668486],[-96.930916490361454,32.87049228033483],[-96.930663762913497,32.870343589752729],[-96.930214333056824,32.870210840535783],[-96.929650980083338,32.869986619669326],[-96.929197055376221,32.869751807051081],[-96.928637960165645,32.869515656119837],[-96.928331171798433,32.869412914053839],[-96.927959118772719,32.869311981466538],[-96.927777376138181,32.869294893881396],[-96.927555135763939,32.869334643124326],[-96.927282009817475,32.869349621236751],[-96.927280691850171,32.869349693873488],[-96.927275204554121,32.869350380341409],[-96.927194961982153,32.869360439188057],[-96.927146592574402,32.8693665021271],[-96.927031327316087,32.869416630198451],[-96.926886688229601,32.86942800718149],[-96.926736481364173,32.869516806407148],[-96.926588309248842,32.869657560294094],[-96.925973494736752,32.870323889218248],[-96.925804807596521,32.870484624285453],[-96.925575866199097,32.870673265965969],[-96.925195515501059,32.870948325527038],[-96.925198129317209,32.870727494094417],[-96.925215821118869,32.869231888996111],[-96.92520037776157,32.86857307468749],[-96.925207777830551,32.868156504109919],[-96.925583129256353,32.868038117565312],[-96.925927610423557,32.867844400022889],[-96.926172053482588,32.867706954813521],[-96.926388947867693,32.867564377143616],[-96.926732198286174,32.867342489709017],[-96.926949494902914,32.867143353934125],[-96.927002705894424,32.867013732312323],[-96.927032615611935,32.866910984372389],[-96.927074958732518,32.866765520465165],[-96.927093358169174,32.866493708786905],[-96.927029932498741,32.866243781464689],[-96.926903920690847,32.865887110634254],[-96.926651320989251,32.865590402024139],[-96.926373754055206,32.865403639960142],[-96.926118833633311,32.865386091854688],[-96.925502134653073,32.865530044733546],[-96.925303471287222,32.865609753109062],[-96.925136202980397,32.865676857397034],[-96.924997041893164,32.865752630909753],[-96.924795489466561,32.865862379655916],[-96.924563511684568,32.865840322372961],[-96.924415078048483,32.865792636550879],[-96.924280706981776,32.865716477660662],[-96.92421872610214,32.865575373255531],[-96.924176977495932,32.8654431228506],[-96.924197830904859,32.86522432781787],[-96.924431384210649,32.864875080277876],[-96.924840499415154,32.864383420582911],[-96.925191512610454,32.863915367868408],[-96.925302305420274,32.863598911940024],[-96.925296305791008,32.86336403688923],[-96.925215115848815,32.863159699754156],[-96.925121866011651,32.863061148097493],[-96.924977499758384,32.86297484502812],[-96.924742325734726,32.862843021376548],[-96.924421484880511,32.862758762710399],[-96.924026634070586,32.86272067009849],[-96.92349339666373,32.862669693039145],[-96.923199883834911,32.86257577336761],[-96.922883197945367,32.862448632495585],[-96.922603977861783,32.862313370436333],[-96.922400220175405,32.862133240972128],[-96.92221741694172,32.861919023992002],[-96.922161577144649,32.861624798974674],[-96.922201676748415,32.861278812029347],[-96.922432157031722,32.860910908367607],[-96.922966517414906,32.860503250431847],[-96.923656753910905,32.860352280665936],[-96.924029287633786,32.86019949889662],[-96.924309836601495,32.860068469940444],[-96.924924507568448,32.859845728600504],[-96.925106164587234,32.859666675188379],[-96.925280206985363,32.859495142694712],[-96.925379036899884,32.859278767065952],[-96.925342970884373,32.859017725059246],[-96.925208424070362,32.858761162322637],[-96.924925300144722,32.858556056314313],[-96.924360139740443,32.858383895931404],[-96.923981184989486,32.858324683027561],[-96.923378627357835,32.858266970315377],[-96.923033382170999,32.858202438171169],[-96.922642903579401,32.858028537232464],[-96.92206591937385,32.857849407962512],[-96.921772186000126,32.857768375552872],[-96.921281760879125,32.85768197777228],[-96.920313975039562,32.857539395615831],[-96.919698157903539,32.857445671946216],[-96.919417130710841,32.85741346590514],[-96.919193088364295,32.857420637062361],[-96.918931279511611,32.857451676905868],[-96.918655506699395,32.857505450888823],[-96.91839135788797,32.857668175641024],[-96.918205711672584,32.857804709514816],[-96.917923315366508,32.858038786840623],[-96.917724608425473,32.858241117850312],[-96.917405628725476,32.858530466945183],[-96.917133753835003,32.858555646128025],[-96.916958698335378,32.85847897967404],[-96.916811563788599,32.85835825720411],[-96.916664185954531,32.858061437196525],[-96.916676655646867,32.857763015910457],[-96.916774414203829,32.857502330495748],[-96.916860499965708,32.857272765736781],[-96.916885837431423,32.85704911497475],[-96.916929969128844,32.856667401857827],[-96.916836011036551,32.856419942029355],[-96.916750369919697,32.856275661786896],[-96.916367208454261,32.856073199206257],[-96.916154332539634,32.856024680516455],[-96.915866291249245,32.856001760589827],[-96.915663020407592,32.85598557592872],[-96.915388522292901,32.855973008057532],[-96.915313928523332,32.855969593373679],[-96.914909157521649,32.856027436376209],[-96.914533684895972,32.856154375957892],[-96.914194449412193,32.856341919127388],[-96.914063063777022,32.856479122915445],[-96.913941449221781,32.856640796350241],[-96.913903614632048,32.856857946924137],[-96.913905278232164,32.857144316485901],[-96.913935061091422,32.857376667320864],[-96.913825587407729,32.857682353636726],[-96.913761027171972,32.85781112900321],[-96.913656204965221,32.857981605074535],[-96.913518884853957,32.85807147889048],[-96.913351538463019,32.858132359385991],[-96.913167458107495,32.858181566636716],[-96.913060138471351,32.858193752202482],[-96.912963467678637,32.858204728715592],[-96.912814573879061,32.85818278146877],[-96.912720317577737,32.858141500339364],[-96.912481437997002,32.858029630016453],[-96.912315527605983,32.857819927300788],[-96.912155027211455,32.856931572446193],[-96.912078434801558,32.85647242475563],[-96.911959794968325,32.856211575668929],[-96.911869375342107,32.856021623177696],[-96.911719697179976,32.855853632612678],[-96.911515824758553,32.855682071270927],[-96.91126476437843,32.855492722213199],[-96.910985491572134,32.855359963579318],[-96.910823420354902,32.855319580135784],[-96.910578727045859,32.855343674180766],[-96.910313053504396,32.855401849940421],[-96.909996027210525,32.855485124051313],[-96.909821719005862,32.855571046197007],[-96.909766687341261,32.85559817330936],[-96.90961181349347,32.855720751821686],[-96.909549525361342,32.855770673903201],[-96.909450038585746,32.855850406730312],[-96.909309780264962,32.855914471692692],[-96.908999212611491,32.856016455715078],[-96.908869548812078,32.856057764221781],[-96.908573809469104,32.856089758174292],[-96.908380536154255,32.856083152292797],[-96.908167316146319,32.856054503526323],[-96.907947319259904,32.856003901772326],[-96.907799261598342,32.855956727290234],[-96.907476706402377,32.855780790812744],[-96.907264211409611,32.855523214948569],[-96.907176845966902,32.855287272553539],[-96.9071397470465,32.854897351579552],[-96.906856194766519,32.854439851552662],[-96.906505067960623,32.854156148883909],[-96.906255967811859,32.854047017074464],[-96.905952496761984,32.853942903783327],[-96.905441169413763,32.853890640109768],[-96.905006029817869,32.853937950449925],[-96.904594013322097,32.854021417507703],[-96.904209661017575,32.85411235581909],[-96.903875628818611,32.854162542371725],[-96.903685734330011,32.854157246875069],[-96.903531992937133,32.853840292046542],[-96.903541747904853,32.853486763126284],[-96.903524850208413,32.853107121068327],[-96.903363591202435,32.852830140576323],[-96.903139379147845,32.852644308351394],[-96.902884538373954,32.852491823175413],[-96.902486779549264,32.852349281064136],[-96.901862367592571,32.852170870547326],[-96.901440901009465,32.852214139213125],[-96.901010695928179,32.852366112603647],[-96.900776954065989,32.852722483373832],[-96.900632523067287,32.853018440576044],[-96.900495426054235,32.853248209439585],[-96.900265555400239,32.8534260801638],[-96.900008430083389,32.853574545883482],[-96.899637929648193,32.853612731196833],[-96.899271210260821,32.853630922648357],[-96.898883524500661,32.853494213106174],[-96.89852820865795,32.853256259813222],[-96.898167779113365,32.852925178513232],[-96.897975620676362,32.852669274859103],[-96.897851658130293,32.852395634259068],[-96.897842325236851,32.852160712867096],[-96.897874230605041,32.85189767219736],[-96.898140407489507,32.85162333288649],[-96.89850876549886,32.851327389476971],[-96.898779516340213,32.850987247321612],[-96.898732214160418,32.85078904135797],[-96.898611059479208,32.850546961241839],[-96.898321638594567,32.850417234067692],[-96.898040903434918,32.85037065622749],[-96.897776667790964,32.850350074059897],[-96.897275325718297,32.850307816168389],[-96.896741018820407,32.850401159897309],[-96.896444801454891,32.850460358281019],[-96.89602332945087,32.850611359121636],[-96.895646030662817,32.850732114160785],[-96.895310475495577,32.850902466796342],[-96.894939746264711,32.850954962859205],[-96.894635479316079,32.850896630366414],[-96.894343711367,32.85070959662567],[-96.893912401242915,32.850360409309801],[-96.893707604787579,32.850054213633868],[-96.893666724950506,32.84987614612244],[-96.893715054689807,32.849455824374758],[-96.893833572812767,32.848906111758119],[-96.893819063705109,32.848582341371248],[-96.893664963192563,32.848288267649693],[-96.893331481376777,32.847970397046275],[-96.893084120720232,32.847766752902956],[-96.89278885681891,32.847586825024017],[-96.892399367484302,32.847364174067408],[-96.89203154812742,32.847256329598366],[-96.891578372739801,32.847178879291008],[-96.891170133021276,32.84724232804686],[-96.890858752061277,32.84739007889916],[-96.890576286399337,32.847625530772113],[-96.890291085534372,32.847851241140546],[-96.890060020680082,32.848034071645564],[-96.88981310370589,32.848179785788652],[-96.889588329096398,32.84822843427947],[-96.889378439779193,32.848204232598427],[-96.889219963582946,32.848150637048427],[-96.889069844040279,32.848011242140515],[-96.88889096156332,32.847774108518919],[-96.888771028320406,32.847466152030762],[-96.888795035174837,32.847078450292635],[-96.88893881679455,32.846633588194493],[-96.889152621433283,32.846255493753858],[-96.889303396232876,32.845985442419178],[-96.889550856879367,32.845622072858234],[-96.889707076210968,32.845426513873043],[-96.889793245356643,32.845164168872408],[-96.889785618883224,32.844836199054591],[-96.889706606359283,32.844517316742532],[-96.889667699877307,32.844365896832748],[-96.889630208143146,32.844241421871757],[-96.889652358776303,32.844046340312843],[-96.889706022427404,32.84361528466799],[-96.889695311679972,32.843271498588038],[-96.889734277393217,32.842911992796523],[-96.891943293787136,32.842883772105871],[-96.891896680223724,32.840639065110317],[-96.8918819717818,32.84062975036008],[-96.89163348550538,32.840500020974837],[-96.891372223996953,32.840389618109604],[-96.89110029179551,32.840299428421879],[-96.89109909841666,32.840299133398361],[-96.891106071349014,32.840649179052761],[-96.889683535613372,32.840672948973328],[-96.889733678954514,32.840160400230275],[-96.889684905836972,32.840160705251371],[-96.889638064555839,32.840160881928618],[-96.88961110571195,32.840161248257893],[-96.889586681883671,32.840161923375071],[-96.889346281057428,32.840177212777732],[-96.88921847661689,32.84018751600383],[-96.889091308469645,32.84020389873303],[-96.888965065644214,32.840226323730569],[-96.888840035066011,32.840254740028783],[-96.888678852982309,32.840201278084713],[-96.888585500405853,32.840175648963964],[-96.88765092858543,32.839932156522465],[-96.887463870037223,32.839888529489428],[-96.887177235520156,32.839840769647019],[-96.886886682926971,32.8398148920243],[-96.886594553361761,32.839811104628616],[-96.886303196494907,32.839829437922965],[-96.886014959890815,32.839869744687597],[-96.885732162313232,32.839931699672938],[-96.885457081885491,32.840014804856587],[-96.885191932583083,32.840118390038221],[-96.885112961544664,32.840154127264533],[-96.884580182788525,32.84040324578632],[-96.884389781530402,32.840370593041811],[-96.88382083413471,32.840292555005355],[-96.883679231576366,32.840275732712222],[-96.883537090766126,32.840264319380474],[-96.883394618240729,32.840258331594192],[-96.883252021018905,32.840257778053882],[-96.883109506300585,32.840262659563862],[-96.882967281165804,32.840272969031084],[-96.883007684199214,32.840260560592526],[-96.883127986599561,32.840221319360722],[-96.883373254607562,32.840126367727123],[-96.883398892969453,32.840115334871797],[-96.883995394105682,32.839858645800746],[-96.884083433674746,32.839820745199255],[-96.884170044783289,32.839783076719606],[-96.884229365289855,32.839756536103017],[-96.884279609187971,32.839733491578698],[-96.88432944491818,32.839710154925527],[-96.884379201134564,32.839686372575905],[-96.88442821597647,32.839662466939743],[-96.884477475767511,32.839637957475617],[-96.884526355324894,32.83961314722751],[-96.884546330119207,32.839602806337318],[-96.884639380915544,32.839556404012008],[-96.884777764166614,32.839484244214383],[-96.884818399148656,32.839462703605228],[-96.884920408281516,32.839405433827181],[-96.88505412818256,32.83932725785116],[-96.885191388484145,32.839242449896439],[-96.885320369760819,32.839158282952212],[-96.885452474618518,32.839067314475194],[-96.885575779857774,32.838977766752542],[-96.885666037689518,32.838909713933361],[-96.885702030446808,32.83888111214663],[-96.885819616963474,32.838786239044872],[-96.885939741352658,32.838684104963967],[-96.886051281745395,32.83858416743282],[-96.886100286498035,32.838539271642347],[-96.886164882767318,32.838476891488085],[-96.886270076150765,32.838372161644678],[-96.886376877672674,32.838260006355007],[-96.886475433556981,32.838150772685736],[-96.886489682298034,32.838134860966036],[-96.886543335090664,32.838072697677539],[-96.886578013855782,32.838031313796279],[-96.886595070538561,32.838011156179107],[-96.886686386866614,32.837901324306543],[-96.886767052187409,32.837799555397289],[-96.886852484243988,32.837686397515952],[-96.886875898387302,32.837654915756282],[-96.886927713679086,32.837581675511672],[-96.887007088562925,32.837465418489508],[-96.88707672874898,32.837357953372603],[-96.88714988956977,32.837238825186041],[-96.887170812318601,32.837204158884916],[-96.887213770126635,32.837128881734323],[-96.887280572619858,32.837007121345323],[-96.88733859203704,32.836894878644287],[-96.887398903659545,32.836770726969377],[-96.887416861149433,32.836732968312781],[-96.887450943523746,32.83665641258748],[-96.887504644455731,32.836530116117906],[-96.887550604712146,32.836413947037215],[-96.887597587889744,32.836285756035672],[-96.887612079690612,32.836245107800352],[-96.887637375718015,32.836167962859101],[-96.887677546799722,32.836038133162873],[-96.887711070617385,32.835918996113023],[-96.887744352338345,32.835787784680569],[-96.887754905267101,32.835744479757615],[-96.887771559686428,32.835667488882301],[-96.88779788543259,32.835535154611918],[-96.887817109651024,32.835424872151528],[-96.887941646470324,32.834593762436548],[-96.887964458687037,32.834441522423639],[-96.887966725236623,32.834426029821898],[-96.888081808832894,32.833611033734464],[-96.888094230924153,32.833526296073899],[-96.888101797418699,32.833440987647414],[-96.88810448365885,32.833355386458273],[-96.888102280890664,32.833269771463783],[-96.888111869243232,32.833236955916099],[-96.888142983381755,32.833142392683321],[-96.888175388271307,32.833043168828993],[-96.888193551363898,32.832995448360563],[-96.888214112874493,32.832951719270099],[-96.888237531108743,32.832915331796457],[-96.888260863457447,32.832882728545918],[-96.888280246246225,32.832857710650615],[-96.888302389978904,32.832831138438273],[-96.888362069154837,32.832764430136002],[-96.88852996932917,32.832557064545249],[-96.888567265280798,32.832500643014249],[-96.888720135412967,32.832369734521407],[-96.888800576092734,32.832291449113569],[-96.889922431496075,32.831157106836145],[-96.889948722750106,32.831102683643657],[-96.890028497219149,32.831006363156256],[-96.890121499032261,32.830927396160639],[-96.890126927259914,32.83092325895975],[-96.890197582440422,32.830835833215389],[-96.890339941957222,32.830620457686123],[-96.89045886006258,32.830395176061245],[-96.890478164494738,32.83034751062138],[-96.890664069193477,32.83018830473182],[-96.890831198209213,32.83001845665369],[-96.890872851712871,32.82997248718911],[-96.890891342261213,32.829951881254367],[-96.890995480406175,32.82982766423752],[-96.891006942184731,32.829813157235748],[-96.891124332644495,32.829732156810003],[-96.891237793662512,32.829645738140719],[-96.891347075365857,32.829554091545987],[-96.89145193708562,32.829457418857281],[-96.891790414564781,32.829129452056797],[-96.891809348209492,32.829092989728686],[-96.891898022383415,32.828925752753833],[-96.892009262185738,32.828716903463352],[-96.892064296768183,32.828644752576736],[-96.892183806015481,32.828518467629507],[-96.892679279182062,32.828038287910672],[-96.892991605771613,32.827782545497769],[-96.893568775087644,32.827285559579998],[-96.893958890958245,32.827016792573971],[-96.894113441491953,32.826859955709601],[-96.894221815825645,32.82673454068582],[-96.894319983205605,32.826650357484176],[-96.894404202348056,32.826564891161297],[-96.894705824237747,32.826257240964551],[-96.895163502101468,32.825790405615663],[-96.8962619701054,32.82466989305626],[-96.8971208083844,32.823793808272924],[-96.897217192875459,32.82369055683187],[-96.897384005408583,32.823488366942222],[-96.897540941043317,32.823332987088726],[-96.898160946118608,32.822867402858094],[-96.898812689921996,32.822383163018621],[-96.89923382461977,32.822070265937391],[-96.899266475785652,32.822045675948772],[-96.899406901296331,32.821938479029797],[-96.899651352952617,32.821759821177579],[-96.899673341000664,32.821743605289889],[-96.900297294154669,32.821279251947416],[-96.900337747358421,32.821248635297252],[-96.900709278989524,32.820962691402777],[-96.900766074696875,32.820918979652369],[-96.900786714051648,32.820902956380962],[-96.900822205783044,32.820874744339875],[-96.900898727724979,32.820813155801858],[-96.901154024169145,32.820609631567095],[-96.9011831079128,32.82058615600296],[-96.901217724643502,32.820557821670818],[-96.901231094964842,32.820546960369477],[-96.901441536012342,32.820377470093888],[-96.901655353658043,32.820208457574857],[-96.901667459390808,32.820199007711864],[-96.901856413904639,32.820053007056288],[-96.901871731102418,32.820041089301519],[-96.901969951079266,32.819960873812555],[-96.902503253763143,32.819506646172776],[-96.902586275669123,32.81943345938614],[-96.902672589661989,32.819357175249294],[-96.902748981414788,32.819289977623804],[-96.902775678820078,32.819265512321621],[-96.902803205185137,32.819238431280532],[-96.902868730689946,32.819181374100076],[-96.902904240799757,32.819148625082285],[-96.902919353215964,32.819134360495724],[-96.902994339777464,32.819063081557246],[-96.903043888969961,32.819014866302986],[-96.903116877034279,32.818942153749013],[-96.903164792901876,32.8188932870437],[-96.903235779897727,32.81881916519901],[-96.903282439783453,32.818769274889732],[-96.903351393206407,32.81869376949826],[-96.903381718119874,32.818660019415006],[-96.903420349962317,32.818616173473814],[-96.90352424829841,32.818498273702282],[-96.903588025131171,32.818423305132967],[-96.903687460781128,32.818302179534626],[-96.903748236005484,32.818225425360602],[-96.903842797777955,32.818101547593635],[-96.903875456449441,32.818057867491191],[-96.903900458817972,32.818023150688113],[-96.903990041636774,32.817896662826705],[-96.904035291264279,32.817830712693102],[-96.904092222326852,32.817745019766662],[-96.904127564484511,32.817690380585439],[-96.904182180687314,32.817603623427097],[-96.904211896027036,32.817555271443965],[-96.904229798429483,32.817525420424737],[-96.904248281744913,32.817496823300829],[-96.904293106417526,32.817424964592725],[-96.904333295237009,32.817358162969278],[-96.904342151775893,32.817343331840341],[-96.904374968505692,32.817286323336965],[-96.904391926927659,32.817255978564752],[-96.904609267619904,32.817171007916137],[-96.904790468183691,32.817085342582168],[-96.904864546482059,32.817046570337169],[-96.905103431784624,32.81690464408841],[-96.905326287022334,32.816745206866713],[-96.90544464631958,32.816643801129231],[-96.90552557726501,32.816512967706345],[-96.905912466247017,32.815875073605177],[-96.905977369452145,32.815723180441459],[-96.906137993658618,32.814891435482643],[-96.906140499035814,32.814691253324384],[-96.906079715755155,32.814347754110521],[-96.906085421804335,32.814255302485904],[-96.906091552865263,32.814140564578992],[-96.90614348688122,32.814009605448319],[-96.906154198603971,32.813805654694882],[-96.906147722433914,32.81338560227244],[-96.906138183507522,32.812900559187327],[-96.906173129304307,32.812370498759556],[-96.906181751940295,32.811141129510887],[-96.906191712873607,32.809721046574253],[-96.906182679002228,32.809399607304357],[-96.906592402047863,32.809418877559118],[-96.906576318410444,32.809366993598161],[-96.906561444279063,32.809320671004642],[-96.906520450094249,32.809197276159111],[-96.906504636640193,32.809151224725767],[-96.906461100237408,32.80902845298229],[-96.906439568564139,32.808970103725734],[-96.90636724739845,32.808781521114952],[-96.90636018703772,32.80876403001016],[-96.906084168069313,32.808744727978834],[-96.906043170419721,32.808538185343593],[-96.905936308266305,32.808051469157419],[-96.905932678948815,32.808046669553413],[-96.905754067821263,32.807851525737547],[-96.905555463842504,32.807670687706711],[-96.905338465274014,32.807505611704634],[-96.905104817862892,32.807357626895239],[-96.904856405443638,32.807227923521005],[-96.904681529308064,32.807154020000837],[-96.904674860547786,32.806964409539418],[-96.904640055575612,32.80671952417633],[-96.90457939931899,32.806478260319608],[-96.904493378247082,32.80624255877801],[-96.904382685673838,32.806014318806035],[-96.904282301278116,32.805850879224714],[-96.902191588261999,32.807683330201314],[-96.902151137590749,32.807642558991525],[-96.902067733336168,32.807562835108904],[-96.902024814436672,32.80752391354504],[-96.901981088589011,32.807485621057346],[-96.9019365841351,32.807447985066439],[-96.901891303194134,32.807411006500693],[-96.901845273170039,32.807374705553485],[-96.901452254123711,32.807101587910957],[-96.901335773068439,32.807038472922002],[-96.901233392270157,32.80698599406486],[-96.901129716368985,32.806935397909726],[-96.901024733512941,32.806886749239034],[-96.900918545121016,32.806839990728839],[-96.900883164012214,32.806825231487785],[-96.900977872715515,32.806729783457818],[-96.901077828324929,32.806632551169784],[-96.901179768156453,32.806536792785025],[-96.901277622980274,32.806448073581109],[-96.901860043504641,32.805916462011645],[-96.902024294664415,32.805766567819376],[-96.903111100472969,32.804795373224877],[-96.902954918937894,32.804698322310038],[-96.902893206002531,32.804658870199425],[-96.902752358517716,32.804571317372698],[-96.902719401381646,32.804552337236004],[-96.90250507338375,32.804440421349405],[-96.902470410143565,32.804423495444127],[-96.902423430890209,32.80440243930569],[-96.902360480334224,32.804374745542788],[-96.902342771515833,32.804367096214769],[-96.902328532064487,32.804361901366889],[-96.902317095089444,32.804355036991161],[-96.902245106944619,32.804325006565399],[-96.902180886039815,32.804298950506158],[-96.902072381782176,32.804256155971935],[-96.902013595141199,32.804233574370762],[-96.901897879862133,32.804190503951261],[-96.901833649498428,32.804167295839541],[-96.901723054814696,32.804128515623212],[-96.901657064403835,32.804106086606716],[-96.901545488883599,32.804069355406902],[-96.901493601557902,32.804052694911427],[-96.894393935053827,32.801694902007384],[-96.894355762048008,32.801682221622656],[-96.894074242003285,32.80158704069715],[-96.893177491577063,32.801284834240512],[-96.893163870963221,32.801280315546251],[-96.893144571796725,32.801273462382383],[-96.893067757859342,32.801246028485558],[-96.892970187932875,32.801209397383346],[-96.892929465564208,32.801194689476596],[-96.892754135117869,32.801132550160588],[-96.89271283830378,32.801118194623974],[-96.89253646450976,32.801058075338496],[-96.892494695962611,32.801044120396597],[-96.892317406983267,32.800986078711496],[-96.892276229468507,32.800972867299635],[-96.892208135189946,32.80095146486012],[-96.892125961794022,32.800926691199045],[-96.89206956971249,32.800910890247543],[-96.890889201677552,32.800590221424947],[-96.890765286803742,32.800558837824568],[-96.889998303343901,32.800378534349413],[-96.889898321551811,32.800356468933188],[-96.88981266894163,32.800339819163511],[-96.889642731697933,32.800308819912196],[-96.889172907328799,32.800223114751354],[-96.888972053380002,32.800192009096946],[-96.888951725981727,32.800189470261543],[-96.88838446728677,32.800120164985159],[-96.888262825791273,32.800107273300327],[-96.887658613884085,32.800052978090854],[-96.887510160023524,32.800042533133819],[-96.887353430638427,32.800037748469414],[-96.886519617005405,32.800029267947778],[-96.885973527939001,32.80002371050184],[-96.885914621869219,32.800023561183387],[-96.885633926063363,32.800024994194821],[-96.885207502374584,32.800025404126977],[-96.88478302489186,32.800023732793271],[-96.884349116519516,32.800019845053484],[-96.88431552521206,32.800019690100683],[-96.884184765198057,32.800019658186336],[-96.88390707723039,32.800019586801071],[-96.883881794700088,32.800019581178667],[-96.883841813646853,32.800019569453418],[-96.881616976253355,32.800008887739665],[-96.880445744365218,32.800000468960583],[-96.880322149688084,32.800001562592186],[-96.880034584028607,32.800019651168704],[-96.880004676630335,32.800018872004955],[-96.879503489463346,32.800018297599202],[-96.879480107124493,32.800018269841566],[-96.879175054679706,32.800017922450493],[-96.879150724020093,32.800017895801659],[-96.879004173090536,32.800017731125109],[-96.878979289239638,32.800017705350314],[-96.878840943835939,32.800017554526555],[-96.878815815476671,32.800017526434047],[-96.878674613646552,32.800017363447289],[-96.878648837091546,32.800017334086867],[-96.878512533663297,32.800017175243418],[-96.878486202849416,32.800017146740792],[-96.878339530160716,32.800016982399541],[-96.878259792249224,32.800017718614768],[-96.87823308826394,32.800018241677201],[-96.878181146512887,32.800019697434834],[-96.878153884334154,32.800020086031033],[-96.878098785936629,32.800020427308233],[-96.878005026477567,32.800019817040244],[-96.877977556694177,32.800019761851786],[-96.877845577013019,32.800019496318448],[-96.87781689511668,32.800019443324295],[-96.877680960739255,32.800019190975675],[-96.877652294923806,32.800019134545629],[-96.87751434902782,32.80001885938492],[-96.877484583252198,32.800018803900088],[-96.877349950557075,32.800018556445274],[-96.877320099435593,32.800018496199975],[-96.877185850473268,32.80001822922204],[-96.877154913271085,32.800018170099086],[-96.877027672520157,32.800017927649392],[-96.876996141556134,32.800017868856365],[-96.87686104006626,32.800017620166571],[-96.876828975277235,32.800017554364729],[-96.876691483335634,32.800017273392584],[-96.876658062300905,32.800017207884061],[-96.876529970569393,32.800016957426116],[-96.876495212473685,32.80001689426377],[-96.876366044007014,32.800016659345708],[-96.876333104582045,32.800016594625326],[-96.876202710552747,32.800016338127215],[-96.876182398873937,32.800016752996399],[-96.876138018477874,32.800016890604454],[-96.876097291827463,32.800016887399622],[-96.87605576549204,32.80001611612763],[-96.876035370236053,32.800016021198743],[-96.876009932589653,32.800015970462674],[-96.875877224773078,32.800016160527974],[-96.875860612940173,32.800016307985182],[-96.875757123814196,32.800016745976393],[-96.875712770026681,32.800017238234723],[-96.875692089102444,32.800016764320262],[-96.875522897593356,32.800013675278493],[-96.87535414266992,32.800013279430736],[-96.875319847661032,32.800013353669193],[-96.87517206260884,32.800014330931674],[-96.875025938665388,32.80001405530782],[-96.874861691229739,32.800013724896893],[-96.874706549117221,32.800013432981544],[-96.874524724803322,32.800012356541728],[-96.874350302837883,32.800011999813862],[-96.874331193359353,32.80001196199737],[-96.874181902868997,32.799983603326801],[-96.874031591748803,32.799961277739342],[-96.873880503704299,32.799945021432372],[-96.87372888370065,32.799934860762903],[-96.873576977565534,32.799930812204835],[-96.863344434292301,32.799852376228365],[-96.863219390666643,32.799853441917108],[-96.862928160190492,32.79987172054912],[-96.862640042783099,32.799911973316085],[-96.862357356249532,32.799973875402912],[-96.862295664230402,32.79999250853804],[-96.861119565175386,32.799988162973371],[-96.861010028926103,32.799989314430746],[-96.860722257766497,32.800007114889873],[-96.860547292757744,32.799991226708336],[-96.860363486234206,32.799986221565106],[-96.859224386871247,32.799982392731415],[-96.859116196073487,32.79998354764345],[-96.85882496432518,32.800001816668342],[-96.858536844633988,32.800042059930639],[-96.858254154823442,32.800103952691707],[-96.857979172148518,32.800186997430352],[-96.857883297253366,32.800224443971402],[-96.857636864537653,32.800120175759695],[-96.857365090063894,32.800029912032521],[-96.85708482938054,32.799960586477773],[-96.856798340219015,32.799912756493299],[-96.856507927252622,32.799886807849802],[-96.856235311331758,32.799882518902443],[-96.855044617160232,32.799906376842877],[-96.855025244670983,32.799906354227744],[-96.854734012333964,32.79992461367452],[-96.854445891038168,32.799964847461133],[-96.8541631986201,32.800026730925218],[-96.85413934566968,32.800033933714694],[-96.854012263386466,32.799993300079628],[-96.853883736687138,32.799957496636111],[-96.853753949088073,32.799926574505946],[-96.85362308590598,32.799900577841186],[-96.853491333993361,32.799879543761058],[-96.853358881471678,32.799863502298997],[-96.852308700056341,32.799752257965515],[-96.851982291463827,32.799716265094048],[-96.851819362327376,32.79969891749478],[-96.851655829668346,32.799688723764284],[-96.85149200744597,32.799685703473038],[-96.851328210175325,32.799689862419584],[-96.851164752323626,32.799701192619331],[-96.851134920059849,32.799688568861058],[-96.851020134446941,32.799647527522502],[-96.850861226379536,32.799593729600105],[-96.850805617638429,32.799575103512183],[-96.850788557064888,32.799572676600491],[-96.850751471119182,32.799557268834675],[-96.850712108345405,32.799540313830839],[-96.85056694477268,32.799482081740706],[-96.85052592877112,32.799465538577635],[-96.850472081302556,32.799447650921486],[-96.850054292065778,32.799250584100513],[-96.850030718419589,32.79923765076132],[-96.849892870270295,32.79916578673965],[-96.849759880143282,32.799096050619887],[-96.849623087089867,32.799023864776217],[-96.849598607480118,32.799011073560678],[-96.849317780741558,32.798865781804984],[-96.849285359892008,32.798849226930166],[-96.84915761578857,32.798784850460862],[-96.849107055978095,32.798760190906251],[-96.84899157125956,32.79866692008779],[-96.848871837264653,32.798579170807159],[-96.848748117756784,32.798497136368269],[-96.84862068527913,32.798420997485771],[-96.848489820554192,32.798350921886893],[-96.848218363507058,32.798212373928493],[-96.848172934687398,32.79818901866571],[-96.847559564913539,32.797873650437936],[-96.847439906514523,32.797812125949044],[-96.846535812090337,32.797349472635013],[-96.846391580020068,32.797273109366323],[-96.846286947701913,32.79722043658208],[-96.845642385803785,32.796887886197865],[-96.844778634120203,32.796443753444073],[-96.844492990864694,32.796296872119015],[-96.844430610595893,32.796266132146712],[-96.84438843427219,32.796244095891694],[-96.844320998138613,32.796212590471164],[-96.844073359451187,32.796081673069345],[-96.842993047309847,32.795521668130441],[-96.842968249459204,32.795508979571721],[-96.842458127741665,32.795250580186618],[-96.842391927691963,32.795218205384067],[-96.842297094350897,32.795022312356402],[-96.842162791086125,32.794803302613069],[-96.842005786760083,32.794595342609973],[-96.841827343335709,32.794400106823495],[-96.841628899787509,32.794219166561732],[-96.841412053085421,32.794053978891029],[-96.841178547754126,32.793905873873726],[-96.841025065141736,32.793822562287353],[-96.838098846123231,32.792330331013112],[-96.838004050594805,32.792283809211241],[-96.837742997812981,32.792173293297232],[-96.837471267921131,32.792082986046374],[-96.837191047885582,32.792013615624093],[-96.836904595110667,32.791965739789724],[-96.836614213976688,32.791939744682807],[-96.836322244206627,32.791935839257448],[-96.836031034185694,32.791954054925995],[-96.835902063510446,32.791972046279177],[-96.835746666182771,32.791906255716924],[-96.835474939140454,32.791815944102645],[-96.835194721508998,32.791746569181171],[-96.834908270673324,32.79169868874795],[-96.834617890998231,32.791672688979702],[-96.834325922194751,32.791668778867937],[-96.834034712640573,32.791686989862733],[-96.833746608712801,32.791727175729676],[-96.8334639281085,32.791789012191792],[-96.833188948008171,32.791872002181599],[-96.832923881580484,32.79197547642584],[-96.832670863907836,32.792098604077985],[-96.832431929590385,32.792240391512934],[-96.832209004972611,32.792399698454489],[-96.832003883508008,32.792575242151067],[-96.83181821593233,32.792765608965311],[-96.831653499350324,32.792969266851159],[-96.831511057815007,32.793184575912761],[-96.831392039934755,32.793409801898072],[-96.831297403601042,32.79364313312719],[-96.831257966171478,32.793767476580541],[-96.83115455834961,32.794126984956051],[-96.831124503464594,32.794242197796898],[-96.831109633242164,32.794310121656054],[-96.83095369784013,32.795076119483795],[-96.830752713912077,32.795173917456282],[-96.830672531177029,32.795218510290582],[-96.829844815530265,32.795693763377287],[-96.829736436207654,32.795758327624647],[-96.829630810365728,32.7958273044405],[-96.829528117552243,32.79590057657483],[-96.829428532329288,32.795978019476209],[-96.829332223976451,32.796059501503578],[-96.829239356203217,32.796144884149953],[-96.829153992616725,32.796031786654432],[-96.828975574583268,32.795836532454523],[-96.828777154031798,32.795655571710874],[-96.828560327746942,32.795490361654828],[-96.828326840089048,32.795342232528675],[-96.828078573607371,32.795212375738522],[-96.827817524573092,32.795101839018919],[-96.827545795815894,32.795011510105581],[-96.827265574292895,32.794942117338095],[-96.826979117420507,32.794894218655912],[-96.826688729611902,32.794868200382297],[-96.82639675064388,32.794864271658071],[-96.826105528975688,32.794882464082967],[-96.825817411082099,32.794922631572035],[-96.825534714772516,32.794984449996484],[-96.825259717353916,32.795067422433753],[-96.825073028927278,32.795137721864812],[-96.824305542989521,32.795451483875468],[-96.823864389199755,32.795630495667297],[-96.823777455563288,32.795667129221748],[-96.823524414672391,32.795790238229657],[-96.823285455799066,32.795932008050293],[-96.823062505485424,32.79609129854952],[-96.822857357391882,32.796266827107878],[-96.822671662468338,32.796457180209984],[-96.82250691803992,32.796660825920306],[-96.822364448383667,32.796876124440764],[-96.822245402334559,32.797101341604353],[-96.822150738010606,32.797334665802261],[-96.822081218365909,32.797574216940724],[-96.822037401166241,32.797818067949741],[-96.822019642013373,32.798064253841808],[-96.82202808218392,32.79831079319289],[-96.822062655837883,32.79855570176835],[-96.822123082281081,32.798797005947776],[-96.822208877290905,32.799032764525016],[-96.822319349735139,32.799261077683489],[-96.822342447911637,32.799302391759682],[-96.822592491271649,32.799739744522441],[-96.822616745011047,32.799780559126781],[-96.822726956035055,32.799958692349414],[-96.82288392466215,32.800166676592092],[-96.823062337997158,32.800361939459464],[-96.823260757417685,32.800542909248627],[-96.823477586181681,32.800708128473509],[-96.823711079864268,32.800856266636352],[-96.823959355746098,32.800986132083075],[-96.824220417286568,32.801096676845923],[-96.824492161294714,32.801187012978339],[-96.824772400372041,32.801256411958043],[-96.825058876594241,32.801304315697138],[-96.825349284989855,32.801330337761883],[-96.825641285190471,32.801334268942853],[-96.825932318303359,32.801317746060455],[-96.826007230100316,32.801327832198311],[-96.826299230321823,32.80133176183476],[-96.826590473119097,32.801313568966137],[-96.826878611416319,32.80127339970759],[-96.827161326827564,32.801211578261046],[-96.827436341511444,32.801128601661773],[-96.8277014416838,32.801025139190799],[-96.827954491708553,32.800902021738871],[-96.828193456506781,32.800760243006984],[-96.828416409340576,32.800600943372821],[-96.828621556457421,32.800425405709227],[-96.828807246920761,32.800235043787509],[-96.828971983524681,32.800031389793453],[-96.829114442213566,32.799816083761606],[-96.829166778774592,32.799717057254213],[-96.829265596563346,32.799814156316089],[-96.829368813145493,32.799906565841383],[-96.829476206197754,32.799994086784693],[-96.829587544401008,32.800076530630371],[-96.829702587938428,32.800153719798587],[-96.829821089012128,32.800225488027813],[-96.829811307092996,32.800262293251883],[-96.829803623671751,32.800291494556205],[-96.829795545406597,32.800320566993967],[-96.829785644899729,32.800354934521195],[-96.829735541727999,32.800524011401095],[-96.829691744108871,32.800767865045877],[-96.829674005604346,32.801014051969474],[-96.82968246732483,32.801260590739695],[-96.829717063256965,32.801505497126435],[-96.829777512526931,32.801746797527052],[-96.829863330728642,32.801982550765722],[-96.829973826542812,32.802210857068829],[-96.83010811093169,32.802429879836858],[-96.830265101233437,32.802637854721304],[-96.830443535782038,32.802833106960527],[-96.830641975784303,32.803014064937258],[-96.83085882433241,32.803179271260646],[-96.831092336842175,32.803327395536755],[-96.831304741592874,32.803440056574694],[-96.832481797928978,32.804012172448658],[-96.834012407699305,32.804756105397892],[-96.834041052829818,32.8047698646157],[-96.834455718106938,32.804965060205717],[-96.834569418907535,32.805065282110519],[-96.834588845099105,32.805082531776691],[-96.83463021016199,32.805118923609186],[-96.834666337385087,32.80515016656009],[-96.834736490590672,32.805210352348439],[-96.834773626618983,32.805240996365768],[-96.834900914111287,32.80533773352461],[-96.835001487602312,32.805414305543202],[-96.835105500851611,32.805486135516716],[-96.835212730454785,32.805553069165434],[-96.835322946099154,32.805614962726189],[-96.835435911058497,32.80567168326116],[-96.835521269261704,32.805713069413642],[-96.835652046249962,32.805773319832063],[-96.835785278386794,32.805827926894722],[-96.835920722279496,32.805876790843705],[-96.83605813049482,32.80591982241279],[-96.836197252011075,32.805956942990541],[-96.836222371964425,32.806123737331426],[-96.836282842074297,32.806365034475583],[-96.836368682029729,32.80660078313317],[-96.836479200336342,32.806829083567415],[-96.836613507775269,32.807048099226115],[-96.836770521498963,32.807256065817988],[-96.836948979652874,32.80745130864819],[-96.837147443253812,32.807632256175225],[-96.837364315203814,32.807797451092334],[-96.837597850730319,32.807945563097348],[-96.837846166777069,32.808075400747036],[-96.837954191557074,32.808124139302528],[-96.838198260527236,32.808229323106936],[-96.838284554011011,32.808265164847256],[-96.838532199005883,32.808364213967891],[-96.838598980943303,32.808390148788192],[-96.838619661516745,32.808397869489433],[-96.838874860140791,32.808492246724235],[-96.839084740289891,32.808569280408896],[-96.839214565708389,32.808614410652467],[-96.839346037307848,32.808654493026488],[-96.839478958898113,32.808689467717514],[-96.839613132125251,32.808719282534135],[-96.839748356767572,32.808743892984801],[-96.839884431034363,32.808763262344264],[-96.840021151867106,32.808777361708344],[-96.840043421997365,32.808786787274549],[-96.84031520566964,32.808877088779298],[-96.840595481413033,32.808946452064632],[-96.840881991007947,32.808994319330147],[-96.841172429214282,32.809020304435762],[-96.84146445542342,32.809024198469778],[-96.841755720360879,32.809005970105702],[-96.842043876772337,32.808965765744851],[-96.842326606126292,32.808903909871496],[-96.842467646165318,32.8088613398482],[-96.842486955402919,32.808876571787707],[-96.842568386936335,32.808937820571167],[-96.842659967662897,32.809004173222768],[-96.842746017679488,32.809064214414988],[-96.842861334151038,32.809140926063812],[-96.842977311758233,32.809214559125166],[-96.843104113904246,32.809291111479027],[-96.843230915008306,32.809363499505274],[-96.84336895163932,32.809438076283278],[-96.843493106488282,32.809501490730831],[-96.843566394017017,32.809537828392621],[-96.844104482554727,32.809796707723898],[-96.844128318302168,32.809808063664121],[-96.844389430929752,32.809918566012001],[-96.844661222492761,32.810008858012822],[-96.844941505209434,32.810078211499579],[-96.845228020804157,32.810126068750925],[-96.84551846398837,32.810152043707291],[-96.845810494113366,32.810155927538723],[-96.845851675320887,32.810153349104091],[-96.845948032476016,32.810203162899903],[-96.846090060971918,32.810272797541195],[-96.846137005169211,32.810295376313583],[-96.846222989114082,32.810334518413505],[-96.846368707925208,32.810398489913744],[-96.846543840787646,32.810469845735327],[-96.84657016144871,32.810479645042264],[-96.846664661669266,32.810514407551658],[-96.846713425972837,32.810531948702128],[-96.847016952381423,32.810638670918024],[-96.847287395920262,32.810733756367789],[-96.847887391826163,32.810944708876406],[-96.847900405261626,32.810948872721141],[-96.847907804159206,32.811163147889772],[-96.847942454266018,32.811408048996107],[-96.848002959855663,32.811649340331272],[-96.848088836068996,32.811885080792045],[-96.848199391119493,32.812113370707849],[-96.848333735492787,32.812332373611042],[-96.848490786043612,32.812540325313115],[-96.84866928062101,32.81273555123888],[-96.848867779948435,32.812916479983308],[-96.849084686640168,32.813081654390693],[-96.849318255644135,32.813229744323856],[-96.849566603634287,32.813359558517611],[-96.849827733489036,32.813470049416324],[-96.850099541467756,32.813560329507453],[-96.8502514484545,32.813599074077736],[-96.850379460146101,32.813630780463086],[-96.850549997452958,32.813673563401338],[-96.850627433305021,32.813691573341849],[-96.850928563465303,32.813758244738992],[-96.850980060840598,32.813769267943691],[-96.851006471848692,32.813774630030316],[-96.851309459408668,32.813835008958392],[-96.851387850965253,32.813849770639372],[-96.851692510735987,32.81390381764983],[-96.851771293898764,32.813916939170568],[-96.852077441606156,32.813964622946528],[-96.852126347980942,32.813971914371017],[-96.852167961216622,32.813977842868908],[-96.85222200052813,32.813985148133924],[-96.852512458394287,32.814011106752389],[-96.852804501528567,32.814014974164252],[-96.853095780520277,32.813996719257226],[-96.853383948001863,32.813956488646312],[-96.853666685352877,32.813894607027187],[-96.853941714554708,32.813811571919814],[-96.854206821706939,32.813708053076326],[-96.854459871116418,32.8135848818415],[-96.854698827710251,32.813443052348845],[-96.854775493352264,32.813388254510855],[-96.85494828526123,32.813445638977434],[-96.855228586877288,32.813514969265803],[-96.855515119120014,32.813562802809912],[-96.855805576566752,32.81358875374081],[-96.856016783064732,32.813591545154971],[-96.856032035120748,32.813652345924076],[-96.856117934609216,32.813888080800346],[-96.856228512817808,32.814116363540123],[-96.856362880045722,32.814335357733441],[-96.85651995296368,32.814543299262262],[-96.856698469240612,32.81473851363296],[-96.856896989425223,32.814919429533745],[-96.857113915963879,32.81508458991221],[-96.85718112576707,32.815127194973186],[-96.856999331130055,32.815050288135367],[-96.856727511564813,32.814960023131221],[-96.856447204211321,32.814890696228886],[-96.856160667176951,32.814842864837154],[-96.855870205520091,32.814816914738095],[-96.855578159612151,32.814813054523157],[-96.855286878450926,32.814831315241037],[-96.854998708990564,32.814871550256633],[-96.854715969455029,32.814933434897675],[-96.854638401455134,32.814958609787048],[-96.854618090611879,32.814964083677907],[-96.854591202133889,32.814970612396465],[-96.854531110647116,32.814984820120387],[-96.85448883152965,32.814994371411473],[-96.854469815151319,32.814999674801413],[-96.854202299575533,32.815051531873166],[-96.853927266773354,32.815134567547489],[-96.853662155031799,32.815238085782291],[-96.853409099798867,32.81536125537653],[-96.853193324571535,32.815489319363522],[-96.85310882877593,32.815435752218846],[-96.852860469789945,32.815305945120151],[-96.852599330753733,32.815195460605025],[-96.852327515220992,32.815105185988585],[-96.852047210847658,32.815035849173462],[-96.851760675717173,32.814988007648367],[-96.851470214872421,32.814962047276829],[-96.851281079317673,32.814957014421978],[-96.850912992008247,32.814958579651609],[-96.850723820404966,32.814957439970883],[-96.850620938982104,32.814957030158197],[-96.850329656328043,32.814975279269326],[-96.850041484151973,32.815015502801884],[-96.849758740699784,32.815077376175921],[-96.849483703658422,32.815160402026507],[-96.849218586654573,32.81526391079187],[-96.848965525178514,32.815387071347274],[-96.848726554182022,32.815528889803026],[-96.848503600305818,32.815688225632861],[-96.848298457238656,32.815863795852628],[-96.848112775889973,32.816054186611659],[-96.84794805347623,32.816257865670657],[-96.847805614096814,32.816473192963585],[-96.84777531389453,32.816530541527669],[-96.847721246264669,32.816576813573924],[-96.847535562184689,32.816767203459371],[-96.847370837121616,32.816970881741284],[-96.847228395196183,32.817186208359679],[-96.847109385020374,32.81741144892095],[-96.847014764423875,32.817644791628013],[-96.84694529600857,32.817884356237776],[-96.846901537127792,32.818128215572351],[-96.846883842914139,32.818374404576495],[-96.846892354121081,32.818620941801449],[-96.846927004337616,32.818865843029293],[-96.846987512251957,32.819107134699237],[-96.847073392986601,32.819342875705466],[-96.847183954718574,32.819571166372924],[-96.847318307879675,32.819790170227876],[-96.847416319489895,32.819919939328386],[-96.847408301227858,32.820039887293092],[-96.847406892493012,32.820160094706466],[-96.847412097550333,32.820280197637906],[-96.847423900641402,32.820399832473157],[-96.84744226603209,32.820518637015105],[-96.847467138120777,32.820636251580396],[-96.84749844160666,32.820752320088332],[-96.847230977781493,32.820810840044352],[-96.84695592059704,32.820893860264135],[-96.846690783507569,32.820997363589747],[-96.846437702165048,32.821120518940198],[-96.846198711681083,32.821262332467761],[-96.846029034932883,32.821383579680266],[-96.84597829143577,32.821181219899337],[-96.845892411831656,32.820945478176142],[-96.845781851710683,32.820717186389182],[-96.845647500938895,32.820498180893303],[-96.845490442964419,32.820290225748742],[-96.845311940181503,32.820094995393021],[-96.8451403995482,32.819936793809916],[-96.844565771624929,32.819446692274248],[-96.84453880441626,32.819423959429095],[-96.844321890680902,32.819258777188864],[-96.844088314143562,32.819110677954477],[-96.843839958069552,32.818980852890995],[-96.843609156235715,32.818883186409991],[-96.843664222494866,32.818825155709355],[-96.843687382926021,32.818798785194588],[-96.843814768176998,32.818651920933164],[-96.843867335447683,32.818598942818348],[-96.843961390293998,32.81849968625194],[-96.844050464617553,32.818395936818341],[-96.844134344088189,32.81828794415889],[-96.844212826875577,32.818175968124962],[-96.844246984310217,32.818124426906145],[-96.844316527133586,32.818013634012161],[-96.84443213427393,32.817795686078981],[-96.844459631006487,32.817737142021983],[-96.844555963887927,32.817500155835454],[-96.844590003930165,32.817394271216131],[-96.844606977533459,32.817336975155143],[-96.844642412009804,32.817203296485189],[-96.84468367499754,32.816978732842493],[-96.844691532419304,32.816920046461604],[-96.844704519611994,32.816799242360922],[-96.844711178237702,32.816677924758658],[-96.84471149011236,32.816556424961746],[-96.844710094868176,32.8164973728435],[-96.844701833865727,32.8163489732827],[-96.84467297442697,32.816134699172757],[-96.844662350978041,32.816076324261502],[-96.844637255621478,32.815956283800347],[-96.844606031391905,32.815837689800823],[-96.844568760619737,32.815720854965363],[-96.844549091932137,32.81566417704645],[-96.844522374721279,32.815594745933936],[-96.844525367307739,32.815555212087553],[-96.84452724426265,32.815483600937014],[-96.844527637246443,32.81546609262773],[-96.84451913291403,32.815219555171929],[-96.844484490769176,32.814974653194156],[-96.844423992481765,32.814733360218277],[-96.844338123250139,32.814497617286698],[-96.844227575165021,32.814269323987439],[-96.84409323799548,32.814050316687478],[-96.843936195080047,32.813842359461582],[-96.843757708691868,32.813647126764032],[-96.843566150702387,32.813471983247005],[-96.842741851508677,32.812781003729945],[-96.842430842597935,32.812520267215717],[-96.842387664065214,32.812484088424029],[-96.84215962963394,32.812292939892352],[-96.841922003885728,32.812093738781861],[-96.841628018883796,32.81184730071125],[-96.841407661916534,32.811679215173683],[-96.841317568809629,32.81162208380303],[-96.84105264246439,32.811414694552866],[-96.840951901870611,32.811337923300385],[-96.840847824093771,32.811265740831523],[-96.840740617994896,32.811198292000505],[-96.840630498712855,32.811135712162169],[-96.840517687232648,32.811078126900384],[-96.840424914512752,32.810979912187335],[-96.840327448628372,32.810886353068064],[-96.84022552292825,32.810797673537884],[-96.840119381438626,32.810714085909623],[-96.839010340732756,32.80987752366368],[-96.838732233648642,32.809665403088559],[-96.83841121677699,32.809414851328221],[-96.838095496723952,32.809162088511158],[-96.837771524768073,32.80889604739928],[-96.837707728608024,32.80884345237186],[-96.837481740122186,32.808651756780087],[-96.837244891214894,32.808449503770845],[-96.83716080688464,32.808378832314254],[-96.837073553567322,32.808312112841925],[-96.836983316844893,32.808249487261726],[-96.836890288644824,32.808191088774059],[-96.836805091642603,32.80809787937806],[-96.836629422340494,32.807936117022415],[-96.835875845825186,32.80729553001138],[-96.835343559719902,32.806843828164887],[-96.83532117808447,32.806824119209011],[-96.835002241309923,32.806552901416488],[-96.834554764748191,32.806172507336747],[-96.834475843094594,32.806104122730922],[-96.834392882871697,32.806040698105285],[-96.834306195312635,32.805982471403304],[-96.833881766716516,32.805624341718051],[-96.83384734026636,32.805595291353391],[-96.833748711076652,32.805512004107875],[-96.833733622267488,32.805499346391883],[-96.833719856658007,32.805487941135326],[-96.833539188363858,32.805339131969234],[-96.833448698693971,32.805267389938287],[-96.833261443794811,32.805124505239341],[-96.833167778252275,32.805055727459113],[-96.832974210478795,32.804918976491031],[-96.832764698196542,32.804784969808729],[-96.832730433076577,32.804763169158193],[-96.83266497881327,32.804721774583612],[-96.832577321724372,32.804661790387541],[-96.832494463878291,32.804609777647137],[-96.832329963859578,32.804509897309991],[-96.832265940415709,32.804472001331561],[-96.832245154964951,32.804460108544291],[-96.832076984400715,32.804364685569944],[-96.831990399854561,32.804317220527494],[-96.831818729978053,32.804226348285034],[-96.83167780292932,32.804155856782778],[-96.831653442074497,32.804144476033841],[-96.831493611654224,32.804070558694221],[-96.831393282798174,32.80402605928203],[-96.831156199387422,32.803925310047944],[-96.831041091497852,32.803878760401695],[-96.830799487701029,32.803785927353985],[-96.830778206189279,32.80377782747199],[-96.830667573896136,32.803738176839786],[-96.830461647470386,32.803668131980295],[-96.830315637773779,32.803575513185777],[-96.830067345342414,32.803445660454592],[-96.829806269605385,32.803335127985036],[-96.829534513607371,32.803244803478471],[-96.829254264524778,32.803175415239139],[-96.829102806785031,32.803147284375349],[-96.828811621706279,32.803099312367522],[-96.828708719992363,32.803083803771912],[-96.828495774153424,32.803057778105213],[-96.828388214704248,32.80304246640442],[-96.828356255111032,32.803037656227133],[-96.827848200154108,32.802945494961513],[-96.827743172228111,32.802927167320306],[-96.827554095532108,32.802897012641701],[-96.827263749081098,32.802871029107934],[-96.826971801864545,32.802867078165825],[-96.826679172995625,32.802884772618647],[-96.826392228445698,32.802925180319654],[-96.826109507038069,32.802987000009182],[-96.825834485352829,32.803069973661884],[-96.825569376893412,32.803173432136127],[-96.825316317080492,32.803296544712204],[-96.825077340853397,32.803438317886439],[-96.824854374894201,32.803597611497445],[-96.824649212989073,32.803773142900845],[-96.824463506199223,32.803963498558353],[-96.824298751945392,32.80416714651372],[-96.824156274583615,32.804382446950967],[-96.824037223011004,32.804607665687513],[-96.823942555390104,32.804840991101912],[-96.823873034701649,32.805080543090526],[-96.823829218719595,32.80532439457663],[-96.823811463036279,32.805570580568784],[-96.823819908900106,32.805817119642214],[-96.823854490425646,32.806062027564401],[-96.82391492685494,32.806303330720255],[-96.823923758800646,32.806327597907675],[-96.82390672227703,32.806563817373934],[-96.823915168500179,32.806810356419902],[-96.82394975067578,32.807055264294782],[-96.824010188040802,32.807296567383787],[-96.82409599628501,32.807532324489635],[-96.824206484169451,32.807760635807526],[-96.824340762720126,32.807979664697605],[-96.824497749322234,32.80818764676205],[-96.824676182339715,32.808382907181439],[-96.824868803352118,32.808559011182325],[-96.825239872553226,32.808869883368047],[-96.825459635748459,32.809037530113422],[-96.825513829743471,32.809071908719027],[-96.825601784432862,32.8091587161408],[-96.825522973064906,32.809277806217302],[-96.825451789345891,32.809409738634074],[-96.825402898053781,32.809502649856661],[-96.825225542350154,32.809843039064475],[-96.825143255265942,32.809995123268351],[-96.825075029109328,32.810130719237094],[-96.825037657113199,32.810229669592367],[-96.824921084499621,32.810455607980529],[-96.824835856593936,32.810662238749671],[-96.824813084331808,32.810725441194876],[-96.82476002505679,32.810872709236222],[-96.824720679084962,32.810990212766924],[-96.824687959982299,32.811109731156918],[-96.824661969974883,32.811230890988298],[-96.824642790264733,32.811353313714726],[-96.824630480776065,32.811476616844104],[-96.824611918739208,32.811506833900914],[-96.824589211555221,32.811541971952785],[-96.824545314103517,32.811604539872626],[-96.824426253826729,32.811829758841263],[-96.824331579522138,32.812063084406311],[-96.824262054224491,32.812302636462938],[-96.824218235744752,32.812546487933858],[-96.824213765799158,32.812608456768999],[-96.824133236301194,32.812806920288679],[-96.824063709884996,32.813046472218844],[-96.824019890492636,32.813290323604029],[-96.824002133744031,32.81353650945357],[-96.824010580896214,32.813783048343744],[-96.824017126352359,32.813847478115306],[-96.824034643062745,32.81399896887919],[-96.824051357089715,32.8141215741501],[-96.824075048405632,32.814243024274447],[-96.824105639619418,32.814362922517937],[-96.824143030800457,32.814480877215736],[-96.824187099805101,32.814596503051874],[-96.824172631253276,32.814797100258865],[-96.824181078999274,32.815043639110101],[-96.824215665118672,32.815288546735388],[-96.824276108816306,32.815529849522022],[-96.824361925731196,32.815765606275043],[-96.824472424554713,32.815993917192593],[-96.82460671622475,32.816212945638],[-96.824763718020719,32.816420927217031],[-96.824942168184435,32.816616187114228],[-96.82514062779677,32.816797153650576],[-96.825357499792105,32.816962369366443],[-96.825591039397708,32.817110503792229],[-96.825839363524068,32.817240365303938],[-96.826100475242526,32.81735090596559],[-96.826183973340392,32.817375595861485],[-96.82629911180382,32.81741589579736],[-96.826415595583128,32.817452123959725],[-96.826533280732875,32.817484235579442],[-96.826652021823008,32.817512190974391],[-96.82678477886256,32.817542000881389],[-96.826918614679897,32.817566516919165],[-96.827053318261349,32.817585700434236],[-96.827188677225124,32.817599521180725],[-96.827324478156086,32.817607957368004],[-96.827460506942288,32.817610995695063],[-96.827531671504346,32.817612429575682],[-96.82760515581208,32.817612855583391],[-96.827953117932225,32.817611885968425],[-96.828025430238895,32.817610796074185],[-96.828316726129003,32.817592599189418],[-96.828604916521726,32.81755242598873],[-96.828887682611892,32.817490600705725],[-96.829162746149606,32.817407620406556],[-96.829401181598499,32.817314578206634],[-96.829362191711553,32.817448939261837],[-96.829318384709737,32.817692792418029],[-96.829300641784613,32.817938978927586],[-96.829309104081887,32.818185517361556],[-96.829343705584009,32.818430423492572],[-96.829404165371898,32.818671723720051],[-96.829489998955253,32.818907476869597],[-96.829600514890942,32.819135783168313],[-96.829609169187577,32.819149895437647],[-96.829577690900038,32.819370419954048],[-96.829534442489404,32.819697459744759],[-96.829502929027768,32.819904802136271],[-96.829490615534368,32.819976786309546],[-96.82948256732179,32.820049371222552],[-96.829478812387961,32.82012230436861],[-96.829479363795457,32.820195332029613],[-96.829459420703444,32.820317489140976],[-96.829446549745995,32.820440592452172],[-96.829440793694744,32.82056423287699],[-96.829442171677712,32.820687999544305],[-96.829449095491867,32.820871354564005],[-96.829454629323507,32.820966310430492],[-96.829469058635468,32.821149354950457],[-96.829470745787546,32.821169631221949],[-96.829478473716975,32.821244054471933],[-96.829500388196109,32.821426567242824],[-96.829513679056319,32.821520962540788],[-96.829543055065272,32.821702727678321],[-96.829556639538552,32.821778815138842],[-96.829560198133095,32.821796654281961],[-96.829596998218591,32.821977452106779],[-96.829623581137071,32.8220702878465],[-96.829636270398566,32.822139466258648],[-96.829663296245926,32.822250249916017],[-96.829687343159407,32.82234310119464],[-96.829697928392619,32.822380561334377],[-96.829742233223385,32.822520506178662],[-96.829754126044605,32.82255767811521],[-96.82977548221865,32.822614801395702],[-96.829825820166448,32.822789929192453],[-96.829858138465454,32.822880960451045],[-96.829924111825164,32.823055747923007],[-96.829960149803668,32.823145812614534],[-96.830033260215401,32.823318611477468],[-96.830072939407785,32.823407510115537],[-96.830153062106476,32.823578028255582],[-96.830196376268489,32.823665753530555],[-96.830283434182022,32.823833832055506],[-96.830310981396565,32.823885555521606],[-96.8303303134537,32.823920237808586],[-96.83042420148692,32.824085674156414],[-96.830474602566909,32.824170678621371],[-96.83056995012916,32.82432477379848],[-96.83048237101967,32.824336983129861],[-96.830199584215691,32.824398811999117],[-96.829924499967973,32.824481794538364],[-96.829659332283583,32.824585261534352],[-96.82940621706021,32.824708382198857],[-96.829167189682508,32.824850162962917],[-96.828944177245262,32.825009463604154],[-96.828847653004715,32.825088119972541],[-96.828526307084189,32.82536099783065],[-96.828237212392722,32.825606481177942],[-96.828128510278532,32.825703380737728],[-96.827942765040987,32.825893741220867],[-96.827777978041027,32.826097393389801],[-96.827635473897828,32.826312697394563],[-96.827516401724623,32.826537919023821],[-96.827421719849795,32.826771246632831],[-96.827368590122404,32.826946668266281],[-96.8270914054727,32.827029211462524],[-96.826826226867865,32.82713267239648],[-96.826573100442488,32.827255787268719],[-96.826334061671375,32.827397562556918],[-96.826111037740944,32.827556858082822],[-96.82602728728034,32.827624721281779],[-96.825773373968303,32.827837938848184],[-96.8257391238796,32.827867133228075],[-96.825635702044195,32.827956613943108],[-96.825627542214306,32.827959075516588],[-96.825362359121982,32.828062533321841],[-96.825109228011058,32.828185645205487],[-96.824870184394058,32.828327417669236],[-96.824667296799191,32.828472325496826],[-96.824557788116252,32.828529272668639],[-96.824450678051534,32.828590612427782],[-96.824346142705494,32.828656243925103],[-96.824244353945431,32.828726059255381],[-96.823809703550069,32.829036775310932],[-96.823701427196113,32.829117731704578],[-96.823575112776666,32.829225769669193],[-96.82336938930878,32.829347775227653],[-96.823146355150158,32.829507065410773],[-96.822941129933582,32.829682593593205],[-96.822755365229611,32.829872946262299],[-96.822590558926137,32.830076591486034],[-96.822448035797478,32.830291889470232],[-96.822328945109973,32.830517106052135],[-96.822274801614398,32.830656578364312],[-96.82223457132487,32.830750986001277],[-96.822224856580462,32.830776102578895],[-96.822211320053256,32.830795148174374],[-96.82218954606374,32.830815487885097],[-96.822024736709707,32.831019132341524],[-96.821882210692962,32.831234429658764],[-96.821763117303092,32.831459645679317],[-96.821668415039071,32.831692968803644],[-96.821598867160873,32.831932518946495],[-96.821555031660921,32.83217636904601],[-96.821537264289532,32.832422554121898],[-96.821545706388775,32.832669092756674],[-96.821580292104159,32.832914000721495],[-96.821592817228179,32.832964000111531],[-96.821566048149165,32.8330299521119],[-96.821496498946118,32.833269502167553],[-96.821452662503901,32.833513352200491],[-96.821434894580477,32.833759537230875],[-96.821443336522464,32.834006075841629],[-96.821477922476546,32.834250983804104],[-96.821538371648643,32.834492287502869],[-96.821624199634158,32.834728045735666],[-96.821734715035305,32.834956358688757],[-96.821869028656621,32.835175389709008],[-96.822026057600567,32.835383374381465],[-96.822204539890961,32.835578637865964],[-96.822403036349399,32.835759608454516],[-96.822619949613895,32.835924828654854],[-96.82285353457975,32.836072967961385],[-96.823101907791596,32.836202834710804],[-96.823363071926138,32.836313380924949],[-96.823634922965724,32.83640371864562],[-96.823915272650325,32.836473119337789],[-96.824201862164315,32.836521024899731],[-96.824333700339963,32.836535150464542],[-96.82469171678764,32.836852436523372],[-96.824761913566974,32.836912760687653],[-96.824978834046235,32.837077976758025],[-96.825212425989335,32.837226111620389],[-96.825460805884703,32.83735597364732],[-96.825721976355211,32.837466514898637],[-96.825993833332177,32.837556847456106],[-96.826274188507782,32.837626242826182],[-96.826560783022174,32.837674142950178],[-96.826851310952009,32.837700161423513],[-96.82714343096562,32.837704089065596],[-96.827434793033646,32.837685894279574],[-96.827715141652817,32.837646825500926],[-96.827838697773203,32.837781979649975],[-96.828037210659602,32.837962941213114],[-96.828254139809019,32.838128151557449],[-96.828487739988844,32.83827628025675],[-96.828736127621227,32.838406135733102],[-96.828997305266626,32.838516670099224],[-96.829269168798703,32.838606995492142],[-96.829549529856791,32.838676383476255],[-96.829787430111509,32.838716138225998],[-96.829910517748857,32.838831029469603],[-96.83013729126003,32.839072319497724],[-96.830425456483766,32.839378926625571],[-96.830535682357436,32.839496207009816],[-96.830908638655231,32.839893026236204],[-96.83145907605963,32.840505281833941],[-96.831531859075554,32.840586234844423],[-96.831555230554756,32.840612231364027],[-96.831611288486101,32.84067458429994],[-96.831604259983692,32.840711808913163],[-96.831593873603197,32.840770946710514],[-96.831571649121912,32.840907719307431],[-96.831559593041789,32.840991431043761],[-96.831555466749634,32.841026416310513],[-96.831540304262916,32.841163873445467],[-96.831530242967176,32.841283125123617],[-96.83152217512567,32.841421011092315],[-96.83151862127761,32.841512960438727],[-96.83151826685517,32.841540485067028],[-96.831517307236624,32.841678535789988],[-96.831517661389981,32.841738301922597],[-96.831524651497759,32.842109923668268],[-96.831513187058405,32.843407555104847],[-96.831425282592917,32.843516178269198],[-96.831282759314192,32.843731486097106],[-96.831163673015794,32.843956710846065],[-96.831068982139755,32.844190040846172],[-96.830999449854474,32.844429595956811],[-96.830955634026679,32.844673449076204],[-96.830938959072995,32.844880448384899],[-96.830934690903334,32.844999920192436],[-96.830933622075577,32.845039107006606],[-96.830942091498684,32.845285644705562],[-96.830976708084691,32.845530549762131],[-96.831037190792458,32.845771848584349],[-96.83112305494771,32.846007600009237],[-96.831233608861268,32.846235904277691],[-96.831367963027986,32.846454924806693],[-96.831525034223418,32.846662897265759],[-96.83170356013143,32.846858146912865],[-96.831857760543087,32.847001440591832],[-96.832105088300182,32.847215610646593],[-96.832587848789757,32.847633718981818],[-96.83291144463324,32.84791397478984],[-96.832955995452551,32.847951816452394],[-96.833172958201402,32.848117018062155],[-96.833406592911174,32.84826513738426],[-96.833655015725626,32.848394982916631],[-96.833916228922064,32.848505506851751],[-96.83418812808803,32.848595821410861],[-96.834468524575684,32.848665198245406],[-96.83464382370309,32.848694481037931],[-96.834735836742922,32.848771039011872],[-96.834823017030203,32.848840944615596],[-96.834991586684495,32.848971198960733],[-96.835081803095363,32.849038367079878],[-96.835255958469418,32.84916327703985],[-96.835294111094299,32.849190220016382],[-96.83534902557976,32.849227567181451],[-96.835528528337093,32.849346964481647],[-96.835624376481093,32.849408330599623],[-96.835801683886118,32.849517553323068],[-96.83586940456857,32.849560267472967],[-96.835883262323946,32.849571468846221],[-96.835897289627795,32.849585421540901],[-96.835940233620718,32.849632757686599],[-96.83601986803086,32.849727301218969],[-96.836141652486958,32.849871994069197],[-96.836208811820782,32.849948917605474],[-96.836336502443245,32.850089972398457],[-96.836406774337107,32.850164864816868],[-96.836540194214024,32.850302087050757],[-96.836571483158508,32.850333778486323],[-96.836613513747537,32.850374878020652],[-96.836752504614708,32.850508104108272],[-96.836828775257104,32.850578699426379],[-96.836973167077289,32.850707766524891],[-96.837012384325689,32.850742215438729],[-96.838529088223879,32.85205155728967],[-96.8385364377136,32.852264934378297],[-96.838538685140662,32.852289097071605],[-96.838572447362893,32.852632638390482],[-96.838574822833451,32.852656811810547],[-96.838609700297326,32.853011619449845],[-96.838642089864038,32.853232330585747],[-96.838702598684534,32.853473625498367],[-96.838788490677672,32.853709371454357],[-96.838899073929895,32.853937668738823],[-96.839033458700015,32.854156680824801],[-96.839190561517,32.854364643450012],[-96.839369119810257,32.854559881951431],[-96.839567693789235,32.854740824822656],[-96.839784685467635,32.854906014794338],[-96.840018349109812,32.855054121604269],[-96.840266800626281,32.855183953851061],[-96.840528042063397,32.855294463834177],[-96.840799968781141,32.855384763887201],[-96.841080391909969,32.855454125778415],[-96.841367052042628,32.855501991718654],[-96.841657642727725,32.855527975578561],[-96.841949822127702,32.855531868456417],[-96.842130980080526,32.855523149389384],[-96.842518576922231,32.855495332349015],[-96.843209922499241,32.856092069766376],[-96.843563739428632,32.856397464895082],[-96.843756151488677,32.856563542723549],[-96.844397202606061,32.857111768851773],[-96.844557751951356,32.857255420110342],[-96.844598613340338,32.857290374536831],[-96.847654736152791,32.859928349819988],[-96.847695788764085,32.859963151498185],[-96.847713411553528,32.859977716936946],[-96.847810044536516,32.86005697692277],[-96.84793173090118,32.860151827140065],[-96.8480330150539,32.86022683841518],[-96.848110725973513,32.860282598252908],[-96.848160277963487,32.860316358121345],[-96.848265950833024,32.860386925069299],[-96.848398407378312,32.8604708448906],[-96.848508194483799,32.860536786166868],[-96.848559878026151,32.860567197372077],[-96.848645544619728,32.860614919905466],[-96.848759162725187,32.8606760648738],[-96.848901058607652,32.86074821036653],[-96.849018213568499,32.860804399972515],[-96.849039130808023,32.860814346901236],[-96.849164269834901,32.860870360874038],[-96.849284659752954,32.860921450392937],[-96.849420789837893,32.860975927795479],[-96.849690347114432,32.861069079874241],[-96.849861821153453,32.861175278729405],[-96.849900242574734,32.861197765155779],[-96.849932587797213,32.861216169204297],[-96.850046841603572,32.861280338315709],[-96.850192132596547,32.861357356182587],[-96.850310229630011,32.861416356588961],[-96.850381077008848,32.861450746846579],[-96.850460092246536,32.861486796612169],[-96.850581708453319,32.861540467963501],[-96.850735767630539,32.861604153779922],[-96.850860562739939,32.861652345434585],[-96.850888761075026,32.86166309832916],[-96.851018361325828,32.861709089675124],[-96.851145989383525,32.861751668957183],[-96.851288346065687,32.861795954823556],[-96.851307186651283,32.861801344423185],[-96.851437297189051,32.861838191226369],[-96.851601290604236,32.861880612237577],[-96.851733517822225,32.861911626098014],[-96.851831135700124,32.861933153324905],[-96.851899947745082,32.861946704897129],[-96.85203392770768,32.861971799809439],[-96.852202336402854,32.861999436520811],[-96.852337695270322,32.862018541684442],[-96.852387161547298,32.862025194260625],[-96.852507569123404,32.862038652833469],[-96.852643932700971,32.862051716387086],[-96.852729271883021,32.862058932906827],[-96.853006734851363,32.8620792839302],[-96.853089491690383,32.862084457460334],[-96.853221374007092,32.862091278437653],[-96.853386107450959,32.862096225876492],[-96.853517173149825,32.862097360870358],[-96.853645697128997,32.862096333580084],[-96.853683147359448,32.862095228041035],[-96.853814111487708,32.862090725295367],[-96.853979555312392,32.862081471631953],[-96.854110077645771,32.862071349197642],[-96.854198620308097,32.862063451246904],[-96.854274906443877,32.862054982604832],[-96.854404648845431,32.862039261268805],[-96.854486609561235,32.862028428737872],[-96.855312939276473,32.861910094144875],[-96.855413488757392,32.861894319711148],[-96.85554377891971,32.861872088077604],[-96.855573305324498,32.861866929587357],[-96.855742813872723,32.861832599872251],[-96.855871192007541,32.86180351241871],[-96.855984571986454,32.861775955704317],[-96.856066966055039,32.861753542733759],[-96.856192928826616,32.861717710979917],[-96.856384565778185,32.861657479162673],[-96.856508186791416,32.86161484908321],[-96.856601655761068,32.861581152904037],[-96.856761291307336,32.8615211004511],[-96.856797651926229,32.861506118928148],[-96.856868016347192,32.861479464536814],[-96.856905847284182,32.861465238357788],[-96.856936373915929,32.861454245621445],[-96.857013614459575,32.861428485529089],[-96.857134489294737,32.861383155222271],[-96.857477764674101,32.861247308712898],[-96.857537374612846,32.861223092408096],[-96.857578947701867,32.861205983276591],[-96.858381556029428,32.860919200783023],[-96.858467382509232,32.860887306365292],[-96.858562610427583,32.860850527530971],[-96.8587057099937,32.860791648898996],[-96.858796136926983,32.860750564861597],[-96.858887555693869,32.860707448289382],[-96.859050306133696,32.860625352372551],[-96.859110771483302,32.860591997555112],[-96.859197792410086,32.86054282232422],[-96.859376402882788,32.8604343393405],[-96.859409266468077,32.860412634978104],[-96.859491325770705,32.860357721086352],[-96.859685657613667,32.860216815330766],[-96.859766373980875,32.860153257628049],[-96.859950502170861,32.859996090721758],[-96.860021081268812,32.859930792061327],[-96.8600338782758,32.859918882208305],[-96.860189585258638,32.859761720170447],[-96.860253721380516,32.859691849456553],[-96.860283761960076,32.85965860372464],[-96.860405590465518,32.859511902872377],[-96.860462871385209,32.859437909275456],[-96.86050958478458,32.859375752104448],[-96.860627927326107,32.859212776928423],[-96.860726874711318,32.859083111031701],[-96.860829227075811,32.858955374909122],[-96.860934957069205,32.858829602465207],[-96.861062683666745,32.858678828038691],[-96.861108819438371,32.858627698898538],[-96.861193953887579,32.858543286622549],[-96.861236341589887,32.858500383172512],[-96.861329856239223,32.858403750138685],[-96.861411568177246,32.858315716555076],[-96.861500619305843,32.85821564785406],[-96.861577677604387,32.858125274657198],[-96.861661579754895,32.858022548657672],[-96.861734528932033,32.857929226121776],[-96.861813410736673,32.857823706542518],[-96.861828446147257,32.857803398460426],[-96.861881756885268,32.857728025251099],[-96.861955494426226,32.85761988454891],[-96.86198789018249,32.857571239418327],[-96.8624726677171,32.85682573382018],[-96.862583113263483,32.856655902985281],[-96.862864575341476,32.856222923675752],[-96.862920351363641,32.856150456871909],[-96.863038111593937,32.855975890290715],[-96.863053937064237,32.85595043619692],[-96.863072968031673,32.855922158871621],[-96.863088646466224,32.855900616257301],[-96.863105985192661,32.855878336063761],[-96.863126958485651,32.855853085856189],[-96.863152164623557,32.855825682520951],[-96.863179953354887,32.855798229268125],[-96.863209174578202,32.855771958321554],[-96.863262034608994,32.855725847618579],[-96.863289687321071,32.855705238102729],[-96.863346310153133,32.855658525664822],[-96.863396892300443,32.855633519570439],[-96.863443754589639,32.855606030267111],[-96.863491981498299,32.855580215711619],[-96.863550990384425,32.855551502546518],[-96.863593749762387,32.855532669952844],[-96.863676778226193,32.855499835116184],[-96.863798834585211,32.855454298437884],[-96.86389852492826,32.855415397046208],[-96.864005965040533,32.855371600828491],[-96.864088045043758,32.855336930479261],[-96.864200509859586,32.855285348054871],[-96.864304206316348,32.855235535295918],[-96.864444895822274,32.855163926752859],[-96.864491320615002,32.85513845791904],[-96.864590801080155,32.855082859643552],[-96.864769771519946,32.854975334363566],[-96.86487141542375,32.854909772858804],[-96.865034591223619,32.854796712968607],[-96.865124305590868,32.854730321712402],[-96.865190981331736,32.854679589888264],[-96.865284509435511,32.854603447485502],[-96.865303265106661,32.854590221007442],[-96.865393777451388,32.854546019077787],[-96.865499366142657,32.854492538647179],[-96.865575235935438,32.854452907303916],[-96.865661722039974,32.854404684775062],[-96.865763373144574,32.85434602321493],[-96.865917607897757,32.854251303409818],[-96.866016640318918,32.854186573440288],[-96.866165563107586,32.8540831342102],[-96.866258288684904,32.854014742450026],[-96.86632903970056,32.853960998812433],[-96.866399686191983,32.853904050155357],[-96.866487450940852,32.853831146661939],[-96.866620842824844,32.853713579256983],[-96.866703919181361,32.853635876313483],[-96.866828253463552,32.853512390496988],[-96.86690519532165,32.853431241869366],[-96.866967159495431,32.853363768142152],[-96.867021188067753,32.853301193191733],[-96.867092303638913,32.853216342298062],[-96.867200719728586,32.853078350076856],[-96.867261887236467,32.852995157973908],[-96.867360687033838,32.852851011046063],[-96.867414669113288,32.852766439375834],[-96.867459471948266,32.852693668805891],[-96.86750388254238,32.852615791834353],[-96.86755162657613,32.852528588560247],[-96.867627974209611,32.852377425833275],[-96.867671056883466,32.852284136570212],[-96.867737767559845,32.852125455267675],[-96.867772525875253,32.852033978774699],[-96.867796912213436,32.851966863200744],[-96.867827605861905,32.85187212797144],[-96.867855662137217,32.851779027593778],[-96.8678944071833,32.851634187335478],[-96.867898895800565,32.851614639434082],[-96.86792014536924,32.85152026375448],[-96.867951370596572,32.851353965668252],[-96.867965734318076,32.851258669914714],[-96.867973738042494,32.851200649949583],[-96.86798483902237,32.851091042180926],[-96.86799226236235,32.850995180097335],[-96.867997478028073,32.850905360765253],[-96.868047082437201,32.850842517219199],[-96.868154901632877,32.850714133502784],[-96.86822482392158,32.850627412895633],[-96.868326760633394,32.850495649985909],[-96.868369389811406,32.850439050826161],[-96.868392722621934,32.850406725389234],[-96.868488626956321,32.850271775256758],[-96.868531800263966,32.850209169195502],[-96.868544773023714,32.850189774884299],[-96.868790313354566,32.849984298137066],[-96.868906568270532,32.850138099712382],[-96.869085183472976,32.850333295657236],[-96.869283808615691,32.850514191187713],[-96.869500845300337,32.850679329415541],[-96.869734547428521,32.85082738049465],[-96.869983030601375,32.850957153473104],[-96.8702442966093,32.8510676011269],[-96.87051624061526,32.851157836291755],[-96.870796673609988,32.851227131258341],[-96.871083336107105,32.851274928776718],[-96.871373921635737,32.851300843267978],[-96.871641111247229,32.851304339580004],[-96.872060605997817,32.85178023201707],[-96.872187951577118,32.851915589685724],[-96.872215606797013,32.851942797846171],[-96.872585076251752,32.852301518257839],[-96.872604034894195,32.852319761201237],[-96.872910874644958,32.852612411587721],[-96.873142114486569,32.853066804734453],[-96.873178722124649,32.853136087723961],[-96.87331319034098,32.853355062803793],[-96.873470372126306,32.853562982165556],[-96.873649004273986,32.853758171493972],[-96.873847646398914,32.853939059679092],[-96.874064699965885,32.854104189891785],[-96.874298418740551,32.854252232350404],[-96.874544638337071,32.85438080563096],[-96.874484797122122,32.854494093823988],[-96.874390208998122,32.854727456523349],[-96.874320785494419,32.854967035568365],[-96.87427708360255,32.855210903665139],[-96.87425945799707,32.855457095687356],[-96.874268048878648,32.855703630162296],[-96.874299505455213,32.855931447326817],[-96.874325085224882,32.856067171593288],[-96.874350669901972,32.856202923875074],[-96.874376252031027,32.856338644548345],[-96.87440182398494,32.856474341630857],[-96.874427410851794,32.85661010383788],[-96.874452995038368,32.856745841650074],[-96.874504155645369,32.857017287385304],[-96.874555320541361,32.857288749378505],[-96.874558602426816,32.857305814989786],[-96.874599040994937,32.85746828110323],[-96.874604866663077,32.857548504082246],[-96.874609822005354,32.857559623572918],[-96.874632065259561,32.857695942723893],[-96.874635314122258,32.857713004293089],[-96.874660049296665,32.85783126085343],[-96.87468322420419,32.857967363971682],[-96.874708810963597,32.858103120676226],[-96.874734395995233,32.858238859311719],[-96.874759976160107,32.858374576229586],[-96.874785559228258,32.858510313921215],[-96.874791341301247,32.858540986895775],[-96.87480259560644,32.858600698135128],[-96.874803482427609,32.858605310384355],[-96.874659956624484,32.858722450170362],[-96.874638604989968,32.858740036471566],[-96.874288265391073,32.85903125832801],[-96.873975361064865,32.859292380745941],[-96.873153516319874,32.859958973110892],[-96.872991055858861,32.860100541722851],[-96.87287973642303,32.86021468224822],[-96.872873300434506,32.860220018620097],[-96.872792091054862,32.860289062800376],[-96.87245121046945,32.860559911749213],[-96.87228624847576,32.86070350401905],[-96.872100524737547,32.860893929759747],[-96.871935774128062,32.861097639701384],[-96.871793320972742,32.861312993529729],[-96.871674313974765,32.861538256631498],[-96.871579710938647,32.861771617028133],[-96.871510274325004,32.862011194334059],[-96.871466561230747,32.86225506126938],[-96.871448926420783,32.862501252717117],[-96.871457510169961,32.862747787209237],[-96.871492245484376,32.862992680549404],[-96.871552850365632,32.863233959240759],[-96.871638839157185,32.863469682281533],[-96.871749519165419,32.863697950141479],[-96.871883999870633,32.863916926530464],[-96.872041197028906,32.864124847473832],[-96.872219847310134,32.864320038643719],[-96.872418510182939,32.864500928915319],[-96.872625794549194,32.864658611666989],[-96.872866650777098,32.865848155470886],[-96.872931010113319,32.866158622304447],[-96.873068444890976,32.866821457257885],[-96.87312402940789,32.867037812612807],[-96.873210026066303,32.867273534475267],[-96.873320714868598,32.867501800848096],[-96.873455205224445,32.867720775453108],[-96.87361241281215,32.867928694330168],[-96.873791074217735,32.868123883167868],[-96.873989748820065,32.86830477086027],[-96.874206837822697,32.868469900582113],[-96.874440594706186,32.868617942555957],[-96.874689134630401,32.868747705903182],[-96.874950458929149,32.868858143477283],[-96.875222462295767,32.868948368195319],[-96.875502955243121,32.869017652431864],[-96.875789677801762,32.869065439023558],[-96.876080323017518,32.86909134247945],[-96.876196119340392,32.869095502039421],[-96.876400847447954,32.869099778896093],[-96.876436317255752,32.86923419741067],[-96.876446624426521,32.869271997579148],[-96.876552970668598,32.869649797491121],[-96.87656391172645,32.869687479646316],[-96.876676566087639,32.8700639718449],[-96.876682319571572,32.870082917620131],[-96.877413229681963,32.872448217792169],[-96.877418674381701,32.872464431211206],[-96.877874482401978,32.873908058675092],[-96.878033849823353,32.874420364757434],[-96.878062592492611,32.874498729501468],[-96.87808125003815,32.874572710315732],[-96.878268720460866,32.875175362451422],[-96.878384044886317,32.875546077361136],[-96.878414335624242,32.875628662381054],[-96.878431059756338,32.875695364756773],[-96.87879339241583,32.876878373819281],[-96.878798271849263,32.876894081945998],[-96.878930368660264,32.877314296069947],[-96.878937360299943,32.877333269562122],[-96.87896413369765,32.877442322146514],[-96.879141730560391,32.878043037523916],[-96.879149257345262,32.878067997650497],[-96.879171022467943,32.878135264288154],[-96.879253146468329,32.878376962919262],[-96.878878394857068,32.87837528696511],[-96.878499757207535,32.878373594440646],[-96.878430195140709,32.878373377415734],[-96.878230638587695,32.878384404757156],[-96.878030893952797,32.878391223916957],[-96.877903283129172,32.878389696488739],[-96.877606854330537,32.878389959893212],[-96.87751440596125,32.878391148704978],[-96.877222920415363,32.878409460668159],[-96.876934554239355,32.878449746242573],[-96.87665162723934,32.878511680349149],[-96.876376418581117,32.878594765133712],[-96.876111143272141,32.878698330560013],[-96.875857938078582,32.878821545046868],[-96.875618839106821,32.878963414270928],[-96.875395774030238,32.879122797296425],[-96.875190537431948,32.879298410759468],[-96.875004780973853,32.879488840461292],[-96.874840002479075,32.879692553848422],[-96.874697526497101,32.879907910578908],[-96.874578501915266,32.880133176016123],[-96.874483886679712,32.880366538162576],[-96.874414443349394,32.880606116618708],[-96.874370729074982,32.880849984095235],[-96.874353098631573,32.881096175470908],[-96.87435270974261,32.88114150685746],[-96.874353094790649,32.881460398580614],[-96.874353978560407,32.882171244742693],[-96.874245471706558,32.882203999487466],[-96.873980183106781,32.882307560332748],[-96.873726964641477,32.882430770437473],[-96.873487852523823,32.88257263551354],[-96.873264774533155,32.882732014658508],[-96.873059525356481,32.882907624539861],[-96.87287375675686,32.88309805098752],[-96.872708966655352,32.88330176147435],[-96.872566479694754,32.883517115681641],[-96.872447444850962,32.88374237899307],[-96.872352820152514,32.883975739428429],[-96.87228336823479,32.884215316601669],[-96.872239646317453,32.8844591832341],[-96.872222009237191,32.884705374211109],[-96.872221617857264,32.884747870842396],[-96.872221606895636,32.885022779190329],[-96.87223058635297,32.88522681641021],[-96.872265332612159,32.885471708949147],[-96.872325954967337,32.885712986686919],[-96.872411967621915,32.885948708629407],[-96.872522677689972,32.886176975255104],[-96.872657194410095,32.886395950283848],[-96.872814433248024,32.886603869752136],[-96.872993130538717,32.886799059343829],[-96.873191845371622,32.886979947946863],[-96.873408978626642,32.887145078728835],[-96.873642783428295,32.887293121903582],[-96.873891374549999,32.887422886583025],[-96.874152752913901,32.887533325609937],[-96.874364214256062,32.8876034552246],[-96.874397616479087,32.887838830524494],[-96.874458246257532,32.888080107161102],[-96.874544266879823,32.888315827568903],[-96.874654985395864,32.888544092239009],[-96.874789510976299,32.888763064906769],[-96.87494675901533,32.888970981627779],[-96.875125465774047,32.889166168108019],[-96.875324190265545,32.889347053260558],[-96.875541333291977,32.889512180280647],[-96.875775147899247,32.889660219412455],[-96.876023748781705,32.889789979800526],[-96.876285136782869,32.889900414322035],[-96.876557206082964,32.8899906359187],[-96.876837766664025,32.890059916990268],[-96.877124558011701,32.890107700398914],[-96.877415272618165,32.890133600679135],[-96.877594601220295,32.8901385630734],[-96.877641124218016,32.89013876884902],[-96.877754090644743,32.890137615336315],[-96.877759839883311,32.890137253720873],[-96.877914619614771,32.890140845966819],[-96.878731157493618,32.890137172524554],[-96.878706179596108,32.890656776746255],[-96.878650563982063,32.8917069489856],[-96.878647704679977,32.891787220652979],[-96.878656311288935,32.892033753873349],[-96.878691077971027,32.892278644433901],[-96.878751722474334,32.892519918860451],[-96.878837758824218,32.892755636185392],[-96.878948493944023,32.892983896924541],[-96.878956925568858,32.892997619247048],[-96.878747631931233,32.893121791298391],[-96.878524536847678,32.893281179681338],[-96.878319273663223,32.893456798028424],[-96.87813349425376,32.893647232101344],[-96.877968696627519,32.893850949311542],[-96.87782620548775,32.894066309286181],[-96.877707169844115,32.89429157736253],[-96.877612547731829,32.894524941521865],[-96.877543101765326,32.894764521348264],[-96.877499389116267,32.895008389541594],[-96.877481870613167,32.895260582772423],[-96.877477277963123,32.895574204046092],[-96.877468657741943,32.89602524122639],[-96.87747724442923,32.896272705862785],[-96.877480388233622,32.896294853573373],[-96.877479011786932,32.896302533448747],[-96.877475728512849,32.896379269458599],[-96.877463373200953,32.896553748215787],[-96.877460220625338,32.896630526512425],[-96.877460326554768,32.896696211373389],[-96.877456974953233,32.896863096111055],[-96.877452951968735,32.897151141143297],[-96.877448334442832,32.897483160110411],[-96.87744306940985,32.897543934420028],[-96.877434824796921,32.897700003700265],[-96.877429649299003,32.897970819814482],[-96.877435874880206,32.898189474553909],[-96.877438556826206,32.898224880645962],[-96.877436373156215,32.898476048818814],[-96.877437992330528,32.898591961425808],[-96.877445549522704,32.898707638748704],[-96.877459024872778,32.898822776792493],[-96.877478382968093,32.898937072979358],[-96.877503572936419,32.899050226943857],[-96.877534528579602,32.899161941322255],[-96.877538143077729,32.899186532118797],[-96.877539194053597,32.899269682150241],[-96.877573960487368,32.89951457282254],[-96.877634606900841,32.899755847595827],[-96.877720647304116,32.899991565499725],[-96.877831388587907,32.900219827045376],[-96.877965939739539,32.900438795993438],[-96.878123215947255,32.900646708429434],[-96.878201528912371,32.900732226633032],[-96.878203734221231,32.900984957172362],[-96.878202977719681,32.901327728345677],[-96.878198699386914,32.901587026914797],[-96.878198390219552,32.901620159982045],[-96.878198268445345,32.901675300302173],[-96.878207257194859,32.901884521712432],[-96.878242026500487,32.90212941212495],[-96.878302676522225,32.902370686500568],[-96.878388721241123,32.902606403872255],[-96.878499467513109,32.902834664755339],[-96.878634024285532,32.903053632915849],[-96.878791306701203,32.903261544445655],[-96.878970050744627,32.903456725092447],[-96.879168815128637,32.903637603816357],[-96.879386000334051,32.903802723864466],[-96.879619859067517,32.903950755537046],[-96.879868505667645,32.904080508038646],[-96.880099506746987,32.904178079426693],[-96.880260387213099,32.904353747432879],[-96.8803426425428,32.904428598067845],[-96.880219640625725,32.90453382579102],[-96.880033842078433,32.904724262458778],[-96.879869028221748,32.904927981926669],[-96.879726523889346,32.905143343803701],[-96.879607478197315,32.905368613411717],[-96.879512849261772,32.905601978719758],[-96.879443399752205,32.905841559302566],[-96.879399686868609,32.906085427854009],[-96.879382100581452,32.90632975274869],[-96.879381035719518,32.906385521113094],[-96.879351157495748,32.907950692510425],[-96.879343794723511,32.908336415609952],[-96.879327094662372,32.909211304028943],[-96.879335693573083,32.90945845347008],[-96.879370468968958,32.909703343352348],[-96.879431127246889,32.909944616966264],[-96.879517182321877,32.910180333350866],[-96.879627940966273,32.910408593029409],[-96.879762512027938,32.910627559777737],[-96.879919810534446,32.910835469699052],[-96.88009857234114,32.911030648553947],[-96.880297356017408,32.911211525317121],[-96.880514561889001,32.911376643251266],[-96.880748442496156,32.911524672673821],[-96.880997112001197,32.911654422807459],[-96.881258570695536,32.911764846612087],[-96.881352690436685,32.911796045810895],[-96.881498137471922,32.911779073638506],[-96.881878874977716,32.911676812205187],[-96.882406222205546,32.911532467018937],[-96.882794336869054,32.911427545105511],[-96.883103879777209,32.911342221326663],[-96.884196997576979,32.911045768139402],[-96.885027306610013,32.910818750169177],[-96.886771523720384,32.910426251005752],[-96.88743989994461,32.910276842578739],[-96.887639482885348,32.910234064389016],[-96.887839749788839,32.910198169983261],[-96.888207502683585,32.910136958324095],[-96.888468986257507,32.910094980856641],[-96.889559162471201,32.909913901601314],[-96.889806716440859,32.909866656247331],[-96.890233672186312,32.909785171610771],[-96.891379012057442,32.909570789446413],[-96.891378044404107,32.909699418780257],[-96.891349943068064,32.91343365545282],[-96.89161542187469,32.913435219187903],[-96.891594413317321,32.915544190857709]],[[-96.898816694578812,32.863859424513429],[-96.898703156113982,32.864031164260496],[-96.898639127786325,32.864152441293321],[-96.898517060644707,32.864197929511207],[-96.898396975481759,32.864248418308691],[-96.898279077049267,32.864303821599613],[-96.898163566370485,32.864364044918339],[-96.898050640397443,32.864428985580808],[-96.897940491675087,32.864498532859656],[-96.89783330801302,32.86457256817296],[-96.897727700170236,32.864319307543596],[-96.897613989271306,32.86408401590046],[-96.897596532983428,32.864052711294818],[-96.897580001024679,32.864023539882595],[-96.897801392351624,32.863937046536869],[-96.897927808478798,32.863875382097177],[-96.89805409162507,32.863877188483904],[-96.898180318831223,32.863873018532587],[-96.898306207425961,32.863862881581333],[-96.898431475496295,32.863846800330698],[-96.898808504542103,32.863846097132274],[-96.898816694578812,32.863859424513429]],[[-96.881016791828088,32.840902493621257],[-96.880777803342397,32.841044373301621],[-96.880554842915345,32.841203766187178],[-96.880349704288037,32.841379388834831],[-96.880164038333959,32.84156982697187],[-96.87999934214659,32.841773547976935],[-96.879856939613674,32.84198891144689],[-96.879737979030295,32.842214182690704],[-96.879643417827552,32.842447549664321],[-96.879574018128864,32.84268713192921],[-96.879547010707469,32.842837913388934],[-96.878925137603716,32.841501295840168],[-96.879067430058484,32.841470131205156],[-96.879347501430729,32.841385311111587],[-96.87956843200368,32.841308263213222],[-96.879721688733881,32.841286777123635],[-96.879873865978283,32.841258645936598],[-96.880024675750334,32.841223922888737],[-96.880173832651337,32.841182673691392],[-96.880321054410558,32.841134976406259],[-96.880794962241879,32.840969689757465],[-96.880831500195285,32.84095694401298],[-96.881090497549309,32.840866607488636],[-96.881016791828088,32.840902493621257]],[[-96.855803182530664,32.830626792500702],[-96.855874484584518,32.830682809575592],[-96.855939552491208,32.83073241726246],[-96.85602005905335,32.830792062541803],[-96.856314910049917,32.831012157331919],[-96.85672218000154,32.831343420497582],[-96.856722514455953,32.831361116074874],[-96.856723873306635,32.83146518311559],[-96.856720937043534,32.831567340818296],[-96.856719895612642,32.831669535403691],[-96.856713929519017,32.832028070791402],[-96.856722845544695,32.832241793844339],[-96.856757528226709,32.832486692027935],[-96.856818072177617,32.832727978614777],[-96.856903992230301,32.83296371253973],[-96.857014596245008,32.83319199418488],[-96.85714899431332,32.833410987149129],[-96.857292663510577,32.833602661449753],[-96.85797423529263,32.834433000043923],[-96.857988601735514,32.83445131009951],[-96.85812276104194,32.834611647855354],[-96.858170750378818,32.834667496604474],[-96.858306602401754,32.834821495247965],[-96.858356250713243,32.834876324994994],[-96.858496639239249,32.835027394311432],[-96.858547845998416,32.835081095492406],[-96.858692679753119,32.835229145868972],[-96.858718002505853,32.835254713796509],[-96.858745562351416,32.835281840882203],[-96.858894756666658,32.835426771969935],[-96.859065767586259,32.835580557016002],[-96.859154848337781,32.835648361956608],[-96.859281009315112,32.835764602709666],[-96.859469214760722,32.835924891263751],[-96.859495058072156,32.835946655280608],[-96.859537848506051,32.835981643889099],[-96.859731575386846,32.836137175048208],[-96.859766620296483,32.836164897526231],[-96.860666444509604,32.836866254007241],[-96.86104109868829,32.837158271124501],[-96.861073128619182,32.837183208969499],[-96.860615324795248,32.837576403566665],[-96.860597765796285,32.837592149717374],[-96.860156280488084,32.837955112488721],[-96.860087715257322,32.83801148342571],[-96.859897907452464,32.838166346767885],[-96.859781101893773,32.838261647968011],[-96.859605055143604,32.8384052820901],[-96.859454895849993,32.838419112784749],[-96.859305467581905,32.838439368506656],[-96.859157045125883,32.838466012007167],[-96.859009901418844,32.838498994291037],[-96.858864307046176,32.838538254706506],[-96.858720529744218,32.838583721056835],[-96.856886691516323,32.83774268658982],[-96.856847209036061,32.837724873616757],[-96.856578831687784,32.837605791620859],[-96.856524773358544,32.837582346555273],[-96.856253811727314,32.837467513829836],[-96.856199234582377,32.837444920393999],[-96.855925780839016,32.837334376919699],[-96.855870745318185,32.837312659358211],[-96.855595220567182,32.837206566713284],[-96.855340296841646,32.837108347124691],[-96.855115397534775,32.837017274782717],[-96.854892595574555,32.836922589608804],[-96.854658183032214,32.836818183838474],[-96.854082638194669,32.836555879771552],[-96.853982712094037,32.836508808947883],[-96.853903880936016,32.8364692036115],[-96.853798889712237,32.836413054547592],[-96.853400142928095,32.836196081605586],[-96.853366698499173,32.836178124636184],[-96.852954039817973,32.835959535681319],[-96.852920325389107,32.835941917744861],[-96.85251595566632,32.835733467279859],[-96.852342766728938,32.835642525221338],[-96.852202851805728,32.835564273449677],[-96.852117848280315,32.835513517752567],[-96.852037245407587,32.83546201035545],[-96.851958623503549,32.835408308614895],[-96.851882099702038,32.835352490749365],[-96.851803471177064,32.835291280333564],[-96.851698921797322,32.835205066187086],[-96.851592995895444,32.835113200318787],[-96.851495724087542,32.835024474054094],[-96.851485889721701,32.835014839323556],[-96.851446931979098,32.834971161772394],[-96.851431817483842,32.834954310262802],[-96.851330866648041,32.834842657006099],[-96.85122711384895,32.834733761585589],[-96.851118616923955,32.834625724968213],[-96.851007395937174,32.834520566255271],[-96.850893435956408,32.83441822661684],[-96.85083571707635,32.834367701757714],[-96.85010808686836,32.833746819360961],[-96.85045483431459,32.83345751874807],[-96.850526851446546,32.833393873422111],[-96.850602642496057,32.833406526452322],[-96.850893163491648,32.833432488805677],[-96.85118527050588,32.833436360011888],[-96.851476613614139,32.833418108928122],[-96.851764844932049,32.833377882138763],[-96.852047645325513,32.833316004308543],[-96.852322736267908,32.833232972927064],[-96.852587903361808,32.83312945771619],[-96.852841010431192,32.833006289991665],[-96.853080021939419,32.832864463858577],[-96.853303010771299,32.832705120076881],[-96.853415065451543,32.832613150554991],[-96.853525037181768,32.832518451217936],[-96.853541791071436,32.832504022125356],[-96.853632445378153,32.832425962744914],[-96.853656398356435,32.832405326276458],[-96.853749986626937,32.832324816333973],[-96.853767287319855,32.832309931761429],[-96.853791052918012,32.832289487603262],[-96.853885313926213,32.832204893547974],[-96.853900418659066,32.832189406283504],[-96.853979014130715,32.83212546722249],[-96.854087505495102,32.832033679958549],[-96.85420249882246,32.831936393916877],[-96.854317511506963,32.831839087283214],[-96.854334028887081,32.831825012118678],[-96.854431642190391,32.831741226826622],[-96.854530800011048,32.83165853787667],[-96.854642715247934,32.8315604693517],[-96.855129201561155,32.831150223600119],[-96.855246645866728,32.83104588263118],[-96.855266084330083,32.831025951911833],[-96.855357360271881,32.830951725322869],[-96.855446903880122,32.830875417877095],[-96.855514337303163,32.830817497662068],[-96.855537722990107,32.830799293035987],[-96.855563155162642,32.830778052532629],[-96.855683681587934,32.830677394751902],[-96.855770134838352,32.830600949588018],[-96.855803182530664,32.830626792500702]],[[-96.862370080831184,32.815248906923067],[-96.862584351356688,32.815362386798903],[-96.862758043872901,32.815446618709686],[-96.862883926311881,32.815512293721234],[-96.863007274680967,32.815581365259625],[-96.863172006655589,32.815680185380209],[-96.863343100709471,32.815782587528524],[-96.863390071751525,32.815810179222858],[-96.863638447555772,32.815939965294739],[-96.863899602531106,32.816050426630454],[-96.864171432734764,32.816140675955452],[-96.864451750073798,32.816209985446314],[-96.864738295993661,32.816257797736107],[-96.864917396613976,32.816273785335433],[-96.865191816622485,32.816503058639611],[-96.865506335931812,32.816765833279007],[-96.865656818857801,32.816891553785894],[-96.865875570636717,32.8170582026099],[-96.865938555866805,32.817100890769026],[-96.866171598607295,32.817254860884873],[-96.866415151642599,32.817415774454645],[-96.866671480785001,32.817585127685177],[-96.866733016250961,32.817625786016478],[-96.866876623263096,32.817720664671988],[-96.867235543987803,32.817957796159391],[-96.867473972173116,32.818115318563024],[-96.867730343320432,32.818284696255247],[-96.867986720719784,32.818454077093477],[-96.868268740909514,32.818640397167385],[-96.869040449872799,32.819150227036793],[-96.869211086112173,32.819255596649924],[-96.869227734414793,32.819264294732221],[-96.869325182752391,32.819344617839413],[-96.869425978433583,32.819420698130557],[-96.869529936867067,32.819492396276658],[-96.870322169860714,32.820015770416582],[-96.870666618174113,32.820243318564572],[-96.870684945590014,32.820256280163086],[-96.871374125303362,32.820743666714087],[-96.871395446793898,32.820758615545152],[-96.871458445751585,32.820801306417614],[-96.871689198688415,32.820953739636337],[-96.871859826758282,32.821059096386946],[-96.872106401989981,32.821188227366264],[-96.872164493793832,32.821241314113529],[-96.872082328451285,32.821444089748624],[-96.872012924763411,32.821683668266949],[-96.871969232924556,32.821927536328232],[-96.871951607527222,32.822173728806455],[-96.87196018877097,32.822420264225208],[-96.87199490968122,32.822665158380701],[-96.872055488376361,32.822906437769575],[-96.872141439409546,32.823142161384432],[-96.872252070391269,32.823370429690307],[-96.872386491196323,32.823589406393388],[-96.872543618063546,32.823797327516573],[-96.872690992344047,32.82395841952691],[-96.872506590583853,32.824120977308965],[-96.872320943916179,32.824311404052189],[-96.872156261760693,32.824515115006754],[-96.87201386789252,32.824730469850259],[-96.871894910536696,32.824955733961389],[-96.871800347098201,32.825189095353529],[-96.87173093971839,32.82542867363302],[-96.871687245259508,32.825672541512148],[-96.871669618335332,32.825918733866487],[-96.871674143821679,32.826048746912072],[-96.870733986858326,32.825542478605101],[-96.870609008886049,32.825478700644986],[-96.870481631920612,32.825419859924125],[-96.870352050914818,32.825366046499319],[-96.870220464194759,32.825317342732994],[-96.870087073156284,32.825273823167159],[-96.869952081956853,32.825235554409296],[-96.869815697202952,32.82520259503044],[-96.86899113291399,32.825018477115613],[-96.868853082250013,32.824962596188229],[-96.868712738834077,32.824912752537976],[-96.868570366548354,32.8248690398839],[-96.868426233089835,32.824831540417179],[-96.868280609466979,32.824800324646588],[-96.867636316659087,32.824674064156838],[-96.867144578080044,32.824452336715055],[-96.866981889655563,32.82438383727748],[-96.866944996457207,32.824369375072308],[-96.866833764759662,32.824327895097419],[-96.866721236610573,32.824290073218592],[-96.866607532278195,32.824255949859236],[-96.866586712510184,32.824250064774809],[-96.866576788356952,32.824240584282592],[-96.866514796914416,32.824183838750599],[-96.866410801962886,32.824092929839971],[-96.866386519242084,32.824072656930603],[-96.866352300196738,32.824044089369387],[-96.86611622786144,32.823846989137458],[-96.866087456404756,32.823787303770729],[-96.866058162009097,32.823733335108756],[-96.865916805597735,32.823503293835707],[-96.865879885341556,32.823449860818037],[-96.865731704566727,32.823254927084783],[-96.865704126730208,32.823222313981006],[-96.865666343911627,32.823178314464911],[-96.865515368596164,32.823015726263009],[-96.865464861099724,32.822966545735902],[-96.865422118912292,32.822925909179794],[-96.865274070658231,32.822794187638927],[-96.865189554815302,32.822726280922353],[-96.865139351919737,32.822687367202519],[-96.865006907289711,32.82259012782977],[-96.864876700429932,32.82250420614838],[-96.864821955781437,32.822469934310334],[-96.864718542878322,32.822407795593058],[-96.864538050898091,32.822310937000019],[-96.864502866500686,32.822293834950123],[-96.864479033780228,32.822282169176631],[-96.86441537596599,32.822250942109882],[-96.864326236689337,32.822208315242229],[-96.864277320463415,32.822182785432538],[-96.864192382921786,32.822144071221857],[-96.864080401055631,32.822095358910019],[-96.864035049788342,32.822077802853407],[-96.863959186328259,32.822043097783634],[-96.863786388866714,32.821948497557401],[-96.863677758677525,32.821899534029377],[-96.863524289221729,32.82183347726474],[-96.863501776235708,32.821823879625882],[-96.863437021926217,32.821796539330009],[-96.863330566646013,32.821753609988157],[-96.863264706141038,32.821728278054685],[-96.863241132708637,32.821719306779571],[-96.863158748327223,32.821689425472613],[-96.863091843003019,32.821666074746311],[-96.862981784106793,32.821629623978914],[-96.862913932707343,32.821608344141765],[-96.862834529765038,32.821584424758164],[-96.862803969645995,32.821575736655078],[-96.862735268371495,32.82155652355862],[-96.862625646386334,32.821527666074907],[-96.862540472728156,32.821507541591551],[-96.862435201222311,32.821483964218167],[-96.862374344004579,32.821470863663521],[-96.862263861457834,32.821449749238454],[-96.862157232810191,32.821431011503499],[-96.861984006661999,32.821404673924754],[-96.861874908050822,32.821390646623215],[-96.86170164735266,32.821372433592522],[-96.861593245802197,32.82136352369794],[-96.861529807619362,32.82135929610024],[-96.861479614212854,32.821255697984611],[-96.861345223869961,32.821036709452962],[-96.861188128142516,32.820828774136956],[-96.861009589728695,32.820633566314662],[-96.860813354230459,32.820454579679755],[-96.86079935830422,32.820442899391267],[-96.860765805431214,32.820414811625959],[-96.860545784328608,32.820247089091339],[-96.860312178104635,32.820099020330666],[-96.860063795521839,32.819969227666306],[-96.859802633786074,32.819858758317388],[-96.859530796633749,32.819768499476758],[-96.859250471894754,32.819699178920246],[-96.858963917816524,32.819651354005465],[-96.858673439594483,32.819625410462379],[-96.858594929016306,32.819623150709596],[-96.858696045124191,32.819431725409693],[-96.858790636898334,32.819198373857269],[-96.858860074352123,32.818958802663012],[-96.85890380076755,32.818714939142069],[-96.858921461689818,32.818468748437589],[-96.858921789687486,32.818443688387276],[-96.858928453564374,32.817578524922389],[-96.858919581012614,32.817357048552246],[-96.858884898277054,32.817112150633079],[-96.858824359362288,32.816870864707916],[-96.858738449793435,32.816635131762517],[-96.858627861986079,32.816406851304606],[-96.858493486028976,32.816187859597747],[-96.858336405572985,32.815979920590863],[-96.858157883193442,32.81578470859192],[-96.857959358500977,32.815603794717049],[-96.857742429118645,32.815438635820271],[-96.857675218809902,32.815396031063749],[-96.857857014741413,32.815472936911526],[-96.858128837027593,32.815563199443766],[-96.858409147820254,32.815632522553067],[-96.858695688617559,32.815680348762726],[-96.858986153927987,32.815706292263002],[-96.859069593440893,32.815709653139209],[-96.859171959674754,32.815712665630336],[-96.859234493469117,32.815713998215692],[-96.859680537360873,32.81571988050198],[-96.859792849220582,32.815721361383254],[-96.860410946267692,32.815729509449326],[-96.860557021979133,32.815728666649235],[-96.860848305001682,32.815710393593704],[-96.861136474533382,32.815670145031646],[-96.861419211937417,32.815608245803041],[-96.861694239194705,32.815525193569812],[-96.861959342420548,32.815421658221879],[-96.862212385953285,32.815298471237014],[-96.86233419742095,32.815226161609047],[-96.862370080831184,32.815248906923067]]],[[[-96.703148569719943,32.915671718367378],[-96.703288670369446,32.915676808038469],[-96.703450046316533,32.915679264159081],[-96.704894532574912,32.915701551754076],[-96.705033653571419,32.915700795243318],[-96.705325296983901,32.915682886523172],[-96.705613861967421,32.915642998655663],[-96.705897026701251,32.915581453578604],[-96.706172509724652,32.915498746100404],[-96.706438093481381,32.915395543335734],[-96.70669163844255,32.915272674082985],[-96.706931105543504,32.915131130046895],[-96.70715456399985,32.914972049712716],[-96.707360215988814,32.914796714188817],[-96.70754640650901,32.914606535619434],[-96.707711634325989,32.914403044712031],[-96.707854571431355,32.914187880190099],[-96.707974065451381,32.913962775295758],[-96.708069154954771,32.913729540870371],[-96.708139073905386,32.913490056396185],[-96.708183261713785,32.913246248493067],[-96.70819670889604,32.913107307078732],[-96.708248145539002,32.912334654878272],[-96.708291921522402,32.911678360814896],[-96.708347738609689,32.91167911786372],[-96.708490795724458,32.911678408799204],[-96.708782425199473,32.911660491975468],[-96.709070975527837,32.911620596079466],[-96.709354125006683,32.911559043113428],[-96.709629592298171,32.911476327949543],[-96.709895159972774,32.911373117764107],[-96.710148688631065,32.91125024141553],[-96.71038813933967,32.911108690665451],[-96.710611581446258,32.910949604053386],[-96.71081721725966,32.910774262738173],[-96.711003391908704,32.910584078910695],[-96.711168604286854,32.910380583320695],[-96.711311526509874,32.91016541472942],[-96.711431006324034,32.909940306411819],[-96.711526082412277,32.909707069236653],[-96.711595988846568,32.909467582708551],[-96.711640165138078,32.909223773463616],[-96.711658253204575,32.908977606205127],[-96.711656543264922,32.908830232862712],[-96.711655386178663,32.908803646202934],[-96.711643434232656,32.908541034614373],[-96.711639265772618,32.908312306774647],[-96.711641624176835,32.908051939950781],[-96.71163310345942,32.907831184013972],[-96.711625280104883,32.907775335805241],[-96.711627192834797,32.907752455978056],[-96.711638256892527,32.90747826305946],[-96.711652434769732,32.907249032923701],[-96.711671386536736,32.907019649463471],[-96.711696497039028,32.906778021406041],[-96.711725139691779,32.906549446331482],[-96.711758250804266,32.906323078408604],[-96.711804257182337,32.90605163844527],[-96.711856527203381,32.905782716408858],[-96.711915310378501,32.905514806940886],[-96.711980600632984,32.905247943317356],[-96.712055973057375,32.904968890481392],[-96.712073143291335,32.904908270044878],[-96.712499362864079,32.903403500970967],[-96.712922460762087,32.901909715328287],[-96.713261731388371,32.900711850247866],[-96.713270858473692,32.900678719707884],[-96.713296722829767,32.900582125762114],[-96.713461451924459,32.900413821868689],[-96.713626639699129,32.900210322778172],[-96.713769539552985,32.899995151112748],[-96.713888999412575,32.899770040172093],[-96.713984058121397,32.899536800846128],[-96.714053949891422,32.899297312656842],[-96.714098114351501,32.899053502253594],[-96.714107076893782,32.898971323946242],[-96.714119816459942,32.898831540996646],[-96.71412281335634,32.898795565260009],[-96.714128112792594,32.898725388754031],[-96.71416334969679,32.898466773107195],[-96.714166114184479,32.898445776957345],[-96.714182921416906,32.898242762746378],[-96.714193268799505,32.897975935166286],[-96.714194540408954,32.897932781444496],[-96.714194911715865,32.897907565095238],[-96.714197387768635,32.897640602064691],[-96.714197013634376,32.89757221388534],[-96.71419161619032,32.897305280426444],[-96.714189225912079,32.8972369363848],[-96.714175960249378,32.896970199428409],[-96.714171554682679,32.896901911261033],[-96.714150427202512,32.896635535046592],[-96.714149076278161,32.896619227646973],[-96.7141440093733,32.8965673659308],[-96.714115033939649,32.896301515704792],[-96.714106607564261,32.896233494553989],[-96.71406980126487,32.895968334705401],[-96.714059377555657,32.895900542852182],[-96.714014767096117,32.895636237906146],[-96.714003354439726,32.895573810091477],[-96.713949947075776,32.895305356297463],[-96.713935534287202,32.895238067305698],[-96.713875395727953,32.894975960323173],[-96.713859002131969,32.894908985638175],[-96.713791153523772,32.894648221912455],[-96.713772792886459,32.894581622157261],[-96.713697278064899,32.894322364648581],[-96.713688279300627,32.894292206548862],[-96.7136769543729,32.894256155208723],[-96.713593817280312,32.893998561465573],[-96.713519544099995,32.893798781647249],[-96.713432903542738,32.893614739848459],[-96.713343523223827,32.89344316578849],[-96.713320147749911,32.893399338179528],[-96.713227358683937,32.893229353023045],[-96.713203290741106,32.893186259547889],[-96.71310726928715,32.893018130985077],[-96.713082168737316,32.89297514442525],[-96.713058788463258,32.892935967968107],[-96.712997548117258,32.892799804273373],[-96.712965840493283,32.892732028795407],[-96.71283614369213,32.89246520140437],[-96.712802323922475,32.892398165813056],[-96.712664292249343,32.892134332957191],[-96.712642713055544,32.892093970067663],[-96.712628388009151,32.892068097168753],[-96.712482120463932,32.891807442424764],[-96.712444131880574,32.891742001020269],[-96.712289727439995,32.891484708865057],[-96.712249702960577,32.891420151822146],[-96.712087270341641,32.891166400557587],[-96.712045364673784,32.891102955571746],[-96.711873515613618,32.890850714807357],[-96.711710295818847,32.890612079851891],[-96.711662927733315,32.890545044132736],[-96.71149320672798,32.890312422487412],[-96.711443611012555,32.890246557858887],[-96.711266133805211,32.890018095119203],[-96.711214338527611,32.889953441657617],[-96.711026701544327,32.889726248619503],[-96.710975299002044,32.889665934492491],[-96.710782743160621,32.889446337730753],[-96.710726678199435,32.889384262656669],[-96.710526810763298,32.889169365004534],[-96.710468686254472,32.889108662714342],[-96.710261671539868,32.888898639660198],[-96.7102463740882,32.888883235675088],[-96.710201518840833,32.888839345767302],[-96.709987520252099,32.888634364668995],[-96.709925413824593,32.888576550581782],[-96.709704607619571,32.888376777178173],[-96.709640560035965,32.888320455691456],[-96.709413121469609,32.888126052099452],[-96.709385745617467,32.88810292869686],[-96.709347240984428,32.888071314950466],[-96.709113356173276,32.887882434424277],[-96.70904560799319,32.887829257649301],[-96.708805459786177,32.887646056102398],[-96.708735987063193,32.887594549979852],[-96.708489775582748,32.887417174555708],[-96.708448672702431,32.88738805396342],[-96.708418594105922,32.887367351025162],[-96.708166514251687,32.887195942479508],[-96.708093679907776,32.887147839311758],[-96.707835936208568,32.886982537638012],[-96.707761512253668,32.886936198121973],[-96.707498310463976,32.886777135214999],[-96.707442119936928,32.886743926842691],[-96.707248548854864,32.886640317604723],[-96.702328965529077,32.884207419734118],[-96.702274194359049,32.884180929952798],[-96.70201304037802,32.88407013022001],[-96.701741167283629,32.88397952730385],[-96.701460763192856,32.883909851749507],[-96.701174086994399,32.88386166377434],[-96.700883444864374,32.883835352029152],[-96.700756092928842,32.883833511545674],[-96.700519525176162,32.883718877170992],[-96.698768551994775,32.882870380757282],[-96.695851976624198,32.881103318575917],[-96.69581282108669,32.881079960943538],[-96.695418653462895,32.880848479139679],[-96.693618461131436,32.879757717202949],[-96.688552947072026,32.876688162207742],[-96.688493927815983,32.876653225379584],[-96.688245638671034,32.876523090597424],[-96.68798452478616,32.876412261348712],[-96.687712689517824,32.876321627725602],[-96.687432320678425,32.876251920520204],[-96.687145676872902,32.876203700205068],[-96.686855064016655,32.876177355690949],[-96.686658922229398,32.876172055295228],[-96.686609215708572,32.876171976098036],[-96.68629348701154,32.876173742247573],[-96.686099440422268,32.876170885990064],[-96.686001241645187,32.876171299516763],[-96.685792212070339,32.876170626309559],[-96.685962526542767,32.876307933050022],[-96.686221781520217,32.876534388946091],[-96.686554991550466,32.876808634927308],[-96.686645005240493,32.876867700104796],[-96.686808634690109,32.876991044540887],[-96.687117573000847,32.877249725104726],[-96.687605281312656,32.877603667607723],[-96.687985490631121,32.877810301707342],[-96.688678535100593,32.878060295553382],[-96.688965240725423,32.878229125877958],[-96.689132422658346,32.878351829758429],[-96.689361392580906,32.878478365227686],[-96.689610438407684,32.878637005429205],[-96.689963956182083,32.878894871254857],[-96.689966330084431,32.878896603220909],[-96.689716855210293,32.878897542133728],[-96.687450078243558,32.878922019756956],[-96.686603003800144,32.878920679769536],[-96.684612468580767,32.878916409774838],[-96.684205004008476,32.878926961741108],[-96.684062784821933,32.878938199850801],[-96.683995541723306,32.878944167477719],[-96.683894631401373,32.878969145659035],[-96.683244889861172,32.878968178469215],[-96.683244666147317,32.879028113638341],[-96.683244435994084,32.879090501088363],[-96.683219575550211,32.885786356086676],[-96.683215750164052,32.885963117383895],[-96.690382274539658,32.886046739590718],[-96.690504634296559,32.88604816362129],[-96.690508103336924,32.886048205022455],[-96.690507995862362,32.886103209977463],[-96.690506393076404,32.886152970073418],[-96.690497446329559,32.886631812603831],[-96.690497564860834,32.889123818218614],[-96.690528149812167,32.889126093670868],[-96.690547824965577,32.889127558456273],[-96.690548395242857,32.889189266524973],[-96.690548842206283,32.88923753662948],[-96.690521905978002,32.890357410799773],[-96.693688998156802,32.89041435829364],[-96.693688680032196,32.89415613078787],[-96.693685734437622,32.894407962108566],[-96.693683674514332,32.894409212072894],[-96.691767171769868,32.894398039748047],[-96.691762328390595,32.894635412536786],[-96.691739845973942,32.895896951314505],[-96.691696825277631,32.897741839632786],[-96.691688012792426,32.898493299366528],[-96.691688440235808,32.899054908336034],[-96.691689234913937,32.899335351901186],[-96.691690086729494,32.899613048085506],[-96.691693533236915,32.900242621177782],[-96.691696514562182,32.900415857982509],[-96.691699929679999,32.901845444773507],[-96.691707483991991,32.90275276016709],[-96.691659464094116,32.904250755604366],[-96.692491975096473,32.903988748758209],[-96.69255334396226,32.904102516868043],[-96.697472195019614,32.902564651856508],[-96.697473528855141,32.902591692256287],[-96.697541295892648,32.90257067861203],[-96.697536716184416,32.903114935901229],[-96.697534957253765,32.903521778103418],[-96.697532514100502,32.903802150900681],[-96.697532808528223,32.903947834890921],[-96.697528551062433,32.904637821573232],[-96.697530051097345,32.905044710877903],[-96.697527087078512,32.905190371131965],[-96.697527844860929,32.905473539308097],[-96.697525512353849,32.905748416348636],[-96.697526158325985,32.906037081085771],[-96.697526586780839,32.906977280855692],[-96.697517809521472,32.907408764078184],[-96.697508658445884,32.908018933256969],[-96.697505357799727,32.908181082276819],[-96.697503290288125,32.908282769885233],[-96.697497343512353,32.908504195456921],[-96.697505754590466,32.90894301390086],[-96.69751378770853,32.908943073353484],[-96.698137521081833,32.908947672336936],[-96.698425858277091,32.908949795762148],[-96.700334498373039,32.908963842833209],[-96.700320930302141,32.909297993903287],[-96.700320903281735,32.90929869251211],[-96.700419224845007,32.909298711786683],[-96.700701768040645,32.909298769155811],[-96.700693647049619,32.909865653835396],[-96.700691854253236,32.909865689263391],[-96.700664183493373,32.909866240093052],[-96.700644386374364,32.91056046700475],[-96.700593690052514,32.91289859797741],[-96.700625353364671,32.912901947076733],[-96.700625343799189,32.912902365435983],[-96.700595846431895,32.914395252532437],[-96.700557333810906,32.915634773145868],[-96.700684310147366,32.915635507379768],[-96.700799298723567,32.915634269843046],[-96.701101512546145,32.915643625921014],[-96.702172930948592,32.915656115562683],[-96.703148569719943,32.915671718367378]]],[[[-96.802065090487872,32.938995636889089],[-96.802066053874739,32.939219459762029],[-96.802066116031526,32.939247017773489],[-96.80358042094413,32.939238570636647],[-96.803636528308999,32.938683332885915],[-96.802053995853186,32.938686057859961],[-96.802056709948275,32.938805938852262],[-96.80205137490114,32.938822786094178],[-96.802064347389177,32.938822537205212],[-96.802065090487872,32.938995636889089]]],[[[-96.746966727875801,32.934027376129684],[-96.748501552741487,32.934150368994857],[-96.748468838057278,32.934350317602721],[-96.7483094027818,32.935324743007357],[-96.748308505495274,32.935392346787147],[-96.748305057953218,32.935651814525556],[-96.748292963674302,32.936562543284509],[-96.748290811383143,32.936724707025107],[-96.748286413195132,32.937289686495681],[-96.748275786331618,32.938654548338135],[-96.748275861149949,32.938767642591131],[-96.748276230021119,32.939331647229473],[-96.748276613927871,32.939917391119216],[-96.748356349497371,32.939924574142765],[-96.748648803048766,32.939928686000663],[-96.748940517383318,32.939910675208445],[-96.749229141625236,32.939870686413883],[-96.749512353477456,32.93980904236691],[-96.74978787109913,32.939726238673266],[-96.750053476656163,32.939622943222098],[-96.750307030442855,32.939499985558484],[-96.750546493325487,32.939358358098147],[-96.750776232543629,32.939194262913418],[-96.751139768185922,32.938907803001896],[-96.752072736292433,32.938172558455427],[-96.752263253738008,32.938022414980168],[-96.752687750065775,32.937687874735396],[-96.752778918331742,32.937613290164542],[-96.7528670457461,32.937535136023463],[-96.752951992642721,32.937453536172455],[-96.753033624395997,32.937368619932634],[-96.75311181163427,32.937280521881007],[-96.753285989199227,32.937075512796866],[-96.753338203056884,32.93701219840959],[-96.754412059017511,32.936165737802597],[-96.75489175344363,32.935784554068299],[-96.755291099081717,32.935530411957252],[-96.755526948110301,32.935362345034221],[-96.756271227086643,32.934775755513883],[-96.756723917343976,32.934418953682496],[-96.756825703434174,32.934335320885786],[-96.756923641942919,32.934247213557228],[-96.757017536340783,32.934154808498427],[-96.757107198213461,32.934058291135067],[-96.757192447639909,32.93395785514484],[-96.757364642068694,32.933744590814555],[-96.759324857937472,32.932204209928052],[-96.759343296840825,32.932191833450801],[-96.759656916323394,32.931989566879281],[-96.759679162270317,32.931974757842347],[-96.760166253722247,32.93164758989969],[-96.76027586222969,32.93157060296258],[-96.760745698936788,32.931225633160473],[-96.7608248495998,32.931165559943366],[-96.761315587394876,32.930778747411104],[-96.761428461451075,32.930685341352543],[-96.761599858217551,32.930536453903322],[-96.761726767009037,32.930446027688788],[-96.761919901534881,32.930277234666278],[-96.761999763015552,32.930202108146531],[-96.762082639753999,32.9301303216834],[-96.762168392165364,32.930061996182978],[-96.762232067482046,32.930001374274525],[-96.762397075657489,32.929831003001851],[-96.762551194392088,32.929644618398349],[-96.762564851030447,32.929629276867715],[-96.762620740436802,32.9295765895152],[-96.762910954655126,32.929269323858541],[-96.762961598976702,32.929214286754778],[-96.763317432637606,32.928817292856429],[-96.763484932700706,32.92861107370473],[-96.763627757257112,32.928395845575182],[-96.763747128714755,32.928170687589279],[-96.763842086628401,32.927937411015385],[-96.763911866022468,32.927697895675529],[-96.763955907430685,32.927454068436838],[-96.763973853857379,32.927207894148388],[-96.763965562954368,32.926961354163986],[-96.763931099792728,32.926716432712013],[-96.763911466352042,32.926637927114584],[-96.764063456038187,32.925925290037696],[-96.764096541284658,32.925730286270472],[-96.764114486971479,32.92548411190986],[-96.764106195838394,32.92523757188286],[-96.764071732958556,32.924992650418226],[-96.764011378560696,32.924751321198556],[-96.763925616684162,32.924515525556828],[-96.763815138555216,32.924287163506065],[-96.763680833381216,32.924068071966715],[-96.763541995899814,32.923882138543348],[-96.763526364954046,32.923862951358025],[-96.763508153307043,32.923840828505405],[-96.763493694784245,32.92382358868052],[-96.763477735831827,32.923804714392787],[-96.763444279182181,32.923765868361656],[-96.763427932714876,32.923747233085621],[-96.763393708494476,32.923708921100101],[-96.763376976615504,32.923690526668402],[-96.763341944048335,32.923652701259009],[-96.763324837219443,32.923634559542073],[-96.763289066470151,32.923597296545815],[-96.763271583657826,32.923579405724908],[-96.763240546331602,32.923548135258336],[-96.763217250628912,32.923525095462821],[-96.763179845208128,32.923488795441919],[-96.763161633473061,32.923471431084941],[-96.763123525532137,32.923435729146512],[-96.763104957720969,32.923418636705946],[-96.763066313369876,32.923383678571483],[-96.76304739584431,32.923366860841433],[-96.763007730616678,32.923332211339826],[-96.76298846644282,32.923315675577832],[-96.762951476392431,32.923284434758017],[-96.762928735173418,32.923265574939386],[-96.762887760763917,32.923232195988554],[-96.762867825479589,32.923216237999661],[-96.762826345575348,32.923183607789902],[-96.762806082656837,32.923167943757875],[-96.762763747615196,32.923135786834415],[-96.762743163335699,32.923120424061665],[-96.762700225942879,32.923088937862879],[-96.762679328749087,32.923073881878253],[-96.76263609503394,32.923043275408851],[-96.762614665520488,32.923028371628249],[-96.76257028723154,32.922998055823427],[-96.762548777912556,32.922983623526036],[-96.762504083393452,32.922954166426877],[-96.762482278070763,32.922940051073361],[-96.762436731037226,32.922911097055071],[-96.76241463810436,32.92289730687925],[-96.762368795187285,32.922869210045064],[-96.762346419989427,32.922855745121154],[-96.762299732826833,32.922828165911866],[-96.762274022548638,32.92281326457897],[-96.762229827010714,32.922788145380018],[-96.762206908310318,32.922775349290312],[-96.762159233287306,32.922749232693583],[-96.762136053437644,32.922736775677862],[-96.762088059819689,32.922711474456889],[-96.762064626268625,32.922699358422591],[-96.762015700002507,32.922674556452094],[-96.761992019022728,32.922662788701579],[-96.761942869494874,32.92263884853169],[-96.761912125137812,32.922624191644488],[-96.761869047175352,32.922604094491412],[-96.76184489257713,32.922593030819137],[-96.761794832815482,32.922570575080996],[-96.761770455217004,32.922559868149591],[-96.761719584052855,32.922537999934278],[-96.761694986572451,32.922527654296395],[-96.76155898123038,32.922473851628084],[-96.761420950498191,32.922425481211889],[-96.761281111250909,32.922382619047795],[-96.761139683205116,32.922345332481186],[-96.760996888573672,32.92231368009702],[-96.7608529517167,32.922287711627781],[-96.760534877880957,32.922236384149933],[-96.759569518471949,32.921976094563036],[-96.759487858770314,32.921955066897183],[-96.757221537732605,32.921400876803077],[-96.757197657872979,32.921392798725783],[-96.757045956308929,32.921324055176122],[-96.756879245447479,32.921256325287075],[-96.756607202182181,32.921165842576443],[-96.756326637300049,32.921096290894212],[-96.756039810984248,32.921048229459963],[-96.755902071491207,32.921035826646687],[-96.755765689355997,32.920966431090314],[-96.755673942922016,32.920921448806816],[-96.755412613907112,32.920810761562429],[-96.755140573507603,32.920720275643752],[-96.754860011187674,32.92065072065428],[-96.754573187109855,32.920602655840206],[-96.754282408640364,32.920576468861491],[-96.7541277378091,32.920571541822753],[-96.754064371574628,32.920570793349988],[-96.754091982334884,32.920464325050325],[-96.754113923149276,32.920356545397425],[-96.754130132594511,32.920247756120382],[-96.754140565292232,32.92013826177471],[-96.754145192036134,32.920028368889788],[-96.754143999873634,32.919918385110698],[-96.754148812748625,32.919916938243269],[-96.754414353839763,32.91981363324269],[-96.754667844887464,32.919690666403767],[-96.754907247262693,32.919549030215904],[-96.75513063070143,32.919389863907476],[-96.755336197985415,32.919214449278499],[-96.755413416214111,32.91913968893504],[-96.75676554075423,32.917781889418251],[-96.75682842495786,32.917715183809854],[-96.756910042852653,32.917635924006028],[-96.757177010062676,32.91736621080203],[-96.757218065837321,32.917323884335268],[-96.757424889261529,32.917106273806361],[-96.757468429986062,32.917059431814153],[-96.757669619548565,32.916838091970199],[-96.757687701240215,32.91681800921738],[-96.75771194675886,32.916790466281348],[-96.757907403017199,32.916565506700707],[-96.757948480606686,32.916517139207556],[-96.758125709851726,32.916303612388738],[-96.758524648056735,32.915836320063647],[-96.75884529919098,32.915460682412665],[-96.758970083404591,32.915303341707791],[-96.759112897477195,32.915088118408597],[-96.759232262479372,32.914862964387268],[-96.759327218017788,32.914629690880346],[-96.759358039277032,32.914523901000486],[-96.759566751860703,32.914277231726743],[-96.759584451666512,32.914256291049313],[-96.759701701422202,32.91411775049837],[-96.759870809091481,32.913915644298278],[-96.759921697435729,32.913890954410689],[-96.760161075743454,32.913749308026937],[-96.760384435123939,32.913590132186229],[-96.760589978552389,32.913414708765245],[-96.760780979169027,32.913218895020925],[-96.76104337139833,32.912921555123297],[-96.761073781967866,32.912886516951964],[-96.761658378951253,32.912201653432881],[-96.761841048127465,32.912008401428352],[-96.761910054197472,32.911938549870499],[-96.761978170231629,32.91186854966314],[-96.76200719252202,32.911845539814038],[-96.76206885863779,32.911788019677786],[-96.762132831134366,32.911732241747536],[-96.762198932655309,32.911678362283887],[-96.762267162185111,32.911626378563483],[-96.762337451317919,32.911576343743853],[-96.762452773512535,32.91149970718363],[-96.762648820382125,32.911358473421046],[-96.762854354151386,32.911183046216948],[-96.763040417953079,32.910992784634438],[-96.763205511572934,32.910789220050177],[-96.763348308083295,32.910573991779792],[-96.763467656243222,32.910348833579548],[-96.763562595794866,32.910115556719504],[-96.763632361910524,32.909876041023892],[-96.763676395230362,32.909632213362784],[-96.763694338824223,32.909386038588721],[-96.763686050366303,32.909139498059396],[-96.763651594908268,32.90889457600754],[-96.763591252618667,32.908653246120494],[-96.763505507439731,32.908417449736689],[-96.763395050462933,32.908189086874941],[-96.763260770725552,32.907969994462384],[-96.763103751105078,32.907761937260219],[-96.762925253685097,32.907566590526372],[-96.762726717878621,32.907385526463706],[-96.762509741397423,32.90722020313504],[-96.762276069809459,32.907071951694256],[-96.762027587149291,32.906941964533694],[-96.761766291423726,32.906831290436443],[-96.761494287451626,32.906740818244842],[-96.761213764404033,32.906671277451821],[-96.760926982127103,32.90662322718935],[-96.760636247650865,32.906597055000177],[-96.760420796401817,32.906591899760606],[-96.760173155818194,32.906592885696156],[-96.759405684252172,32.906595769784388],[-96.758910300709601,32.906594673655277],[-96.758876288778566,32.906594748283837],[-96.758674956339831,32.906596074758383],[-96.758608185637343,32.906597091918478],[-96.75855837480033,32.906600172619356],[-96.758444414674926,32.906597593092357],[-96.757939970368426,32.906600912996673],[-96.756678463314515,32.906598333663702],[-96.756628219047244,32.906597898128879],[-96.753131530268391,32.906590049584224],[-96.752923198915553,32.90658956664349],[-96.750310898290977,32.906586006391585],[-96.750213636352228,32.906587097508883],[-96.749922031972247,32.906605111355105],[-96.74963351638786,32.906645101916396],[-96.749350410608344,32.906706746487011],[-96.749074995237891,32.906789549545032],[-96.748809486949298,32.906892843321849],[-96.748556024381244,32.907015798424212],[-96.748316645714368,32.907157422614603],[-96.74809328087261,32.907316576932679],[-96.747887726851843,32.907491979854548],[-96.747701637869454,32.907682218875664],[-96.747536514425164,32.907885762980158],[-96.747393683845033,32.908100973186713],[-96.747274297872693,32.908326116040207],[-96.74717931736113,32.90855938052978],[-96.747109507812524,32.908798887042721],[-96.747065429323015,32.909042708867219],[-96.747047439603335,32.909288881252245],[-96.747046987937793,32.90933160101757],[-96.747045145420032,32.910690572702563],[-96.747053839395136,32.910894394534154],[-96.747089552150442,32.911139319607301],[-96.747091234692732,32.911338188557586],[-96.74706305218767,32.911452665894217],[-96.747041028237902,32.911568485839958],[-96.747025225797671,32.911685317330054],[-96.74701569003733,32.911802826408298],[-96.747012448214321,32.911920677181641],[-96.747008802014562,32.912836971536613],[-96.74700494929418,32.913805801956492],[-96.74701362700803,32.914015698866336],[-96.747048038468861,32.91426062537041],[-96.747108339520608,32.914501963110546],[-96.747194046952302,32.914737770611779],[-96.747305874966557,32.914968710866113],[-96.747433834285331,32.915201483443205],[-96.747523713093372,32.915364981455006],[-96.748227403750491,32.916645022837223],[-96.748234325767328,32.91685198974492],[-96.748239932566904,32.916891889579141],[-96.748105131985568,32.916946248965829],[-96.747972988130869,32.917006781116939],[-96.747843783485919,32.91707335663326],[-96.747583060698105,32.917215554224946],[-96.747363526507854,32.917346424582377],[-96.747140134269102,32.917505576999574],[-96.746934554724575,32.917680978137248],[-96.746748442297019,32.917871215505166],[-96.746583297675215,32.918074758100758],[-96.746440448355472,32.918289966954809],[-96.746321046232509,32.91851510862309],[-96.746319979546911,32.918517729033702],[-96.745965358752599,32.918708248584046],[-96.745727113827655,32.918849240095874],[-96.745503714860703,32.919008389549468],[-96.745298128590022,32.919183787954537],[-96.74511200949236,32.91937402284298],[-96.744946858310428,32.919577563232117],[-96.744804002593099,32.919792770170531],[-96.744684594286866,32.920017910229426],[-96.744589594424241,32.920251172420421],[-96.744519768663565,32.920490677149346],[-96.744475677231151,32.920734497718662],[-96.744457677942293,32.920980669387518],[-96.744457397908818,32.920998147489591],[-96.744446098943641,32.921918709434806],[-96.744447217313322,32.922024099504604],[-96.744453099094969,32.922129331259349],[-96.744463732261082,32.92223418951292],[-96.744479095068115,32.92233845984294],[-96.744499156100986,32.922441929029283],[-96.744594566505228,32.92288166698512],[-96.744598180090435,32.922989674764025],[-96.744607077987069,32.92309737604414],[-96.744621238848652,32.923204512444592],[-96.744640628702541,32.923310826939698],[-96.745639577184562,32.923321992944842],[-96.74705507677794,32.923341388105825],[-96.74870841743396,32.923364023263517],[-96.748709907834808,32.923364041514041],[-96.748285692024467,32.92402534250008],[-96.746782706060515,32.926368206672556],[-96.746080119869092,32.92746268031506],[-96.746043759127133,32.927519941170303],[-96.744411360679209,32.930090557424158],[-96.742868893763088,32.932519401250822],[-96.742653827247111,32.932866492192446],[-96.742148348818262,32.93368226354081],[-96.741460528486513,32.93475449104406],[-96.741460083669381,32.934755185560817],[-96.742340977734329,32.934825548926675],[-96.743079831652935,32.9348840735748],[-96.743365410782616,32.934908724546212],[-96.744255163447349,32.93498098055813],[-96.74492200553577,32.935035132188908],[-96.74503817411582,32.935044796015298],[-96.745459021004791,32.935079805165813],[-96.745459481893533,32.935075165840708],[-96.745574983637169,32.933915831748884],[-96.746966727875801,32.934027376129684]]],[[[-96.807459913840702,32.945662211567388],[-96.808158013869743,32.945756412429034],[-96.808206040888237,32.94545581413918],[-96.808239689574052,32.945182801367082],[-96.808274070659465,32.944883081089465],[-96.808294819275574,32.944599908010417],[-96.808288913079664,32.944597475614508],[-96.808354228676635,32.944047106488874],[-96.808108012321327,32.944023892851732],[-96.807674864513061,32.943983055927021],[-96.807520588385088,32.945125576419628],[-96.80750404992655,32.945124139565763],[-96.807459913840702,32.945662211567388]]]]},"properties":{"OBJECTID":1,"Shape_Length":1401938.9794032867,"Shape_Area":2373921992.2819023,"AREA_SQFT":2374339422.1051941,"AREA_ACRES":54507.332922525115,"AREA_SQMILES":85.1677076914455}}]
}