{
  "type" : "FeatureCollection",
  "features" : [{"type":"Feature","id":1,"geometry":{"type":"MultiPolygon","coordinates":[[[[-106.31773021614895,31.644704286032756],[-106.31549908548837,31.64485703993363],[-106.31538685738857,31.644864324148305],[-106.31533509237558,31.644867719142553],[-106.31517182261072,31.644884713090971],[-106.3150097791021,31.644908816395752],[-106.31484938620297,31.644939966623408],[-106.31469106166547,31.644978081750395],[-106.31453521793746,31.645023063720377],[-106.31438226180043,31.645074793030378],[-106.31423259385883,31.645133136903013],[-106.31408660272317,31.645197941424193],[-106.31394466971224,31.645269038554503],[-106.31380716544817,31.645346242674876],[-106.31370630699635,31.645409402191856],[-106.31086051845801,31.645799524597617],[-106.31073764470385,31.645818464306366],[-106.31057724884997,31.645849609214977],[-106.31041892106249,31.645887719089711],[-106.31026307379769,31.645932695887922],[-106.31011011384635,31.645984420120008],[-106.30996044182282,31.646042759022073],[-106.30981444634834,31.646107558692879],[-106.30967250875293,31.64617865110559],[-106.30953499967069,31.646255850653532],[-106.30940227705048,31.646338956057754],[-106.30927468820575,31.646427749361269],[-106.30915256589728,31.646522000646904],[-106.3090362280317,31.646621463525701],[-106.30892597784224,31.646725877843515],[-106.30882210400989,31.646834971485404],[-106.30872487638356,31.646948459679813],[-106.30863454926525,31.647066046647872],[-106.30855135930028,31.647187425706608],[-106.30847552137881,31.647312281279913],[-106.30840723577738,31.64744028492753],[-106.3083466792695,31.647571104832917],[-106.30829400892191,31.647704399280176],[-106.30824936450519,31.647839821062203],[-106.30821286092934,31.647977015135247],[-106.30818459399997,31.648115625578878],[-106.30816463683072,31.648255289434712],[-106.30815304237539,31.64839564291935],[-106.30814984119672,31.648536319722744],[-106.308155040532,31.648676952864541],[-106.30816862751746,31.648817175441572],[-106.30819056608338,31.648956621684757],[-106.30822080017883,31.649094927706933],[-106.30825925066681,31.649231732559798],[-106.30830581649924,31.649366679987089],[-106.30836037670593,31.649499416516747],[-106.30842278870632,31.649629597880566],[-106.30849289105159,31.64975688254313],[-106.30857049863297,31.649880939178516],[-106.30865540988385,31.650001443602246],[-106.30874740497178,31.650118083386293],[-106.30884624115666,31.650230551749303],[-106.30895166288707,31.650338556115557],[-106.30903715619149,31.650418504438576],[-106.31041240702406,31.651654798633729],[-106.31048652951698,31.651721429801057],[-106.31048930082056,31.65179633981856],[-106.31050289172204,31.651936562031242],[-106.31052483446085,31.652076007759693],[-106.31055507297501,31.652214313117927],[-106.310593528116,31.652351117159469],[-106.31064009882384,31.652486063630175],[-106.31069466411527,31.652618799060516],[-106.31075708139677,31.652748979185045],[-106.31082718920571,31.652876262471597],[-106.31090480241879,31.65300031759789],[-106.31098971945497,31.653120820383368],[-106.31108172046677,31.653237458404195],[-106.31118056269828,31.653349924883795],[-106.31128599058266,31.65345792725125],[-106.31139888733148,31.653562201664986],[-106.31183769639371,31.653946688643167],[-106.31185438350226,31.653961201917994],[-106.3133153553528,31.655222493714618],[-106.31423891609836,31.65604715365906],[-106.31431726587647,31.656114723205139],[-106.31439784390919,31.656179619367816],[-106.31448055902138,31.6562417687162],[-106.31506643177313,31.656667095117118],[-106.31507846542198,31.656678685726792],[-106.31513344156727,31.656730301987992],[-106.31530091504396,31.656883592917328],[-106.31534721979727,31.656925100419208],[-106.31535741004443,31.656934006719034],[-106.3155293738308,31.657083617462863],[-106.31558731582457,31.657132767140155],[-106.31576365667186,31.657278602741314],[-106.31581328830401,31.657318784714739],[-106.31582306232791,31.657326500143363],[-106.3160036679788,31.657468464690783],[-106.31606448798092,31.657515068774099],[-106.31624924436704,31.657653070971911],[-106.31630212638946,31.657691717492369],[-106.31631140410826,31.657698326543183],[-106.31650019107047,31.657832279015167],[-106.31658484598168,31.657890314135248],[-106.31683991625219,31.658059221332071],[-106.31687484866001,31.658082029065728],[-106.31692994581857,31.658116718533783],[-106.31704103112884,31.658185114077597],[-106.31706138608889,31.658197544117524],[-106.31726828799306,31.658322858688738],[-106.31732675381602,31.658357448066266],[-106.31734460183051,31.658367685292198],[-106.31755562962974,31.658487860835706],[-106.31763343668946,31.658530801762026],[-106.31784841748647,31.65864573809392],[-106.31789138453186,31.658668311958024],[-106.31792760686224,31.658686733590812],[-106.31795614670047,31.658701033577191],[-106.31804092106097,31.658758077034555],[-106.31809561900948,31.658794077410686],[-106.31810416530533,31.658799559845519],[-106.31836713236858,31.658967666146481],[-106.31843159386857,31.659007819964636],[-106.31869934817463,31.659170305573891],[-106.31876259360924,31.659207722513411],[-106.31903730260525,31.659365834495436],[-106.31910398755849,31.659403197616793],[-106.31938081617359,31.659554149413211],[-106.31944833155681,31.659589970734142],[-106.31970560149001,31.659722711998853],[-106.3197296932007,31.659735142192808],[-106.31981980069776,31.659779948310767],[-106.32021039300371,31.659967005550683],[-106.32031634806781,31.660015540728828],[-106.32042387070155,31.660060496511107],[-106.32053284002554,31.660101822357195],[-106.32064713311219,31.660143028486708],[-106.32072558997791,31.660183178381143],[-106.32083257900209,31.660235547524113],[-106.32094130452178,31.660284209005741],[-106.32105163809577,31.660329105340537],[-106.32116344938318,31.660370183490897],[-106.3215969533675,31.660521321712668],[-106.32182376427352,31.660603159215356],[-106.32185202437067,31.660613221014145],[-106.32189696806016,31.660628671861659],[-106.32211633881211,31.660702453986794],[-106.32222511011699,31.660737114835126],[-106.32230390194619,31.660759874560348],[-106.32238340434428,31.660781866124147],[-106.32241547624538,31.660794381467866],[-106.32256636402195,31.660851316722443],[-106.32264081524531,31.660878458797381],[-106.32279431257868,31.660932479398891],[-106.32293678790147,31.660978620709635],[-106.32294887109454,31.660983177065134],[-106.32308385594365,31.661041590745395],[-106.3232343802844,31.661098349357889],[-106.32338809663698,31.661148459585927],[-106.32354460361729,31.661191791741594],[-106.323703494477,31.661228230885872],[-106.32374152690934,31.66123586018842],[-106.32381333068501,31.66124987126048],[-106.32396559830038,31.661276296695679],[-106.32411883286326,31.661296369041153],[-106.32449530522807,31.661337782328104],[-106.3245583408568,31.661344177281673],[-106.32541703843539,31.6614239522501],[-106.32549726568486,31.661430537773306],[-106.32564301471244,31.661438088122129],[-106.32610242532117,31.661452955979485],[-106.32704611598703,31.661483491988026],[-106.32706527411973,31.66148406333404],[-106.32786850038912,31.661505811131331],[-106.32802743688431,31.661534533606474],[-106.32815759184483,31.661555662167096],[-106.32828841077384,31.661572189043266],[-106.3284197310284,31.661584093687658],[-106.32855138934238,31.661591361299621],[-106.32882386296139,31.661601632559393],[-106.32886246111894,31.661602889429656],[-106.32902696058493,31.661603804897272],[-106.32919130062326,31.661597535675419],[-106.32935505241663,31.661584095578213],[-106.32951778772897,31.661563522835575],[-106.32967908233783,31.661535868156079],[-106.32983851576722,31.661501206508703],[-106.32999567161671,31.66145962624293],[-106.33015014015567,31.66141123620401],[-106.33030151919696,31.661356162973728],[-106.33044941198793,31.661294550974063],[-106.33059343335783,31.661226559449318],[-106.33073320791182,31.661152367080884],[-106.33086837072214,31.661072166521812],[-106.33099856968084,31.660986167901711],[-106.331123464142,31.660894594367456],[-106.33124272944421,31.660797686386751],[-106.33135605332224,31.660695695587552],[-106.33146314036864,31.660588888159705],[-106.33156371197352,31.660477543952563],[-106.33160731188447,31.660423810265115],[-106.33038759059821,31.659047287726448],[-106.33003854937203,31.658653195711107],[-106.32972367545383,31.658271285360609],[-106.32961324610794,31.658025861930515],[-106.32945730802571,31.657870623264628],[-106.32934342215607,31.657801544479916],[-106.32909493079384,31.657336733205131],[-106.32898247689535,31.657173991366466],[-106.32892807050719,31.656890182495097],[-106.32883660036646,31.656754000746805],[-106.3287079775348,31.656644309896773],[-106.32859621698995,31.656492539002901],[-106.32842129230696,31.656150975111949],[-106.32788158847021,31.655237087084775],[-106.32706335040366,31.653958879540451],[-106.32649146955139,31.652996921442998],[-106.32634420399935,31.652747676694133],[-106.32617327363384,31.652469244472396],[-106.32590630519853,31.652101647559142],[-106.32581024459827,31.651954654093295],[-106.32555681622661,31.651536865006495],[-106.32544610284651,31.651310716417001],[-106.32516105167115,31.650828318490802],[-106.32468209422451,31.650109837524017],[-106.32390184976677,31.649129945701212],[-106.32318459067413,31.648268277192628],[-106.32253836274604,31.647461145843081],[-106.32203530491034,31.646851128506565],[-106.3216430765912,31.646373661963128],[-106.32139580626982,31.646123523305342],[-106.3210835736201,31.645716699514107],[-106.32091604535417,31.645471136384494],[-106.32060860813314,31.645105390726854],[-106.32048708921958,31.644958114341886],[-106.32045073266089,31.6449473143369],[-106.3203357814152,31.644915221100497],[-106.32021983804034,31.644886920949695],[-106.31996338731341,31.6448287400666],[-106.31984977622471,31.644804849164952],[-106.31973547164318,31.644784533720191],[-106.31962058606335,31.644767813726073],[-106.31932623024167,31.64472963913493],[-106.31917023616607,31.644712728363796],[-106.31901367075507,31.644702365069005],[-106.31881372042032,31.644693316444808],[-106.31866211206196,31.64468951680384],[-106.31853827779466,31.644688996471206],[-106.31847597769695,31.644689251120511],[-106.31793920382303,31.644695887934713],[-106.31784256220323,31.644698323806786],[-106.31773021614895,31.644704286032756]]],[[[-106.303015128312,31.679852630643804],[-106.30315811396716,31.679922246158863],[-106.30330506943383,31.679985527145291],[-106.30345561209111,31.680042308532165],[-106.30360934879435,31.680092442058815],[-106.30376587810593,31.680135797976501],[-106.30392479322001,31.680172261284405],[-106.30408567822492,31.680201739154686],[-106.30424811283632,31.680224152553652],[-106.3044116739957,31.680239444311336],[-106.30457593550895,31.680247573707394],[-106.30474046723297,31.680248520132125],[-106.3049048413466,31.680242281874619],[-106.30506862894457,31.680228872668213],[-106.30523140169613,31.680208330662058],[-106.305392735282,31.68018070648462],[-106.30555220912396,31.680146075025245],[-106.30570940671652,31.680104524554679],[-106.30585614025466,31.680058782963933],[-106.30661138683411,31.679805445037566],[-106.30801443651819,31.679335121457108],[-106.30965259775896,31.679011820113335],[-106.30967378988909,31.679007572879058],[-106.30979986750019,31.678981921141812],[-106.30992674690633,31.678953762324959],[-106.31008394058692,31.678912206512269],[-106.31023844789671,31.678863840544665],[-106.31038986654774,31.678808790941339],[-106.31053779968313,31.678747202062308],[-106.31068186202768,31.678679233091614],[-106.31082167807917,31.678605062651897],[-106.31095688280178,31.678524883338941],[-106.31108712397813,31.678438905227033],[-106.31121206085211,31.678347351409364],[-106.31133136865174,31.678250462302348],[-106.31144473500082,31.678148489484535],[-106.31155186438123,31.678041699098976],[-106.31165247807226,31.677930370950545],[-106.31174631279382,31.677814794046043],[-106.31183312311801,31.677695271002243],[-106.31191268427231,31.67757211247681],[-106.3119847881603,31.677445640983908],[-106.31204924616432,31.677316185325544],[-106.31210589050234,31.677184085050868],[-106.31215457368397,31.677049682335642],[-106.31219516799852,31.67691333015437],[-106.31222756807595,31.676775383102097],[-106.31225168901797,31.676636201107033],[-106.31226746838654,31.676496147522535],[-106.31227486502806,31.676355587373848],[-106.31227385907238,31.676214887358363],[-106.31226445398237,31.676074414840052],[-106.3122503199577,31.675958488905486],[-106.3122401742098,31.675889466968954],[-106.31223652857979,31.675865514210592],[-106.3122104200491,31.675726594633968],[-106.31217605137482,31.675588996528585],[-106.31213351223066,31.675453078504301],[-106.31208291320881,31.675319195429562],[-106.31202438675373,31.675187696575268],[-106.3119580849304,31.675058923913376],[-106.31188418177628,31.674933215623067],[-106.31180286953129,31.674810897223065],[-106.31171436023638,31.67469228964038],[-106.31164042275532,31.674602489679636],[-106.31038166818217,31.673136624423062],[-106.31036013128164,31.673111835613607],[-106.31025794334282,31.673001565121137],[-106.31014930427112,31.672895900326278],[-106.31003449827416,31.672795117886817],[-106.30991382547008,31.672699479197767],[-106.30978760007866,31.672609235006135],[-106.30965615117496,31.672524620847938],[-106.30954319620928,31.672459359953422],[-106.30951840693584,31.672432610112573],[-106.30940976934683,31.672326944678428],[-106.30929496483168,31.672226161565174],[-106.30917429350427,31.672130522169518],[-106.30904806958083,31.672040277240232],[-106.30891662213247,31.671955662315458],[-106.3087802950253,31.671876896820368],[-106.30863944294163,31.671804187883211],[-106.30849443412284,31.671737723864545],[-106.30834564645122,31.671677679075405],[-106.3081934682035,31.671624209214329],[-106.30803829618254,31.671577455079898],[-106.30788053430022,31.67153753720903],[-106.3077205959902,31.671504560284891],[-106.30755889769642,31.671478610740337],[-106.30739586098409,31.671459756654347],[-106.30723191130383,31.671448045097062],[-106.30706747636491,31.671443509451564],[-106.30690298435654,31.671446158637615],[-106.30673886578772,31.671455988790214],[-106.30657554848345,31.671472971736101],[-106.30641345713336,31.671497064068355],[-106.30625301621589,31.671528203382231],[-106.30609464360838,31.671566307682546],[-106.30593875188372,31.671611278941239],[-106.30578574794889,31.671662997683182],[-106.30563603253329,31.671721331158768],[-106.30548999437086,31.67178612548086],[-106.30534801490316,31.671857212636688],[-106.30521046487355,31.671934407033206],[-106.30511355489509,31.671994180812717],[-106.30370179170288,31.672899950205316],[-106.30347398238447,31.672631463638218],[-106.30314578467443,31.67224466132533],[-106.30311356813425,31.672207356229542],[-106.30304418352394,31.672131226514956],[-106.30221909745066,31.671257920383432],[-106.30217579550045,31.671212086466557],[-106.30214511096361,31.67117770533892],[-106.30205729845011,31.671083646031274],[-106.30194867076672,31.670977974276795],[-106.30183387585922,31.670877184488482],[-106.30171321381688,31.670781538080483],[-106.30165577936469,31.670740468503016],[-106.30162147116334,31.670673814924065],[-106.30154758520965,31.670548100561856],[-106.30146629013804,31.670425775500625],[-106.30137779794453,31.670307160684779],[-106.3013170359129,31.670232797519045],[-106.3006439365878,31.669437254481156],[-106.30027592897089,31.668984918924235],[-106.3002041708049,31.66889927719054],[-106.3001284335654,31.668817133344213],[-106.30004888753879,31.668738672076152],[-106.29997174326854,31.66865018971999],[-106.29989081966706,31.668565150102719],[-106.29980627021376,31.668483714510192],[-106.29972571915329,31.668410863682155],[-106.29962690291289,31.668317043746978],[-106.29961605553363,31.66830601206253],[-106.29952809713886,31.668228779635914],[-106.29798228946591,31.669380566250052],[-106.2969167001081,31.670542826881693],[-106.29567327403524,31.671984140790272],[-106.29418981842009,31.673681875495113],[-106.29341813451806,31.674538020148471],[-106.29344725508655,31.674571157916482],[-106.293552686382,31.674679174142771],[-106.29366442963668,31.674782445539158],[-106.29371645649127,31.674825854686908],[-106.29374756254956,31.674928491930501],[-106.29378354420635,31.675029523168291],[-106.29382431902874,31.675128716940744],[-106.29386979360284,31.675225845997907],[-106.29387118632476,31.676425218367299],[-106.29387125840961,31.676486362131346],[-106.29387131361233,31.676499985137934],[-106.29387649321242,31.676640617774446],[-106.29389006300978,31.676780840777358],[-106.2939119869794,31.676920288376596],[-106.29394220910874,31.677058596681469],[-106.29398065029201,31.677195404737738],[-106.29402720950513,31.677330356280713],[-106.2940817657955,31.677463097827705],[-106.29414417659245,31.677593285097306],[-106.29421428045099,31.677720576538874],[-106.29429189225768,31.677844640808591],[-106.2943768104352,31.677965153702157],[-106.29446881513326,31.678081802769572],[-106.29456766358625,31.678194281205119],[-106.29467310021137,31.678302296406958],[-106.29478484898172,31.678405566728902],[-106.29490261776731,31.678503823078817],[-106.29502610044521,31.678596808816209],[-106.29515497385445,31.678684281711195],[-106.29528890195678,31.678766012836533],[-106.29542753595693,31.678841788372349],[-106.29557051448366,31.678911412313333],[-106.29571746328847,31.678974701957301],[-106.29586799976816,31.679031492210811],[-106.29602173079392,31.679081634789974],[-106.29609734453625,31.679103526833011],[-106.29898841753516,31.67990652360772],[-106.30004731473441,31.680200613365692],[-106.30012822803559,31.680222083920661],[-106.30028714188944,31.680258551706828],[-106.30044802590518,31.680288034111051],[-106.30061045980112,31.680310452087863],[-106.30077402052059,31.680325748455328],[-106.30093828187063,31.680333882481033],[-106.30110281370847,31.680334833543256],[-106.30126718821286,31.680328599918916],[-106.30143097647738,31.680315195329364],[-106.30159375016943,31.680294657911571],[-106.3017550849676,31.680267038282199],[-106.30191456029017,31.68023241131857],[-106.30207175962795,31.680190865279812],[-106.30222627313677,31.680142508921836],[-106.3023776985122,31.680087468738769],[-106.30252563888016,31.680025889065956],[-106.30266970894628,31.679957929063516],[-106.30280953318839,31.679883767330637],[-106.30293546954906,31.679809096745601],[-106.303015128312,31.679852630643804]]],[[[-106.46972221989935,31.757745301723851],[-106.46955878268038,31.757762490486666],[-106.4693965848231,31.757786786901342],[-106.46923605108611,31.757818128028656],[-106.46922539613375,31.757820471078265],[-106.46901942298541,31.757866090108319],[-106.46891710458262,31.758051129438265],[-106.4685470172881,31.758609438187172],[-106.46764299528476,31.759359017996868],[-106.46748984290694,31.759485171170208],[-106.46697756149962,31.759767517741565],[-106.46568469731855,31.760352205933504],[-106.46502606808465,31.760635280977077],[-106.4644062458548,31.760864343391503],[-106.46439528395472,31.760999604952591],[-106.46439231204504,31.761140280937799],[-106.46439723427645,31.761273194975889],[-106.46441187510804,31.761497256600375],[-106.46441841306792,31.761579564510768],[-106.46442853544096,31.761661508849176],[-106.46440003942679,31.761748310900053],[-106.46436371897775,31.761885544523142],[-106.46433564746282,31.762024184499488],[-106.46431589748288,31.762163867794467],[-106.46430452145326,31.762304230572845],[-106.46430154936715,31.762444906499983],[-106.46430698786283,31.762585528599175],[-106.46431968903272,31.762716797200635],[-106.46432439085666,31.7627544104215],[-106.46435130013849,31.763041819460319],[-106.46437927898258,31.763455810050257],[-106.46439319933336,31.763597242900751],[-106.46441539561226,31.763736657830968],[-106.46444589562189,31.763874922533557],[-106.46448461953104,31.764011676168359],[-106.46453146557852,31.764146562613607],[-106.46458631206131,31.764279228555818],[-106.4646466162185,31.764404352385025],[-106.46464809219641,31.764422752887285],[-106.46476004580751,31.76564244413839],[-106.46476954422647,31.765728551084727],[-106.46479174156362,31.765867965859364],[-106.46482224281453,31.766006230382924],[-106.46486096814476,31.766142983815694],[-106.46490781578962,31.766277870036479],[-106.46496266404161,31.766410535732369],[-106.46502536957205,31.766540636820146],[-106.46509577016479,31.766667831972239],[-106.46517367993127,31.766791790098971],[-106.46525889651689,31.766912187271835],[-106.46535119929787,31.767028711340398],[-106.46545034472362,31.767141055828812],[-106.46555607644036,31.767248928481674],[-106.46566811765059,31.767352048025895],[-106.4657861754614,31.767450145763576],[-106.46590994299602,31.767542965466518],[-106.46603909635024,31.767630265339346],[-106.466173298754,31.767711816906111],[-106.4663122006959,31.767787406814634],[-106.46645544010879,31.767856839543281],[-106.46660264206068,31.767919932890553],[-106.46675342328824,31.767976522274036],[-106.46690739002381,31.768026459934568],[-106.46706414023095,31.768069616634815],[-106.46722326652569,31.768105877891717],[-106.46738435244809,31.768135151406248],[-106.46754697718536,31.768157358678625],[-106.46771071718582,31.768172443075667],[-106.46787514578783,31.768180364417415],[-106.46803983241176,31.768181102638959],[-106.46820434883519,31.768174656570721],[-106.46836826577682,31.768161040488454],[-106.46853115457301,31.768140293082066],[-106.4686925905971,31.768112465515728],[-106.46885215300858,31.768077633208705],[-106.46900942506696,31.768035884956522],[-106.46916399673927,31.767987330042246],[-106.46931546557074,31.767932095476944],[-106.46946343457353,31.76787032610541],[-106.46960751837662,31.767802181581779],[-106.46974734142464,31.767727840986215],[-106.46988253866172,31.767647497358727],[-106.47001275789206,31.76756136120159],[-106.47002472518187,31.767552978260593],[-106.47175169153438,31.766337258864954],[-106.47186462178428,31.766253935085061],[-106.47198387560942,31.766156900061478],[-106.47209717378955,31.76605478885886],[-106.47220422098484,31.765947867980923],[-106.472304738692,31.765836417572004],[-106.47239846387802,31.765720726958875],[-106.47248515140238,31.765601099055651],[-106.47256457681246,31.765477844791448],[-106.47263653236766,31.765351286930844],[-106.47270082983496,31.765221754501802],[-106.47275730185471,31.765089587253193],[-106.47280580138215,31.764955127535245],[-106.4728462011893,31.764818728471905],[-106.47287839641216,31.764680744779913],[-106.47290230268645,31.764541536483584],[-106.47291785813542,31.764401467004127],[-106.47292502218882,31.764260901408328],[-106.47292377558297,31.764120206408585],[-106.47291412240985,31.76397974935459],[-106.4728960878808,31.763839896534986],[-106.47286971832607,31.763701013177272],[-106.47283508318202,31.763563461537835],[-106.47279227281724,31.763427600105349],[-106.47274139853141,31.763293783601082],[-106.47268259348742,31.763162361121609],[-106.47261601047484,31.763033674440614],[-106.47254182426923,31.762908061511514],[-106.47246022784431,31.762785847605073],[-106.4723714339854,31.76266735337579],[-106.47229783647329,31.762578299556399],[-106.47228105083268,31.762558818396847],[-106.4723261041984,31.762508876046748],[-106.47240061068125,31.762417955989573],[-106.47259894883896,31.762165238355195],[-106.47271203140868,31.762021152639726],[-106.47273125531312,31.761996369695979],[-106.47281793899127,31.761876741433237],[-106.47289736082924,31.761753486824155],[-106.47296931309573,31.761626928634158],[-106.47303360756632,31.761497395892114],[-106.47309007688914,31.76136522834766],[-106.47313857402654,31.761230768351798],[-106.47317897175657,31.761094369029259],[-106.47321116522086,31.760956385097398],[-106.47323507005972,31.760817176581185],[-106.47325062439991,31.760677106902413],[-106.47325778767437,31.760536541128399],[-106.47325654062126,31.760395845971974],[-106.47324688733374,31.760255388783211],[-106.47322885302346,31.760115535851156],[-106.47320248402004,31.759976652403591],[-106.47316784975864,31.759839100697132],[-106.4731250406052,31.759703239220595],[-106.47307416785647,31.759569422695446],[-106.47301536467137,31.759438000218225],[-106.47294878383437,31.759309313562643],[-106.47287460011555,31.759183700682133],[-106.47279300648209,31.759061486847127],[-106.47270421571203,31.758942992712118],[-106.47260845983604,31.758828526195909],[-106.47250598939122,31.758718387045864],[-106.47239706988118,31.758612861583813],[-106.47228198624785,31.758512226103104],[-106.47216103933113,31.758416741614564],[-106.47203454406771,31.758326658463595],[-106.47190283023649,31.758242211766628],[-106.47176624239701,31.758163620508753],[-106.47162513591361,31.758091091364982],[-106.47147987968968,31.758024812225788],[-106.47133085225417,31.757964956920432],[-106.47117844250769,31.75791168065302],[-106.47102304785881,31.757865123717416],[-106.47086507279714,31.757825406137179],[-106.4707049313147,31.757792632070625],[-106.47054304038564,31.757766887422385],[-106.47037982207803,31.757748239737257],[-106.4702157023125,31.757736735546928],[-106.47005110924695,31.75773240769324],[-106.46988647147722,31.757735264555112],[-106.46972221989935,31.757745301723851]]],[[[-106.26807118186815,31.766619879101157],[-106.26790769277862,31.766636812639],[-106.267745427965,31.766660855732393],[-106.26758481235974,31.766691946105585],[-106.26742626429542,31.766730001890817],[-106.26727019680152,31.76677492518629],[-106.26711701724457,31.766826596642314],[-106.26696712681282,31.766884883632869],[-106.26682091469551,31.766949632391658],[-106.26667876278825,31.76702067502476],[-106.26654104228439,31.767097826055409],[-106.26640811168328,31.76718088433098],[-106.26628031884293,31.767269632017701],[-106.26615799705539,31.767363839317429],[-106.26604146474683,31.767463259955605],[-106.26593102565791,31.767567633888167],[-106.26582696896344,31.76767668910589],[-106.26572956498808,31.767790140937066],[-106.26563906849456,31.767907693697811],[-106.26555571657133,31.768029040794755],[-106.26547972452778,31.76815386673432],[-106.26541129304707,31.768281843154512],[-106.26535059928041,31.768412638309133],[-106.26529780065157,31.768545910546642],[-106.26525303726886,31.76868131271862],[-106.26521642435139,31.768818489831951],[-106.26518805798972,31.768957086010577],[-106.26516801155701,31.769096738333204],[-106.2651563382406,31.769237083046765],[-106.26515306880952,31.769377753864092],[-106.26515329563952,31.769398350723105],[-106.26515583567185,31.769563198997368],[-106.2651607507221,31.769683232088283],[-106.26517429120435,31.769823454281145],[-106.26519619433864,31.769962902949757],[-106.26522640416792,31.770101214200892],[-106.26526484161829,31.770238027072654],[-106.26527081812333,31.770255348554315],[-106.26524032425819,31.770369597501354],[-106.26521195746498,31.770508193619154],[-106.26519191073787,31.770647845878887],[-106.265180237265,31.770788190527604],[-106.2651769678158,31.770928861278438],[-106.26517719479899,31.770949476224676],[-106.26521122745892,31.773156974098221],[-106.26521510027349,31.773261252916189],[-106.26522364656974,31.773365253067098],[-106.26523684914446,31.773468765204505],[-106.26525468142161,31.773571580964294],[-106.26527710750581,31.773673493384127],[-106.26526153350046,31.773793301725181],[-106.26525238277064,31.773913771025722],[-106.26524968145551,31.774034557163695],[-106.26525343727144,31.774155315111987],[-106.26532056239773,31.775336850454408],[-106.26532595384683,31.775451851737813],[-106.26532711139464,31.775477422722545],[-106.26534065295648,31.775617644647415],[-106.26536255768286,31.775757093038603],[-106.26539276961284,31.775895404003663],[-106.26543120966699,31.77603221658137],[-106.26547777682323,31.776167174495068],[-106.2655323501093,31.776299924245613],[-106.26559478690933,31.776430121530122],[-106.26566492571254,31.776557424772143],[-106.26574258131184,31.776681502596677],[-106.26582755201679,31.776802030764255],[-106.26591961784126,31.776918696785344],[-106.26601853585812,31.777031193809478],[-106.26612405030521,31.777139229186901],[-106.26623588495163,31.777242521218582],[-106.26635374744261,31.777340800755656],[-106.26647733141206,31.777433811097318],[-106.2666063134336,31.7775213099494],[-106.26674035718608,31.777603068316981],[-106.26687911357318,31.777678872309369],[-106.26702222090418,31.777748525846974],[-106.26716930459384,31.777811846150197],[-106.26718831528828,31.777819239968764],[-106.26732005027279,31.777868695491986],[-106.26747392727469,31.777918870613512],[-106.26763060238049,31.777962269103515],[-106.26778966840622,31.777998775850747],[-106.26795070904426,31.778028297913501],[-106.26811330360438,31.778050756142907],[-106.26827702861107,31.778066093252082],[-106.26844145744354,31.778074268402506],[-106.26855481430806,31.778075337908405],[-106.2686060917727,31.778075437049157],[-106.27068852532645,31.77807110251641],[-106.27082139923635,31.778071295959883],[-106.27089953736176,31.778073959698919],[-106.27097749204884,31.778079167781161],[-106.27105516863686,31.778086914849631],[-106.27113243160642,31.778097186670603],[-106.27120915693648,31.778109966641377],[-106.27128526421252,31.778125240566695],[-106.27136067519247,31.778142995051088],[-106.27143520894683,31.778163186386212],[-106.27150876725894,31.778185787664448],[-106.2715812862528,31.778210778456415],[-106.27165263370543,31.778238114498048],[-106.27172271067813,31.778267758054835],[-106.27184545949325,31.778324767040147],[-106.27186155223663,31.778332190656602],[-106.27200864008702,31.778395505438965],[-106.27215932103009,31.778452321680277],[-106.27231320156005,31.778502491028885],[-106.27246987986327,31.778545883642469],[-106.27262894874744,31.778582384424979],[-106.27278999189761,31.778611900450358],[-106.27295258861687,31.778634352585403],[-106.27311631542418,31.77864968355912],[-106.27328074569398,31.778657852549117],[-106.27344544884092,31.778658838841935],[-106.27346892918784,31.778658394482328],[-106.27791292062362,31.778560299831788],[-106.27801576283316,31.778560054889709],[-106.27940862111716,31.778556720008979],[-106.27946135266822,31.778640947456889],[-106.27954634267732,31.778761466527552],[-106.27963842739156,31.778878122700689],[-106.27973736383383,31.778990609151844],[-106.2798428961941,31.779098633258599],[-106.27995474819491,31.779201913351315],[-106.28007262743608,31.779300180312482],[-106.28019622750774,31.77939317747397],[-106.28032522494179,31.779480662575995],[-106.28045928337644,31.77956240665959],[-106.28059805367724,31.779638195871179],[-106.28074117411731,31.779707834169788],[-106.28088827007701,31.779771138815665],[-106.2810389585697,31.779827944676352],[-106.28119284606989,31.779878103427301],[-106.28134953074583,31.779921485253826],[-106.2815086053885,31.779957975087918],[-106.28166965366802,31.779987480032162],[-106.28183225487399,31.78000992098238],[-106.28199598551369,31.780025240696681],[-106.28216041895156,31.780033398381931],[-106.28226006072283,31.780034346915052],[-106.28232512424064,31.780034653986394],[-106.28267473800335,31.780035402590077],[-106.28272614514728,31.780035120541019],[-106.28495036694034,31.780007782003096],[-106.28496402839743,31.780007589236249],[-106.28512857775048,31.780001376349698],[-106.28529254147131,31.779987992635565],[-106.28545549076816,31.779967476176054],[-106.28561700086209,31.77993987753332],[-106.28577665071391,31.779905271529863],[-106.28593402335896,31.779863746370143],[-106.28608870850111,31.779815410755649],[-106.28624030338896,31.779760391126338],[-106.28638841070403,31.779698831763803],[-106.28653264471741,31.779630891775117],[-106.28667262947924,31.779556749707456],[-106.28680799951341,31.779476598082276],[-106.28693840217156,31.779390646901916],[-106.28706349627559,31.779299119189051],[-106.28718295664405,31.779202255292081],[-106.28729647050184,31.779100306723702],[-106.28740374194619,31.778993539563597],[-106.28750449188647,31.778882233556136],[-106.28759845668635,31.778766677650303],[-106.28768539057793,31.778647174407887],[-106.28776506846825,31.778524034435112],[-106.2878372819555,31.778397580197751],[-106.28790184213588,31.778268140452553],[-106.28795858096075,31.778136054707268],[-106.2880073506941,31.778001665099776],[-106.2880480233983,31.777865324570229],[-106.28808049349963,31.77772738768337],[-106.28810467591656,31.777588214340799],[-106.28812050805143,31.777448167873303],[-106.28812794861288,31.777307613287697],[-106.28812797629438,31.777200633030681],[-106.28812491248131,31.777064269939054],[-106.28812391380524,31.77703055417367],[-106.2881145346402,31.776890084064839],[-106.28809677179805,31.776750206196766],[-106.28807067089942,31.776611285861325],[-106.28803630068009,31.776473685412267],[-106.28799375081816,31.776337763465602],[-106.28794313193335,31.776203874899927],[-106.2878845765222,31.776072369000527],[-106.28781823672513,31.775943587757702],[-106.2877442866792,31.775817869373192],[-106.2876629187467,31.775695539391943],[-106.28757434511337,31.775576918771293],[-106.28752592435515,31.77551884133776],[-106.2875313964513,31.775499494663276],[-106.28756386649364,31.775361557805194],[-106.28758804906643,31.77522238445745],[-106.28760388157143,31.77508233795076],[-106.28761132271636,31.774941783291997],[-106.28761035251459,31.77480108716416],[-106.28760097433651,31.774660616921146],[-106.28758321267632,31.774520738885972],[-106.28755711315164,31.774381818351056],[-106.28752274449458,31.77424421767051],[-106.28748019637921,31.774108295461023],[-106.28742957942067,31.773974406601859],[-106.28737102611052,31.773842900379087],[-106.28730468858366,31.773714118783818],[-106.2872307409712,31.773588400018728],[-106.28718997991997,31.773525299229672],[-106.28701310430033,31.773259758053232],[-106.28693187985299,31.773137815351319],[-106.28691587220852,31.773101862557109],[-106.28684953582476,31.772973080698701],[-106.28677558940043,31.772847361644384],[-106.28669422528841,31.772725030940787],[-106.28660565566456,31.772606409547233],[-106.28651011198495,31.772491805714999],[-106.28640784423115,31.772381519550816],[-106.28629911737997,31.772275837757348],[-106.2861842158687,31.772175037036892],[-106.28606344006562,31.772079378832348],[-106.28593710445836,31.771989113941448],[-106.28580553840919,31.771904477954312],[-106.2856690860949,31.771825690351381],[-106.28552810252313,31.771752958318391],[-106.28538295627939,31.771686470276276],[-106.28523402560383,31.771626400598691],[-106.2850816991465,31.771572905049222],[-106.28492637409646,31.771526124493448],[-106.28476845476412,31.771486179536936],[-106.28460835499573,31.771453174934074],[-106.28444649165546,31.771427197189556],[-106.28431305716046,31.771411759193004],[-106.28429597883834,31.771405761039325],[-106.28414065445349,31.771358979536405],[-106.28398273573401,31.771319033617388],[-106.28382263652449,31.771286028039086],[-106.28374631336278,31.771273778358449],[-106.28368605687187,31.771156789037931],[-106.2836121160902,31.771031068102559],[-106.28353075765013,31.770908735338228],[-106.28344219371253,31.770790111709484],[-106.28334665571876,31.770675505473626],[-106.28324439363541,31.770565216743545],[-106.28313567242465,31.770459532228603],[-106.28302077650895,31.770358728638225],[-106.28290000624207,31.77026306742275],[-106.28277367609715,31.770172799387815],[-106.28264211542222,31.770088160131756],[-106.28250566838007,31.770009369143516],[-106.28236468996455,31.769936633617601],[-106.28221954874778,31.769870141984182],[-106.28207062295671,31.769810068626185],[-106.28191830122874,31.769756569316804],[-106.28176298074052,31.769709784931457],[-106.28160506579073,31.769669836085683],[-106.28144497021387,31.769636827544058],[-106.28141156348086,31.769630864363656],[-106.2812486608984,31.769602553578682],[-106.28080828286329,31.769520428360341],[-106.28079679099879,31.769518303734117],[-106.28078356223506,31.769515905180409],[-106.28050654332273,31.769466184089726],[-106.2804980715655,31.769464683691432],[-106.280493545119,31.769446554456518],[-106.28045100930203,31.769310629731375],[-106.28040040490077,31.769176737920599],[-106.28034186437424,31.769045228317911],[-106.28027553982386,31.768916442923278],[-106.28020160534678,31.768790719949301],[-106.2801202532649,31.768668384952896],[-106.28003169572246,31.768549758904413],[-106.27993616414429,31.768435150067489],[-106.27983390848023,31.76832485856179],[-106.27972519367552,31.768219171103926],[-106.27961030413618,31.768118364410988],[-106.27948954019909,31.768022699941412],[-106.27936321632104,31.76793242850928],[-106.27923166183368,31.767847785721873],[-106.27909522088373,31.767768991077205],[-106.278954248449,31.767696251779508],[-106.27880911308597,31.767629756268683],[-106.27866019300659,31.767569678937832],[-106.27850787683315,31.767516175570442],[-106.27835256172774,31.767469387052508],[-106.27819465197524,31.767429434010403],[-106.27803456139647,31.767396421219633],[-106.27787270683196,31.767370435206267],[-106.27770951025391,31.767351544144457],[-106.27754539753087,31.767339795200908],[-106.27738079679652,31.767335221856104],[-106.27735223035911,31.767335159537723],[-106.27712753141184,31.767335521660989],[-106.27685039993676,31.767335968027044],[-106.27658055633918,31.767336402392623],[-106.27630549918759,31.767336843552318],[-106.27603434823659,31.767337278808988],[-106.27576268740479,31.767337185210682],[-106.27548756813395,31.767337089955245],[-106.27546823093827,31.767337083497136],[-106.27539429194566,31.767278506725084],[-106.27526797298553,31.767188231267802],[-106.27513642321291,31.767103584290634],[-106.27499998676227,31.767024785302755],[-106.2748590185996,31.76695204151946],[-106.27471388727039,31.766885541392536],[-106.27456497097579,31.766825459327048],[-106.27441265832849,31.766771951118862],[-106.27425734648133,31.766725157666652],[-106.27409943971054,31.766685199609544],[-106.27393935182941,31.766652181736184],[-106.27377749967114,31.766626190585903],[-106.27361430520185,31.766607294346262],[-106.27345019428461,31.76659554019751],[-106.27328559504825,31.766590961633593],[-106.27327315034239,31.766590907635084],[-106.27318689473709,31.766590675311768],[-106.273163472102,31.766590684272629],[-106.27293414400539,31.766591489623821],[-106.27267424582296,31.766592401945257],[-106.27212986645662,31.766594311012359],[-106.27145644843394,31.766596669592669],[-106.27053947805595,31.766599875195599],[-106.27051573720595,31.766599957977785],[-106.26836426185389,31.766607452193455],[-106.26823547009755,31.766610098397404],[-106.26807118186815,31.766619879101157]]],[[[-106.54122875353018,31.81159138044379],[-106.5413469453823,31.811689407744609],[-106.54147084540567,31.811782153745256],[-106.54160012935013,31.811869376843319],[-106.54173446010439,31.811950848762937],[-106.54187348782196,31.812026356359436],[-106.54201685010905,31.812095704325859],[-106.54216417171156,31.812158710682407],[-106.54218481956661,31.812166908553863],[-106.54261380296848,31.812334717321569],[-106.54269610603016,31.812372522328243],[-106.54273919815657,31.812391072063559],[-106.5427904410742,31.812418219497751],[-106.54284336243875,31.812441929178583],[-106.5429479004568,31.812504605499001],[-106.54305566067931,31.812561563841683],[-106.5431173001809,31.812604181158889],[-106.54322064869967,31.812673785141719],[-106.54327815522544,31.81271537429269],[-106.54337556728055,31.812790963587499],[-106.54347384069307,31.812863689975522],[-106.54348142385327,31.812869767807236],[-106.54350315965398,31.812889814441817],[-106.54360747620676,31.812982577057277],[-106.54363012134532,31.813002511490819],[-106.5443550382213,31.813633292662352],[-106.54536010617234,31.814546397307922],[-106.54625478008261,31.815398330464962],[-106.54626302057261,31.815406338465667],[-106.54628071004169,31.815425736135683],[-106.54631913534153,31.815462720945007],[-106.546352801482,31.815504084827513],[-106.54636288593755,31.815521120465032],[-106.54637876378561,31.815553038286279],[-106.54642024300895,31.81562574643938],[-106.54649830019929,31.815749653579868],[-106.54658366493,31.815869995222105],[-106.54667611619355,31.815986459359465],[-106.54677541004838,31.816098739674175],[-106.54688128975513,31.816206544076813],[-106.54699347813016,31.81630959147294],[-106.5471116818962,31.81640761335337],[-106.54718724664157,31.81646530069694],[-106.54723355192048,31.816499548293962],[-106.54732345228001,31.816563625673776],[-106.5474154991265,31.816624579453777],[-106.54750958397716,31.81668233779623],[-106.54755995488151,31.816712109577061],[-106.54765739257014,31.816767485191924],[-106.54775662083392,31.816819584266355],[-106.54785752953221,31.81686834897182],[-106.54791137555607,31.816893295524103],[-106.54801522679321,31.816939339777459],[-106.54812051815125,31.816981988137837],[-106.54822713862043,31.817021195640631],[-106.54828546284422,31.817041592878386],[-106.54839382039596,31.817077494048306],[-106.54850325854746,31.817109952391149],[-106.54861366794032,31.817138935472236],[-106.54867253578179,31.817153413109526],[-106.54878533446106,31.817179272140166],[-106.54889888675703,31.817201590464165],[-106.54901308155675,31.817220346242635],[-106.54907343773058,31.817229301763462],[-106.54918868354088,31.817244572690722],[-106.54930434677019,31.8172562695019],[-106.54942031660146,31.817264380990274],[-106.54948145306601,31.817267711783913],[-106.54959788432055,31.817272253112371],[-106.54971440025159,31.81727320101],[-106.54983088998108,31.817270554574769],[-106.54989209021763,31.817268219125573],[-106.55003377482707,31.817260144216608],[-106.55017505359145,31.817246726189691],[-106.55031572508678,31.817227984175172],[-106.5503680551582,31.817219996656174],[-106.55052128333547,31.817193319662454],[-106.55068089856105,31.817158386831892],[-106.55083821623568,31.817116539615473],[-106.55099282620806,31.817067887554213],[-106.55114432592421,31.817012557912129],[-106.5512923183154,31.816950695783248],[-106.55143641794874,31.816882461063216],[-106.55157624922865,31.816808033067321],[-106.5517114470772,31.816727605063615],[-106.55184165929784,31.816641387774396],[-106.55196654520566,31.816549604918485],[-106.55208578016749,31.816452497507612],[-106.55219905199257,31.816350317691938],[-106.55230606541016,31.816243332154031],[-106.55240654200638,31.816131821206437],[-106.55250021885416,31.816016074334271],[-106.55258685093941,31.815896394598809],[-106.55266621395435,31.815773093063374],[-106.55273810032187,31.815646492616207],[-106.55280232198827,31.815516922396533],[-106.55285871179343,31.815384722251714],[-106.55290712290527,31.815250234617572],[-106.55294742832787,31.815113812691269],[-106.55297952344308,31.814975811248971],[-106.55300332414767,31.814836590361296],[-106.55301876884057,31.8146965134822],[-106.5530258172405,31.814555945697741],[-106.55302445038501,31.814415253726303],[-106.55301467268058,31.814274804909218],[-106.55299650966336,31.814134965513553],[-106.55297000799862,31.813996100732357],[-106.55293523746798,31.813858572773054],[-106.55289228879255,31.813722740062566],[-106.55284127363311,31.81358895724744],[-106.55278232552033,31.813457573336244],[-106.55271559761547,31.813328930002264],[-106.55264126507481,31.813203365085343],[-106.55255952125137,31.813081203731162],[-106.55247057931643,31.812962766457318],[-106.55237467169425,31.812848361034145],[-106.55227204931914,31.812738287049111],[-106.55224757277186,31.812713941173307],[-106.55232511796014,31.812667807922697],[-106.55245532400996,31.812581589902759],[-106.55258020394021,31.812489806334192],[-106.55269943313324,31.81239269823061],[-106.55281269941339,31.812290517743904],[-106.55291970752437,31.812183531558443],[-106.55302017906611,31.812072019988424],[-106.55311385112476,31.811956272520653],[-106.55320047869878,31.811836592217922],[-106.55324534977586,31.811768717856687],[-106.55372469058413,31.811019061698932],[-106.55374604306967,31.810985106054584],[-106.55419771668191,31.810254587594155],[-106.55421085115152,31.810233115334672],[-106.55428273121836,31.810106513803429],[-106.55434694698597,31.809976942586101],[-106.55440333130964,31.80984474153254],[-106.55445173737152,31.809710253081001],[-106.55449203818904,31.809573830430711],[-106.55450493652424,31.809518364999725],[-106.55311418057236,31.809136037563508],[-106.55145868731211,31.808576792724931],[-106.55069589544854,31.808306679622007],[-106.54634149999806,31.806328545886082],[-106.54594143428018,31.805801050291624],[-106.54370765694632,31.803214872873959],[-106.54174455060176,31.802142780721798],[-106.5361525057013,31.799323118429882],[-106.53270783359082,31.792370315548155],[-106.53076443573863,31.792173817899329],[-106.52949207315396,31.791605791670033],[-106.52781059181675,31.790679097358129],[-106.52720515431851,31.789788559233298],[-106.52713303412717,31.789161314239205],[-106.5272178234333,31.787468580965633],[-106.52802781232678,31.783850997461165],[-106.52794496290061,31.783813250895953],[-106.5277958588664,31.783753461219344],[-106.5276433755369,31.783700252006085],[-106.5274879105136,31.783653763375138],[-106.52732986846819,31.783614115172309],[-106.52716966356864,31.783581411374151],[-106.52700771295426,31.783555737702248],[-106.52684443884895,31.783537161516421],[-106.52668026731786,31.783525729161742],[-106.5265156266555,31.783521473292698],[-106.52635094557992,31.783524402100706],[-106.52633185271307,31.783525207398757],[-106.52615923123477,31.783532924713665],[-106.52601403359509,31.783542228109692],[-106.5258505619374,31.783559487959678],[-106.52568833422437,31.783583854863956],[-106.5255277752932,31.783615265698806],[-106.5253693033265,31.783653637761873],[-106.52521333115894,31.783698872327392],[-106.52506026590258,31.783750849233094],[-106.5249105084538,31.78380943505308],[-106.5247644476501,31.783874475245053],[-106.5246985677134,31.783907570320405],[-106.52459367954955,31.7838537311364],[-106.52444834640625,31.783787512095639],[-106.52429924463051,31.783727718383449],[-106.52414676331631,31.783674505043184],[-106.52399130005986,31.783628012204648],[-106.52383325952837,31.783588359724458],[-106.52367305588561,31.783555651590461],[-106.52352614134215,31.783532050812209],[-106.52308955203409,31.783470828578412],[-106.52303315015467,31.783462919668679],[-106.52267605952476,31.783412842831876],[-106.52266102660047,31.78341076534948],[-106.52249775360298,31.783392183670021],[-106.52233358285154,31.783380745791767],[-106.52216894263883,31.783376484383673],[-106.52200426168162,31.783379407651651],[-106.52183997099064,31.783389511013148],[-106.52167649883376,31.783406765582821],[-106.52151427030475,31.783431127247365],[-106.52135371024306,31.783462532896678],[-106.5211952368342,31.783500899841929],[-106.5210392629166,31.78354612937077],[-106.52088619560698,31.78359810133399],[-106.52073643580694,31.7836566823187],[-106.52059037236013,31.783721717795117],[-106.52044838677723,31.783793039120496],[-106.52031084981742,31.78387046009037],[-106.52017811950175,31.783953778849309],[-106.5200505431627,31.784042776882043],[-106.51992845353233,31.784137223737293],[-106.51981820746177,31.784231696801104],[-106.51976095155119,31.784242895657563],[-106.51960247618231,31.784281260639936],[-106.51944650020941,31.784326488234967],[-106.51929343075463,31.78437845829864],[-106.51914366872514,31.784437037422904],[-106.51899760297044,31.784502071082894],[-106.5188556150072,31.78457339064061],[-106.5187180756008,31.784650809896085],[-106.51858534277869,31.784734126998515],[-106.51845776387989,31.78482312343689],[-106.51833567164314,31.784917568764079],[-106.51821938389439,31.785017216086082],[-106.51810920373458,31.785121804767986],[-106.51800541966402,31.785231062238168],[-106.51790830129579,31.785344703299494],[-106.51781810264845,31.785462431773244],[-106.51773506003401,31.785583940605534],[-106.51765938795739,31.785708913885106],[-106.51759128626037,31.785837022860882],[-106.51753093123951,31.785967935443484],[-106.51747847943341,31.786101309676731],[-106.5174340700476,31.786236798141619],[-106.5173978173728,31.78637404562285],[-106.51737169759735,31.786501865795799],[-106.5170841780692,31.78813504318634],[-106.51708183463263,31.78814835110521],[-106.5170799336906,31.788159292810235],[-106.51706025639275,31.788298983025022],[-106.51704895574636,31.78843934929828],[-106.51704606154789,31.788580025286063],[-106.51705158023219,31.78872064401202],[-106.51706549810343,31.788860838609356],[-106.51708777822792,31.789000243383128],[-106.51711836366518,31.789138494552351],[-106.51712361610829,31.789157000191381],[-106.51712779003745,31.789263349895446],[-106.51714170810216,31.789403544460708],[-106.51716398846762,31.789542949197635],[-106.51719457419274,31.789681200325283],[-106.51723338522251,31.7898179370391],[-106.51728031956863,31.789952803261752],[-106.5173352552971,31.790085445732398],[-106.51739804885176,31.790215520428323],[-106.51746853778616,31.790342686090348],[-106.51754653598131,31.790466611706691],[-106.51763184085156,31.790586973433296],[-106.51772423154436,31.790703459211468],[-106.5177943267597,31.790782787679341],[-106.51781319049832,31.790896381456736],[-106.51783829690116,31.791008760527006],[-106.51786956938376,31.791119582089575],[-106.51767407152241,31.791316900786359],[-106.51758440526706,31.791386256815926],[-106.51754739287338,31.791417970580802],[-106.51726726141464,31.791616742311518],[-106.51723946565174,31.791636304736304],[-106.51713669713912,31.791705447697478],[-106.51703687758213,31.791778783720755],[-106.51694017795259,31.791856187195563],[-106.51664700184466,31.792100513477077],[-106.51655781597357,31.792177826626595],[-106.51654272360497,31.792192152098544],[-106.5164973256859,31.792227808776886],[-106.51642682686362,31.792286990878861],[-106.51629073474244,31.792404792231697],[-106.51618108941149,31.79249493250127],[-106.5160687433571,31.792582641535269],[-106.51595380435749,31.792667837839122],[-106.51583923122919,31.792749042123152],[-106.51581964717374,31.792760957069614],[-106.51579213269142,31.792774744414963],[-106.51578301178434,31.792779310482022],[-106.51576347990881,31.792788410871992],[-106.51573515746578,31.792800877397042],[-106.51590001186078,31.788050136783355],[-106.51590092907784,31.788016967610652],[-106.51590140752329,31.787958971424384],[-106.5158732026631,31.781017334850102],[-106.51587241013932,31.78082227028565],[-106.51587091458488,31.780747402510382],[-106.51560878164618,31.773444531871696],[-106.5155914756626,31.772962350380485],[-106.51559118179344,31.772954518793338],[-106.51558146415299,31.772814065319327],[-106.51556336464553,31.772674218846319],[-106.51553692977085,31.772535344585517],[-106.51550222913602,31.772397804769405],[-106.51545935327994,31.772261957855672],[-106.5154084136735,31.772128158528012],[-106.51534954365003,31.771996755837943],[-106.51528289616782,31.771868091507734],[-106.51525787850562,31.771825776093813],[-106.51524632720734,31.771526555562193],[-106.51478107575481,31.771481463148248],[-106.51346418108946,31.77050058134536],[-106.51209670692968,31.768437334397316],[-106.51108092355661,31.763262797570732],[-106.51014212015416,31.761322340521527],[-106.50974839590721,31.760991379203919],[-106.50920830635101,31.761012889056975],[-106.50872006420636,31.761083539302007],[-106.5077774344784,31.761045396567098],[-106.50725079504863,31.76111797247388],[-106.50690978715977,31.761089051821656],[-106.50670382155239,31.761007251925868],[-106.50592782848581,31.760480146953487],[-106.50530494219771,31.759714934792822],[-106.50362509792164,31.758314087212362],[-106.50135758759708,31.757039543261708],[-106.5001410321093,31.755585741792448],[-106.49640626158555,31.753852070039439],[-106.49530783582092,31.752377040736938],[-106.49502063097698,31.751897742677766],[-106.49429082510862,31.751592075195177],[-106.49395794197488,31.751352951157166],[-106.49360622201539,31.750823327450014],[-106.49210286060757,31.75002326842321],[-106.49038352954398,31.748785177459393],[-106.48943474468737,31.748323512748435],[-106.48815308915771,31.747869328160846],[-106.48732194771061,31.747715579472693],[-106.48640607576782,31.747693206555191],[-106.4857180435224,31.747695468541313],[-106.48534075945159,31.747723215638356],[-106.48531818345319,31.747834855045276],[-106.48529846752345,31.747974542146284],[-106.48528712443516,31.748114907373392],[-106.48528418409545,31.7482555843856],[-106.48528965306022,31.748396206203498],[-106.48530351776274,31.748536405952525],[-106.48532574140857,31.748675817924003],[-106.48535626720384,31.748814078318503],[-106.48539501525006,31.748950826307219],[-106.48544188372357,31.74908570578318],[-106.48549675086214,31.749218363451082],[-106.48555947328823,31.749348455248619],[-106.485629888741,31.749475639872216],[-106.48570781129369,31.749599586260075],[-106.48579303855786,31.74971997051416],[-106.4858853498822,31.749836480517427],[-106.48592190648732,31.749879297240934],[-106.48622509345876,31.750227314972044],[-106.48628768911966,31.750296827408029],[-106.48639342578457,31.750404683556532],[-106.48650546976565,31.750507785554486],[-106.48662352816284,31.750605864749858],[-106.48663884108971,31.750617346426136],[-106.48665361010521,31.750640838186673],[-106.48673883951781,31.750761221778816],[-106.4868311530298,31.750877731069554],[-106.48693030706269,31.750990059621959],[-106.48703604523983,31.75109791522183],[-106.48714809074711,31.751201016640749],[-106.48726615068048,31.751299095228198],[-106.48738991815762,31.751391894805703],[-106.48744388800034,31.751429485467614],[-106.48745680085904,31.751438282177102],[-106.48756200173095,31.751521029259589],[-106.48763157341932,31.751574182537432],[-106.48800454336605,31.75185093626148],[-106.48806550756217,31.751896173388605],[-106.48808385257605,31.751909784720013],[-106.48818905831793,31.751987848802589],[-106.48825064459876,31.752033547054712],[-106.48840393890264,31.752147293556128],[-106.48843473487258,31.752170143854148],[-106.48916181484891,31.752709639787678],[-106.4911963267535,31.754246276865985],[-106.49119970589747,31.754267467763487],[-106.49123024211487,31.754405726536127],[-106.49126900097666,31.754542472531533],[-106.49131588063071,31.754677349648063],[-106.4913707592859,31.754810004596408],[-106.4914334935345,31.754940093321427],[-106.4915039210848,31.755067274527587],[-106.49158185597854,31.75519121716199],[-106.49166709579511,31.755311597336316],[-106.49175941985042,31.755428102944254],[-106.49185858453826,31.7555404275586],[-106.49196433345429,31.755648278975318],[-106.49207638975638,31.755751375976931],[-106.49218752585719,31.75584340916534],[-106.49219444740774,31.755849459637098],[-106.4922997474653,31.755946360970089],[-106.49241781869765,31.756044434707682],[-106.4925415974725,31.75613722921528],[-106.49267075985648,31.756224502763455],[-106.4928049690557,31.756306026944852],[-106.49294387554077,31.756381588478579],[-106.49307103487838,31.756443606381055],[-106.4938617779211,31.756809178667378],[-106.49397330918958,31.756858778574554],[-106.49408711790281,31.756902902847216],[-106.49630175627672,31.758120754053454],[-106.49631933524724,31.758136925999377],[-106.4964374134029,31.758234995997388],[-106.49656119900864,31.75832778659122],[-106.49669036811321,31.758415056061814],[-106.49682458390519,31.758496576012366],[-106.49696349683801,31.758572133173061],[-106.49710674481641,31.758641532107717],[-106.49725395288556,31.758704590703179],[-106.49740473776647,31.758761144467595],[-106.49755870568156,31.758811045734795],[-106.49770081419014,31.75885013799655],[-106.4983528705948,31.759345129334349],[-106.49843062818708,31.759402291066277],[-106.49850043116473,31.759450585676852],[-106.49983708255543,31.760349295864199],[-106.49989645300255,31.760388268201265],[-106.4999706244492,31.760434402811512],[-106.50052206561483,31.760767240664947],[-106.50054799597855,31.760782728775311],[-106.50088153528198,31.760979880223648],[-106.50189706439014,31.761725273721893],[-106.50190475296395,31.761730830593258],[-106.50190208718547,31.761740918000687],[-106.5018740709079,31.761879566132777],[-106.50185437656759,31.762019255165306],[-106.50184305643498,31.762159621247655],[-106.50184014035729,31.76230029803655],[-106.50184563482678,31.762440918553384],[-106.50185952621054,31.762581115926739],[-106.50188177764417,31.762720524454377],[-106.50191233226171,31.762858780345656],[-106.50195111008941,31.762995522783505],[-106.50199800922567,31.763130395675628],[-106.50205290782841,31.76326304574372],[-106.50211566243814,31.76339312894542],[-106.50218611070983,31.763520303999371],[-106.50226406663114,31.763644239869034],[-106.50234932772655,31.763764612683691],[-106.50240007719461,31.763830215636546],[-106.50308634960361,31.764689389707716],[-106.50313782862662,31.764754570872991],[-106.50315544756516,31.76477661095149],[-106.5031791310337,31.764805635896344],[-106.50331188239016,31.764968806251595],[-106.50343035776717,31.765119565301319],[-106.50345601797237,31.765151725269824],[-106.50359288478649,31.765320678427219],[-106.50370626816932,31.76546730673687],[-106.5038159105717,31.765615980332672],[-106.50392176022417,31.765766624880694],[-106.50402310838648,31.765918184301114],[-106.50466876848712,31.7669361041348],[-106.50470664227909,31.767045006724612],[-106.50476154697164,31.767177655482641],[-106.50482430792368,31.767307737212509],[-106.5048947627737,31.767434910636826],[-106.5049137748486,31.767466567177241],[-106.50504143738758,31.76767579799133],[-106.50505223255531,31.767693336591254],[-106.50529681268908,31.768087245063946],[-106.5054339472025,31.768313041522216],[-106.5054842656949,31.768392664069548],[-106.50558699576624,31.768549024256171],[-106.50591423186238,31.769079295101811],[-106.50593893703862,31.769118556123008],[-106.50606702108541,31.769318206441199],[-106.50623942386623,31.769586105564244],[-106.50626101554523,31.769619118393333],[-106.50643666317509,31.769883397165536],[-106.50644031766221,31.769888881996657],[-106.50645879239678,31.769916166489494],[-106.50663867251946,31.77017835849713],[-106.50666131337435,31.770210846691555],[-106.50684146986453,31.770465365520046],[-106.50734982326472,31.771191091038745],[-106.50739893604556,31.771258953894922],[-106.50793973521097,31.771982559474029],[-106.50803427244507,31.772101844617911],[-106.50821723756226,31.772319979289037],[-106.50825608905112,31.772365315417151],[-106.50844338476104,31.772579256128768],[-106.50848328253782,31.772623873108941],[-106.50867564304386,31.772834506231572],[-106.50869446419264,31.772854916990653],[-106.50871660699791,31.772878431120187],[-106.50884961682929,31.773018107580363],[-106.508856312959,31.77325464101607],[-106.50885732701273,31.773298368358752],[-106.5088610238053,31.773395277309621],[-106.50891297306831,31.775297943758126],[-106.50903523105877,31.77969089137785],[-106.50899763577911,31.788009837044719],[-106.50899136332316,31.789397374690239],[-106.50899143963318,31.7894297566442],[-106.50899163498184,31.789445339017448],[-106.50899734945526,31.789805502525667],[-106.50898953141419,31.790492041474863],[-106.50896740465498,31.79200172759715],[-106.50894861413407,31.793216801625164],[-106.50894843383017,31.79327492547683],[-106.50895394070939,31.793415544340974],[-106.50896784723011,31.793555739603441],[-106.50899011648853,31.793695145567575],[-106.50902069157236,31.793833398449284],[-106.50905949245436,31.793970137439469],[-106.50910641717286,31.794105006454757],[-106.50916134381877,31.794237652227046],[-106.50922412885976,31.794367730725082],[-106.50929460987174,31.794494900679823],[-106.50937260075604,31.794618831068096],[-106.50945789894641,31.794739198033465],[-106.50955028360761,31.794855689503695],[-106.50959239817854,31.794903355883978],[-106.50956695785968,31.794930130747542],[-106.50946981932496,31.795043765119971],[-106.50937960085716,31.795161487344252],[-106.50929653882005,31.795282990382887],[-106.50922084776911,31.795407958339567],[-106.50915272759585,31.795536062477201],[-106.50909235464471,31.7956669707191],[-106.50903988550128,31.795800341120184],[-106.50899545941625,31.795935826271652],[-106.50895919072394,31.79607307096682],[-106.50893117462242,31.79621171915219],[-106.50891148356722,31.796351407772026],[-106.50890016982056,31.796491772976768],[-106.50889729113426,31.796586118579174],[-106.50889122198085,31.797166816510494],[-106.50888785615508,31.797488705095162],[-106.50888484287879,31.797777147233489],[-106.50888481557088,31.797823470693849],[-106.50889032262094,31.797964089359009],[-106.50890422971813,31.798104284427154],[-106.50892649995711,31.798243690202177],[-106.50895707642309,31.798381942900509],[-106.50899587908523,31.79851868171351],[-106.50904280597717,31.798653550558296],[-106.50909773518418,31.798786196167164],[-106.50916052316725,31.798916274509356],[-106.50923100749468,31.799043444316098],[-106.50927211025378,31.799108755672755],[-106.50925690670053,31.79913099455872],[-106.50918121250692,31.79925596234029],[-106.50911308949875,31.799384066301265],[-106.50905271402782,31.799514974365426],[-106.50900024268623,31.799648344588228],[-106.5089558147305,31.799783829561317],[-106.50891954449975,31.799921074078373],[-106.50889152719613,31.80005972208648],[-106.50887183527827,31.80019941053029],[-106.50886052101067,31.800339775560783],[-106.50885763566797,31.800434701679531],[-106.50885057091878,31.801127009617137],[-106.50883662315515,31.802494156946107],[-106.50883340716778,31.802809125368139],[-106.50882510383329,31.803623051193799],[-106.5088218258614,31.803944238481918],[-106.50881874896169,31.80424588715945],[-106.50881787014272,31.804332026434025],[-106.50881552275524,31.804561935949401],[-106.50880199730409,31.805887580974222],[-106.50880041854808,31.806042361643289],[-106.5088003962656,31.806088098991477],[-106.50880590367254,31.806228717291301],[-106.50881981186375,31.806368912000799],[-106.50884208393067,31.806508317424587],[-106.50887266295409,31.806646569780138],[-106.50891146889647,31.806783308259622],[-106.5089583997826,31.806918176781039],[-106.50901333368769,31.807050822077542],[-106.5090761270602,31.807180900119164],[-106.50914661745452,31.807308069638076],[-106.5092246187474,31.807431999612188],[-106.50930992834535,31.807552366186147],[-106.50940232538359,31.807668857288849],[-106.50950156606349,31.807781166531296],[-106.50960739378391,31.807889001749327],[-106.5097195314966,31.807992081767818],[-106.50983768605667,31.808090137992206],[-106.5099615503355,31.808182914302272],[-106.51009080017589,31.808270169016154],[-106.51022509855609,31.808351673775682],[-106.51036409571401,31.808427215350562],[-106.51050742933509,31.808496598345336],[-106.51065472424048,31.808559640688419],[-106.51080559692471,31.808616177930361],[-106.51095965338118,31.808666062448196],[-106.51111649133969,31.808709165143245],[-106.51127570318721,31.80874537167297],[-106.51143687224101,31.808774589881427],[-106.51159893417979,31.808796667941301],[-106.51504157949756,31.809189224618901],[-106.5153973447437,31.809229787505622],[-106.51641762632195,31.809346106839037],[-106.51672250220146,31.809380863569402],[-106.51691373445242,31.809398003305269],[-106.5187907647896,31.809611851333848],[-106.51989688963083,31.809736731139598],[-106.52005906378915,31.809751580465758],[-106.52022356931535,31.809759435073286],[-106.52038832898739,31.809760106550385],[-106.52055291439309,31.809753593900972],[-106.52071689606997,31.809739911574557],[-106.52087984518677,31.809719098434353],[-106.52104133695772,31.809691205815696],[-106.52120095039893,31.809656309307627],[-106.52135826863508,31.809614497873312],[-106.52151288151326,31.80956588096047],[-106.52152887464139,31.809560043983087],[-106.52156606995091,31.80959195939127],[-106.52166560418715,31.809673781395954],[-106.5218315882573,31.809804366987628],[-106.52190478852137,31.809860222202047],[-106.52207412543876,31.809985527615488],[-106.52212242412037,31.810020562910282],[-106.52214928631153,31.810039455816696],[-106.52232301156012,31.810160303248431],[-106.52240004743851,31.810212247189007],[-106.52257799956716,31.810328525269878],[-106.52260336543611,31.810344930747338],[-106.52265684908889,31.810378440963017],[-106.52283886042875,31.810490040449146],[-106.52291946938111,31.810537895315949],[-106.52310548527088,31.810644777300137],[-106.52318764129961,31.81069044445232],[-106.52337726755124,31.810792382583308],[-106.52343423290652,31.810822306237906],[-106.52346114202621,31.810835963799477],[-106.5236543149625,31.810932926869498],[-106.52373965997428,31.810974287100493],[-106.52393619638221,31.811066186571036],[-106.52396728943013,31.81108053700061],[-106.52408075600735,31.811129790621944],[-106.52433531968767,31.811234947584005],[-106.52436916113189,31.811248720845814],[-106.52439963708228,31.811260773894073],[-106.52465685323752,31.811361115716537],[-106.52472183638497,31.811385730409935],[-106.52498157848478,31.811481206432276],[-106.52503700496288,31.811501059520499],[-106.5250471729875,31.811504589620373],[-106.52530931810627,31.81159515533793],[-106.52545321905276,31.811641492452111],[-106.52553687402165,31.811665410074696],[-106.52573706964226,31.81172006015834],[-106.52579625095326,31.811735682701187],[-106.52600590645943,31.811789148029796],[-106.52601991981624,31.811792692792878],[-106.52609465926733,31.811810605866793],[-106.52630601971642,31.81185893015418],[-106.52639296247325,31.811877705410769],[-106.52660831493449,31.811921351516698],[-106.52669841347951,31.811938452431701],[-106.52691266357289,31.811976378764072],[-106.5269788256239,31.811987476141681],[-106.52700318140336,31.811991252922208],[-106.52721861396358,31.812023936036514],[-106.52730969599902,31.812036609602931],[-106.52752613589158,31.812064016699271],[-106.527573412621,31.812069697984946],[-106.52761754207968,31.812074452920346],[-106.52783480982468,31.812096565000214],[-106.52792823186803,31.812104896509155],[-106.52823642246311,31.812128513815399],[-106.52826269690422,31.81213043521123],[-106.52832310053245,31.81213415236525],[-106.52863192377289,31.812150668934116],[-106.52871873046571,31.812154309018187],[-106.52902796395487,31.812163714359855],[-106.52904526403084,31.81216420099112],[-106.52911487283372,31.81216535731285],[-106.52940731084969,31.812167517666619],[-106.52989935177,31.812175577150231],[-106.52993987368842,31.812176023403349],[-106.53051734956402,31.812179283673643],[-106.53052908819818,31.81217933171737],[-106.5311784480004,31.812180976883667],[-106.53119296058532,31.812180985921724],[-106.53197886088547,31.812179953232413],[-106.53249075097203,31.812181477886131],[-106.53384035658586,31.81218658771996],[-106.5338484760285,31.81218660951205],[-106.53490403042012,31.81218832776775],[-106.53522591551771,31.812192168322056],[-106.53525621459403,31.812192407983957],[-106.53620710354038,31.812196121506862],[-106.53721016079973,31.812199294774988],[-106.53722637239096,31.81219931125268],[-106.53840029494749,31.812197977172669],[-106.53906669703754,31.812202090971265],[-106.53915754572834,31.812201558539805],[-106.53932213409836,31.812195021993507],[-106.53948611729597,31.812181315863562],[-106.53964906648656,31.812160479075455],[-106.53981055688359,31.812132563026264],[-106.53997016750732,31.812097643365924],[-106.54012748148932,31.812055809118139],[-106.54028208868793,31.812007169790135],[-106.54043358655628,31.811951852612825],[-106.54058157803044,31.811890002647409],[-106.54072567768009,31.811821779757963],[-106.54086550990944,31.811747363228928],[-106.54100070963818,31.811666946298466],[-106.54113092466471,31.811580739659917],[-106.54117884243965,31.811545528987708],[-106.54122875353018,31.81159138044379]]],[[[-106.58259725640626,31.860314662941349],[-106.58273169170039,31.860396090951316],[-106.58287082377734,31.860471553243283],[-106.58301428997198,31.860540854628358],[-106.58316171475806,31.860603813248662],[-106.58331271429164,31.860660264872763],[-106.58346689423487,31.860710062101219],[-106.58362385199599,31.860753076063311],[-106.58378317964865,31.860789192647182],[-106.58394446020901,31.860818319932203],[-106.58410727235346,31.860840379800834],[-106.5842711920435,31.860855316003665],[-106.58443579214804,31.860863088746928],[-106.58460064163944,31.860863678354878],[-106.58476531187242,31.86085708404427],[-106.58492937316117,31.860843320477748],[-106.58509239646857,31.860822426730884],[-106.58525395681339,31.860794454349353],[-106.58541363303489,31.86075947912984],[-106.58557100809237,31.860717590241219],[-106.58572567168491,31.860668897333177],[-106.58587722111936,31.860613527776017],[-106.58602525919645,31.860551626768299],[-106.58617111155405,31.860482492991281],[-106.58651620302902,31.860307193113169],[-106.58655513091907,31.86028803836389],[-106.58663243344417,31.860250478590256],[-106.58666839492517,31.860233711247833],[-106.58680826271485,31.860159246200595],[-106.58694349269645,31.860078782494249],[-106.58707373259037,31.859992530943938],[-106.58719864163864,31.859900715358158],[-106.58731789514867,31.859803576833723],[-106.58743118088051,31.859701367602273],[-106.58753820352717,31.859594354422992],[-106.58763868465178,31.859482817680245],[-106.58773236131424,31.859367046926831],[-106.58781898850137,31.859247345286427],[-106.5878983419184,31.859124023878909],[-106.58797021401352,31.858997405644605],[-106.58803441676966,31.85886781976928],[-106.58809078307688,31.858735606140925],[-106.58813916616363,31.858601107230523],[-106.58817943910779,31.858464676264884],[-106.58821149737554,31.858326668043468],[-106.58823525695986,31.858187442654891],[-106.58825065636734,31.858047363564481],[-106.58825765543449,31.85790679586416],[-106.58825623532753,31.857766106272351],[-106.58824640059231,31.857625662123777],[-106.58822817691373,31.857485829673408],[-106.58822600035796,31.857474454742778],[-106.58825787142587,31.857424923305832],[-106.58832974174129,31.857298304799667],[-106.58839394284472,31.857168718672163],[-106.58845030763057,31.857036504811926],[-106.58849868933122,31.856902005690564],[-106.58853896102822,31.856765574535387],[-106.58857101819096,31.856627566146422],[-106.58859477681533,31.856488340612639],[-106.58861017541038,31.856348261399841],[-106.58861717381478,31.856207693600268],[-106.58861575319646,31.856067003932456],[-106.58860591810262,31.855926559731436],[-106.58858769421907,31.855786727252376],[-106.58856112836982,31.855647871670353],[-106.58852629050392,31.855510355168626],[-106.58848327151831,31.855374536144257],[-106.5884478131767,31.855279308621707],[-106.58829436792982,31.854891703757477],[-106.58827873813725,31.85485316432051],[-106.58821971477875,31.854721798352806],[-106.58815290925179,31.854593175057992],[-106.58807849691645,31.854467632223344],[-106.58799667133276,31.854345494937089],[-106.58790764588596,31.854227083654173],[-106.58781165321784,31.854112706076844],[-106.58770894448533,31.854002661719878],[-106.58759978581051,31.853897236659432],[-106.58748446276127,31.853796706926151],[-106.58736327680074,31.853701333254659],[-106.58723654349015,31.853611365701717],[-106.5871045932292,31.853527039082362],[-106.58696777119353,31.853448572067769],[-106.58682643335942,31.853376171009511],[-106.58668094923289,31.853310023463347],[-106.58653169793818,31.853250302915626],[-106.58637906895855,31.853197164218873],[-106.58622346027609,31.853150747308138],[-106.58606527693591,31.853111171842482],[-106.58590493347596,31.853078541608003],[-106.58574284739693,31.853052942134681],[-106.58557944127594,31.853034440588853],[-106.58541514152128,31.853023083120917],[-106.58525037676377,31.85301890218987],[-106.58508557604272,31.853021905792161],[-106.58492117068438,31.853032089134917],[-106.58475758925351,31.853049423124354],[-106.58459525712884,31.853073863440621],[-106.5844345994214,31.853105346767681],[-106.58427603457048,31.85314379021429],[-106.58422766935168,31.853157022165597],[-106.58360548045985,31.853331852925095],[-106.58331550828699,31.853413332886312],[-106.58275498263619,31.853570833198013],[-106.58269260968683,31.853588266763595],[-106.58224654455658,31.853711894447045],[-106.58221811575099,31.85371989793785],[-106.58193239501071,31.853801593452179],[-106.58178316667893,31.853844284632448],[-106.58163914474758,31.853885256348644],[-106.5816242979847,31.853889513867543],[-106.58149721715722,31.853926252443053],[-106.5812972805853,31.85398058494701],[-106.58124656656318,31.853994761993988],[-106.5808814431262,31.854100195813338],[-106.58082070823932,31.854117870888743],[-106.58081190677366,31.854120466806165],[-106.58078466769824,31.854128650164004],[-106.58077571625758,31.854131118826579],[-106.58069432166594,31.854154671040906],[-106.58054117255764,31.854206712484025],[-106.58039133762279,31.854265361269835],[-106.58024520589861,31.854330462692534],[-106.5801031590747,31.854401847937119],[-106.57996556807048,31.85447933063222],[-106.5798327910472,31.854562708761719],[-106.57970517545951,31.854651763654921],[-106.57958305414284,31.854746264712276],[-106.57946674499831,31.85484596489464],[-106.57935655118182,31.854950603429316],[-106.57925276123061,31.85505990761412],[-106.57915564477193,31.855173592130601],[-106.5790654558202,31.855291360686245],[-106.57898243066289,31.855412906122158],[-106.57890678375873,31.855537912432585],[-106.57883871488367,31.855666050779117],[-106.57877840024909,31.855796988996399],[-106.57872599628755,31.855930385061807],[-106.57868164208161,31.856065891498062],[-106.57864545177584,31.856203153044099],[-106.57861752036571,31.856341813601905],[-106.57859792008445,31.85648151008386],[-106.57858670295843,31.856621878619453],[-106.57858389856648,31.856762552858807],[-106.57858951310834,31.856903165830605],[-106.57860353263865,31.857043350682662],[-106.5786259199581,31.857182741745859],[-106.57865661784739,31.857320975274355],[-106.57869554595861,31.857457690509591],[-106.57874260199793,31.857592531430711],[-106.57875105495754,31.85761436016854],[-106.57905842239037,31.85839713236949],[-106.57910503189495,31.858507916903701],[-106.57916795634998,31.85863795867596],[-106.57923857986611,31.858765087800329],[-106.5793167159721,31.858888973361378],[-106.57940216172284,31.859009291619071],[-106.57949469590072,31.859125730627394],[-106.57959407434591,31.859237984134932],[-106.57970004009972,31.85934576012151],[-106.57981231575339,31.859448777567234],[-106.57993060780201,31.859546768041085],[-106.58005460875863,31.859639475593653],[-106.58018399410916,31.859726658723172],[-106.58031842647773,31.859808089258038],[-106.58045755575273,31.859883554161375],[-106.58060101927629,31.859952858237474],[-106.58074844152893,31.86001581962147],[-106.58089943867361,31.860072274074639],[-106.58105361637841,31.860122074190269],[-106.58121057205767,31.860165091090025],[-106.58136989779037,31.860201210654431],[-106.58153117659774,31.860230340955031],[-106.58169398716055,31.860252403866426],[-106.58185790544464,31.860267343131294],[-106.58202250432261,31.860275118947943],[-106.58218735276984,31.86027571163245],[-106.58235202214374,31.860269120393692],[-106.58250999995117,31.860255869969755],[-106.58259725640626,31.860314662941349]]],[[[-106.59907365927408,31.898636957400527],[-106.59911478375739,31.898636330078226],[-106.5990858558838,31.898333717699206],[-106.59906386495112,31.898078934249501],[-106.59899801057328,31.897378764423596],[-106.59895181117039,31.897053930994304],[-106.59891765054931,31.89684896889851],[-106.59889303930662,31.896729674432883],[-106.59890484484426,31.896598796014469],[-106.59890452989319,31.896275737458094],[-106.59884637260159,31.895613648693931],[-106.59873764264837,31.894387217183024],[-106.59839051607726,31.893923867021329],[-106.59827066237411,31.893926566500213],[-106.59810618702112,31.893936766465814],[-106.59794253695478,31.89395411689469],[-106.59778013773237,31.893978573424153],[-106.59761941464076,31.894010072695743],[-106.59746078628936,31.89404853177674],[-106.59730466592121,31.894093851714683],[-106.59715146103358,31.89414591212455],[-106.5970015728906,31.89420457936151],[-106.59685539066729,31.894269698672012],[-106.59671329618527,31.894341101194236],[-106.5965756604885,31.894418600511695],[-106.59644284185448,31.894501994564962],[-106.59631518784664,31.894591064641681],[-106.59619303140096,31.894685580102713],[-106.59607669050978,31.894785293871365],[-106.5959664684116,31.894889945139564],[-106.595862653718,31.894999261171701],[-106.59576551612025,31.89511295661859],[-106.59567530968825,31.895230735159121],[-106.59559227075553,31.895352289608223],[-106.59551661381607,31.895477303936818],[-106.59544853867257,31.895605449285338],[-106.59538822155254,31.895736393470244],[-106.5953358188946,31.895869794453553],[-106.59529146977904,31.89600530474485],[-106.59525528833618,31.896142569073017],[-106.59522736953897,31.896281231332914],[-106.59520778558725,31.896420928432502],[-106.59519658846533,31.896561296499495],[-106.59519380769991,31.896701969185226],[-106.59519712393315,31.896805152621081],[-106.59520108744414,31.89685740207533],[-106.59520605811802,31.89696052550357],[-106.59520786149922,31.89699796728388],[-106.59522191174192,31.897138148419007],[-106.59524433319697,31.897277534700422],[-106.59527506855655,31.897415762394683],[-106.59531403737485,31.897552470758551],[-106.59536113725169,31.897687303789059],[-106.59541624582057,31.8978199083117],[-106.59547921907591,31.897949940402956],[-106.5955498941024,31.898077058913977],[-106.59562808429362,31.898200932957334],[-106.59571358656363,31.898321238823012],[-106.5958061795484,31.898437664597019],[-106.59590561893316,31.898549904062804],[-106.59599995928443,31.898645785627188],[-106.59616074195823,31.898645609112581],[-106.5968027144722,31.898645334084108],[-106.59747283627117,31.898644219737808],[-106.59830717776445,31.898644341505921],[-106.59893054997293,31.898643685782922],[-106.59895095951236,31.898643661048347],[-106.59901166442786,31.898637908210702],[-106.59907365927408,31.898636957400527]]],[[[-106.43325239533409,31.929645338721436],[-106.43332370176296,31.929882567976726],[-106.43340322020954,31.930117891228242],[-106.43349088139863,31.93035110189744],[-106.43358660758933,31.930581993825598],[-106.43369031499978,31.930810365679545],[-106.43380191349743,31.931036016441009],[-106.43392130460749,31.931258747315898],[-106.43404838375125,31.931478363434003],[-106.43418303794519,31.931694671247303],[-106.43432515021746,31.931907481026386],[-106.43447459637245,31.932116606116182],[-106.43463124281311,31.932321862139201],[-106.43479495518895,31.932523069280922],[-106.43496558657411,31.932720050162558],[-106.43514298935108,31.932912632870629],[-106.43532700650023,31.933100647769869],[-106.43551747807093,31.933283928991337],[-106.4357142338376,31.933462315703661],[-106.43591710394078,31.933635652488586],[-106.43612590905714,31.9338037853041],[-106.43634046506305,31.933966567589366],[-106.43656058384597,31.934123856603133],[-106.43678607330419,31.9342755134242],[-106.43701673317707,31.934421404064135],[-106.43725236269758,31.93456140270748],[-106.43749275474683,31.93469538385563],[-106.43773769752993,31.934823231296111],[-106.43798697520133,31.934944831734679],[-106.43824037035176,31.935060080103032],[-106.4384976592825,31.935168872552559],[-106.43875861691642,31.93527111616724],[-106.43902301294513,31.935366719198228],[-106.43929061549707,31.935455598122903],[-106.43956118995627,31.935537675893634],[-106.43983449771923,31.935612879283834],[-106.44011029961634,31.935681142338733],[-106.44038835261404,31.935742404729069],[-106.4406684120555,31.935796613450275],[-106.44095023365237,31.935843720912771],[-106.44123356819567,31.935883685205148],[-106.44151816696944,31.935916471635664],[-106.44180378063091,31.935942051882378],[-106.44209015796793,31.935960401339486],[-106.44237704745127,31.935971506281874],[-106.44266419667859,31.935975355745988],[-106.44282049556271,31.935973866545588],[-106.44295135948681,31.935972324090603],[-106.45167230562588,31.935859098150573],[-106.45835932248221,31.935832735419545],[-106.45842551476007,31.935832280001357],[-106.46545811947638,31.935763208849608],[-106.46549082168949,31.93576283970566],[-106.47487376093362,31.935643077416032],[-106.47500959690171,31.935640526539711],[-106.47529650467467,31.935629790015724],[-106.47558291337009,31.935611808666824],[-106.47586857014512,31.935586596064443],[-106.4761532260153,31.935554175546653],[-106.4764366301921,31.935514575070233],[-106.47671853350539,31.935467830660542],[-106.47699868803116,31.935413980998209],[-106.47727684765107,31.93535307553876],[-106.47755276861305,31.935285167242036],[-106.47782620866064,31.935210315331972],[-106.47809692603704,31.935128586251327],[-106.47836468465076,31.935040051592594],[-106.47862924878645,31.9349447883626],[-106.47889038534498,31.934842880681103],[-106.47914786583515,31.934734417870125],[-106.47940146332478,31.934619496417188],[-106.4796509553656,31.934498216207853],[-106.47989612312213,31.934370683284669],[-106.48013675043829,31.934237011704731],[-106.48037262651401,31.934097316163232],[-106.48060354341521,31.933951722075843],[-106.48082929962175,31.933800355443232],[-106.48104969629341,31.933643350280008],[-106.48126453901259,31.933480843095595],[-106.48147363927743,31.933312979156312],[-106.48167681493806,31.933139903410691],[-106.48187388546684,31.932961768873803],[-106.48206467911464,31.932778732647218],[-106.48224902861725,31.932590955229141],[-106.48242677119531,31.932398600513984],[-106.4825977498608,31.932201839348142],[-106.48276181721327,31.932000843002321],[-106.48291882622976,31.9317957881598],[-106.48306864078134,31.931586855483637],[-106.48321112816545,31.931374229085677],[-106.48334616532888,31.931158094404026],[-106.48347363065336,31.930938642235798],[-106.48359341534287,31.930716064544853],[-106.48370541197406,31.930490557751842],[-106.48380952277185,31.930262319603106],[-106.48390565755605,31.930031550178985],[-106.48399373062962,31.929798452954955],[-106.48407366482327,31.929563231882895],[-106.48414538956602,31.929326094203653],[-106.48420884287661,31.929087248536451],[-106.48426396912255,31.928846903180702],[-106.48431071933138,31.928605270626843],[-106.48434905299492,31.928362562939085],[-106.48437893707319,31.928118992710985],[-106.48440034288302,31.92787477412649],[-106.48441325449807,31.927630121633324],[-106.48441765922827,31.927385250420567],[-106.48441645966815,31.927250881229181],[-106.4843028250489,31.92109419118513],[-106.4912818629377,31.921025564501885],[-106.49145252858624,31.921022599396387],[-106.49173938992473,31.921011826364449],[-106.49202575099747,31.920993808533552],[-106.49231135900349,31.920968559507159],[-106.49259596500085,31.920936102655173],[-106.49287931824486,31.920896465966418],[-106.49316116961057,31.920849685497977],[-106.49344127121923,31.920795799962377],[-106.49371937699915,31.920734858846455],[-106.49399524324569,31.920666915141467],[-106.49426862775007,31.920592028102362],[-106.4945392888049,31.920510264202978],[-106.49480699036788,31.920421695066121],[-106.49507149677356,31.920326397729117],[-106.49533257497383,31.920224456341636],[-106.49558999652859,31.920115960255227],[-106.49584353455779,31.920001005986805],[-106.49609296666506,31.919879693450646],[-106.49633807406765,31.919752128717771],[-106.49657864066296,31.919618425873232],[-106.49681445570357,31.919478699639619],[-106.49704531130968,31.919333075459743],[-106.49727100601449,31.919181679360513],[-106.49749134103207,31.919024645382361],[-106.49770612199883,31.918862110060356],[-106.49791516046778,31.918694218685367],[-106.49811827434247,31.918521116229893],[-106.49831528315008,31.918342955732644],[-106.49850601519564,31.918159894317991],[-106.49869030326894,31.917972092506108],[-106.49886798464455,31.917779714213033],[-106.4990389023887,31.917582930305887],[-106.49920290915369,31.917381912075122],[-106.49935985797045,31.917176836223494],[-106.49950961276245,31.916967883432385],[-106.49965204088028,31.916755237831413],[-106.49978701932194,31.916539084875382],[-106.49991442652149,31.916319615377699],[-106.5000341537333,31.916097021317082],[-106.50014609358506,31.915871499128965],[-106.50025014835141,31.915643246573051],[-106.5003462279011,31.915412463742193],[-106.50043424658593,31.915179354123786],[-106.50051412728421,31.914944121680612],[-106.50058579947215,31.91470697366351],[-106.50064920121451,31.914468118700693],[-106.50070427692377,31.91422776509981],[-106.50075097767238,31.913986125358399],[-106.50078926299528,31.913743411547088],[-106.50081909989474,31.913499836264755],[-106.50084045972962,31.913255613699999],[-106.50085332661342,31.913010958303687],[-106.50085768789553,31.912766085267709],[-106.50085615172594,31.912615808447615],[-106.499933459239,31.868421117117151],[-106.49993085017191,31.868326517415763],[-106.49991820454109,31.868081850053194],[-106.49989707022958,31.867837609814121],[-106.4998674632572,31.86759401225526],[-106.49982941108476,31.867351269640015],[-106.49978294658202,31.867109595768763],[-106.49972811206946,31.866869203059284],[-106.49966495297465,31.866630302866394],[-106.49959352734672,31.866393105002686],[-106.4995138973363,31.866157817262568],[-106.49942613242939,31.865924646164412],[-106.49933031056597,31.865693797799917],[-106.49922651571464,31.865465473429605],[-106.4991148381833,31.865239873993737],[-106.4989953766091,31.865017198201691],[-106.49886823571896,31.864797640834055],[-106.49873352863079,31.864581395343055],[-106.49859137243782,31.864368651358589],[-106.49844189144214,31.864159595431136],[-106.49828521933094,31.863954411827535],[-106.49812149053292,31.863753280250258],[-106.49795085203286,31.863556377958847],[-106.49777345149431,31.86336387674643],[-106.49758944596567,31.863175946122965],[-106.49739899541295,31.862992751830209],[-106.49720227005655,31.862814454567513],[-106.4969994397387,31.862641209621199],[-106.49679068374846,31.862473170897321],[-106.49657618615711,31.862310484819151],[-106.49635613501054,31.862153293989099],[-106.4961307223292,31.862001737188894],[-106.49590014827407,31.861855948264779],[-106.49566461349812,31.861716052891346],[-106.49542432499254,31.861582176425106],[-106.49517949440654,31.861454434936114],[-106.49493033742662,31.861332941576517],[-106.49467707128885,31.861217801274037],[-106.49441991950553,31.861109117736461],[-106.49415910695204,31.861006983740918],[-106.49389486372303,31.860911490898111],[-106.49362742146363,31.860822722594591],[-106.49335701455101,31.860740755744054],[-106.49308388133836,31.860665663440695],[-106.49280826073525,31.860597511510157],[-106.49253039550308,31.860536360154445],[-106.49225053001716,31.860482262253946],[-106.49196890827707,31.860435265278138],[-106.49168577919214,31.86039541101988],[-106.49140139117242,31.8603627340568],[-106.49111599324758,31.860337262600492],[-106.49082983631159,31.860319021149866],[-106.49054317156759,31.860308023326684],[-106.49025625108858,31.860304279995688],[-106.48996932744409,31.860307793851018],[-106.48992869102197,31.86030887877877],[-106.47337707569977,31.860779327699447],[-106.4733677905902,31.860779594785814],[-106.46901965688511,31.860906394834455],[-106.45678652319704,31.861209834057636],[-106.44127308163445,31.861500715964613],[-106.44120697053313,31.861502144287083],[-106.44092028468542,31.861512805512827],[-106.44063409470442,31.861530710612385],[-106.44034865310756,31.861555846089871],[-106.44006420856263,31.861588188685463],[-106.43978101154372,31.861627710525418],[-106.43949931091333,31.861674375671001],[-106.43921935429331,31.861728145531657],[-106.43894138750932,31.861788970745593],[-106.43866565402769,31.861856798449463],[-106.43839239582812,31.861931569519388],[-106.43812185439859,31.86201321761579],[-106.43785426557412,31.862101671251384],[-106.43758986482233,31.862196853527429],[-106.43732888500578,31.862298680434794],[-106.43707155439189,31.862407062763516],[-106.4368180997004,31.862521904140461],[-106.43656874317973,31.862643104795723],[-106.43632370347852,31.862770558803529],[-106.4360831965799,31.862904152225148],[-106.43584743312384,31.863043770483888],[-106.43561662089972,31.863189288283465],[-106.43539096129687,31.863340579742133],[-106.43517065303936,31.863497510964837],[-106.43495589044227,31.863659945561139],[-106.43474686192231,31.863827738382749],[-106.43454374955839,31.864000744597835],[-106.43434673382123,31.864178811307912],[-106.43415598642078,31.864361781525027],[-106.43397167459622,31.864549494863343],[-106.43379396111592,31.86474178753889],[-106.43362300297362,31.864938488813451],[-106.43345894759155,31.865139427520184],[-106.43330194202595,31.86534442707902],[-106.43315212245786,31.86555330692488],[-106.43300962165382,31.865765883041512],[-106.43287456274714,31.865981970081361],[-106.43274706744751,31.866201377335891],[-106.43262724465932,31.866423912923032],[-106.43251520192483,31.866649380501443],[-106.43241103715211,31.866877582398441],[-106.43231484066713,31.867108318602064],[-106.43222669832366,31.867341385701131],[-106.43214668745914,31.867576579802062],[-106.4320748788241,31.867813693717295],[-106.43201133459047,31.868052518874528],[-106.43195611058955,31.868292847015983],[-106.43190925600277,31.86853446568735],[-106.43187081155607,31.868777162853846],[-106.43184081051474,31.869020725945582],[-106.43181928179291,31.86926494079724],[-106.43180624155789,31.869509592971376],[-106.43180285840518,31.869634754270429],[-106.43172081113917,31.874155864111827],[-106.43171965531863,31.874275576941884],[-106.4317204806307,31.874391992878945],[-106.43176299854255,31.877163472209261],[-106.43176421486078,31.877225186885802],[-106.43298242919569,31.927704167424658],[-106.43298613471734,31.927882268257239],[-106.43298752657286,31.927949023477723],[-106.43300000626408,31.928193692257601],[-106.43302098053414,31.928437938269333],[-106.43305043363729,31.928681545944386],[-106.43308833837575,31.928924302998485],[-106.43313466213809,31.929165995604578],[-106.4331893628526,31.929406411310232],[-106.43325239533409,31.929645338721436]],[[-106.47568068880555,31.927366142693909],[-106.45832397533026,31.927574613280004],[-106.45158562266512,31.927601182301231],[-106.44268264169371,31.927717150207354],[-106.44227100803234,31.912961568769354],[-106.44197154568239,31.898174575894711],[-106.44145604610266,31.877060143528077],[-106.44141323882168,31.874288668410568],[-106.44149482609227,31.86976755057335],[-106.45704333874598,31.869476009699017],[-106.46933554948394,31.869171105899348],[-106.4902614642218,31.868573098354997],[-106.49118194908895,31.91276782329145],[-106.47524604316258,31.912920069988004],[-106.47568068880555,31.927366142693909]]],[[[-106.53104464578125,31.931712735096681],[-106.53088091769965,31.931730000455552],[-106.5307184359007,31.931754372467729],[-106.530557625887,31.931785787996031],[-106.53039890649497,31.931824164325853],[-106.5302426912039,31.93186940272027],[-106.53008938776036,31.931921383007197],[-106.5299393976845,31.931979971751563],[-106.52979311041767,31.932045014403645],[-106.52965090805525,31.932116342301875],[-106.52951316192244,31.932193769224444],[-106.52938023058476,31.932277093300581],[-106.52925246190065,31.932366096000994],[-106.52913018910394,31.932460546862135],[-106.52901373049072,31.932560198975569],[-106.52890338960694,31.932664791693821],[-106.528799455374,31.932774052434763],[-106.52870219779493,31.932887695992697],[-106.52861187125255,31.93300542618222],[-106.52852871239408,31.933126935944994],[-106.52845293602473,31.933251909367289],[-106.52838474226162,31.933380017697544],[-106.52832430763965,31.933510928848122],[-106.52827178890392,31.93364430086665],[-106.52822732543812,31.933779786339574],[-106.52819103167154,31.933917030059693],[-106.52816300286879,31.934055675975859],[-106.52814331151761,31.934195361038441],[-106.52813200988237,31.934335721406985],[-106.52812906781206,31.934468678990271],[-106.52815382544664,31.938476293282701],[-106.52815387905437,31.938484005354884],[-106.52817981959343,31.942683326238356],[-106.52817988061135,31.942691037924924],[-106.52818542496871,31.942831648872069],[-106.528199382217,31.942971834987983],[-106.52822171531915,31.94311123059995],[-106.52825236719823,31.9432494719508],[-106.52829125762628,31.943386198261365],[-106.528338284407,31.943521053481625],[-106.52839332536564,31.943653684379449],[-106.52845623667167,31.943783746962364],[-106.52852685557347,31.943910900002759],[-106.52860499560933,31.944034812521878],[-106.52869045382501,31.944155160709869],[-106.52878300897112,31.944271632543249],[-106.52888241683183,31.944383921683805],[-106.52898842037335,31.944491736019597],[-106.52910074208765,31.944594794430024],[-106.52921908834874,31.944692828377153],[-106.52934315152945,31.944785581798619],[-106.52947260695248,31.944872813072596],[-106.52960711705951,31.944954293901962],[-106.52974633153705,31.945029811118957],[-106.52988988750437,31.945099169391465],[-106.5300374092002,31.945162186712764],[-106.53018851252877,31.945218698698596],[-106.53034280288102,31.945268557791916],[-106.53049987737626,31.945311634960451],[-106.53065932778601,31.94534781592812],[-106.5308207368038,31.945377008605753],[-106.53098368277131,31.945399134705042],[-106.53114774130103,31.945414137804129],[-106.53131248490057,31.945421977934831],[-106.53141175487541,31.945423234570363],[-106.53981952921568,31.94541923055376],[-106.53988525644961,31.945418626958837],[-106.54005007776028,31.945412089782668],[-106.54021429298622,31.945398383351691],[-106.5403774726862,31.945377546591935],[-106.54053919147265,31.945349630900612],[-106.54069902777037,31.945314711926581],[-106.54085656412165,31.945272878691789],[-106.54101138980469,31.945224240700846],[-106.5411631017041,31.94516892518098],[-106.54131130219461,31.945107077189199],[-106.54145560530176,31.9450388565844],[-106.54159563489941,31.944964442644906],[-106.54173102539168,31.944884028602186],[-106.54186142408027,31.944797825141972],[-106.54198648979259,31.94470605594703],[-106.54210589742753,31.944608961993367],[-106.54221933434283,31.944506795396045],[-106.54232650483699,31.944399822803071],[-106.54242713008757,31.944288324493119],[-106.54252094677848,31.944172589918423],[-106.54260770953007,31.944052922108064],[-106.54268719369604,31.943929632094289],[-106.5427591913824,31.943803042735201],[-106.54282351424447,31.943673483141055],[-106.54287999485852,31.943541293131442],[-106.54292848615619,31.943406815115839],[-106.54296886093135,31.943270402266183],[-106.54300101438552,31.943132409334915],[-106.54302486226305,31.942993196370601],[-106.54304034284053,31.94285312680633],[-106.54304741574289,31.942712565709215],[-106.54304787238982,31.942653161405222],[-106.54302688694828,31.938421942028608],[-106.54300792829113,31.93441457710113],[-106.54300611577567,31.934332759419618],[-106.54299634056302,31.934192315565248],[-106.54297816928884,31.934052480456845],[-106.54295164863906,31.933913619276183],[-106.54291684844561,31.933776094221297],[-106.54287385950734,31.933640263711634],[-106.54282279358932,31.933506482388044],[-106.54276378435526,31.933375099255084],[-106.54269698512549,31.933246455984161],[-106.54262257124329,31.933120890414859],[-106.54254073627348,31.93299872769478],[-106.54245169362494,31.932880288344919],[-106.54235567598525,31.932765880141222],[-106.54225293457651,31.932655802678386],[-106.54214373560532,31.932550342118418],[-106.5420283647445,31.932449774584928],[-106.54190712358358,31.932354360911248],[-106.54178032782644,31.932264351258453],[-106.54164830803556,31.932179980551314],[-106.54151140956942,31.932101467576324],[-106.54136998860201,31.932029018804659],[-106.54122441485778,31.931962821916983],[-106.54107506769364,31.931903050528071],[-106.54092233684382,31.931849859623149],[-106.54076662055515,31.931803389273448],[-106.54060832415347,31.931763759277263],[-106.54044786247294,31.931731073563455],[-106.54028565332173,31.931705417806501],[-106.54012211959783,31.931686859319544],[-106.53995768804327,31.93167544440152],[-106.5397927876314,31.931671205661367],[-106.53976500325604,31.931671198204022],[-106.53134635019117,31.931699676412887],[-106.53120919438602,31.93170262053259],[-106.53104464578125,31.931712735096681]]],[[[-106.3230332188528,32.001447856700672],[-106.33347973786756,32.001375182674472],[-106.33407934974856,32.001370230875715],[-106.33773956204037,31.995595647484254],[-106.33775336082945,31.995615144929086],[-106.33784573003057,31.995731750910078],[-106.33794496417629,31.995844184392638],[-106.33805080668579,31.995952152891494],[-106.33816298047016,31.996055374882673],[-106.3382811922887,31.996153581400407],[-106.33840513486626,31.996246515933905],[-106.33853448383896,31.996333936387323],[-106.33866890192785,31.99641561397031],[-106.33880803906113,31.996491335002698],[-106.33895153255669,31.996560903621109],[-106.3390990068178,31.996624137268196],[-106.33925007787286,31.996680870996563],[-106.33940435119712,31.996730956670071],[-106.33956142395206,31.99677426466473],[-106.33972088791847,31.996810680104726],[-106.33988232574914,31.996840110287074],[-106.34004531571462,31.996862476303122],[-106.34020943331036,31.996877721106131],[-106.34037425089186,31.996885804098177],[-106.34045541437123,31.996886604496297],[-106.34053933315977,31.99688716932399],[-106.34552171728986,31.996916530728345],[-106.34729956303529,31.99692679569165],[-106.34738348940661,31.996926350975247],[-106.34754841411119,31.996920059061086],[-106.34771274707417,31.996906597137876],[-106.34787605853987,31.996886003492296],[-106.34803792278322,31.996858328887736],[-106.34819791784393,31.996823648344641],[-106.34835562585396,31.996782050262194],[-106.34851063564305,31.996733643531897],[-106.34866254361513,31.996678554778885],[-106.34881095163085,31.996616928465702],[-106.34895547317763,31.996548923874073],[-106.34909573155686,31.996474719719146],[-106.34923136057745,31.996394508684752],[-106.34936200691712,31.996308500927597],[-106.34948732875898,31.996216919618583],[-106.34960700033129,31.996120005245231],[-106.34972070830457,31.996018009452378],[-106.34982815627036,31.995911198442787],[-106.34992906467988,31.995799852074715],[-106.35002316948098,31.995684259402843],[-106.35011022453951,31.995564723084971],[-106.35019000444986,31.995441553813009],[-106.35026273813462,31.995313266740052],[-106.35037262671554,31.995272863846509],[-106.35052103139267,31.99521123554106],[-106.35066554954297,31.995143229005013],[-106.35080580447674,31.995069022958763],[-106.35094143001182,31.994988810090881],[-106.35107207283507,31.994902800563068],[-106.35119739113875,31.994811217550712],[-106.35131705916038,31.994714301545809],[-106.35143076357973,31.994612304197471],[-106.35153820799761,31.994505491712527],[-106.35163911287448,31.994394143953013],[-106.35173321416741,31.994278549977306],[-106.35182026575147,31.994159012446676],[-106.35190004223004,31.994035842056007],[-106.35197233494377,31.993909361350493],[-106.35203695478022,31.993779899156262],[-106.35209373353737,31.993647795039216],[-106.35214252337416,31.993513391185285],[-106.35218319630042,31.993377040571762],[-106.35221564674242,31.993239097789591],[-106.35223978966938,31.993099922755931],[-106.35225556258781,31.992959878805607],[-106.35226286290241,31.992821987931922],[-106.35236554507028,31.988453913651153],[-106.35236703119313,31.988390642102168],[-106.35237212752303,31.988173787436033],[-106.35237264857224,31.988151615780112],[-106.35237413464225,31.988088375002068],[-106.3523746390004,31.988066914729217],[-106.35237784493422,31.987930507277973],[-106.35237680692012,31.987788493378222],[-106.3523673107936,31.98764803808524],[-106.35234941261201,31.987508179158084],[-106.35232315834772,31.987369281839673],[-106.35228861713824,31.987231708423245],[-106.35224587910757,31.987095817454449],[-106.35219505536551,31.986961963731186],[-106.35213627894431,31.986830496447773],[-106.35206970255884,31.986701757494075],[-106.35199550096716,31.986576084960959],[-106.35191386718506,31.986453804274223],[-106.35182501409282,31.986335236262562],[-106.35172917388631,31.986220689038046],[-106.35162659732299,31.986110462559257],[-106.35151755018049,31.986004843374221],[-106.35140231773411,31.985904108021554],[-106.3512812012158,31.985808517773396],[-106.35115451600147,31.98571832325052],[-106.35102259236504,31.985633759859674],[-106.35088577541738,31.985555046891484],[-106.35074442111606,31.985482391337463],[-106.35059889901478,31.985415981418829],[-106.35044958833373,31.985355991305592],[-106.35029687871399,31.985302576553753],[-106.35014116834428,31.985255877818197],[-106.34998286253746,31.985216015491734],[-106.34982237615222,31.985183094112109],[-106.34966012705993,31.985157199967432],[-106.34949653826185,31.985138400992305],[-106.34933203664808,31.985126744113302],[-106.34917235630751,31.985122294543267],[-106.3491451077286,31.985122109563182],[-106.3467473071708,31.985105850493646],[-106.34657964771466,31.985108533712012],[-106.34641498606366,31.98511841331484],[-106.34625113136536,31.985135444733292],[-106.34608850970704,31.985159584434243],[-106.34592754695618,31.985190769888813],[-106.34576866234866,31.985228918981715],[-106.34561226979172,31.985273933567921],[-106.34545877749854,31.985325694059586],[-106.34530858747866,31.985384067597249],[-106.34516208969727,31.985448900189979],[-106.34501966679683,31.985520023724817],[-106.34488169067863,31.985597252513678],[-106.34474852050703,31.985680385201416],[-106.34462050476658,31.985769203759592],[-106.34451969620382,31.98584605096902],[-106.34330747330038,31.986809776608272],[-106.35412953511377,31.969727666449405],[-106.35414550509692,31.970468932799701],[-106.35414740424579,31.970557090410196],[-106.35414668389944,31.970587378864018],[-106.35414608824711,31.970661097351609],[-106.35414652112593,31.970691747338297],[-106.35417483591488,31.972061431712358],[-106.35417968902702,31.972171398460677],[-106.35419339132278,31.972311601663918],[-106.35421547353536,31.972451025632846],[-106.35424587924318,31.972589306537838],[-106.35428452886069,31.972726083496411],[-106.35433132081825,31.972861000325217],[-106.35438613355683,31.972993703632145],[-106.35444882383737,31.973123849235559],[-106.35451922948887,31.973251095693019],[-106.35459716460412,31.97337511177917],[-106.35468242676487,31.973495573415153],[-106.35477479522997,31.973612168283662],[-106.35487402627469,31.973724589722025],[-106.35497986332577,31.973832545276142],[-106.35509202930879,31.973935753455812],[-106.35521023100362,31.974033945331467],[-106.35533416116124,31.974126864430374],[-106.35546349545022,31.97421426869694],[-106.35559789663002,31.974295929383167],[-106.35573701467261,31.974371632852733],[-106.35588048694588,31.974441183288107],[-106.35602793790861,31.97450439817969],[-106.35617898364983,31.974561112628642],[-106.35633322971069,31.974611178549296],[-106.35649027332431,31.974654466369287],[-106.35664970634673,31.974690861265117],[-106.35681111151216,31.974720270587696],[-106.35697406717617,31.974742615482754],[-106.35713814892374,31.974757838958567],[-106.35730292920364,31.974765900472821],[-106.35740600727321,31.974767293040337],[-106.3646167752095,31.974771920868402],[-106.36468164887167,31.974771404961064],[-106.36484653357647,31.974765090965768],[-106.36501082536044,31.974751606981268],[-106.36517409457639,31.974730991351855],[-106.3653359156088,31.974703294898287],[-106.36549586661053,31.974668592697846],[-106.36565352982826,31.974626973206419],[-106.36580849420859,31.974578545371255],[-106.3659603562738,31.974523435872467],[-106.3661087180049,31.974461789227032],[-106.3662531930096,31.974393764769481],[-106.36639340471092,31.97431954126689],[-106.36652898703947,31.974239311453527],[-106.36665958679481,31.97415328553511],[-106.36675788222234,31.974082223932662],[-106.37250557088836,31.969755789873435],[-106.3759516531739,31.967160562412776],[-106.37597818675556,31.967140356445274],[-106.37609779405034,31.967043416545035],[-106.37621143815869,31.966941396390393],[-106.37631882283867,31.966834562247659],[-106.37641966870677,31.966723194035186],[-106.37651371187384,31.966607580864924],[-106.37660070636704,31.966488025448268],[-106.37668042693792,31.966364838526534],[-106.37675266507345,31.966238342688094],[-106.37676965693289,31.966205999461067],[-106.37694422949154,31.965867896921452],[-106.37699180401093,31.965770764182828],[-106.3770485308233,31.965638647751092],[-106.377097270484,31.965504233098176],[-106.37713789513464,31.965367873229731],[-106.37717029932693,31.965229922760741],[-106.37719439815089,31.965090741628416],[-106.37721012922808,31.964950693183479],[-106.37721745153053,31.964810142438019],[-106.37721634538063,31.964669456065046],[-106.37720681450546,31.9645290013924],[-106.37718888379761,31.964389144702654],[-106.37716259931464,31.964250251232766],[-106.37712803027253,31.964112683266009],[-106.37708526686782,31.963976799333675],[-106.37703442027687,31.963842954215522],[-106.37697562359116,31.963711497083178],[-106.3769090295783,31.963582769800226],[-106.37683481304282,31.963457110426848],[-106.37675316703884,31.963334844354616],[-106.37666430447908,31.963216292374128],[-106.37656845758364,31.963101762555542],[-106.37646587712763,31.962991554811865],[-106.37635682889875,31.962885955642658],[-106.37624159817548,31.962785241534036],[-106.37612048618445,31.962689673702712],[-106.37599380829042,31.962599502711051],[-106.3758618947483,31.962514963904379],[-106.37572509064179,31.962436276509081],[-106.37558375189595,31.962363647450157],[-106.37543824802309,31.962297264879407],[-106.37528895819628,31.962237302895723],[-106.37513627200182,31.96218391698158],[-106.37498058756799,31.96213724771685],[-106.37482231013946,31.962097415417393],[-106.37466185450093,31.962064524542392],[-106.3744996384436,31.962038661300433],[-106.37433608488273,31.962019893545651],[-106.37417162061605,31.96200826812311],[-106.37400667469718,31.96200381819083],[-106.37398571139086,31.962003767070367],[-106.37177264417896,31.962004481427645],[-106.37146067017282,31.96200457805136],[-106.37128132213765,31.9620046342744],[-106.37110399251924,31.962004689470454],[-106.37095430287552,31.962004735034235],[-106.37080461864527,31.962004781968584],[-106.37065494493628,31.962004827306313],[-106.37050524894254,31.962004872663666],[-106.37035556147595,31.962004918333015],[-106.37020586554307,31.962004964246333],[-106.37005618342857,31.962005010211062],[-106.36990650866065,31.96200505473562],[-106.36975683289545,31.962005100041459],[-106.36960713789799,31.962005143405968],[-106.36945745366644,31.962005188782665],[-106.36930777995615,31.962005232562838],[-106.36915808501941,31.962005276310318],[-106.36890327684867,31.962005350899229],[-106.36856207127136,31.962005450030649],[-106.3657592006541,31.962006232691131],[-106.36152818192748,31.962013705051227],[-106.35975062407384,31.962016804093825],[-106.35966057825891,31.962018030017884],[-106.35900169761373,31.96203483385953],[-106.3651111442841,31.952386341688296],[-106.36512056707167,31.952371421859489],[-106.36698063453703,31.949418937949162],[-106.36700229316345,31.949384361906468],[-106.36849878451255,31.946981549923684],[-106.3708663617905,31.943845898749544],[-106.37090462309412,31.943794812973078],[-106.3709162314962,31.943779148531558],[-106.37180364159393,31.942578674896019],[-106.37191586163159,31.942423089570998],[-106.37202435663312,31.942264884119584],[-106.37212906544956,31.942104147708104],[-106.37982665961606,31.92996880409504],[-106.3875222690272,31.917832950193379],[-106.38761333044575,31.917685805790221],[-106.38773003439286,31.91748594598074],[-106.39210887107863,31.909725358085197],[-106.39403520509283,31.906701344182601],[-106.39653806286823,31.902989925432159],[-106.39665584746307,31.902810111655427],[-106.39676873622932,31.902627184534598],[-106.39759785291098,31.901241888614717],[-106.40572134770412,31.888680586324135],[-106.40576842564533,31.888606897188215],[-106.41829995187602,31.868747451213796],[-106.43082619426998,31.84888665816823],[-106.43115787339293,31.84837976423502],[-106.43117912540245,31.84834711150393],[-106.43119220667394,31.848326635826258],[-106.43127789225623,31.851450484352263],[-106.43128235824157,31.851651538057379],[-106.43128328909116,31.851695337901411],[-106.43129575425363,31.851940013272031],[-106.43131670712626,31.852184265976565],[-106.43134613197972,31.852427880440793],[-106.43138400164234,31.852670644374413],[-106.43143028353263,31.852912343944322],[-106.43148493561687,31.853152766691895],[-106.43154791275015,31.853391701216957],[-106.43161915716348,31.853628937651855],[-106.43169860698099,31.853864268142313],[-106.43178619298729,31.854097486103402],[-106.43188183750812,31.854328385370042],[-106.43198545683295,31.85455676460262],[-106.43209696090591,31.85478242277625],[-106.4322162513354,31.855005161090379],[-106.43234322363089,31.855224784668124],[-106.43247776490384,31.855441099954998],[-106.43261975828035,31.855653917215001],[-106.43276907966896,31.855863049786368],[-106.43292559558378,31.856068313285071],[-106.43308917178655,31.856269527889925],[-106.43325966147354,31.856466516215576],[-106.43343691714969,31.856659106342008],[-106.43362078192561,31.856847128627365],[-106.43381109598316,31.857030417196185],[-106.43400768923748,31.857208811210572],[-106.4342103919694,31.857382155245897],[-106.43441902500352,31.857550295253656],[-106.43463340436804,31.857713084666649],[-106.43485334210524,31.857870380737424],[-106.43507864627153,31.858022044538444],[-106.43530911677067,31.858167942075138],[-106.43554455300051,31.85830794752599],[-106.4357847480122,31.858441935386331],[-106.4360294901843,31.858569789437787],[-106.43627856384823,31.858691396380195],[-106.43653175177272,31.858806651139592],[-106.43678883044181,31.858915449861694],[-106.43704957496246,31.85901769962495],[-106.43731375521438,31.859113308674974],[-106.43758113951522,31.859202193484027],[-106.43785149344059,31.859284276999166],[-106.43812457858134,31.859359485988684],[-106.43840015596265,31.859427754492952],[-106.43867798274917,31.859489022177904],[-106.43895781448285,31.85954323603427],[-106.4392394070741,31.859590348467847],[-106.43952251151653,31.859630317563038],[-106.4398068792961,31.859663108623778],[-106.44009226127271,31.859688693324017],[-106.44037840643783,31.859707047053991],[-106.4406650634662,31.859718156084984],[-106.44095198016031,31.859722009449737],[-106.44120159867121,31.859719239873836],[-106.4412389048637,31.859718635082238],[-106.45261833203298,31.859476558566143],[-106.45265563378717,31.859475702651086],[-106.45294231210485,31.85946501540127],[-106.4532284934681,31.859447083049695],[-106.45351392523553,31.859421919124451],[-106.4537983586185,31.859389546921108],[-106.4540815430245,31.859349994354041],[-106.4543632294766,31.859303297406449],[-106.45464317024208,31.859249494717201],[-106.45492111938975,31.859188635700541],[-106.45519683335233,31.85912077327578],[-106.45547007005511,31.859045966626482],[-106.45574058792111,31.858964282155462],[-106.45600815103283,31.858875791416256],[-106.45627252384712,31.858780571377153],[-106.45653347343341,31.858678706119836],[-106.45679077146428,31.858570284929186],[-106.45704419116788,31.858455404256176],[-106.45729351025236,31.858334163950587],[-106.45753851003394,31.858206670019964],[-106.45777897450435,31.858073036487148],[-106.4580146930066,31.857933378013929],[-106.45824545774505,31.857787819983425],[-106.45847106733257,31.857636488364864],[-106.45869132305795,31.857479517142004],[-106.4589060306283,31.857317042794335],[-106.45911500165982,31.857149210559591],[-106.45931805411554,31.856976165358549],[-106.45951500757727,31.856798060179187],[-106.45970569039753,31.856615052097659],[-106.45988993540921,31.856427301587431],[-106.46006757992558,31.856234972519186],[-106.46023846704514,31.856038235716763],[-106.46040244944587,31.855837262429887],[-106.46055938018166,31.85563222932117],[-106.46070912319077,31.855423317034937],[-106.46085154583427,31.855210709664984],[-106.46098652511422,31.854994592632995],[-106.46111393946535,31.85477515672018],[-106.46123368013423,31.854552593876662],[-106.46134563973744,31.854327100509707],[-106.4614497205321,31.854098874354086],[-106.46154583236336,31.853868115479724],[-106.46155280492152,31.853849659391368],[-106.46173198348767,31.853750071921912],[-106.46196768531151,31.853610406041216],[-106.46219843335135,31.853464840746231],[-106.46242402623461,31.853313502012483],[-106.46264426526483,31.853156523830005],[-106.4628589561638,31.852994042684543],[-106.46306791056236,31.852826203819511],[-106.46327094643793,31.852653152161771],[-106.46346788338721,31.852475040704871],[-106.46365854977711,31.852292026530485],[-106.46384277845493,31.852104270117437],[-106.46402040674836,31.85191193534164],[-106.46419127777013,31.851715193031879],[-106.46435524421213,31.851514214442759],[-106.4645121591427,31.851309176241546],[-106.46466188651362,31.851100259077008],[-106.46480429369986,31.850887647047283],[-106.46493925771699,31.850671525578083],[-106.46506665701335,31.850452085454606],[-106.46518638284833,31.850229518630584],[-106.46529832785193,31.85000402151687],[-106.46540239429392,31.849775791851368],[-106.46549849203201,31.849545029707226],[-106.46558653540257,31.849311938553331],[-106.46566644726232,31.849076722336346],[-106.46573815706007,31.848839588292766],[-106.46580160282663,31.848600745038816],[-106.46585672893626,31.848360400871801],[-106.46590348641696,31.84811876828104],[-106.46594183475344,31.847876059330922],[-106.46597174089237,31.847632486616206],[-106.46599317613331,31.847388264322586],[-106.46600612452157,31.847143606901533],[-106.46601057333565,31.846898729546304],[-106.46601044968257,31.846850983301046],[-106.46599352699343,31.844013271951109],[-106.46598959689346,31.843816136338983],[-106.46597704270135,31.843571463666262],[-106.46595600188307,31.843327215893112],[-106.46592649037663,31.843083608582091],[-106.46588853555917,31.842840854005729],[-106.46584217021488,31.842599165974562],[-106.46578743657665,31.84235875691941],[-106.46572437998427,31.842119838208479],[-106.46565305839594,31.841882619671505],[-106.46557353387136,31.841647309120731],[-106.46548587580403,31.841414113094594],[-106.46539016203944,31.841183237706801],[-106.46528647645181,31.840954884241594],[-106.46517490925316,31.84072925366447],[-106.46505555898341,31.840506544712404],[-106.46492853027208,31.840286952195111],[-106.46479393613794,31.840070669595828],[-106.46465189357545,31.839857886576873],[-106.46450252678721,31.839648789722727],[-106.46434596935923,31.839443563336996],[-106.46418235562054,31.839242387158759],[-106.46401183245379,31.839045438487513],[-106.46383454742231,31.838852889156584],[-106.46365065747256,31.838664908718531],[-106.46346032246923,31.838481662958433],[-106.46326371253062,31.838303312621399],[-106.46306099739883,31.838130013039894],[-106.46285235626083,31.837961918168073],[-106.46263797308733,31.837799174478711],[-106.4624180358239,31.837641924624702],[-106.46219273639113,31.837490307439264],[-106.46196227484971,31.837344456822322],[-106.46189448904593,31.83730415839149],[-106.46188398513371,31.834760049323499],[-106.46188000060422,31.834550283001406],[-106.46186745831878,31.834305609184391],[-106.4618464302232,31.834061359998703],[-106.46181693224447,31.833817751008016],[-106.46177899174783,31.833574994486362],[-106.46173264150491,31.833333304245969],[-106.46167792373519,31.833092892719655],[-106.46161488376461,31.832853971277739],[-106.46154357953672,31.832616749752365],[-106.46146407309597,31.832381435958442],[-106.46137643382004,31.832148236437199],[-106.46128073953776,31.831917357305485],[-106.46117707410629,31.831688999850741],[-106.46106552772008,31.831463365042037],[-106.46094619890063,31.831240651620011],[-106.46081919225868,31.831021054398256],[-106.46068462079351,31.830804766864293],[-106.46054260147972,31.830591978684684],[-106.46039325849961,31.830382876448414],[-106.46023672541797,31.830177644463827],[-106.4600731365428,31.829976462474953],[-106.45990263873462,31.829779507786377],[-106.4597253795347,31.829586952236681],[-106.45954151586676,31.829398965383835],[-106.45935120757235,31.829215713018641],[-106.45915462474622,31.829037355892059],[-106.45895193710692,31.828864049342322],[-106.45874332381715,31.828695947329813],[-106.45852896882307,31.828533196333542],[-106.45830906004564,31.828375939012865],[-106.45808378938044,31.828224314207503],[-106.45785335686267,31.828078455824201],[-106.4576179630227,31.827938489597788],[-106.45737781472687,31.827804540947064],[-106.45713312350172,31.827676726005727],[-106.45688410491074,31.827555157990584],[-106.45663097606982,31.827439941894365],[-106.45637396036926,31.827331181491818],[-106.45611328256642,31.827228969627313],[-106.45584917263648,31.827133397980102],[-106.45558186210789,31.827044550005898],[-106.4553115852428,31.826962502688176],[-106.45503858027945,31.826887329192083],[-106.45476308601519,31.826819095414237],[-106.45448534510017,31.826757861628739],[-106.45420560180068,31.826703680788455],[-106.45392410000979,31.826656600435175],[-106.45364108853073,31.826616662435423],[-106.45335681567035,31.82658390144033],[-106.45307153035802,31.826558345735098],[-106.45278548338754,31.826540019892551],[-106.45249892586679,31.826528937608721],[-106.45221210977391,31.826525109822498],[-106.45203629328658,31.826526350950985],[-106.44513977849641,31.826628345528817],[-106.44724887629094,31.823293171519374],[-106.44735455026094,31.823121308042399],[-106.44745574758778,31.822946771101627],[-106.44755240067802,31.822769677276778],[-106.44764444497346,31.82259014485539],[-106.4478273974391,31.822221338066814],[-106.44806757507382,31.821737185268134],[-106.44816450956495,31.821534360418841],[-106.4482553644339,31.821328740361828],[-106.44834005918025,31.821120507283286],[-106.4489511972052,31.819550441075801],[-106.44902079866482,31.819364302282484],[-106.4490541003192,31.819269440609585],[-106.44938272225781,31.818312521220577],[-106.44942934745303,31.818172174450286],[-106.44946498647317,31.818057976796705],[-106.44986547326033,31.81673679635373],[-106.44990156035077,31.816613866410567],[-106.44996502455847,31.816375028414864],[-106.45002017220648,31.816134688471845],[-106.45006695430381,31.815893059067079],[-106.45010533031336,31.815650352262281],[-106.45013526715736,31.815406780650292],[-106.45015673610919,31.815162558415643],[-106.4501697211835,31.814917900010109],[-106.45017420962699,31.814673020627524],[-106.45017019825762,31.814428135887471],[-106.45015768905263,31.81418345933934],[-106.45013669579635,31.813939206656954],[-106.4501072343859,31.813695593406955],[-106.45006933215402,31.813452831867153],[-106.45002302183886,31.813211135854203],[-106.44996834562443,31.812970717806078],[-106.4499053488009,31.812731789098578],[-106.44989327897792,31.812691607492951],[-106.4499540889589,31.81250730390898],[-106.45000963172394,31.812321345133697],[-106.45005986232168,31.812133881665513],[-106.45019966455875,31.811582763152668],[-106.45020983610455,31.811542172788052],[-106.45026498030028,31.811301832367754],[-106.45031175937083,31.811060202499579],[-106.45035013278201,31.810817495245708],[-106.45035379661462,31.810791054541397],[-106.45079421506441,31.807567805337452],[-106.450819494795,31.807360017790952],[-106.45083862257152,31.807151573895805],[-106.45085158168359,31.806942655752326],[-106.45096090834343,31.804624548658662],[-106.45096425800523,31.804543684442219],[-106.4509687438903,31.804298804219883],[-106.45096473089808,31.804053918692453],[-106.45095222100734,31.803809241410008],[-106.45093122800276,31.803564988047132],[-106.45090176778147,31.803321374170995],[-106.45087896293441,31.803168883815289],[-106.45037365477728,31.800023032243256],[-106.45035856050559,31.799932760338795],[-106.45031225609171,31.799691063387819],[-106.45025758698235,31.799450644426045],[-106.45019459846192,31.799211714830246],[-106.45012334842772,31.798974484439896],[-106.45004389887698,31.798739161077627],[-106.44995631913734,31.798505951292999],[-106.44986068698513,31.798275061211925],[-106.44975708622293,31.798046692131472],[-106.44964560698888,31.797821045030894],[-106.44952634774505,31.797598318661553],[-106.44939941304129,31.797378707848416],[-106.44926491581299,31.797162406091076],[-106.44912297297022,31.796949603068391],[-106.44897370862822,31.796740485382482],[-106.44881725628184,31.796535237355332],[-106.44865375016931,31.796334038744686],[-106.44848333707728,31.796137066870212],[-106.44830616447352,31.79594449358526],[-106.44812238920522,31.795756488463443],[-106.44809734662279,31.795731727101767],[-106.44799269989575,31.795628668508336],[-106.44782752466632,31.795470158579093],[-106.44763103402521,31.795291781999701],[-106.44742844013878,31.795118455508021],[-106.44721992208676,31.794950333081974],[-106.44700566373157,31.794787561218573],[-106.44678585290949,31.794630282595445],[-106.44656068143038,31.794478636070863],[-106.44633034924153,31.794332755570831],[-106.44619018819228,31.794248303078717],[-106.44606277633498,31.794172968150658],[-106.44596764508,31.794117431826294],[-106.44572759950796,31.79398346008227],[-106.44548301187832,31.793855621704914],[-106.44523409766326,31.793734029931649],[-106.44498107388776,31.793618789775923],[-106.44472416384922,31.793510005033699],[-106.4444635922128,31.793407768570574],[-106.44419958886002,31.793312172087578],[-106.44393238522589,31.793223299062152],[-106.44366221547898,31.793141226499642],[-106.44338931776315,31.793066027587521],[-106.44311393078176,31.7929977682446],[-106.44283629709058,31.792936508767461],[-106.44255666086171,31.792882302131655],[-106.44227526589479,31.792835195901358],[-106.44199236089881,31.792795231965922],[-106.44170819408725,31.792762444999319],[-106.44169560120116,31.792761160631365],[-106.4415690810126,31.792748333722692],[-106.44129649417758,31.79272403613378],[-106.44101055217222,31.792705684036282],[-106.44072409889493,31.792694575529591],[-106.44043738623209,31.792690721575553],[-106.44015066657091,31.79269412496576],[-106.44001441441166,31.792699194294023],[-106.43996181230322,31.792543327895956],[-106.43987426326419,31.79231011082366],[-106.43977866209367,31.792079212831315],[-106.43967509256716,31.791850835222974],[-106.43956364479543,31.791625178985143],[-106.43944441721278,31.791402442877441],[-106.43931751434138,31.791182821733209],[-106.4391830490885,31.790966509061299],[-106.43904113833624,31.790753694550144],[-106.43889190617175,31.790544564811743],[-106.43873548606142,31.790339304178918],[-106.43857201221526,31.790138092420282],[-106.43840163139151,31.789941106867218],[-106.43822449102984,31.789748519384901],[-106.43804074794897,31.789560499559684],[-106.43785056188507,31.789377213210773],[-106.4376541028244,31.789198821119747],[-106.4374515403784,31.789025478654786],[-106.43724305359882,31.788857339808111],[-106.43702882632077,31.78869455109125],[-106.43680904635318,31.788537255196509],[-106.43658390547903,31.788385590997276],[-106.43635360361843,31.788239692435173],[-106.43611834118835,31.788099685280024],[-106.43593132509298,31.787994541320479],[-106.43193971924353,31.785806362202116],[-106.43183746454226,31.785737470694098],[-106.43160717649728,31.785591563551392],[-106.43137192772552,31.785451547638385],[-106.43113192496511,31.785317548417492],[-106.43111683120748,31.785309407999698],[-106.42516830121839,31.782107486279532],[-106.42493886497397,31.781987749663763],[-106.42469000859629,31.781866117866663],[-106.42443704179142,31.781750837057256],[-106.42418018780602,31.781642011067508],[-106.42391967125674,31.781539732798969],[-106.42365572197625,31.781444093989656],[-106.42338857135213,31.781355178153976],[-106.42311845350672,31.781273062334975],[-106.42284560653806,31.781197819758074],[-106.42257026910509,31.781129516380407],[-106.42229268371989,31.78106821253726],[-106.42201309451229,31.781013961243133],[-106.42173174524088,31.780966810101287],[-106.4214488845742,31.780926801040742],[-106.42116476068699,31.780893968774993],[-106.42087962237807,31.780868341651555],[-106.42059372031164,31.780849944306226],[-106.42030730546901,31.780838790497675],[-106.420057939502,31.780834987866687],[-106.41834592828495,31.780827722342664],[-106.41830861849003,31.780827625209223],[-106.41810553890292,31.780829251489415],[-106.41650899272261,31.780856345513236],[-106.41504623998178,31.78081614503769],[-106.41503287501209,31.780815785519064],[-106.41474619953408,31.78081187454589],[-106.41445951508088,31.780815220942447],[-106.41417307158738,31.78082582314649],[-106.41388712148117,31.78084366951629],[-106.41360191706748,31.780868746607673],[-106.4133177068077,31.780901031211808],[-106.41303474096968,31.780940495505938],[-106.41275326821315,31.780987103601909],[-106.41247353595895,31.7810408169595],[-106.41219578983639,31.781101586266278],[-106.41192027311854,31.781169358708052],[-106.41164722759454,31.781244075209461],[-106.41137689456478,31.78132566947917],[-106.41110950968266,31.781414070076767],[-106.41084530823605,31.781509200150321],[-106.41058452291222,31.781610975736609],[-106.41032738180826,31.781719307670663],[-106.4100741114774,31.781834099623662],[-106.409824934006,31.781955251869277],[-106.40958006788577,31.782082658524079],[-106.40933972894726,31.782216205691093],[-106.40910412768261,31.782355778834301],[-106.4088734717389,31.78250125269707],[-106.4086479623688,31.782652501436186],[-106.40842779816427,31.782809391194036],[-106.40833708340537,31.782878030227113],[-106.40825915884845,31.78288687849043],[-106.40797618493234,31.782926331681281],[-106.40769470374596,31.782972928727958],[-106.4074149627174,31.783026631099979],[-106.40713720748357,31.783087389494618],[-106.40686168132571,31.783155151107174],[-106.40658862604117,31.783229856871806],[-106.40631828293895,31.783311440506647],[-106.40620332358337,31.783349441366372],[-106.40612474950875,31.783340352824478],[-106.40583960789158,31.783314692528435],[-106.40555370134381,31.783296261915897],[-106.40526728085098,31.783285074774913],[-106.40498059827027,31.78328114213646],[-106.4046939059624,31.783284466861435],[-106.404407453869,31.783295047406501],[-106.40412149442542,31.783312872149001],[-106.40383627994495,31.783337927663819],[-106.40355205889783,31.78337019076098],[-106.40327445784808,31.783408884385821],[-106.4033648175285,31.783308844992348],[-106.40345864467025,31.783193205044839],[-106.40350730753327,31.783127844743746],[-106.40408109914247,31.7823326978518],[-106.4040992666686,31.782307212947117],[-106.40416232302368,31.78221767270605],[-106.40422581021706,31.782134578265538],[-106.40424455794053,31.782109678314072],[-106.40425367560206,31.782097497240805],[-106.40433708242878,31.781985762904753],[-106.40436169247489,31.781952256246562],[-106.40440843522234,31.781887587372658],[-106.40441208791691,31.781882533061882],[-106.40441545013067,31.781877882430443],[-106.40443181042879,31.781855247305913],[-106.40443840352692,31.781846149906734],[-106.40451000109162,31.781752277560557],[-106.40457045387797,31.781669873935936],[-106.40465971023285,31.781543294179428],[-106.40468063536069,31.781513186726176],[-106.40470025408604,31.781484143515531],[-106.40475715272822,31.781398711519262],[-106.40481142019698,31.781324924153648],[-106.40485821290909,31.781259284864223],[-106.40493143486761,31.78115326802725],[-106.4050049817502,31.781050519318111],[-106.40506455919031,31.780971089191702],[-106.40516241158525,31.780842350595019],[-106.40524020608144,31.780734826548692],[-106.4052764928759,31.780683383453205],[-106.40530994934791,31.780640172094909],[-106.40531599440257,31.780632227991727],[-106.40537098883581,31.780560260045931],[-106.40546621345671,31.780431540236965],[-106.40550005587585,31.780384766446478],[-106.40557250875362,31.780282357693547],[-106.40565272009246,31.780173811728844],[-106.40567659994171,31.780140988264101],[-106.40576919990933,31.780011694151518],[-106.40578100518097,31.779995079520592],[-106.40585288222998,31.779893110141316],[-106.4059382530654,31.779776683690113],[-106.40596575618419,31.779738487693542],[-106.40605056905346,31.779618676891989],[-106.40611212338833,31.779532876334901],[-106.40617801728274,31.77944704409548],[-106.40624483157707,31.779356205258839],[-106.40633004833028,31.779235175601546],[-106.40639912628436,31.779138016873016],[-106.40646434134547,31.77905233945468],[-106.40650680688968,31.778995017271114],[-106.40656411503994,31.778915509727561],[-106.40662360393257,31.778840470926859],[-106.40665004033561,31.778806588797945],[-106.40665800503585,31.77879616212595],[-106.40668677808634,31.778757621353027],[-106.4067691638092,31.778645215139505],[-106.40680493625439,31.778597824572536],[-106.40686971476586,31.778508295833756],[-106.40689881552603,31.778466303239405],[-106.4069786304985,31.778355916494871],[-106.40707628368892,31.778220728690496],[-106.4071021882415,31.778184236709457],[-106.40718042969303,31.778072068507193],[-106.40725527348941,31.777970461416377],[-106.40727283134966,31.777946351444839],[-106.40734916635203,31.777840310475369],[-106.40742520590497,31.777741252875828],[-106.4075121041124,31.777621475827555],[-106.40756934616851,31.777537843882161],[-106.40762662688357,31.777462366456561],[-106.40767920924795,31.777390698096053],[-106.40768258986952,31.777386011137693],[-106.40772624074128,31.777324513337543],[-106.40777780335317,31.77725186174289],[-106.40785644990896,31.777141433653881],[-106.40793197852878,31.777038527403764],[-106.40802152405844,31.776918069877457],[-106.40806921136857,31.776851874122304],[-106.40814666678159,31.776740879415613],[-106.4082180797853,31.776642706383331],[-106.408276396517,31.776564263993528],[-106.40830589395114,31.776524583272124],[-106.40833841831692,31.776479893649611],[-106.40840533747395,31.77638595308078],[-106.40847516640478,31.776293848700373],[-106.4085700705145,31.776170570827301],[-106.40861917572815,31.776104681900133],[-106.40871495889814,31.775972043203861],[-106.40873692336592,31.775941174474696],[-106.40879258966766,31.775861777997736],[-106.40880906311838,31.775838281978633],[-106.40881693416793,31.775827669683867],[-106.40888636328742,31.775734062216419],[-106.40891940202941,31.77568854570033],[-106.40901062932225,31.775560089919981],[-106.40902421005653,31.77554078861251],[-106.40910739356563,31.775421468991656],[-106.40918962355425,31.7753071539186],[-106.40925128986646,31.775221679047714],[-106.4093443921109,31.775103611066189],[-106.40936642396116,31.77507529533807],[-106.4093925081002,31.775039349691806],[-106.4094564337464,31.774969217259102],[-106.40963768338123,31.774761503496986],[-106.40975882186345,31.774772717516111],[-106.40992325708491,31.774780712603853],[-106.41008795476183,31.774781524702743],[-106.41025248664241,31.774775152451088],[-106.41041642340659,31.774761609931939],[-106.41057933633718,31.774740935643067],[-106.41074080074611,31.774713180557708],[-106.41090039571742,31.774678419906415],[-106.41105770442664,31.77463674229752],[-106.41121231674495,31.77458825682988],[-106.41136383011165,31.774533090333776],[-106.41151184742174,31.774471387475515],[-106.41165598317944,31.774403307736115],[-106.41179586169282,31.774329030026824],[-106.4119311177619,31.774248747223442],[-106.41206139903679,31.774162669669856],[-106.41218636465466,31.774071020719365],[-106.41230568977126,31.773974041035704],[-106.41241906196296,31.773871982434546],[-106.41252618569673,31.773765111282515],[-106.41253960178285,31.773750253561612],[-106.41311556151692,31.773748662080376],[-106.41312732812119,31.773748611429259],[-106.41421667540534,31.773742197547133],[-106.41425829760185,31.77374172197915],[-106.41442282738585,31.773735344414309],[-106.41458676174285,31.773721796598959],[-106.4147496719621,31.773701117044524],[-106.41491113336247,31.773673356738236],[-106.41507072503593,31.773638590924044],[-106.41522803016657,31.773596908223841],[-106.4153826386349,31.773548417749794],[-106.41553414789028,31.77349324634509],[-106.41568216083849,31.77343153868911],[-106.41582629199506,31.773363454275131],[-106.4159661656801,31.773289172026779],[-106.41610141670621,31.773208884831586],[-106.41623169273669,31.773122803044917],[-106.41635665292237,31.773031150031233],[-106.4164759724332,31.772934166464673],[-106.41658933886015,31.772832104171243],[-106.41669645668524,31.772725229527051],[-106.41679704722027,31.772613822556167],[-106.41689084724295,31.77249817247171],[-106.41697761141678,31.772378582081824],[-106.41705711509005,31.772255362218409],[-106.41712915031717,31.772128835556167],[-106.41719352865788,31.771999331041307],[-106.41725008254046,31.771867188350175],[-106.41729866470814,31.771732749768965],[-106.41733914771572,31.771596368366215],[-106.41737142648287,31.771458398812857],[-106.41739541642748,31.771319201096084],[-106.41741105545421,31.771179138609739],[-106.41741830277502,31.771038576402393],[-106.41741713890897,31.770897881177362],[-106.41741401987746,31.770836914818922],[-106.41741150598361,31.770797736405765],[-106.41741355495628,31.770572908952019],[-106.41741329474897,31.770510416247443],[-106.41740173629681,31.769847806159635],[-106.41739562003886,31.769485622580675],[-106.41739424128713,31.769435561507795],[-106.41739071329182,31.76936835910282],[-106.41738274731111,31.769249151145242],[-106.41737670432597,31.769175892590098],[-106.41735875118268,31.769036032257262],[-106.41733246198403,31.768897137801179],[-106.41729790595706,31.768759571507339],[-106.41725517326404,31.76862369190269],[-106.41720437500187,31.768489853755803],[-106.41714564413516,31.768358406219939],[-106.41707913326059,31.768229691133708],[-106.41700501696427,31.768104046525298],[-106.416923488039,31.767981797747655],[-106.41683475909294,31.767863265546431],[-106.4167390619962,31.767748757939877],[-106.41663664713199,31.76763857478289],[-106.41652777985954,31.767533002511289],[-106.41641274498369,31.767432317540841],[-106.4162918432185,31.767336781011799],[-106.41616538938185,31.767246643405119],[-106.41603371314456,31.767162139979106],[-106.41589715896902,31.767083489867424],[-106.41575608213063,31.767010899897965],[-106.41561085145652,31.766944558120425],[-106.41546184540825,31.76688463852722],[-106.41530945283125,31.76683129649026],[-106.41515407108857,31.766784672474895],[-106.41510231382296,31.766770809465463],[-106.41483870139365,31.766702275396685],[-106.41475961003303,31.766682652051742],[-106.41449403479946,31.766619891860081],[-106.41446691715939,31.766613592145656],[-106.41441439099371,31.766602003121811],[-106.4141470262381,31.766545057060338],[-106.41406353117591,31.766528277501049],[-106.41377369903235,31.766473497612257],[-106.4137495836294,31.766469022021958],[-106.41368658146966,31.766458105511081],[-106.41339509076913,31.766410176875649],[-106.4133075288694,31.766396847098267],[-106.41301460232192,31.766355804798547],[-106.41300327623409,31.766354234877106],[-106.41292661525412,31.766344539103088],[-106.41263247438907,31.766310416471789],[-106.41254505953854,31.766301312846895],[-106.41224907736333,31.766274053217735],[-106.41216050075332,31.766266949786736],[-106.41186460641835,31.766246735195633],[-106.41179076274835,31.766242418217331],[-106.41177584804531,31.766241723570769],[-106.41147941294683,31.766228489289041],[-106.41139052365948,31.766225569656815],[-106.41109377517861,31.766219326104668],[-106.41103297399988,31.766218537610367],[-106.41090068377206,31.766220204652701],[-106.41042637272017,31.766234502867821],[-106.41039400858561,31.766235617336235],[-106.41022973589099,31.766245578826386],[-106.41006627311641,31.766262692266007],[-106.40990404533059,31.76628691390885],[-106.40974347737003,31.766318181011542],[-106.40958498744193,31.766356411246051],[-106.40942898842621,31.766401506256127],[-106.40931597607096,31.766439772041519],[-106.40921448637098,31.766454439780308],[-106.40899440536604,31.766470206152913],[-106.40895353023937,31.76647335889594],[-106.40891561463397,31.766476683288325],[-106.40827951180934,31.766535715382275],[-106.40813075283363,31.766548829870892],[-106.40802603357524,31.766555077783408],[-106.40792116328323,31.766558358386966],[-106.40781616849135,31.766558672174678],[-106.40771124506904,31.76655601666214],[-106.40755319911247,31.766547537426732],[-106.40753440504365,31.766546575955999],[-106.40745541790989,31.766543563834006],[-106.40737030120516,31.766541209995221],[-106.4073447643339,31.766539696151114],[-106.40731929018,31.76653737530641],[-106.40730241435743,31.766535297404097],[-106.40713975413698,31.766509236475837],[-106.40709762319902,31.766502885884314],[-106.40708744902386,31.766498917219042],[-106.40706295502153,31.76648823183158],[-106.40703902313194,31.766476634983874],[-106.40701574990877,31.766464175293009],[-106.40699309679489,31.766450831136741],[-106.40697116418713,31.766436660899512],[-106.40694994978949,31.766421661979766],[-106.40689666651024,31.766380497921173],[-106.4068369015379,31.766332790092029],[-106.40680737072073,31.766307205027967],[-106.40677909037326,31.7662806091455],[-106.40675213423208,31.766253073921831],[-106.40672646114909,31.766224555231918],[-106.40670577753006,31.7661995221453],[-106.40668922465719,31.766173684670797],[-106.40667435391219,31.766145393674694],[-106.40664860664297,31.766097636203543],[-106.40664575963292,31.76609249801594],[-106.4065594563243,31.765937185446674],[-106.40652477005185,31.765866150945936],[-106.40646462173645,31.765750520464305],[-106.4064498662845,31.765724187255064],[-106.40636578183982,31.765576140558718],[-106.40629915158112,31.765452616490037],[-106.40624657744704,31.765349520855974],[-106.40620622773504,31.765273558524989],[-106.40620079423117,31.765263777055836],[-106.40612957446868,31.765136221465138],[-106.40608034095852,31.765051794998051],[-106.40600424521982,31.7649267156328],[-106.40577656582055,31.764551952266153],[-106.40572186105494,31.764465698586832],[-106.40566390531605,31.764381594835996],[-106.40557338031996,31.764255395679672],[-106.40551734830693,31.76418005054013],[-106.40542208537225,31.764056423905394],[-106.40540027747328,31.764028495260625],[-106.40536318868655,31.763982624085784],[-106.40526328468354,31.763861700939117],[-106.40520315715193,31.763791315280333],[-106.40509718000263,31.763671481984872],[-106.405032854824,31.763601145297894],[-106.40493120878125,31.76349363942202],[-106.40481951249288,31.763373755767208],[-106.40477007150641,31.76332199139112],[-106.40473255288804,31.763284359443521],[-106.40460743410111,31.763161120663394],[-106.40453610390111,31.763093170128307],[-106.40451612036678,31.763074923200175],[-106.4043850266853,31.762956304368483],[-106.4042897714597,31.762873670909169],[-106.40417945659931,31.762781934588556],[-106.40361240704978,31.762288040622398],[-106.40335113391203,31.762057569773006],[-106.40332604874123,31.762035686812681],[-106.40280882872686,31.761589473273546],[-106.40276722951658,31.761554231340256],[-106.4027531154242,31.761542560289939],[-106.4019114416555,31.760850822830893],[-106.40181468880455,31.760774492991647],[-106.40047305557657,31.759758615424271],[-106.40044405267642,31.759715108376035],[-106.40035535222508,31.759596564557732],[-106.40025968353063,31.759482044455339],[-106.40015729690188,31.759371847956434],[-106.40004845762479,31.759266261531458],[-106.4000006552963,31.759223150982397],[-106.39804850104007,31.757500118504105],[-106.39800968261218,31.757466438279589],[-106.39713807819683,31.756723062544733],[-106.39710969462432,31.756699152177319],[-106.39707198288227,31.756668278381522],[-106.39640963358602,31.756134745962349],[-106.39632647780716,31.756070064414963],[-106.39620005816526,31.755979906956203],[-106.39606841555387,31.755895382890266],[-106.39593189434771,31.755816711404801],[-106.39579084973622,31.755744099383325],[-106.3956456504624,31.75567773493319],[-106.39549667490583,31.755617792105866],[-106.39534431183255,31.75556442633394],[-106.39518895852859,31.755517778144551],[-106.39503101937663,31.755477967798814],[-106.3948709082747,31.755445099698228],[-106.39470904211731,31.75541925999217],[-106.39454584290763,31.755400516473355],[-106.39438173651828,31.755388915923461],[-106.39421715106995,31.75538449143578],[-106.39405251514103,31.755387251640805],[-106.39388825962006,31.755397192382905],[-106.39372481268667,31.755414285200551],[-106.39356259936811,31.755438486401157],[-106.39340204446299,31.75546973329471],[-106.3932435661446,31.755507943605956],[-106.39308757726246,31.755553019030565],[-106.39293448497513,31.755604839821544],[-106.39278469024596,31.75566327296205],[-106.39263858201254,31.755728164306113],[-106.39249654190077,31.755799345587445],[-106.39235894081216,31.755876630967229],[-106.39222613693508,31.755959818943165],[-106.39209847779507,31.756048691342087],[-106.39197629633787,31.756143018040429],[-106.391859910623,31.756242552453063],[-106.3917496240079,31.756347034239184],[-106.39164572526985,31.756456191107315],[-106.39154848432153,31.75656973812157],[-106.39145815550069,31.756687379349081],[-106.39137497545838,31.756808807964831],[-106.3912991590574,31.756933708264619],[-106.39123090651863,31.757061751690056],[-106.39117039452977,31.757192606321567],[-106.39111778003975,31.757325930353232],[-106.39107320267698,31.7574613764993],[-106.39103677717321,31.757598589653366],[-106.39102624328008,31.757650411979846],[-106.39015957804506,31.75730227153311],[-106.39008661620385,31.757273902970759],[-106.38993425351657,31.757220530843988],[-106.38977890016071,31.757173876171162],[-106.38962096051908,31.757134059230165],[-106.3894608484912,31.75710118443989],[-106.38929898097378,31.757075337967098],[-106.38913577997351,31.757056587622124],[-106.3889716713679,31.757044980204466],[-106.38880708328317,31.757040548825348],[-106.38864244430478,31.757043302133205],[-106.38850724041249,31.757051478689721],[-106.38844083569411,31.757030299163819],[-106.3882177023028,31.75695913283819],[-106.38800528463096,31.756891382555196],[-106.38763904864416,31.756774083396383],[-106.38762384103715,31.756761527087399],[-106.38748859389297,31.756648006344424],[-106.38745797012105,31.756622301110966],[-106.38741977470077,31.756589353816633],[-106.38722477119966,31.756421137520661],[-106.38713244374986,31.75634466088529],[-106.38703726512159,31.756271763268987],[-106.3869393739708,31.756202550868803],[-106.38683891290505,31.756137124513181],[-106.38674565601805,31.756078777917612],[-106.38671152259087,31.756057713736567],[-106.38666437335647,31.756030538755343],[-106.3865430354162,31.755952617029568],[-106.38640652207449,31.755873935477879],[-106.3862654847126,31.755801313056523],[-106.38612029205481,31.755734937900041],[-106.38597132246333,31.755674984087673],[-106.38581896468875,31.75562160708073],[-106.38566361600316,31.755574947435704],[-106.38550568077724,31.755535125443444],[-106.38537462560625,31.75550766506608],[-106.38502661260749,31.755441309626359],[-106.38499755994064,31.755435890017999],[-106.3849797276828,31.75543268251981],[-106.38441840557716,31.755333119284256],[-106.38427437468643,31.755310474076797],[-106.38411117773978,31.75529171737324],[-106.38394707282417,31.755280103565561],[-106.38378248805608,31.755275665781596],[-106.38361785201248,31.755278412686486],[-106.38345359558184,31.755288340159346],[-106.38329014694649,31.755305419773315],[-106.38312793113799,31.755329607870053],[-106.38296737296139,31.755360841793948],[-106.38280889059861,31.75539903930353],[-106.38265289690955,31.755444102127733],[-106.38249979906558,31.755495910552597],[-106.38234999804425,31.755554331593466],[-106.38220388279977,31.755619211135887],[-106.38206183497627,31.755690380944458],[-106.38192422549533,31.755767655210271],[-106.38179141256715,31.755850832459913],[-106.3816637437411,31.75593969454831],[-106.38154155198795,31.756034011378869],[-106.38142515539413,31.756133536391982],[-106.38131485734554,31.756238009271577],[-106.38121094664922,31.756347157749264],[-106.38111369324912,31.756460696911088],[-106.38102335151538,31.756578330844711],[-106.38094015813274,31.756699752744169],[-106.38091014464356,31.756747340262848],[-106.38078195454379,31.756956020419352],[-106.38075272746039,31.757003958260889],[-106.38070639826736,31.757081037625788],[-106.38063813123894,31.757209075447673],[-106.38057760445651,31.757339925110251],[-106.38052497490791,31.757473244820517],[-106.38048038226053,31.757608687304167],[-106.38046806053781,31.757655082041524],[-106.38046204472968,31.757661401332673],[-106.38036478907236,31.757774939885291],[-106.38027444514528,31.757892573248242],[-106.38019124963891,31.758013994616867],[-106.38011554434951,31.758138665673709],[-106.37965306536935,31.758950232341839],[-106.3792407409958,31.75967377721938],[-106.37884877789102,31.760361576158186],[-106.37775423866167,31.762282169765566],[-106.37768590037604,31.762410316687998],[-106.37762536615816,31.762541164759931],[-106.37757272953239,31.762674483056159],[-106.37752813018473,31.762809924306044],[-106.37749168290443,31.762947133415917],[-106.3774634833525,31.763085754425706],[-106.37744360446509,31.763225424349898],[-106.37743209899328,31.763365779388696],[-106.37742899726808,31.763506453227876],[-106.37743430626594,31.763647078895403],[-106.37744801283793,31.76378728950715],[-106.3774700806017,31.763926719325784],[-106.3775004531706,31.764065004506193],[-106.37753905104601,31.764201784154643],[-106.377585772795,31.764336702081049],[-106.37764049704013,31.764469404890114],[-106.37770308077415,31.764599548401684],[-106.37771254252004,31.764616678957829],[-106.37775721895123,31.764725015437129],[-106.37781980301602,31.764855158881964],[-106.37789008469038,31.764982401585211],[-106.37796787839558,31.765106412331665],[-106.37799489893257,31.765144656443745],[-106.37800088883689,31.765155454309632],[-106.37800471245836,31.765161816666371],[-106.37801995029443,31.765213827355549],[-106.37806667323306,31.765348745066273],[-106.37812139874231,31.76548144763051],[-106.37818398381184,31.765611590868794],[-106.37825426654156,31.765738833344422],[-106.37833206134981,31.765862843842822],[-106.37841716618222,31.765983298299481],[-106.37850936070504,31.766099884415596],[-106.37860840165237,31.766212295551629],[-106.37871403294223,31.766320239279818],[-106.37882597803913,31.766423434141075],[-106.37894394430043,31.766521611240556],[-106.37906762508874,31.766614514143768],[-106.3791966967258,31.766701900837685],[-106.37933082265543,31.766783542619851],[-106.37933810802367,31.766787728652421],[-106.38011668698344,31.767233845103405],[-106.38024823373897,31.767305341551548],[-106.38032893278159,31.767344530395999],[-106.38103832291429,31.767720041512455],[-106.38130762427396,31.767862591546972],[-106.38333773978557,31.768937172410883],[-106.38360804933251,31.769082045279429],[-106.38376803959657,31.769170014663995],[-106.38384872594848,31.769212955273442],[-106.38387918365054,31.769228442913356],[-106.38437510543163,31.769477469101894],[-106.38440104462089,31.769490355771779],[-106.38591505433605,31.770234484203204],[-106.38591263076816,31.770344828653187],[-106.38591795280446,31.770485453676756],[-106.38593167298647,31.77062566309392],[-106.38595375489658,31.770765091170365],[-106.38598414211111,31.7709033740656],[-106.38602275509329,31.771040150891817],[-106.38606949237075,31.771175065466284],[-106.3861242325254,31.771307764402518],[-106.3861868325089,31.771437903530362],[-106.38625713038191,31.771565141423874],[-106.38633494052343,31.771689146880547],[-106.386420060839,31.771809595848897],[-106.38651227095475,31.771926176044399],[-106.3866113275638,31.772038580843152],[-106.3867169745434,31.772146517833786],[-106.38682893531704,31.772249705574804],[-106.3869469172013,31.77234787519],[-106.38707061351805,31.772440770264371],[-106.38719970054844,31.772528148805314],[-106.3873338416961,31.772609782131632],[-106.38734748427859,31.772617600016979],[-106.3873924836661,31.772643246542923],[-106.38747179163481,31.772719539728623],[-106.38753859350916,31.772781850051988],[-106.38761624586543,31.772852087441137],[-106.38765239349823,31.77288425719923],[-106.38775996783929,31.772974161178233],[-106.38784263098168,31.773040091219791],[-106.387917963966,31.773098303236779],[-106.38799503133581,31.773154198835524],[-106.38808237932319,31.773215562439123],[-106.3881931752771,31.773289991408536],[-106.38824290750719,31.773321289373751],[-106.38833459859288,31.773377844526639],[-106.38841900955424,31.7734281787762],[-106.38850255356651,31.773474729355804],[-106.38859822174983,31.773526251541742],[-106.38865352578748,31.773555374281983],[-106.3887967167372,31.773624892979363],[-106.38894387568911,31.773688074690202],[-106.38909461949211,31.773744754602109],[-106.38924855447628,31.773794784719488],[-106.38940527868721,31.773838035563564],[-106.38956438481037,31.773874392406643],[-106.38972545643648,31.773903762699497],[-106.38988807279181,31.773926067689569],[-106.39005181034554,31.773941250489177],[-106.39021624244302,31.773949270661888],[-106.39038093849516,31.773950107884069],[-106.39054547025415,31.773943760728624],[-106.39070940840081,31.773930243213265],[-106.39087232421369,31.773909593770163],[-106.3910337929978,31.773881863308063],[-106.39119339382516,31.773847126993125],[-106.39135070985648,31.773805473370128],[-106.39146945444915,31.773768256528765],[-106.39166540163687,31.774225590630795],[-106.39257866593239,31.776405524329835],[-106.39326060801439,31.778052366377025],[-106.39326782947384,31.778069621397879],[-106.3941741859377,31.780212857383962],[-106.3946523094846,31.781358958258114],[-106.39467698593954,31.781416103199568],[-106.39473960444151,31.781546237775483],[-106.39480992139528,31.781673470616479],[-106.39488775112984,31.781797470533316],[-106.39489508576712,31.781807847118714],[-106.3949273647346,31.782055933268101],[-106.39494710686299,31.78225372599481],[-106.39495410604648,31.78231457756474],[-106.3949762040385,31.782454003594054],[-106.39500660825516,31.782592283866137],[-106.39504523911519,31.782729057500106],[-106.39509199509979,31.782863968321628],[-106.39514675474176,31.782996662953938],[-106.39520937494207,31.783126797238157],[-106.39527969370887,31.783254029760851],[-106.39535752536617,31.78337802933369],[-106.3954426677637,31.783498471920485],[-106.39553490047018,31.783615045253303],[-106.39563398011917,31.783727442726214],[-106.39573965052836,31.783835371946953],[-106.39585163505991,31.783938551494231],[-106.39596964096849,31.784036712513331],[-106.39609336151319,31.784129598611603],[-106.39622247291199,31.784216967819919],[-106.39635663850486,31.784298591481424],[-106.396495508877,31.78437425605626],[-106.39663872204252,31.7844437658283],[-106.39678590313845,31.784506938394131],[-106.39693666895606,31.784563608965282],[-106.39709062576787,31.784613629570512],[-106.3972473715626,31.784656870755846],[-106.39740649896942,31.784693217818774],[-106.39756759152358,31.784722578235581],[-106.39773022839645,31.784744873279582],[-106.39789398600394,31.784760046088909],[-106.39805843763908,31.784768056253345],[-106.39822315266147,31.784768883475273],[-106.39838770277426,31.784762526353699],[-106.3985514745013,31.784749018923119],[-106.39924343013269,31.784676685071553],[-106.39940645522982,31.784656014913399],[-106.39956793990982,31.784628273877498],[-106.3997275557858,31.784593527135598],[-106.39974868124352,31.784587932452819],[-106.39957384062505,31.784685063546416],[-106.39933821873208,31.784824618773513],[-106.39910754167826,31.784970075089443],[-106.39888201073451,31.78512130666617],[-106.39866182451189,31.785278179661329],[-106.39844717721695,31.785440557736017],[-106.39823825716638,31.785608295791498],[-106.39803524634382,31.785781249043669],[-106.39783832512964,31.785959264641182],[-106.39764766515199,31.786142185640657],[-106.39746343357335,31.786329851699424],[-106.39728579309046,31.786522099075356],[-106.39711490063279,31.786718757070275],[-106.39695090356638,31.78691965455468],[-106.39679394889407,31.787124614985522],[-106.39664417275345,31.787333457831725],[-106.39650170787233,31.787545999109792],[-106.3963666773535,31.787762053502306],[-106.39623920287947,31.787981430330316],[-106.39614363364726,31.788161287308004],[-106.39612173123359,31.788204809517772],[-106.3959031811727,31.78861677252053],[-106.39586627748712,31.788687181060745],[-106.39575423922851,31.788912622477874],[-106.39565007136811,31.789140800523288],[-106.39555386423555,31.789371515205662],[-106.39553312176285,31.789424274095445],[-106.3953260135595,31.78995699432015],[-106.39525208760938,31.790155406628813],[-106.39518391461202,31.790355868427572],[-106.39512155128165,31.790558212949009],[-106.39506504949932,31.790762271859435],[-106.39488910250482,31.791436017048909],[-106.39486718117234,31.79152211781237],[-106.39481190730712,31.791762436073846],[-106.3947649955518,31.792004047302601],[-106.39472648668257,31.792246739470436],[-106.39470687947463,31.792397381790291],[-106.3946599006259,31.792791172865062],[-106.39463911716506,31.792988919965559],[-106.39462389088854,31.793187172401872],[-106.39460762582978,31.79344670912905],[-106.39459867184183,31.793626048726917],[-106.39459428180908,31.793805558038308],[-106.39459445857148,31.793985120935417],[-106.3945992020147,31.794164621255778],[-106.39461070738055,31.794458456493775],[-106.39360953698349,31.794464131069329],[-106.39358895418145,31.794059344563674],[-106.39357866306702,31.793657988807894],[-106.39351691625735,31.793383556968848],[-106.39343801709322,31.79318802511516],[-106.39325963645265,31.792810681528561],[-106.3931292811189,31.792505377487277],[-106.39304352243539,31.792090298990036],[-106.39302401151161,31.791832162510378],[-106.39264881182281,31.791816081805386],[-106.39225753316191,31.791837522621755],[-106.3918555343914,31.791891121905479],[-106.37877715997327,31.793617038215288],[-106.37895319361088,31.7946576832224],[-106.37895940084945,31.794849835382198],[-106.3788039606199,31.795584154129134],[-106.37868067987951,31.795889674093335],[-106.37857348181734,31.796087992456261],[-106.3784287610188,31.796232712923622],[-106.37824652120912,31.796329193367892],[-106.37802140264401,31.796398872260696],[-106.37695476490917,31.796538232812953],[-106.37656884522922,31.796602552320106],[-106.37630620499191,31.79657575180892],[-106.3759953260156,31.79648463307624],[-106.37572732668981,31.79642567285342],[-106.37548612682237,31.796414952554315],[-106.37258637335312,31.796827672298104],[-106.37270272158732,31.797461965613316],[-106.37275253168148,31.797733510111556],[-106.37067285738644,31.798039030154147],[-106.37066213769823,31.798253428860797],[-106.34811400163137,31.797164010615592],[-106.3479213778367,31.799952881125602],[-106.34334863694812,31.799718380798428],[-106.34344913668848,31.797926135168815],[-106.34138889096226,31.798185759289009],[-106.34120464116559,31.797130510943774],[-106.3393757109683,31.797368859297066],[-106.33933861863764,31.797174012312329],[-106.33928423407208,31.796933546333683],[-106.33922152856687,31.796694562577205],[-106.33915055977076,31.796457270932077],[-106.33907138943466,31.796221879274334],[-106.33898408664116,31.795988594213064],[-106.33888872892183,31.795757621941068],[-106.33878539984023,31.795529163827418],[-106.33867418929523,31.7953034209288],[-106.3385551955125,31.795080592081188],[-106.33842852280969,31.794860872199457],[-106.33829428389147,31.794644454880192],[-106.33815259544134,31.794431529902678],[-106.33800358135164,31.794222283975692],[-106.3378473748967,31.794016901535912],[-106.33768411009953,31.793815562456423],[-106.33751393353414,31.793618444182947],[-106.33733699246207,31.79342571869552],[-106.33715344352672,31.793237555702589],[-106.336963446293,31.793054121147954],[-106.33676717058177,31.79287557594553],[-106.33656478584471,31.79270207559577],[-106.33635647097593,31.792533774230488],[-106.33614240966085,31.792370818504395],[-106.33592278956307,31.792213351256276],[-106.3356978023243,31.792061511509083],[-106.33546764772913,31.791915433360284],[-106.33523252606771,31.791775242736076],[-106.33499264396421,31.791641065252367],[-106.33474821271321,31.791513017244437],[-106.33449944764847,31.791391212134375],[-106.33424656566621,31.791275755121678],[-106.3339897899364,31.791166750193621],[-106.33372934500932,31.791064290408347],[-106.33346546065309,31.79096846766398],[-106.33319836819886,31.790879365636179],[-106.33292830171891,31.790797061531155],[-106.33265549926502,31.790721628740314],[-106.33238019945729,31.790653133387131],[-106.33210264477454,31.790591635976071],[-106.3318230793204,31.790537189691861],[-106.3315417468325,31.790489842307672],[-106.33125889596437,31.790449635926034],[-106.33097477488241,31.79041660543362],[-106.33068963238365,31.790390779351462],[-106.33040371913378,31.790372182490287],[-106.33011728612615,31.790360828783918],[-106.32983058522815,31.790356729409865],[-106.32954386881711,31.7903598873758],[-106.32925738685441,31.790370301283779],[-106.32897139180353,31.790387959657934],[-106.32868613600752,31.790412849220022],[-106.32840186797368,31.790444946924612],[-106.32829657436355,31.790458700924869],[-106.31796055370421,31.791858169263492],[-106.30399405480451,31.793695741766442],[-106.30140490594344,31.793986428872962],[-106.30125810368072,31.794003886806919],[-106.30118179350411,31.794013736708774],[-106.28841719460426,31.795705211995834],[-106.28399742757802,31.79627593225511],[-106.28395916621969,31.796280938664765],[-106.28340069166623,31.796354995520574],[-106.28333333472249,31.796364135457221],[-106.28171792197183,31.796588303385079],[-106.27828741696666,31.797032974881738],[-106.27825511105503,31.797037209252633],[-106.27277778670013,31.797763169511711],[-106.2713431113653,31.797952099216403],[-106.27133117084858,31.797953677754101],[-106.26822439664066,31.798366137912108],[-106.26802257195243,31.798394799627825],[-106.26796182099581,31.798404161902148],[-106.26584374718595,31.798736536268734],[-106.26562290019218,31.798773462253994],[-106.26534303155628,31.798826856714395],[-106.26506513841154,31.798887309340042],[-106.26478946415935,31.798954767594008],[-106.26451625072632,31.799029172676637],[-106.26424573956159,31.799110458571864],[-106.26397816647409,31.799198554108141],[-106.26371376691586,31.79929338270183],[-106.26345277374868,31.799394860655358],[-106.26319541525179,31.799502899063992],[-106.26294191817107,31.799617401857581],[-106.26269250479018,31.799738269563267],[-106.26244739380709,31.799865396547187],[-106.26220680127037,31.7999986691588],[-106.26197093789045,31.800137973102576],[-106.26174001154881,31.800283183359173],[-106.26151422373221,31.800434174315324],[-106.26129377327869,31.800590812340449],[-106.26107885462477,31.800752961302937],[-106.26086965632906,31.800920476305009],[-106.2606663606155,31.801093212756903],[-106.26046914811616,31.801271017999891],[-106.26027819071555,31.80145373527391],[-106.26009365583683,31.801641204414878],[-106.25991570644146,31.80183326185465],[-106.25974449973303,31.802029737062679],[-106.25958018335075,31.802230459067218],[-106.25942290457836,31.802435251482418],[-106.25927279983846,31.802643933922923],[-106.25913000214844,31.802856322547424],[-106.25899463490084,31.803072232170457],[-106.2588668200757,31.803291472243362],[-106.25874666685844,31.803513851026796],[-106.25863428308152,31.803739172320398],[-106.25852976695202,31.803967238579144],[-106.25843320910444,31.804197849908807],[-106.25836348433391,31.804381353117559],[-106.25840752838955,31.807457031796673],[-106.25121832538504,31.808395141933659],[-106.25120716300054,31.807550341477441],[-106.25119735653131,31.806801834996254],[-106.25074242308911,31.806809913937837],[-106.25073987827236,31.806631251939248],[-106.25027343562337,31.806639525354363],[-106.25027500806007,31.806759806427351],[-106.24990699871839,31.806643185578611],[-106.24990528556692,31.806509472936508],[-106.24988214296187,31.804700732618528],[-106.24976245594048,31.80470197655503],[-106.24947592164339,31.804712213529495],[-106.24918986820035,31.80472969523591],[-106.24890454800367,31.804754408552],[-106.24862020961817,31.804786330585802],[-106.24833710342315,31.804825433833766],[-106.24805547820385,31.80487168272505],[-106.24777558151078,31.804925039035165],[-106.24749765912132,31.80498545376523],[-106.24722195446205,31.805052874411682],[-106.2469487094865,31.80512724220771],[-106.24667816567141,31.805208491170212],[-106.24641055885445,31.805296550159849],[-106.24614612451708,31.805391342625196],[-106.24588509555171,31.805492784900444],[-106.24562770026893,31.805600788112098],[-106.24537416544717,31.805715256220978],[-106.24512471340306,31.805836089784631],[-106.24487956286815,31.805963183199133],[-106.24463892992642,31.806096422843577],[-106.24440302532314,31.806235694451281],[-106.2441720569765,31.80638087303133],[-106.24394622640968,31.806531832998164],[-106.24372573249852,31.806688440748534],[-106.2435107697175,31.806850560177438],[-106.24330152666424,31.807018046413059],[-106.2430981856016,31.807190754890673],[-106.24290092720169,31.807368532976348],[-106.2427099233894,31.807551223933775],[-106.24252534162849,31.807738667621937],[-106.24234734492147,31.80793070049506],[-106.24217609051389,31.808127152044403],[-106.24201172608642,31.808327851318602],[-106.24185439896495,31.808532621952153],[-106.24170424561484,31.808741283578627],[-106.24156139909604,31.808953652375099],[-106.24142598284382,31.809169543173233],[-106.24129811888152,31.809388765441376],[-106.24120145279311,31.809567588238231],[-106.24128445407366,31.809974796862573],[-106.24590414733355,31.80936624950057],[-106.24591696714168,31.810347100685082],[-106.245922677713,31.812921403637088],[-106.24672837293494,31.812902461569688],[-106.24674903275549,31.81456218257356],[-106.24443177443919,31.814561448789298],[-106.24439773021888,31.81294534390786],[-106.24364267571634,31.812944325280121],[-106.24126401892528,31.812934704992799],[-106.24049619095472,31.812931588038996],[-106.24034630315816,31.812930981313286],[-106.24034610735487,31.812940516891217],[-106.24034613166273,31.812992344510143],[-106.24035862487922,31.816006279910582],[-106.24036897558319,31.818504010433784],[-106.23422923868796,31.818528192047985],[-106.23418160017822,31.818528485435419],[-106.23428329737527,31.826797041205751],[-106.24449788939886,31.826756649261782],[-106.24896491276441,31.826737039163529],[-106.24895793151832,31.825087727786194],[-106.25008477307021,31.825083186461502],[-106.25006594672678,31.820650216907545],[-106.25004611714586,31.815981874039764],[-106.25003331493251,31.812967935903394],[-106.25684204731112,31.812994902777611],[-106.25689561490309,31.81898216386077],[-106.25690803611701,31.820593355445478],[-106.26164305414736,31.820549759552435],[-106.26172993880887,31.826736937606896],[-106.26235382564731,31.826736830116285],[-106.26216099718822,31.813015723137756],[-106.26773314044503,31.813039227800346],[-106.26762730919781,31.811627908016995],[-106.26760211773698,31.806869457691899],[-106.269720373463,31.806537056007514],[-106.27282741276085,31.806124563554835],[-106.27426714506642,31.805934969742697],[-106.27974899900933,31.80520840917195],[-106.2848950180222,31.804526136656261],[-106.28545353335959,31.804452072038039],[-106.28989193027942,31.803878947550306],[-106.30267562501328,31.802184945058915],[-106.3053708325823,31.801882346983128],[-106.31946451256881,31.800028045022483],[-106.32982169588223,31.798625715245716],[-106.3299381678025,31.80459011018295],[-106.33009514199266,31.812855307107743],[-106.33039201399752,31.827489688302293],[-106.33042318247716,31.828541730428739],[-106.3304389440484,31.8290125216974],[-106.330644083932,31.838997160003014],[-106.33068938309752,31.8413684055649],[-106.3373683778739,31.841349717283457],[-106.35088130180316,31.840688110580128],[-106.36545152675806,31.830288126737308],[-106.38001853540017,31.819886465754536],[-106.39398784044734,31.819668942751065],[-106.39580406727347,31.819642171812603],[-106.39648966214472,31.819624003126307],[-106.39975996991349,31.819576226965928],[-106.40057924058269,31.819565568554069],[-106.40158247379148,31.81954357315459],[-106.40254632888193,31.819534421060951],[-106.40319906761444,31.819528757042821],[-106.40344086756514,31.827947075805962],[-106.41729854883667,31.827655788888645],[-106.42160583179064,31.827578927035251],[-106.42163061201907,31.827984641137455],[-106.42929042094894,31.827892696750702],[-106.42938768016002,31.834455839115321],[-106.42480176222099,31.841568935179339],[-106.42261722882859,31.84513934491552],[-106.41540836235755,31.856443186038781],[-106.41131502261447,31.862860329872401],[-106.40996462809591,31.864997578836441],[-106.40670237299133,31.870160232736183],[-106.40621269785751,31.870931984318535],[-106.39770218093403,31.884454556124481],[-106.389303396955,31.897659676214523],[-106.38851168237939,31.898870468175438],[-106.38413511744884,31.905858549701076],[-106.37901030319135,31.913907116845618],[-106.37131391535279,31.926042483720977],[-106.36361554272332,31.938177340377724],[-106.3627280719211,31.939377761473079],[-106.36014020438955,31.942804765136863],[-106.35845283379301,31.945513671319564],[-106.35659257614617,31.948466039563275],[-106.35089797079996,31.95750208370233],[-106.34903846417878,31.96053399902188],[-106.34376379281235,31.969057475180715],[-106.33340029046224,31.985253129816339],[-106.3230332188528,32.001447856700672]],[[-106.42775181326115,31.825962575654842],[-106.42725599346593,31.826026862889908],[-106.42682725663524,31.826082451817665],[-106.42662545211952,31.826108617361957],[-106.42536024765644,31.826124687162867],[-106.42536039316599,31.826129536659327],[-106.42507236611904,31.826133192841763],[-106.42297142838908,31.826159844484099],[-106.42151416092763,31.826161122469106],[-106.41917187601283,31.826190838074748],[-106.41894991748039,31.826187719766335],[-106.4189005549494,31.826188486336843],[-106.41880966118957,31.82618216804924],[-106.41875466093514,31.826179216295106],[-106.41865327384374,31.826173773499274],[-106.41842790955737,31.826165038990361],[-106.41821530334876,31.826155707030477],[-106.41791258059507,31.826128562925895],[-106.41782368449097,31.826117780399631],[-106.41774364203962,31.826108074059697],[-106.41771653985805,31.826106190277379],[-106.4175144576172,31.826103472062584],[-106.41730486813154,31.826100654103286],[-106.41693664359057,31.826098596252169],[-106.41688145770337,31.82609956003073],[-106.41505537358788,31.826131448030576],[-106.4117737619023,31.826195176082763],[-106.41127838902121,31.826204796790144],[-106.41055918900717,31.826218763461071],[-106.41051536812742,31.826219614699049],[-106.40988516385643,31.826230975060081],[-106.40986613844117,31.826229469917539],[-106.40976547081513,31.826231339660595],[-106.40963627131677,31.82623321529611],[-106.4092677827618,31.826182109183115],[-106.40845572570902,31.826069485606105],[-106.40786152748102,31.825899714448727],[-106.40744892031236,31.825781825913463],[-106.40654809354032,31.825380618275233],[-106.40593492438238,31.825002118479528],[-106.40547315678093,31.824555491054031],[-106.40519306671972,31.82422241109014],[-106.40492712438592,31.823716518219808],[-106.4048892636406,31.822353976055723],[-106.40486615672485,31.821522390249779],[-106.40473945403927,31.816413268376625],[-106.40467909366664,31.81268579002521],[-106.40457399336429,31.807016565568155],[-106.40448847057164,31.802415015407391],[-106.40452483344544,31.802413319014889],[-106.40452790335473,31.799541797622929],[-106.40452903279528,31.798479088040651],[-106.40452230030954,31.79662112365369],[-106.40450886459023,31.795570106659813],[-106.40433091701243,31.7945377721101],[-106.40429432487478,31.794280698949265],[-106.40427911301815,31.793893235515188],[-106.40429535046829,31.793633697660518],[-106.40451817221533,31.792566144609321],[-106.40472523643697,31.79203341178895],[-106.40497505373389,31.791556496449729],[-106.4062025510223,31.791928678445682],[-106.40738346006074,31.792314035098137],[-106.4096607901852,31.793017088312105],[-106.40968767716772,31.791193340225867],[-106.40968581789664,31.791066786761967],[-106.41440359501587,31.791089811526497],[-106.41644459221602,31.791077978580358],[-106.41648562564679,31.79107774015862],[-106.41640267375092,31.78936941294867],[-106.41502328005957,31.789327307611764],[-106.41476380185425,31.789319387552393],[-106.41476375149612,31.789318757272316],[-106.41449703267232,31.789308104147537],[-106.41449558030364,31.789138719070987],[-106.41448955555336,31.789068312476932],[-106.41497398252451,31.789081063249927],[-106.41646201632759,31.789127127593915],[-106.41691217277663,31.789120320027763],[-106.41751637255786,31.78911006649534],[-106.41763069800014,31.789095623403547],[-106.41773303138557,31.789106237814931],[-106.4183103185749,31.789095760795707],[-106.41831028178055,31.789090913996045],[-106.41926726634493,31.789100711384155],[-106.41995243188506,31.789103617836155],[-106.420019667413,31.789103902658681],[-106.42035826154051,31.789286162581991],[-106.42596846439911,31.79230605981499],[-106.42623786814956,31.792499921913336],[-106.43071507525303,31.794954387330261],[-106.4306972248537,31.79701449749135],[-106.43129221062544,31.797005885814436],[-106.43224535944356,31.797840930358529],[-106.43534563636833,31.800591012422618],[-106.43554985251659,31.800772162010809],[-106.43609390157796,31.801262103862918],[-106.43609976820348,31.801262126387734],[-106.43610010801896,31.801262429912022],[-106.43688618242835,31.802098215409835],[-106.43730016483494,31.80189713877439],[-106.43959812793099,31.801240055861225],[-106.44082102205569,31.801301765215634],[-106.4408710131711,31.801613192204275],[-106.44130180575611,31.804296830579219],[-106.44118197640755,31.806698723769507],[-106.44108051077083,31.80743870979612],[-106.44085968600257,31.809049167446737],[-106.44046342704449,31.810508158478996],[-106.43999243804119,31.811126670182972],[-106.43959544946134,31.811599278955203],[-106.43912913537741,31.812128550635919],[-106.43869376801173,31.812166779077685],[-106.43869628009664,31.812385733647737],[-106.43867592659585,31.812392572388688],[-106.43868420685567,31.812633891920338],[-106.43870039212001,31.812633721101289],[-106.4387048422502,31.812824979001455],[-106.43938575464462,31.812801357307286],[-106.43943293279602,31.812799720150107],[-106.43981748318896,31.813591726223695],[-106.43988135598768,31.813696100197372],[-106.44022522293187,31.814258016033815],[-106.44037244373368,31.814277812832302],[-106.44038911984876,31.814374948760381],[-106.44042271282515,31.814586079280005],[-106.44054053124729,31.815326579113741],[-106.4404046012463,31.815875345657059],[-106.44013300912536,31.816871381505464],[-106.4398984395234,31.81733697619763],[-106.43945277059832,31.81822156112635],[-106.43925591210193,31.818612679429997],[-106.43896689511647,31.819070917046105],[-106.43840148001364,31.819967363191338],[-106.43824609696374,31.820213714963586],[-106.43794927261246,31.820684312014851],[-106.43764726622862,31.821163112108838],[-106.43724930605974,31.821794037161663],[-106.43666785146534,31.822715854685654],[-106.43499432334515,31.825368887743384],[-106.43312627202053,31.825403326398497],[-106.43150629700658,31.825426036613404],[-106.43031781194455,31.825516876593817],[-106.42909147618161,31.825653135286011],[-106.42775181326115,31.825962575654842]],[[-106.3480535450493,31.815570849753872],[-106.35737673375688,31.823679208147048],[-106.35760079232969,31.823867942537181],[-106.34559467398029,31.832497589625508],[-106.34023239466845,31.832579814942576],[-106.34010447007003,31.828770867150798],[-106.34008912013718,31.82831367260663],[-106.34005922213393,31.82730806633662],[-106.3397616187234,31.812711368739102],[-106.33967993098001,31.808433528107027],[-106.3480535450493,31.815570849753872]],[[-106.39381119458167,31.81140122310816],[-106.39380105558901,31.811401377638457],[-106.38975568976799,31.811464525922393],[-106.39245116259269,31.809525486756716],[-106.39488796154873,31.807793509804664],[-106.39487947392985,31.811385482141656],[-106.39381119458167,31.81140122310816]],[[-106.39484322754817,31.798482726966309],[-106.39484263591525,31.79899079990156],[-106.39456318605583,31.798995680006417],[-106.39423386900035,31.798999110901253],[-106.39404519625262,31.798968236394863],[-106.39381536073813,31.798861895232896],[-106.39361639749728,31.798721248828915],[-106.3934688902138,31.798560019897568],[-106.39337627028485,31.798402222562487],[-106.3933351047576,31.798223842139535],[-106.39335568794067,31.797963131823984],[-106.39344678914696,31.797735377910467],[-106.39353501672331,31.797633873876752],[-106.39373529800001,31.797476005570029],[-106.39379645159057,31.79743702596069],[-106.3948341871026,31.796861976377031],[-106.39483751932154,31.796860193596885],[-106.39484322754817,31.798482726966309]]],[[[-106.41930975291584,32.001115175815755],[-106.42900490077744,32.001060594771239],[-106.42901903958139,32.000633327583273],[-106.42901977871523,32.000606285736374],[-106.42902032326946,32.000553785489842],[-106.42902020162026,32.000403526753047],[-106.42901847300753,32.000315342958167],[-106.42900886115864,32.000174893981765],[-106.42899084662392,32.000035046340976],[-106.42896447567958,31.999896165249606],[-106.42892981776737,31.999758612958303],[-106.42888696331548,31.999622747957432],[-106.4288360237378,31.999488924977594],[-106.42877713236858,31.999357493132429],[-106.42871044222159,31.999228794219867],[-106.42863612835377,31.99910316622562],[-106.42855438407163,31.998980934459656],[-106.42846542254519,31.99886241962303],[-106.42836947625224,31.998747929689003],[-106.42826679622804,31.998637764466125],[-106.42815764851888,31.998532210343743],[-106.42804231866334,31.998431543690344],[-106.42792110814634,31.998336025598405],[-106.42779433258988,31.998245906500824],[-106.42766232250361,31.998161421607726],[-106.42752542322285,31.998082790004396],[-106.42738399092136,31.998010218470654],[-106.42723839535508,31.997943895008103],[-106.42708901593657,31.997883993561373],[-106.42693624248543,31.997830669455148],[-106.42678047335809,31.99778406310794],[-106.42662211401908,31.997744294672124],[-106.42646157946774,31.997711468439263],[-106.42629928770104,31.99768567044984],[-106.42613566183185,31.997666968387733],[-106.42597112884536,31.997655408926679],[-106.42580611797602,31.997651025052541],[-106.42577549769922,31.997651001769075],[-106.41185831517851,31.997695835747766],[-106.41186872310431,31.992578232636827],[-106.41186847362424,31.992538874963614],[-106.41183051382221,31.989962492528296],[-106.42458307433242,31.989889623936602],[-106.42462553214651,31.989889140895979],[-106.42479043930439,31.989882750600135],[-106.42495474887664,31.989869190631023],[-106.42511803117151,31.989848499531643],[-106.42527986053754,31.989820728319526],[-106.42543981510772,31.989785952266782],[-106.42559747711799,31.989744260022213],[-106.4257524355185,31.989695760722725],[-106.42590428684724,31.989640581234507],[-106.42605263311376,31.989578866258007],[-106.42619708796494,31.989510775305625],[-106.42633727487758,31.989436487317857],[-106.42647282784621,31.989356195197225],[-106.42660339374773,31.989270109311793],[-106.42663967507949,31.989243556394491],[-106.43365938264232,31.989281201808268],[-106.43374419320124,31.989280705667458],[-106.4339090986723,31.989274303758059],[-106.4340734058665,31.989260732215882],[-106.43423668509864,31.98924002961418],[-106.43439851072492,31.98921224700041],[-106.43455846088837,31.989177459676519],[-106.43471611783625,31.989135756320671],[-106.43487107053184,31.989087246098705],[-106.43502291552834,31.989032055905355],[-106.4351712548515,31.988970330468987],[-106.43531570216658,31.988902229329415],[-106.43545588096987,31.988827931453528],[-106.4355914252771,31.988747629769726],[-106.43572198198781,31.988661534671067],[-106.43584720951803,31.988569869556802],[-106.43596678234331,31.98847287513237],[-106.4360803873909,31.988370803252163],[-106.43618772852089,31.988263920317355],[-106.43628852646455,31.988152506373329],[-106.43638251745639,31.98803685065149],[-106.43646945566056,31.987917255974644],[-106.436549115975,31.987794033185736],[-106.43662129004458,31.987667504967042],[-106.43668578906546,31.987538000268824],[-106.43674244515243,31.98740585876774],[-106.43679111078225,31.987271422747032],[-106.43683165829098,31.987135045268385],[-106.43686398243105,31.986997080992452],[-106.43688799850123,31.986857889892697],[-106.4369036443393,31.98671783534563],[-106.43691087913949,31.986577282379145],[-106.4369114144078,31.986521719708499],[-106.43691100123105,31.986333716514554],[-106.43690927027936,31.986248594472492],[-106.43689964808571,31.986108145338683],[-106.43688162451335,31.985968298055745],[-106.43685524586216,31.985829417836545],[-106.43682058159393,31.985691866929422],[-106.43677772215335,31.985556003821205],[-106.43672677896741,31.985422183237414],[-106.43666788537973,31.985290754285536],[-106.43660119440983,31.985162058755943],[-106.43652688111683,31.985036434625485],[-106.43644513880561,31.984914207194045],[-106.4363561806413,31.984795697151416],[-106.43626023909256,31.984681212458245],[-106.43615756518228,31.984571052909441],[-106.43604842494113,31.984465504879644],[-106.43593310388815,31.984364844721355],[-106.43581190348496,31.984269333510092],[-106.43568513932746,31.984179221660806],[-106.43555314189553,31.984094744364764],[-106.43541625649127,31.984016120687389],[-106.43527483925249,31.9839435573878],[-106.43512925989563,31.983877242446109],[-106.43497989779112,31.983817349784744],[-106.43482714271325,31.983764034705466],[-106.43467139297067,31.983717437603222],[-106.43451305397738,31.983677678606281],[-106.43435254067938,31.98364486198161],[-106.43419027101837,31.983619073744556],[-106.4340266680496,31.983600381553575],[-106.43386215869837,31.98358883205665],[-106.4336971721377,31.983584458213638],[-106.4336754266002,31.983584417409151],[-106.42922072403499,31.983588783270402],[-106.42918891044891,31.983561010311121],[-106.42916152637618,31.982150015196737],[-106.43372259742679,31.982079662068209],[-106.43372863060813,31.982079563822897],[-106.43389352345601,31.982073161916109],[-106.43405781807419,31.982059590357174],[-106.43422108481009,31.982038887719387],[-106.43438289805259,31.982011105050301],[-106.43454283597703,31.981976317652016],[-106.4347004808625,31.981934614202864],[-106.43485542170404,31.981886103869062],[-106.43500725508532,31.981830913545458],[-106.43515558306294,31.981769187960865],[-106.43530001933139,31.981701086655423],[-106.43544018741582,31.981626788596522],[-106.43557572136012,31.981546486713057],[-106.43570626809064,31.981460391398524],[-106.43583148604951,31.981368726052732],[-106.43595104973731,31.981271731381781],[-106.43606464610514,31.981169659240731],[-106.43617197903581,31.981062776031408],[-106.43627276928164,31.980951361799828],[-106.43636675309767,31.980835705778311],[-106.4364536846665,31.980716110790418],[-106.43653333890339,31.980592887679812],[-106.43660550746908,31.980466359129544],[-106.43667000157414,31.980336854090957],[-106.43672665334611,31.980204712241541],[-106.43677531527304,31.980070275865273],[-106.43681585970059,31.97993389802496],[-106.43684818138942,31.979795933382196],[-106.43687219564453,31.979656741911302],[-106.43688784030832,31.979516686989776],[-106.43689507457835,31.979376133646483],[-106.43689560931281,31.979320578998596],[-106.43687925974255,31.971868379014516],[-106.43687752958792,31.971783248342128],[-106.43686790892117,31.971642798450517],[-106.4368498881673,31.971502950410965],[-106.43682351361888,31.971364069438422],[-106.43678885472708,31.971226517783148],[-106.43674600192239,31.971090653933906],[-106.43669506661452,31.970956832618267],[-106.43663618212665,31.970825402945433],[-106.43656950145449,31.970696706707827],[-106.43649519963016,31.970571081884042],[-106.4364134699287,31.970448853775743],[-106.43632452548229,31.970330343074618],[-106.4362285987239,31.970215857742875],[-106.43612594063772,31.970105697577196],[-106.43601681721317,31.970000148953812],[-106.43590151392551,31.969899488226655],[-106.43578033218992,31.969803976472861],[-106.43565358755363,31.969713864108762],[-106.43552161044563,31.969629386326933],[-106.43538474611493,31.969550762194018],[-106.43524335064433,31.969478198470409],[-106.43509779369353,31.969411883137312],[-106.43494845457454,31.969351990118078],[-106.43479572300171,31.969298674715496],[-106.43463999722223,31.969252077325368],[-106.43448168258799,31.969212318076647],[-106.43432119398086,31.969179501236919],[-106.4341589492785,31.96915371282218],[-106.4339953714711,31.969135020491301],[-106.43383088741813,31.96912347089263],[-106.43366592622669,31.969119096986326],[-106.43363743434212,31.9691190688057],[-106.42540168927702,31.969141685806171],[-106.42526517210624,31.96914451558764],[-106.42510054670092,31.969154495304814],[-106.42493673409258,31.969171626387865],[-106.42477416025976,31.969195865044487],[-106.42461325094521,31.969227148486706],[-106.424454425245,31.969265394344031],[-106.42429809691392,31.969310504219365],[-106.42414467399578,31.969362358276005],[-106.42399455832076,31.969420823409571],[-106.4238481396589,31.96948574539126],[-106.42370580044735,31.969556955874658],[-106.42356791236857,31.969634268944617],[-106.42343483435786,31.969717483026638],[-106.42330691465799,31.969806379879298],[-106.42318448689478,31.969900729315089],[-106.42306786976862,31.970000284689615],[-106.4229573672398,31.970104785607539],[-106.42285326865152,31.970213959727047],[-106.42275584443497,31.970327522067464],[-106.42266534940795,31.970445176655851],[-106.42258202065722,31.97056661663186],[-106.42250607342909,31.970691526262058],[-106.42243770829067,31.970819576963397],[-106.42237710222075,31.970950436797317],[-106.42232441241178,31.971083763944613],[-106.42227977869423,31.971219211110686],[-106.42224331594282,31.971356423187057],[-106.42221511986097,31.971495044205554],[-106.42219526337414,31.971634711180958],[-106.42218379917709,31.97177506032072],[-106.42218075749385,31.971915725326021],[-106.42218163336254,31.971963207477717],[-106.42239726823536,31.979510204966086],[-106.42250023999591,31.983972132126439],[-106.40987946408158,31.984041333492602],[-106.4098218985346,31.984018236728492],[-106.40966915739394,31.983964891976136],[-106.4095134197854,31.983918264618392],[-106.409355091092,31.983878474862117],[-106.40919458623242,31.983845627055025],[-106.40903232312647,31.983819807293521],[-106.40886872481222,31.983801083318337],[-106.40870421820317,31.983789501860425],[-106.40853923246472,31.983785095963015],[-106.40849842083156,31.983785113924402],[-106.40833674182954,31.983786056632578],[-106.40821251820876,31.983788816761468],[-106.40804786536678,31.983798774740901],[-106.40788402415198,31.983815884154339],[-106.40772142061705,31.98384010126577],[-106.40756048058243,31.983871363343663],[-106.4074016232243,31.983909588073111],[-106.40738612452148,31.983914057230756],[-106.39283318720587,31.983914619485727],[-106.39281046995089,31.983907814565267],[-106.39265214834234,31.98386800438621],[-106.39249164933521,31.983835135875523],[-106.39232939083402,31.98380929518364],[-106.39216579586474,31.983790550105773],[-106.3920012913326,31.98377894742794],[-106.39183630639684,31.983774520248755],[-106.39180717296701,31.9837744844762],[-106.39013904799985,31.983778850100396],[-106.37466346346045,31.983836904908745],[-106.37453211686916,31.98383966600472],[-106.37436746038038,31.983849581156708],[-106.37420361295862,31.983866647953274],[-106.37404100067245,31.983890822769315],[-106.37388004936498,31.983922042984009],[-106.37372117824208,31.98396022639151],[-106.37356480117616,31.984005274757461],[-106.37341132633949,31.984057068405697],[-106.37326115569653,31.984115474390038],[-106.37311467916143,31.984180338635262],[-106.37297227932181,31.984251492945752],[-106.37283432801841,31.984328751553072],[-106.37270118435124,31.984411913024424],[-106.37257319673515,31.984500759256107],[-106.37245069897207,31.98459506019265],[-106.37233400994535,31.984694569315788],[-106.37222343380296,31.984799026350871],[-106.37211926008011,31.984908159070933],[-106.37202175940413,31.985021682602799],[-106.37193118679188,31.985139301075101],[-106.37184777953287,31.985260707722084],[-106.37177175307728,31.985385586896399],[-106.37170330820052,31.985513610095385],[-106.37164262208825,31.985644445451729],[-106.37158985214178,31.985777751209703],[-106.37154513840062,31.985913180131462],[-106.37150859594895,31.986050377155426],[-106.3714803206972,31.986188986353024],[-106.37146038577795,31.986328644769543],[-106.37144884409038,31.986468988635185],[-106.37144565488303,31.986591640142429],[-106.37144566408726,31.986668237504137],[-106.3714456761231,31.98681280248422],[-106.37144738416946,31.986915749201284],[-106.37145564668002,31.987018378022267],[-106.3714489073196,31.98710032976728],[-106.37144577204357,31.987238593057334],[-106.37153578679474,32.00051630837396],[-106.37154052301365,32.001215220510069],[-106.37553974032296,32.001215181505685],[-106.37635974046599,32.001275173548436],[-106.38828973939069,32.001295175838379],[-106.39198381993762,32.001363676906713],[-106.39227974509227,32.001335177670221],[-106.39423974711033,32.001355181134358],[-106.39469974700739,32.001355174377458],[-106.39553974811709,32.001355179601497],[-106.40213974479975,32.001275178993488],[-106.40518974245661,32.001235178650902],[-106.40682974983642,32.001235175248873],[-106.40856836969319,32.001305111599287],[-106.40904914322353,32.001307488079838],[-106.41070975395898,32.001225178572312],[-106.41555268483695,32.00127685904895],[-106.41641975403444,32.001155176368314],[-106.41930975291584,32.001115175815755]]],[[[-106.45036515583337,31.983953904523048],[-106.45020132205748,31.98397106747813],[-106.45003872916091,31.983995337725865],[-106.44987780293651,31.98402665239545],[-106.44971896252419,31.984064929035068],[-106.44956262171732,31.984110069167421],[-106.44940918859183,31.984161952876846],[-106.44925906500526,31.984220446981329],[-106.44911264074769,31.984285397176762],[-106.44897029827102,31.98435663504312],[-106.44883240926637,31.984433974593717],[-106.44869933267138,31.984517214185065],[-106.44857141672496,31.984606135509036],[-106.44844899504355,31.984700508314326],[-106.44833238631163,31.984800085895554],[-106.44822189446714,31.984904607799741],[-106.44811780882583,31.98501380162984],[-106.44802039978497,31.985127382354197],[-106.44792992212264,31.985245053951701],[-106.44784661288081,31.985366509517384],[-106.44777068725485,31.985491433277616],[-106.44770234575489,31.98561949661196],[-106.44764176529873,31.985750367549215],[-106.44758910301168,31.985883704241342],[-106.44754449865283,31.986019159368418],[-106.4475080670196,31.986156377801478],[-106.44747990373506,31.986295003555632],[-106.4474600816384,31.98643467363344],[-106.44744865333519,31.986575024234103],[-106.44744564895579,31.986715689054922],[-106.44745107522021,31.986856301147885],[-106.44746491867528,31.986996493663966],[-106.44748714258021,31.987135900913309],[-106.44751769014384,31.987274159109109],[-106.44755648141033,31.987410907428256],[-106.44760341444102,31.987545789762731],[-106.44765836730754,31.987678452809959],[-106.44772119640712,31.98780855249354],[-106.44779173920494,31.987935747489857],[-106.44786980943636,31.988059706709432],[-106.44795520433019,31.988180106221055],[-106.44801491562285,31.988256780155123],[-106.45426181737342,31.995992429477866],[-106.45432277454728,31.996068379616872],[-106.45435507466635,31.996108515986144],[-106.45444006978137,31.996204945884305],[-106.45445441386764,31.996220882659038],[-106.45469491622266,31.996482752208141],[-106.45511057067995,31.997127670927515],[-106.45518747898268,31.997240571912812],[-106.45526996113115,31.99734946734289],[-106.457300976873,31.999897151590641],[-106.45734473006996,31.999950658747924],[-106.45744411146903,32.000063000418848],[-106.45755009585139,32.000170871018],[-106.45766240575807,32.000273989277723],[-106.45778074759363,32.000372086503496],[-106.45790481374334,32.000464906468522],[-106.45803427952109,32.000552207376828],[-106.45816880734245,32.000633760749814],[-106.45830804684849,32.000709353230697],[-106.45845163509209,32.000778789291211],[-106.45859919622792,32.000841886721155],[-106.45875034605777,32.000898480927582],[-106.45887292952673,32.000938146902065],[-106.46002689019525,32.000934543808874],[-106.46110530067868,32.000928730217872],[-106.4611668885033,32.000909437104617],[-106.46131873715176,32.00085421632469],[-106.46146707785915,32.000792461042884],[-106.46161152428655,32.000724330876707],[-106.46175169993299,32.000650004868774],[-106.46188723882236,32.000569676020902],[-106.46201778786845,32.00048355479688],[-106.46214300550683,32.000391864664266],[-106.46226256623963,32.000294846393629],[-106.46237615702508,32.000192751901764],[-106.46248348176064,32.000085847648755],[-106.46258426122058,31.999974413735412],[-106.46267823168745,31.999858739445521],[-106.46276514737892,31.99973912765034],[-106.46284478325171,31.999615889237216],[-106.46291693101469,31.999489346929074],[-106.4629814019323,31.999359829713359],[-106.4630380281932,31.999227677299078],[-106.46308666235133,31.999093231997936],[-106.46312717682537,31.99895684689595],[-106.4631594664539,31.99881887667361],[-106.46318344662551,31.998679681319963],[-106.46319905527174,31.998539624222499],[-106.463206251684,31.998399070415719],[-106.46320629661675,31.99830174272676],[-106.4631857404021,31.997287863836448],[-106.46297078128515,31.986683212864545],[-106.46296950238208,31.986639854669995],[-106.46295984123664,31.98649940749717],[-106.46294177884462,31.986359563865825],[-106.46291536160726,31.986220688979564],[-106.46288065908713,31.986083145072548],[-106.46283776182845,31.985947290613442],[-106.46278678135694,31.98581348030531],[-106.46272785111366,31.985682063228701],[-106.46266112421326,31.985553381143106],[-106.4625867758093,31.985427771990075],[-106.46250499929751,31.985305561030511],[-106.46241600793269,31.985187068911415],[-106.46232003426995,31.985072603546399],[-106.46221732941625,31.984962464679906],[-106.46210815948243,31.984856938633012],[-106.46199281006554,31.984756301700568],[-106.46187158270052,31.984660814897548],[-106.46174479305417,31.984570728575328],[-106.46161277167275,31.984486277858469],[-106.46147586392055,31.984407681742979],[-106.46133442599401,31.984335146916283],[-106.46118882766314,31.984268861283969],[-106.46103944834832,31.984208998692196],[-106.46088667786826,31.984155714364132],[-106.46073091457215,31.984109148614746],[-106.46057256390915,31.984069421490489],[-106.46041204085554,31.984036637174846],[-106.46024976337891,31.984010881599044],[-106.46008615455476,31.983992222336425],[-106.45992164132313,31.98398070594904],[-106.45975537265161,31.983976359546507],[-106.45153665518011,31.983944364806884],[-106.45069227405484,31.983941049266715],[-106.45052980445489,31.983943892735653],[-106.45036515583337,31.983953904523048]]]]},"properties":{"OBJECTID":1,"Shape_Length":287649.50603496039,"Shape_Area":138591255.21748734,"AREA_SQFT":1497999651.2435477,"AREA_ACRES":34389.340019365191,"AREA_SQMILES":53.73334378025811}}]
}