{
  "type" : "FeatureCollection",
  "features" : [{"type":"Feature","id":1,"geometry":{"type":"MultiPolygon","coordinates":[[[[-96.857845526455762,33.126307920300214],[-96.857999509170767,33.126362520107456],[-96.85815660570637,33.12641043180259],[-96.858316404648562,33.126451532584248],[-96.858478488757839,33.126485713065186],[-96.858642435767678,33.12651288542326],[-96.858807818568209,33.126532977984766],[-96.858974204011602,33.126545938809919],[-96.859141159380485,33.126551734944357],[-96.859188048258133,33.126552071116301],[-96.860309872251605,33.126553344583954],[-96.860358547678985,33.126553399668985],[-96.860478769077233,33.126551676699243],[-96.860645556144604,33.126543113343523],[-96.860811605894128,33.126527393751516],[-96.860976485159199,33.126504561766012],[-96.861139763535036,33.126474674849902],[-96.861301015280958,33.126437811359764],[-96.861459820485436,33.126394067863039],[-96.861615762920252,33.126343559086763],[-96.861768436570401,33.126286415363005],[-96.861917443335514,33.126222787091301],[-96.862062394286554,33.126152839347732],[-96.862202911689707,33.126076755547004],[-96.862338628086349,33.125994732902825],[-96.86246919043198,33.125906987044317],[-96.8625942570917,33.125813745619475],[-96.862713502009456,33.125715252008675],[-96.86282661473895,33.125611764421755],[-96.862933299522837,33.12550355135825],[-96.863033277286348,33.12539089617249],[-96.863126289038661,33.125274091733907],[-96.863212091459147,33.125153443934899],[-96.863290460298941,33.125029266351618],[-96.863361191301067,33.124901884782595],[-96.863424100474575,33.124771629124467],[-96.863479022746915,33.124638841470507],[-96.863525815487051,33.12450386716003],[-96.86356435623766,33.124367058338159],[-96.863594544920971,33.12422877220127],[-96.863616302826671,33.124089369165858],[-96.863629572611629,33.123949212868588],[-96.863634301415701,33.123813142883549],[-96.863636019617203,33.123513066507073],[-96.863640920569878,33.122656481609951],[-96.863641417273229,33.122569820025817],[-96.863645412922153,33.121870947793553],[-96.863653177523219,33.120512899394896],[-96.863653201706114,33.120507574859161],[-96.863649415411402,33.120367010228797],[-96.863637104269401,33.120226791889365],[-96.863616301056041,33.120087285627825],[-96.863587060094176,33.119948855034771],[-96.86354945725283,33.119811861504253],[-96.863528584947019,33.11975033569081],[-96.863528993494157,33.119727086247281],[-96.863540596112074,33.119067419506145],[-96.863540941248786,33.119034605182556],[-96.863537155184034,33.118894040398715],[-96.863524844406783,33.118753821898871],[-96.863504041691996,33.118614315470424],[-96.863474801361235,33.118475884704374],[-96.863437199281876,33.118338890995275],[-96.863391334000312,33.118203691761465],[-96.863337324657351,33.118070638588307],[-96.863275313011002,33.117940080890641],[-96.863205460522835,33.1178123568085],[-96.863127949155853,33.117687801357377],[-96.863042981648746,33.117566738304099],[-96.862950780290305,33.1174494846545],[-96.862851583883653,33.117336345160609],[-96.862745651915631,33.117227616034107],[-96.862633261520614,33.117123579453313],[-96.862514705183159,33.117024508025537],[-96.862390291962569,33.116930660299346],[-96.862260347523844,33.116842279861977],[-96.86212520972434,33.116759598847892],[-96.861985232045939,33.116682831696657],[-96.861920767385385,33.116651302194512],[-96.861847414204647,33.116583399795282],[-96.861728859395029,33.116484327618323],[-96.861604447692159,33.116390479109896],[-96.861474504756956,33.116302097859347],[-96.861339368443055,33.116219416003155],[-96.861199392228372,33.116142647983068],[-96.861054940771908,33.116071994957345],[-96.860906391139295,33.116007640312617],[-96.860754130535526,33.115949753224101],[-96.860598555415208,33.115898483213059],[-96.860440073476425,33.115853964712677],[-96.860279097315527,33.115816314205148],[-96.860116046573481,33.115785630273841],[-96.859951346954944,33.115761990869039],[-96.859785427838986,33.1157454604786],[-96.859618721573256,33.115736079269688],[-96.859527193138746,33.115733981822885],[-96.85949513930197,33.115733625131512],[-96.859440967551905,33.115733020525084],[-96.859428545451578,33.115732901864597],[-96.859296687401752,33.115731852991502],[-96.857237399167204,33.115715457954785],[-96.85717419788466,33.11571572015464],[-96.857097565528264,33.115704977557471],[-96.857066876684328,33.115701373341281],[-96.8570538734823,33.115699898850352],[-96.85691677041352,33.115686825019544],[-96.856779289515728,33.115678628723657],[-96.856641604255501,33.115675320304369],[-96.854300902569932,33.115660504625531],[-96.853977359418934,33.11565667629467],[-96.853899284862337,33.115656536663529],[-96.853732311867319,33.115661505173833],[-96.853565857147103,33.115673641519109],[-96.853400356535147,33.115692914601368],[-96.853236228373106,33.115719936187048],[-96.852711463843136,33.115713675707291],[-96.852679934324897,33.115711944891039],[-96.852602014172277,33.115708451743721],[-96.852434956965752,33.115706238385968],[-96.85226798380306,33.115711205031772],[-96.852101528802436,33.115723339518041],[-96.851936027798061,33.115742610751703],[-96.851771911934719,33.115768967652485],[-96.851609608618588,33.115802342789472],[-96.851449541701413,33.115842646964758],[-96.851292130132663,33.11588977731207],[-96.851137782871731,33.115943609043399],[-96.850986902934238,33.116004002773671],[-96.850839884297102,33.116070800832489],[-96.850697109691339,33.116143829017837],[-96.850558952779281,33.116222895744762],[-96.850425773710114,33.116307796455885],[-96.850297919273402,33.116398309107453],[-96.850175722807137,33.116494196877319],[-96.850059504137135,33.116595209970384],[-96.849949565315939,33.116701084612508],[-96.849846193780309,33.116811544933128],[-96.849749660205489,33.116926302913399],[-96.849660214152806,33.117045060088699],[-96.849578091701233,33.117167504117518],[-96.84950350548624,33.117293317577072],[-96.849436649204861,33.117422171746846],[-96.849377699607672,33.11755373117375],[-96.849326809081077,33.117687650783417],[-96.849284110765922,33.117823583230674],[-96.849249715552673,33.117961172503115],[-96.849223714012709,33.118100060291781],[-96.849206174313096,33.118239884133821],[-96.849197141082172,33.118380279192394],[-96.849196211651815,33.118415608429572],[-96.849187516380738,33.11888124814795],[-96.849186927746317,33.118912735812607],[-96.849183825454247,33.119078880798888],[-96.849181097090053,33.119224990038639],[-96.849134700815043,33.121709537400591],[-96.849103572589883,33.123376357120002],[-96.849102800656979,33.123413465357267],[-96.849103131012654,33.123523635756477],[-96.849111160240398,33.123664073482139],[-96.849127701611351,33.123803983013588],[-96.849152711722681,33.123942999200736],[-96.849186124518056,33.124080759961657],[-96.849227853494185,33.124216904528858],[-96.849277789340391,33.124351079716639],[-96.849335803370863,33.124482933679531],[-96.849401741915131,33.124612123005662],[-96.849475433919395,33.124738310188683],[-96.849556688647297,33.124861168090476],[-96.849645291602883,33.124980373518689],[-96.849741013879338,33.125095616486547],[-96.849843604771564,33.125206596421542],[-96.849952796006122,33.125313024074103],[-96.850068303886587,33.12541462156959],[-96.850189826014073,33.125511124136381],[-96.850317045609046,33.125602279306641],[-96.850449631449877,33.125687848721832],[-96.850587237781426,33.125767610841272],[-96.850729504468219,33.125841356428637],[-96.850876061132652,33.125908893168692],[-96.851026525040638,33.12597004471349],[-96.851180503185731,33.126024652539357],[-96.851337595631321,33.126072572413477],[-96.851497390973762,33.126113681512884],[-96.851659471983169,33.126147870428689],[-96.851823416400961,33.126175051316771],[-96.851988797124122,33.126195152481216],[-96.852155181010218,33.126208121959657],[-96.852324290501357,33.126213954115237],[-96.85234178745678,33.126214168129621],[-96.85333304798958,33.126226186805987],[-96.855648145346819,33.126254229739537],[-96.855683219892867,33.126254496185851],[-96.857456997163325,33.126259949748452],[-96.857466094447801,33.12625996629356],[-96.857592351970297,33.126260058455713],[-96.857605994615597,33.126260069176475],[-96.857721992888216,33.126259451872748],[-96.857845526455762,33.126307920300214]]],[[[-96.805346807806373,33.1333816683169],[-96.805497253826601,33.13344287175223],[-96.805651217575203,33.133497532724704],[-96.805808299153881,33.133545506863442],[-96.805968087186287,33.133586671203339],[-96.806130164462587,33.133620916191298],[-96.806294108733383,33.133648153837058],[-96.806459492896451,33.133668312296905],[-96.806593972491058,33.1336793995875],[-96.806785918848433,33.133691863484223],[-96.806889372781384,33.133697200008264],[-96.806992932445112,33.133699767259422],[-96.808295587731948,33.133714747727687],[-96.808886278504275,33.133721536385117],[-96.809045244713275,33.133720112867643],[-96.809212049381799,33.133711614959907],[-96.80937812063965,33.133695960564935],[-96.809543025262499,33.133673193355314],[-96.809706332780479,33.133643370624952],[-96.809867617376923,33.133606570563117],[-96.810026459054086,33.133562889571969],[-96.810182441488408,33.133512442214801],[-96.810222234834981,33.133497567549078],[-96.810375435473418,33.133551951367025],[-96.810532519584783,33.133599919846475],[-96.810692309804992,33.133641078429967],[-96.810854388918386,33.133675317579332],[-96.811018334670848,33.133702549319615],[-96.811183719956247,33.133722701822329],[-96.811350111619831,33.133735722990757],[-96.811517076927785,33.133741579713657],[-96.811553658136617,33.133741903561294],[-96.811674830673894,33.133742406633964],[-96.812090059276329,33.133744134159777],[-96.812325101019468,33.133745111652502],[-96.812471658644697,33.133755076148326],[-96.812575812685211,33.133762840722412],[-96.812638122944449,33.133767394532029],[-96.812691237595047,33.13376954832065],[-96.812805037219931,33.133774083190644],[-96.812813058272397,33.13377422482943],[-96.812926944955066,33.133778476208398],[-96.81309404854585,33.133777148874778],[-96.813260852946186,33.133768645818833],[-96.813426923623339,33.133752986298617],[-96.813591827354614,33.133730214000025],[-96.813755133672402,33.133700386230316],[-96.813916416763163,33.133663581191847],[-96.814075256633103,33.133619895299795],[-96.814231236963423,33.133569443130213],[-96.814383951640778,33.13351235486779],[-96.814533002457111,33.133448780767488],[-96.814678000369113,33.133378885763918],[-96.814787344788982,33.133318276155961],[-96.814818649905959,33.133302987044047],[-96.814868025859909,33.133281492621592],[-96.81501302325843,33.133211597239175],[-96.815153589881518,33.1331355642413],[-96.815289358142579,33.133053590708961],[-96.815419974861257,33.132965892143432],[-96.815545098261182,33.132872696068986],[-96.815664402138367,33.132774245747768],[-96.815777575891772,33.13267079927676],[-96.815884323605871,33.132562625048223],[-96.815984366040894,33.132450006314883],[-96.816077444037987,33.132333235851483],[-96.816163314103051,33.132212619461868],[-96.816184194503933,33.132181031952925],[-96.816441302595379,33.13178599695248],[-96.816480191276469,33.131723457727787],[-96.816491988686977,33.131712673736828],[-96.816598734467306,33.131604498851267],[-96.816698775003701,33.131491879494277],[-96.816791851142,33.131375108442384],[-96.816877719392991,33.131254491500755],[-96.816956155336754,33.131130342164731],[-96.817026954540225,33.13100298615938],[-96.817089932835785,33.130872753314797],[-96.817144924969298,33.130739985664327],[-96.817191788128099,33.130605028495403],[-96.817230399671047,33.130468233908253],[-96.817260659335616,33.130329959062266],[-96.817282488226468,33.130190564344531],[-96.817295828815247,33.130050413369837],[-96.81730045382885,33.129932078718639],[-96.817304890676382,33.129603587895964],[-96.81730508396231,33.129581381301627],[-96.817301367455826,33.129440816273366],[-96.817289125096764,33.12930059452102],[-96.817268389481654,33.12916108184082],[-96.817239214757237,33.129022641840116],[-96.817201676619547,33.128885635937337],[-96.817155873448229,33.128750421582836],[-96.817101924222641,33.128617350401186],[-96.817039970542822,33.128486771854575],[-96.816970173720321,33.128359024137197],[-96.816892715572067,33.128234442326367],[-96.816807798698562,33.128113350257586],[-96.816715645255954,33.127996065012788],[-96.816690471448482,33.127966164664286],[-96.816575727124174,33.127831782617172],[-96.816549776736792,33.12780139085929],[-96.816546770540526,33.127797872882084],[-96.816542521629543,33.127792893612025],[-96.816468583596347,33.127709666406076],[-96.816362694112286,33.127600900644538],[-96.816250343136645,33.127496825108793],[-96.816131823050227,33.127397712507452],[-96.816007442817821,33.127303821496476],[-96.815877528019129,33.127215395776467],[-96.81574241643321,33.127132667599504],[-96.815602461474469,33.127055851528539],[-96.815458027745919,33.126985148846963],[-96.815309492267545,33.126920743071089],[-96.815157242206482,33.126862803509361],[-96.815001673990821,33.1268114798197],[-96.814843195300242,33.126766906575895],[-96.814682218722538,33.126729200402849],[-96.814519163899618,33.126698460028877],[-96.814354456547676,33.12667476355162],[-96.81418852606464,33.12665817560783],[-96.814021804829096,33.126648736514589],[-96.813854728871277,33.126646474030913],[-96.813687733984338,33.126651391518074],[-96.813521254342675,33.126663476940664],[-96.813474445020859,33.126668912312972],[-96.813461062448667,33.126657720849195],[-96.813336685907771,33.126563827255033],[-96.813206774687416,33.126475398842146],[-96.813071666557533,33.126392667869531],[-96.812931714923337,33.126315848907467],[-96.812787284379198,33.126245143246905],[-96.812638751936802,33.126180734411889],[-96.81248650475537,33.126122791718885],[-96.812330939255503,33.126071464833956],[-96.812172463109775,33.126026888339297],[-96.812011488899358,33.125989178868139],[-96.811848436259922,33.125958435157536],[-96.811683730902004,33.125934735313777],[-96.811517802218376,33.125918143982418],[-96.81135108258303,33.125908701489386],[-96.81128899892677,33.125907021001517],[-96.81077360944478,33.125897184625295],[-96.810670661902478,33.125895637977983],[-96.810567729122013,33.12589796849101],[-96.81046495707136,33.125904172859492],[-96.810371700050908,33.125886588472646],[-96.810206995197404,33.125862886773248],[-96.810041066905981,33.125846293572891],[-96.809874347549808,33.12583684920228],[-96.809707273153791,33.125834581434248],[-96.809540279507345,33.125839493643809],[-96.809373800781572,33.125851573809427],[-96.809208272872425,33.125870790980201],[-96.809044126995175,33.125897094216668],[-96.809041272125413,33.125897680676935],[-96.809026300939664,33.125896832081175],[-96.808859226456519,33.125894563233025],[-96.808692232657378,33.125899474362704],[-96.808525753713738,33.12591155345136],[-96.808360225522208,33.125930769551097],[-96.808196079298739,33.125957071725097],[-96.808033742528053,33.125990392685097],[-96.807873639150159,33.126030643374662],[-96.807716188208715,33.126077721067503],[-96.807576541980339,33.126126365027481],[-96.807473992343787,33.126093122532566],[-96.807315518492686,33.126048540170245],[-96.807154546217177,33.126010824738891],[-96.806991495147855,33.125980074990984],[-96.806826790991352,33.125956369048595],[-96.806660863136983,33.12593977157325],[-96.806494143956755,33.125930322906726],[-96.806327069475259,33.12592805083316],[-96.806160075482012,33.125932958738815],[-96.805993596149051,33.125945034613238],[-96.805828067373909,33.125964247516869],[-96.805663920374116,33.125990546521301],[-96.80550169818251,33.12602437582666],[-96.805418748414681,33.126038195877548],[-96.805256410505677,33.126071513398188],[-96.805096305784176,33.126111760695196],[-96.804938853297273,33.12615883505125],[-96.804826174120336,33.126198082772333],[-96.804786047431733,33.126202740065473],[-96.804621899715286,33.126229037761284],[-96.804459561186761,33.126262354291022],[-96.804299455790897,33.126302600609769],[-96.804142002576484,33.126349674002739],[-96.803987610612282,33.12640344982983],[-96.803836683030056,33.126463788851979],[-96.803689613931056,33.126530533541612],[-96.803546786177833,33.126603509835675],[-96.803408573572,33.126682526285002],[-96.80327533640714,33.126767378463278],[-96.803147421624402,33.126857844453092],[-96.803025162719862,33.126953687554007],[-96.802908879681794,33.127054658087786],[-96.802798874730811,33.127160492390949],[-96.802695435475982,33.127270914698308],[-96.802598832769277,33.127385637090654],[-96.802509316351561,33.127504361195307],[-96.80242712248716,33.127626774758028],[-96.802352463996385,33.127752560434985],[-96.802285534764977,33.127881389577716],[-96.802226511733835,33.128012926799357],[-96.802175547481752,33.128146827082915],[-96.802132775340681,33.128282743133774],[-96.80209830639464,33.128420318982187],[-96.802072231406839,33.128559196354352],[-96.802054618736094,33.12869901281487],[-96.80205046039498,33.128748126288691],[-96.802033105750212,33.128982692540923],[-96.802028129792902,33.129074803905105],[-96.802027543716349,33.129092160098736],[-96.802004556654694,33.129207129580678],[-96.801987313042673,33.129303839562958],[-96.801969700102845,33.129443655936264],[-96.801960594366619,33.129584046585023],[-96.801960020300029,33.129724645290025],[-96.801967978765958,33.12986508525502],[-96.801984450210625,33.130005000087685],[-96.802009391413733,33.130144024624073],[-96.802042736498308,33.130281796760229],[-96.802084399138693,33.130417955699102],[-96.802134270196021,33.130552148217397],[-96.802192221154598,33.130684022425058],[-96.802258098508119,33.130813234856539],[-96.802331731362599,33.130939447945593],[-96.802412929135357,33.131062334486948],[-96.802501477479964,33.1311815712127],[-96.802597147631872,33.131296848055257],[-96.802699689021821,33.131407864353335],[-96.802808833505338,33.131514330762307],[-96.802924297508298,33.131615969306822],[-96.80304577874611,33.131712515107814],[-96.803172960546092,33.131803715584716],[-96.80330551178578,33.131889332261096],[-96.80344308679949,33.131969143472986],[-96.803585325533732,33.132042939855573],[-96.803731857684198,33.132110528961398],[-96.803827501257459,33.132150361156988],[-96.803882218317369,33.132172221087139],[-96.803937022233228,33.132194116539424],[-96.803946641951086,33.132210605625083],[-96.804027842972459,33.132333491052826],[-96.804116394602929,33.132452726577874],[-96.804212068069319,33.132568002135656],[-96.804314612793746,33.132679017068313],[-96.804423760622996,33.132785482034826],[-96.804539227974317,33.132887119063511],[-96.804660712554153,33.132983663279333],[-96.804787897681294,33.133074862105801],[-96.80492045222455,33.133160477070838],[-96.805058030509628,33.133240286514919],[-96.80520027247448,33.133314081077863],[-96.805346807806373,33.1333816683169]]],[[[-96.807330992887472,33.147025171203076],[-96.80728057015051,33.147024345841352],[-96.806895178310029,33.147020536493756],[-96.806507965621705,33.147016707879267],[-96.806232755613536,33.147013984659282],[-96.806217252338001,33.147013831207218],[-96.806148100957557,33.147013761818997],[-96.806137080257471,33.147014085228427],[-96.80605390211322,33.14701221510547],[-96.805467038947498,33.147007023267761],[-96.805368996620416,33.147005434850179],[-96.80536092635208,33.147005379223614],[-96.805299922374488,33.147005058807942],[-96.804688185988738,33.146998693858329],[-96.804683464164412,33.146998646584301],[-96.804613944536698,33.146998572836665],[-96.804446912553573,33.14700347848558],[-96.804280395215258,33.147015551999608],[-96.804114828518792,33.147034762445244],[-96.80395064378051,33.147061058900597],[-96.803788268585322,33.147094374092227],[-96.803628126973706,33.147134618978683],[-96.803470638089266,33.147181690848946],[-96.803316211093446,33.147235465066821],[-96.803165249209428,33.147295802397529],[-96.803018146628034,33.147362545317833],[-96.802875286298985,33.147435519769267],[-96.802737042109143,33.147514534307625],[-96.802603774434402,33.147599384511395],[-96.802475830295393,33.147689848468374],[-96.802353543264687,33.147785689483435],[-96.802237233404227,33.147886657883774],[-96.802127203004261,33.147992490011468],[-96.802023739740477,33.148102910106985],[-96.801927114527629,33.148217630256916],[-96.801837577164832,33.148336352094304],[-96.801755363971665,33.148458763371053],[-96.801680687818504,33.148584546749035],[-96.801613742637045,33.148713373585942],[-96.801554705410098,33.148844908500891],[-96.801503728753445,33.148978806482873],[-96.801460946031369,33.149114720243219],[-96.801426468355373,33.149252293818286],[-96.801400386511702,33.149391168940149],[-96.801382768877119,33.149530983179254],[-96.801373660283176,33.149671371723343],[-96.80137229433538,33.149745069272598],[-96.801370798738489,33.150315518963659],[-96.801370071150885,33.150593176251633],[-96.801369342579108,33.150870830748602],[-96.801368613800491,33.151148522226457],[-96.801368618974735,33.151162146754594],[-96.801371366522389,33.152005389600866],[-96.801372057508132,33.152217390431872],[-96.801372206262045,33.152263061970238],[-96.801372993002943,33.152316368966133],[-96.801380952517476,33.15245680664318],[-96.80139742708576,33.152596719234523],[-96.801422373479255,33.152735741582092],[-96.801455725807315,33.152873511587664],[-96.801497397725356,33.153009668459703],[-96.801547280070409,33.153143858980307],[-96.80160524429769,33.153275731264706],[-96.80167113686565,33.153404941852287],[-96.801744786840999,33.153531153181646],[-96.801826003596503,33.15365403805216],[-96.801914572735839,33.153773273200223],[-96.802010265440686,33.153888548562435],[-96.802112831082724,33.153999563481271],[-96.802222001454084,33.154106028615828],[-96.80233749291331,33.154207665993994],[-96.802459003103863,33.154304210739809],[-96.802586215277856,33.154395410275448],[-96.802718798233514,33.154481026126959],[-96.802856406222418,33.154560836632484],[-96.802998679105031,33.154634632429136],[-96.803145246487816,33.154702221070899],[-96.803295725608663,33.154763426074339],[-96.803449723420826,33.154818088776167],[-96.803606839937828,33.154866064801062],[-96.803766663691633,33.15490723117896],[-96.803928777379227,33.154941478351496],[-96.804092758656282,33.154968718322657],[-96.804258180324197,33.154988879242673],[-96.804424609132937,33.155001908992745],[-96.804591612251869,33.155007774439198],[-96.804758754174799,33.155006457744449],[-96.804925597483233,33.154997965420122],[-96.805091707543255,33.15498231669617],[-96.805256651029197,33.154959555230469],[-96.805419997369867,33.154929738302009],[-96.80558132064715,33.154892944084722],[-96.805740200762841,33.154849268965812],[-96.805896221292315,33.154798827492883],[-96.806048976017905,33.154741749822897],[-96.806198066626976,33.154678186183126],[-96.806343103972225,33.154608301480977],[-96.806483710093957,33.154532278966784],[-96.806548394104581,33.154494342264442],[-96.807374356555343,33.153997368385163],[-96.807664043614054,33.153823062450165],[-96.8079165203755,33.153671146358739],[-96.807987641158689,33.153627120799428],[-96.808016604106001,33.153607681813249],[-96.808069657583147,33.153578995672419],[-96.808134361137434,33.153541045117024],[-96.808693386560122,33.153204176237217],[-96.808718521239243,33.153189360077768],[-96.808755443765747,33.153167486384959],[-96.808827253396188,33.153124332720424],[-96.809104250803244,33.152964221946107],[-96.809168288191799,33.15292590955233],[-96.809556922969961,33.152687431442253],[-96.809648189339853,33.152631942969293],[-96.809696844169679,33.152604641723364],[-96.809746658710779,33.152578909989515],[-96.80979757720921,33.152554776224974],[-96.809849564767063,33.152532255842267],[-96.809902498132672,33.152511403664739],[-96.809956305517545,33.152492245952935],[-96.810011018356207,33.152474774435611],[-96.810124673121905,33.152442533471003],[-96.810174732521787,33.152427952761933],[-96.810330746572433,33.152377505925955],[-96.810483494587231,33.15232042299143],[-96.810632578271338,33.152256854199436],[-96.8107776084954,33.152186964470744],[-96.810918207318423,33.152110937068876],[-96.811054007069586,33.152028969060133],[-96.811184654486539,33.151941275931392],[-96.811309807712675,33.151848085192775],[-96.811429140466146,33.151749640092447],[-96.811542342070936,33.151646198713799],[-96.811649116538504,33.151538029435805],[-96.811749184559162,33.151425415498153],[-96.811842286907748,33.151308649663314],[-96.811928180026428,33.151188037722847],[-96.812006639430265,33.15106389315897],[-96.812077460624977,33.150936541684338],[-96.812140459385873,33.150806313117187],[-96.812195470404987,33.150673549479777],[-96.812242350820824,33.150538596049053],[-96.812280977946912,33.15040180491539],[-96.812311251480182,33.150263533229271],[-96.812333092489354,33.150124141369524],[-96.812346443414157,33.149983992943376],[-96.812351270242402,33.149843453935816],[-96.812347560425152,33.14970289085182],[-96.81233532287618,33.149562670716605],[-96.812314590179838,33.149423159322119],[-96.812285416475035,33.149284720272362],[-96.812247877455064,33.149147714983307],[-96.812202071502242,33.149012500903702],[-96.81214811760276,33.148879429657406],[-96.812086157369208,33.148748850706781],[-96.812016352130229,33.148621102247141],[-96.811938883724537,33.148496519357629],[-96.811853954779608,33.148375425876587],[-96.811761787483192,33.14825813888978],[-96.811662620549654,33.148144963235332],[-96.811556713388541,33.148036195219618],[-96.81144434307086,33.147932117122672],[-96.811325802027667,33.147833001659983],[-96.81120139927836,33.147739107494765],[-96.81107146046169,33.147650678335971],[-96.810936323419043,33.147567946444596],[-96.810796341631516,33.147491126393334],[-96.810651879771953,33.147420419475928],[-96.810503314933811,33.147356009219799],[-96.810351034360679,33.147298064944948],[-96.810195434560171,33.14724673632174],[-96.810036923294689,33.147202157936853],[-96.809875913236866,33.147164446428484],[-96.809712824115763,33.147133700538944],[-96.809691671145458,33.147130247910262],[-96.809579325925711,33.147112234678033],[-96.809449045071929,33.147093640099754],[-96.809318207126893,33.147079487667476],[-96.809186963508552,33.147069793759741],[-96.809055466104368,33.14706456959523],[-96.807330992887472,33.147025171203076]]],[[[-96.826610759194452,33.177288038324974],[-96.82677723112532,33.177301039507064],[-96.826919460732483,33.17730646328814],[-96.827278093855242,33.177313570409758],[-96.828417316553384,33.177336141056067],[-96.828533548572736,33.177336741312615],[-96.828649744040419,33.177333765422901],[-96.828765792954087,33.177327216204198],[-96.828860478675807,33.1773305635894],[-96.829120518135426,33.177334278036881],[-96.829299819844806,33.177350590948841],[-96.82933209082718,33.177353299677527],[-96.829466301018783,33.177363521172104],[-96.829631019800928,33.177369297536465],[-96.829882333067616,33.177372993856352],[-96.830833621834557,33.177386899087828],[-96.831003148918654,33.177385582141333],[-96.831049567514441,33.177383932405725],[-96.831235284156563,33.177376221269427],[-96.831355746670198,33.177369345278962],[-96.831521892309198,33.177353663354033],[-96.831686869067326,33.177330869040311],[-96.831850246285896,33.177301019702462],[-96.83201159796657,33.177264193599008],[-96.832170503937064,33.177220487200138],[-96.832326547705307,33.177170015135452],[-96.832479322992569,33.177112907641572],[-96.832628431433008,33.177049315023531],[-96.832773483832725,33.176979402264301],[-96.832914102192888,33.176903352687368],[-96.833049918791417,33.176821363417048],[-96.83318058032259,33.176733649995569],[-96.833305744892471,33.176640439986038],[-96.833425086189735,33.176541976686927],[-96.833497303446606,33.176475978912556],[-96.833547371166276,33.176457262560568],[-96.833696477821618,33.176393668698047],[-96.833841528391972,33.176323754724322],[-96.833982144883592,33.176247703965949],[-96.834117959579217,33.176165713550361],[-96.834248619177941,33.176077999022795],[-96.834373781790944,33.175984787949233],[-96.834493121111961,33.175886323630934],[-96.834606326448309,33.175782864201345],[-96.834713101801142,33.175674678086509],[-96.834813167858769,33.175562048570278],[-96.834906265401116,33.175445268455377],[-96.834992150883153,33.175324643570697],[-96.835070599839455,33.175200487432384],[-96.835141407803519,33.175073125783193],[-96.83520439058465,33.174942888467861],[-96.83525938291713,33.174810117531493],[-96.83528018709147,33.174753324290904],[-96.835329206122978,33.174614188062762],[-96.835388664909985,33.174445418351283],[-96.835395478764084,33.174425808865081],[-96.835405754313143,33.174395828136518],[-96.83541138759422,33.174380027131072],[-96.83541721975655,33.174364285129336],[-96.835423222574846,33.174348673726776],[-96.835429413843784,33.174333143662544],[-96.83543585461517,33.174317542822649],[-96.835442470890143,33.174302056436545],[-96.8354493059568,33.17428658074796],[-96.835456283119228,33.17427128556271],[-96.83546349747941,33.174255965380851],[-96.835470909585197,33.174240705982065],[-96.835478980701282,33.174224582516317],[-96.835485129253513,33.174212635410214],[-96.835491926244543,33.174199756223345],[-96.835498870226957,33.174186914009169],[-96.835505959850195,33.174174116866119],[-96.835516490367539,33.174155558287907],[-96.83565992446988,33.173905709844298],[-96.835666993817085,33.173893316948224],[-96.835694282597302,33.173845169748923],[-96.835708188255438,33.173820317800313],[-96.835734904612067,33.173771943570515],[-96.835748612010207,33.173746793213319],[-96.835774749411499,33.173698194506336],[-96.835788078540858,33.173673078386813],[-96.835813636710867,33.17362426332749],[-96.835817543774809,33.173616770367843],[-96.83582663791185,33.173599091411432],[-96.835851615593569,33.1735500653906],[-96.835864401634183,33.173524618148761],[-96.835888793400102,33.173475382842859],[-96.835901248200912,33.173449882435428],[-96.835925052793996,33.173400443235337],[-96.835937140155494,33.173374974617417],[-96.835960357300053,33.17332533964796],[-96.835972228921747,33.173299581235625],[-96.835994853221052,33.17324975127049],[-96.835999539946002,33.17323936708766],[-96.836006347863304,33.17322405242512],[-96.836028378979975,33.173174037394581],[-96.836039608402359,33.173148145134697],[-96.836061043055892,33.17309794676693],[-96.836071958204855,33.173071976454985],[-96.836092795199932,33.173021598335353],[-96.83610338196408,33.172995585769428],[-96.836123618847495,33.172945036873628],[-96.836133939627786,33.172918821840796],[-96.836153573149701,33.172868102994272],[-96.836158703155846,33.172854736356243],[-96.836163540788817,33.172841910159342],[-96.836182569507969,33.172791032169165],[-96.83619223459543,33.17276473265516],[-96.836210658574657,33.172713693716275],[-96.836219993991364,33.172687358242179],[-96.836237810746624,33.17263616823297],[-96.836246873495313,33.172609637359017],[-96.836264078580513,33.172558300689801],[-96.836272799602341,33.172531772413784],[-96.836289393999877,33.172480291818985],[-96.836294628735558,33.172463852346034],[-96.836297806828881,33.172453664859567],[-96.836313787012358,33.172402049288955],[-96.836326317536248,33.172360236107508],[-96.83635662804204,33.172255640704378],[-96.836374994692108,33.172188632723632],[-96.836416644013099,33.172027513354308],[-96.836421169436733,33.172009725982221],[-96.836436623116654,33.171944024603469],[-96.836472326112784,33.171781896299215],[-96.836487116997034,33.171709322619023],[-96.83648921123212,33.171697996837807],[-96.836518937782756,33.171535019692598],[-96.836532735966983,33.171450692527763],[-96.836556456229559,33.171287018510235],[-96.83656237346085,33.171243277756787],[-96.836567143750173,33.171202393168997],[-96.836584836254843,33.171038180772719],[-96.836591293330983,33.170968394721513],[-96.836599509769798,33.1708621271761],[-96.836601599742735,33.170832649096702],[-96.836603094442196,33.170807334232308],[-96.836608790372964,33.170700948078029],[-96.836609179951338,33.170693428089564],[-96.83660960032789,33.170685067728364],[-96.836612388261443,33.170593710866932],[-96.83661613068206,33.170246341824559],[-96.836615794201791,33.170148953964755],[-96.836609206142143,33.170051788611225],[-96.836614336039858,33.169997800830203],[-96.836619025944046,33.169871922725996],[-96.836630129668222,33.168766532918589],[-96.836650881752533,33.167598469052557],[-96.836651231329228,33.167565935912783],[-96.83664748400507,33.167425375357347],[-96.836635207411049,33.16728515932548],[-96.836614434233468,33.167145653598418],[-96.836585218716962,33.167007221765274],[-96.836547636663681,33.166870225223292],[-96.836501786568292,33.16673502139831],[-96.836447787532009,33.166601961887608],[-96.836385781285642,33.166471396122688],[-96.836315929277305,33.166343662264659],[-96.836238413468124,33.1662190953544],[-96.836153436609024,33.166098019188787],[-96.836061221013097,33.165980750807925],[-96.835962005520315,33.165867595002005],[-96.835856049667058,33.165758848025476],[-96.835743630651194,33.165654792103304],[-96.83562504103098,33.165555699893098],[-96.835500589952531,33.16546182999771],[-96.83537060318055,33.16537342606243],[-96.835235418681677,33.165290720282727],[-96.835095390060673,33.165213927162995],[-96.834950882112665,33.165143247926814],[-96.834802272051135,33.165078866029361],[-96.834649947237907,33.165020950716688],[-96.834494304295433,33.164969651583867],[-96.834335751099246,33.164925103140142],[-96.83417470043122,33.164887421945842],[-96.834011572126414,33.164856706664224],[-96.833957621749633,33.164848956651284],[-96.833984107240724,33.164735564591361],[-96.834004899757574,33.164620991855791],[-96.834019947463261,33.164505524080866],[-96.834023791261288,33.164468928306434],[-96.834031676445164,33.164375902479833],[-96.834035749857719,33.164285158943706],[-96.834043505298524,33.163978054554633],[-96.834044226623661,33.163928259768106],[-96.834040483394105,33.163787698759869],[-96.834028211219263,33.163647482106754],[-96.834007442773952,33.163507975591486],[-96.833978232290221,33.163369542805377],[-96.833940655557356,33.163232545148091],[-96.833894811056112,33.163097340048431],[-96.833840817872911,33.16296427910693],[-96.833778817723484,33.162833711758857],[-96.833708972039972,33.16270597616942],[-96.833631462767016,33.162581407384089],[-96.833546492638476,33.162460329204499],[-96.833454283949891,33.162343058676257],[-96.83335507552313,33.162229900594902],[-96.833249126876254,33.162121151220838],[-96.833136715188331,33.162017092785383],[-96.833018132998447,33.161917997952756],[-96.832893689433362,33.161824125332487],[-96.83276371023814,33.161735718577127],[-96.832628533359795,33.161653009889392],[-96.832488512382923,33.161576213781288],[-96.83234401208297,33.161505531484259],[-96.832195409653366,33.161441146461328],[-96.832043092436052,33.16138322796688],[-96.83188745703373,33.161331925604053],[-96.831728911302136,33.161287373890744],[-96.831567868003717,33.161249689395646],[-96.831404746954334,33.161218970790777],[-96.831239974042731,33.161195296116865],[-96.831073978838191,33.161178729953797],[-96.830907193887455,33.161169312561974],[-96.830849011895296,33.161167717239188],[-96.829753787298415,33.161146066055544],[-96.829770267925127,33.16107073258047],[-96.829792085259882,33.160931338926154],[-96.829805411379681,33.160791189841163],[-96.829810212337279,33.160650651312061],[-96.829806475651182,33.160510089842717],[-96.829794210305209,33.160369872454083],[-96.82977344895636,33.160230364931017],[-96.829744245818191,33.160091930867218],[-96.829706676660791,33.159954931665872],[-96.829660839945163,33.159819724759679],[-96.829606854737506,33.159686661753945],[-96.829544862732561,33.159556092089325],[-96.829475025341409,33.159428353937059],[-96.829397524486907,33.15930378234934],[-96.829358881073304,33.159248710108109],[-96.829471851847146,33.159198776151108],[-96.829582753020844,33.159144400370863],[-96.829691410032936,33.159085668356333],[-96.829797651854292,33.159022672553306],[-96.82989491878223,33.159013491409219],[-96.830059863345085,33.158990698831026],[-96.830223208808164,33.158960851113079],[-96.830384529255696,33.158924026509709],[-96.830543404597023,33.158880321487118],[-96.830699418420068,33.158829850671424],[-96.830852164524316,33.158772744295874],[-96.831001244619998,33.158709152662652],[-96.831146269586995,33.158639240752159],[-96.831286861498171,33.158563191885669],[-96.831422652700567,33.158481203185694],[-96.831553289954485,33.1583934901929],[-96.831678431429552,33.158300280469348],[-96.831797750874642,33.158201817312694],[-96.831910937648559,33.158098358853415],[-96.832017695801383,33.157990173515103],[-96.832117746066046,33.157877544579392],[-96.832210829263659,33.157760764847694],[-96.832296701886548,33.157640140147834],[-96.832375139502972,33.157515983995481],[-96.832445937675914,33.157388622133425],[-96.832508912240272,33.15725838440693],[-96.832563897951715,33.157125612862295],[-96.832610752014347,33.156990652796999],[-96.832649351810716,33.156853856318776],[-96.832651536199563,33.15684505421541],[-96.833018968892716,33.155352783082854],[-96.833073942064871,33.155141853950127],[-96.833283730909955,33.15433687661708],[-96.833304721207043,33.154256334397907],[-96.833310442180064,33.15423394008824],[-96.833340685640167,33.154095663942101],[-96.833362495974512,33.15395626897714],[-96.833375815702865,33.15381611880872],[-96.833380610894594,33.153675579426221],[-96.833376869083253,33.153535017335685],[-96.833364599266076,33.15339479955982],[-96.833343834111616,33.153255291884285],[-96.833314627843549,33.153116857903385],[-96.833277056239965,33.152979859019958],[-96.833231217768201,33.152844652665905],[-96.833177231499235,33.152711590445072],[-96.833115239130393,33.152581021796109],[-96.833045402073679,33.152453284887521],[-96.832967902251227,33.152328714768394],[-96.832882942372166,33.15220763524367],[-96.832790744705207,33.152090363362525],[-96.832691548043798,33.151977203924041],[-96.832585611875089,33.151868453192087],[-96.832473213345523,33.151764393401614],[-96.832354644959977,33.151665297220319],[-96.832230215809176,33.151571423261245],[-96.832100251600508,33.151483015180474],[-96.831965090241923,33.151400305184126],[-96.831825085277657,33.151323507787673],[-96.831680601441192,33.151252824225807],[-96.831532015883113,33.15118843796504],[-96.831473679547656,33.151166252610849],[-96.831361303721209,33.151081470509936],[-96.831231341025912,33.150993061536553],[-96.831096181154848,33.15091035061527],[-96.830956177648176,33.150833552263933],[-96.830934382658427,33.15082303331797],[-96.830846330851926,33.150769250069168],[-96.830881216758527,33.150754368104437],[-96.83102622938938,33.150684455916974],[-96.831166809352226,33.150608406733532],[-96.831302589025341,33.150526417677398],[-96.831433215199027,33.150438704290217],[-96.831558346071873,33.150345494135109],[-96.831677655420449,33.150247030510826],[-96.831790832629807,33.15014357154908],[-96.831897581775024,33.150035385674698],[-96.831997623612637,33.149922756170895],[-96.832090698985553,33.14980597584038],[-96.832176564406581,33.14968535051262],[-96.832198853918868,33.149650066313299],[-96.832206058738223,33.149645715750992],[-96.832336682819133,33.149558001407527],[-96.832461811597852,33.149464790330356],[-96.832581118856325,33.149366325820779],[-96.832694293985313,33.14926286601272],[-96.832801041064968,33.149154679333236],[-96.832901080857582,33.149042049067553],[-96.832944336079734,33.148987776834716],[-96.833064901859245,33.148914970066365],[-96.83319552410056,33.148827254820716],[-96.833320651032111,33.148734042874388],[-96.833439956440614,33.148635577530925],[-96.833553129721707,33.148532116926454],[-96.833655001203851,33.148428869453092],[-96.834320681688951,33.148427816291765],[-96.835760991572258,33.14842552660825],[-96.837055256367918,33.148423454128334],[-96.837075037420178,33.148453363434569],[-96.837163646864511,33.148572575237829],[-96.837259377971478,33.148687825326483],[-96.837361980012886,33.148798813109281],[-96.837471184685739,33.148905249316179],[-96.837586708259138,33.149006856050349],[-96.837708248292927,33.149103368515974],[-96.837835487960803,33.149194534219369],[-96.837968095989254,33.14928011477469],[-96.838105726565047,33.149359888612125],[-96.838248019489129,33.149433646464693],[-96.838394604315837,33.149501195985238],[-96.838545098237461,33.14956236079253],[-96.838699108169109,33.149616982328133],[-96.838856234091736,33.14966491632368],[-96.839016064513757,33.149706039919216],[-96.839178182113955,33.149740243668141],[-96.839342164538266,33.14976743968743],[-96.839507584584751,33.149787556241947],[-96.839674009007922,33.149800541329],[-96.839831970503596,33.149806230088721],[-96.839957564141244,33.149808198054849],[-96.840311669694373,33.149812952375747],[-96.840477417860484,33.149832564631978],[-96.840643837122911,33.149845281717361],[-96.840810640765284,33.149851081722204],[-96.840875034795104,33.149851936127433],[-96.841463455710965,33.149859752232565],[-96.842909666763035,33.149878951342949],[-96.843076597055486,33.149877583682695],[-96.843243427631378,33.14986904260131],[-96.843409522045704,33.149853345307996],[-96.843574447014475,33.149830535587199],[-96.843737772014308,33.149800670843781],[-96.843899071182832,33.14976382937656],[-96.844057924484673,33.149720107695593],[-96.844213915565845,33.149669620470696],[-96.844366638284541,33.149612497977856],[-96.844515694412465,33.149548890561178],[-96.844660694891786,33.149478963242395],[-96.844801261859416,33.149402899382878],[-96.844886475469195,33.149351430618857],[-96.844889053153679,33.149396545756893],[-96.844905592746755,33.149536453189135],[-96.844930603468029,33.149675467566347],[-96.844964019259507,33.149813226811311],[-96.845005753610266,33.149949370160485],[-96.845055697195406,33.150083544431268],[-96.845113721309517,33.150215397780784],[-96.845179672254957,33.150344586798568],[-96.845253378946083,33.150470773979244],[-96.84533465060855,33.150593632184581],[-96.8453609323915,33.15062898354573],[-96.84532130915828,33.150681566275239],[-96.845239151230373,33.150804004580138],[-96.845164532111866,33.150929812482154],[-96.845097645585426,33.151058661275243],[-96.845038668481337,33.151190215520415],[-96.844987753257385,33.151324130156766],[-96.84494503311889,33.151460057852113],[-96.844910619013135,33.151597642606468],[-96.844884601561048,33.151736526122598],[-96.844867048971309,33.151876345948885],[-96.844858005905721,33.152016737258897],[-96.844857299496155,33.152149485213997],[-96.844870285761488,33.152705539876479],[-96.844870482934695,33.152713388490682],[-96.844878508284125,33.152853823476946],[-96.844895048477255,33.152993730554776],[-96.844920060114262,33.153132744580482],[-96.844953477134453,33.153270503477813],[-96.844995213024077,33.153406646484029],[-96.845045158453942,33.153540820417575],[-96.845103184713892,33.153672673436354],[-96.845169138100871,33.153801862130841],[-96.845242847522613,33.153928048996384],[-96.845324122197766,33.154050906895733],[-96.84541274757764,33.154170112636471],[-96.845508494697626,33.154285356231149],[-96.845611112787466,33.154396337105467],[-96.845720333502527,33.154502766007504],[-96.845835873070044,33.154604365059271],[-96.845957429007925,33.154700869485275],[-96.846084684448513,33.154792026812679],[-96.846217308077087,33.154877598677452],[-96.846354954039853,33.154957363532517],[-96.846430356835441,33.15499592105958],[-96.846497928221993,33.155033572012613],[-96.846639509850149,33.155108064604406],[-96.846786102260737,33.155175603383817],[-96.846936602324064,33.155236758103484],[-96.847088077282635,33.155290531306441],[-96.84709302058971,33.155292512160621],[-96.847245216310824,33.155338605913158],[-96.847249784151444,33.155341332126909],[-96.847409628064355,33.15538244532528],[-96.847571758669602,33.155416638559544],[-96.847735753579357,33.155443823974295],[-96.847809229914333,33.155453650388772],[-96.847980116138046,33.155474831363705],[-96.848072071822784,33.155485110716768],[-96.848128225115403,33.155490295206334],[-96.848673180834709,33.155536606145688],[-96.848692588274275,33.15553825773771],[-96.84869861797651,33.155538770305469],[-96.84881096122183,33.155546734588413],[-96.848977968111811,33.155552543535997],[-96.849145110372461,33.155551170298864],[-96.849311950585843,33.155542621536554],[-96.849478054124774,33.155526916626243],[-96.849642987681889,33.155504099372209],[-96.849806320710996,33.155474227199036],[-96.849967627328809,33.155437378424928],[-96.850126487480821,33.15539364957889],[-96.850282484794789,33.155343155349541],[-96.850435213112959,33.155286026031106],[-96.850584274192215,33.155222411985605],[-96.850729278961879,33.155152478251857],[-96.85086984954772,33.155076408208117],[-96.851005618352175,33.154994399032176],[-96.851136232194307,33.154906666317999],[-96.851261349304551,33.154813437679287],[-96.851380643495446,33.154714956463025],[-96.85149380419189,33.154611480846633],[-96.851600535511707,33.154503279298567],[-96.851700558258145,33.154390635143017],[-96.851793613323764,33.154273841220608],[-96.851879457274592,33.15415320339644],[-96.851957865753462,33.154029035220368],[-96.852028634399787,33.15390166246663],[-96.852091579124931,33.153771415008777],[-96.852146534762966,33.153638634918629],[-96.852193358596182,33.153503667515892],[-96.852231928085999,33.153366864927477],[-96.852262143079741,33.153228584333597],[-96.852283924798741,33.153089186136356],[-96.852297215837353,33.152949033959665],[-96.852301967222573,33.152812106379102],[-96.852305520033511,33.152108436244191],[-96.852301757300253,33.151966128324545],[-96.852289459106814,33.151825912158621],[-96.852268665864713,33.151686407319239],[-96.852239431870572,33.151547977393221],[-96.852201832975211,33.151410983773019],[-96.852155967716882,33.151275783876606],[-96.852114272081621,33.151173071357],[-96.852186916418106,33.151113098297735],[-96.852300071825582,33.151009621711715],[-96.852406798064678,33.150901419220951],[-96.852506815952268,33.150788774152112],[-96.852599866393248,33.150671979348338],[-96.852685705965783,33.15055134067687],[-96.852764110324344,33.150427171689927],[-96.852834875118845,33.150299798163722],[-96.852897816270698,33.150169549973938],[-96.852952768623481,33.150036769194244],[-96.852999589467956,33.149901801146122],[-96.853038156273357,33.149764997958229],[-96.853068368894057,33.149626716812293],[-96.853090148557357,33.149487318111895],[-96.853103437863211,33.149347165482247],[-96.853108203440627,33.14920645236888],[-96.853110016360318,33.148670704539327],[-96.853110320393995,33.14858093005617],[-96.853110855835325,33.148210675109574],[-96.85311183866466,33.148120392872634],[-96.853112137487173,33.148044107861431],[-96.853112725224463,33.14787085998686],[-96.853113063406639,33.147770733465023],[-96.853114250156594,33.147420135259345],[-96.853114295135612,33.147407246600054],[-96.853114378736478,33.147003879325062],[-96.853110606989716,33.146863485146845],[-96.853098308250622,33.146723268530948],[-96.853077514935933,33.146583763296611],[-96.853048281342495,33.146445333031814],[-96.853010683320008,33.146308339129696],[-96.852964819404662,33.14617313900915],[-96.852910808733398,33.146040084257855],[-96.852848793067849,33.145909524294822],[-96.852778933880202,33.145781797265897],[-96.852701413150712,33.145657238194453],[-96.85261643364278,33.145536170856552],[-96.85252421767656,33.145418912269463],[-96.852425004092922,33.145305767197847],[-96.85231905242361,33.145197031868072],[-96.852206639854799,33.145092988474637],[-96.852088058928544,33.14499390964265],[-96.851963618768224,33.144900053939971],[-96.851833645109622,33.144811664974725],[-96.851698475885769,33.144728974903551],[-96.851558464660883,33.144652198189618],[-96.851413976185313,33.144581536013845],[-96.851265387621183,33.144517171786852],[-96.851113086274793,33.144459274708666],[-96.850957468707193,33.144407994326755],[-96.850798942727423,33.144363465101307],[-96.850637921046683,33.144325803542692],[-96.850474823424321,33.144295108262831],[-96.850310075687716,33.144271457241764],[-96.850144107341066,33.144254914997596],[-96.849977350860499,33.144245521728458],[-96.849901989806753,33.14424363853351],[-96.84980897198318,33.144242764100682],[-96.848237748043815,33.144218756465705],[-96.848230441319998,33.144218647735102],[-96.848141949362102,33.144218367849597],[-96.847974924693588,33.144223328926515],[-96.847808418014822,33.144235457711851],[-96.847642865295271,33.144254723127425],[-96.847478697814481,33.144281074108072],[-96.847316343112965,33.144314443238414],[-96.847156225176747,33.144354741336123],[-96.846998763088706,33.14440186555084],[-96.846844365939504,33.144455691110558],[-96.846693436875199,33.144516078646269],[-96.846546370000723,33.144582870503697],[-96.846403548172759,33.14465589249702],[-96.846265345177258,33.14473495305748],[-96.84613212128346,33.14481984764371],[-96.846004223397557,33.144910354227939],[-96.845991858989848,33.144920052867427],[-96.84598903460261,33.144914106980615],[-96.845919185601218,33.144786376205921],[-96.84584167490604,33.144661812990357],[-96.845756705254416,33.144540741120927],[-96.845664498940579,33.144423477626667],[-96.845565294780585,33.144310327285005],[-96.845459352281182,33.144201586336088],[-96.845346948605055,33.144097536989115],[-96.845228376270725,33.143998451884663],[-96.845103944379289,33.143904589606954],[-96.844973978644873,33.143816193781376],[-96.844838816979959,33.143733496582279],[-96.844698812929138,33.143656712491634],[-96.844554331223705,33.143586042709479],[-96.84440574900853,33.143521670666267],[-96.844253453573046,33.14346376558246],[-96.844097841463054,33.143412477026402],[-96.843939320473282,33.143367939479553],[-96.84377830330186,33.143330269474085],[-96.843615209696551,33.143299565643922],[-96.84345046547412,33.143275905991388],[-96.843284500129684,33.143259355057126],[-96.84311774613154,33.143249953061876],[-96.843034227153311,33.143247942715455],[-96.843025792962351,33.143247830947502],[-96.841963050317915,33.143233723135971],[-96.841962418729764,33.143216207702075],[-96.84195511675928,33.143102962988522],[-96.841941913295244,33.142990253838683],[-96.841922844340445,33.14287838758424],[-96.841922068475299,33.142874519212498],[-96.842006270708154,33.142768843061766],[-96.842092116738314,33.142648210622013],[-96.842170528590131,33.142524047246027],[-96.842241301893935,33.142396678695413],[-96.842304252549098,33.142266434832841],[-96.842359215374131,33.142133657720663],[-96.842406047632565,33.141998692670867],[-96.842444626763893,33.141861891804268],[-96.8424748525903,33.141723612296552],[-96.842496646304596,33.141584214547024],[-96.842509950470159,33.141444062178344],[-96.84251461543225,33.141319742040871],[-96.842543757818717,33.138583855719119],[-96.842559030796735,33.137150081290599],[-96.842590151534679,33.134228206722483],[-96.842614009253353,33.131988087331578],[-96.842614124988884,33.13197186636561],[-96.84261037007478,33.131831302303127],[-96.842598089182431,33.131691083161016],[-96.84257731500918,33.131551574728597],[-96.842548101801952,33.131413140602049],[-96.842510525357369,33.131276142184618],[-96.842464684155019,33.131140936907009],[-96.842410697273053,33.131007876370269],[-96.842348706410547,33.130877310008607],[-96.842278872975314,33.130749575984517],[-96.842201378880233,33.130625009339582],[-96.842116426819317,33.13050393386969],[-96.842024239040882,33.130386666613362],[-96.84192505431264,33.130273512357711],[-96.841819132090819,33.130164767353165],[-96.841706749484871,33.130060713819468],[-96.841588198958618,33.129961624408125],[-96.841463789556215,33.129867757714592],[-96.841333846933125,33.12977935737576],[-96.841198708941434,33.129696655577845],[-96.841058729064002,33.12961986681465],[-96.840914271969098,33.129549192298505],[-96.84076571473733,33.129484815472203],[-96.84061344459316,33.12942690556865],[-96.840457858016308,33.129375612168708],[-96.840299362734896,33.129331069766643],[-96.840138371379879,33.129293394907116],[-96.839975303631689,33.129262686236807],[-96.839810585239931,33.129239021770616],[-96.839644645631935,33.129222466061762],[-96.839477917209393,33.129213059343407],[-96.839310836021909,33.129210829289875],[-96.839143837875824,33.129215779177777],[-96.83897735695416,33.129227896887627],[-96.838811829158843,33.129247151370208],[-96.838647685704572,33.129273491588911],[-96.838485354069221,33.129306850156262],[-96.838325258178756,33.129347137917634],[-96.838167817058064,33.129394252049721],[-96.838013439743705,33.129448067806642],[-96.837862529329556,33.129508445844998],[-96.837715479872088,33.129575228535366],[-96.837572674182638,33.129648241715763],[-96.837434486004895,33.12972729384051],[-96.837301275569359,33.129812180390239],[-96.837173389747349,33.129902679358068],[-96.83705116195884,33.129998553957634],[-96.836934912111431,33.130099554428192],[-96.836824942338879,33.130205417028428],[-96.83672154015872,33.130315865919258],[-96.836624976326249,33.130430613111798],[-96.83653550048129,33.130549360169262],[-96.836453348781276,33.130671794776887],[-96.836378733937451,33.130797599536237],[-96.836372209556572,33.130809414150129],[-96.83544322177417,33.132502248073585],[-96.835429402764902,33.132527100886449],[-96.835146637434974,33.133028934774529],[-96.83505704700363,33.13318798393901],[-96.834284833655701,33.134558860441516],[-96.834277540078304,33.134571896838644],[-96.834272574533941,33.134580873187865],[-96.833532805018095,33.135924644489236],[-96.833341567989393,33.136254299931743],[-96.833318010756074,33.136295783447494],[-96.833251118332399,33.136424627582791],[-96.833192133739345,33.136556177913441],[-96.833141209454681,33.136690089388601],[-96.833115275660191,33.136772583919438],[-96.833040524191517,33.136867809684901],[-96.832970293546992,33.136966416911044],[-96.832904736458715,33.137068191154619],[-96.832759407948757,33.136997144709582],[-96.832610844455232,33.136932758997489],[-96.83245856718338,33.136874839942152],[-96.832302972631936,33.136823537148167],[-96.832144468549586,33.136778985134541],[-96.831983467590334,33.136741300470902],[-96.831820389459693,33.13671058182949],[-96.831655659934356,33.136686907251161],[-96.831557918292106,33.136677149961422],[-96.831549208363157,33.136668207418182],[-96.83143682939513,33.136564145579889],[-96.831318281525796,33.136465047357454],[-96.831193873792316,33.136371171369262],[-96.831063931846032,33.136282761276519],[-96.830928793537026,33.136200049290785],[-96.830788812349113,33.136123249932645],[-96.830644352954081,33.136052564441876],[-96.830495792438427,33.135988176290006],[-96.830343518035036,33.135930254739456],[-96.830187926235055,33.135878949401388],[-96.830029424780008,33.135834394801414],[-96.829868426317134,33.135796707515851],[-96.82970535054514,33.135765986223888],[-96.829540623234891,33.135742308973263],[-96.829374673836639,33.135725740350608],[-96.829269093045482,33.135718940412559],[-96.826148018348476,33.135560588427417],[-96.826135248371401,33.135544339282937],[-96.826036077497591,33.135431173439883],[-96.82593016800152,33.135322416015072],[-96.82581779695974,33.135218349260867],[-96.825699256805649,33.135119245863073],[-96.825574856556344,33.135025364453703],[-96.825444921843669,33.134936948708059],[-96.825309790498778,33.134854230852447],[-96.825169815987451,33.134777425422797],[-96.8250253629638,33.13470673367474],[-96.824876808497947,33.134642339096068],[-96.824724539806965,33.134584410965978],[-96.824568953366963,33.134533098912826],[-96.82441045690571,33.134488537479697],[-96.824249463057114,33.134450843260787],[-96.824086391508075,33.134420114953329],[-96.823921668018443,33.13439643062339],[-96.823755722028395,33.134379854876123],[-96.823588985956732,33.134370427996771],[-96.823421895872542,33.13436817771241],[-96.823254887605799,33.134373107352474],[-96.823088395365701,33.134385204850048],[-96.822922855083704,33.134404439208886],[-96.822758698007164,33.134430759444783],[-96.822596351649224,33.134464098222395],[-96.822436239974664,33.134504366438641],[-96.822278782049224,33.134551461321429],[-96.822124386953462,33.134605258174844],[-96.821973457827553,33.134665617704897],[-96.821826388776771,33.134732382330554],[-96.821683562663495,33.13480537793675],[-96.821545353284961,33.134884413023812],[-96.821412120926652,33.134969283116824],[-96.821284212517128,33.135059766251793],[-96.821161961535395,33.135155625683495],[-96.821045687949535,33.135256611690984],[-96.820993157156252,33.135305803114058],[-96.820974336902083,33.135323858304609],[-96.820966173653872,33.135331690553279],[-96.820956557733354,33.135340957549722],[-96.820379806100973,33.135899300187845],[-96.819429148756427,33.136819559563293],[-96.819417058598233,33.136831262752871],[-96.81936917974015,33.136878681674361],[-96.819265749366068,33.136989116265212],[-96.819169157022898,33.137103850046834],[-96.819079652424435,33.137222584617014],[-96.818997471804067,33.137345007694016],[-96.818922827947745,33.137470801909231],[-96.818855914702823,33.137599638592157],[-96.818796908968935,33.137731182335912],[-96.818745963279241,33.137865088106579],[-96.818717550580757,33.137955417220248],[-96.818713214781013,33.137963766804781],[-96.818654208613552,33.138095310449295],[-96.818603262518209,33.138229216128941],[-96.818560509780156,33.138365136534979],[-96.818526061432209,33.1385027156863],[-96.81850000818433,33.138641595300541],[-96.818482418338618,33.138781412936261],[-96.818473336654009,33.138921803772469],[-96.818472787534191,33.13906240158952],[-96.818473215787165,33.139076883903556],[-96.818488385512609,33.139540546768913],[-96.818493773838568,33.139705214475832],[-96.818486926947827,33.139708712885202],[-96.818348707549546,33.139787744320898],[-96.818215465233308,33.139872610862845],[-96.818087546953834,33.139963090556314],[-96.817965286215895,33.140058946665121],[-96.817849003012796,33.140159929477022],[-96.817738999565506,33.140265775296506],[-96.8176355634793,33.140376208328377],[-96.817538965598018,33.14049094062527],[-96.817449455649864,33.14060967378893],[-96.817367269882013,33.14073209554121],[-96.817292621094111,33.140857888517019],[-96.817225703146121,33.14098672404905],[-96.817166692950067,33.141118266733436],[-96.817115743050778,33.141252171539087],[-96.817072986743099,33.14138809115957],[-96.817038535069486,33.141525669615852],[-96.817012478748239,33.141664548627269],[-96.816994886089773,33.141804365754105],[-96.816985801860241,33.141944756176642],[-96.816985366531156,33.14205572514944],[-96.816977766891128,33.142096231515289],[-96.816970415220197,33.142154654430136],[-96.816961030074637,33.142172723872662],[-96.816902018749829,33.142304266323698],[-96.816851067817979,33.142438170910189],[-96.816808310576675,33.142574090326328],[-96.816773858070789,33.142711668593549],[-96.816747801020881,33.142850547431713],[-96.816730207739042,33.142990364401534],[-96.816722647528678,33.143094568598165],[-96.816721801998085,33.143111488262711],[-96.816715031645046,33.143246647561853],[-96.816703126399332,33.143462951727095],[-96.816700985372222,33.143510881584746],[-96.816700433541257,33.143651478921782],[-96.816708415497502,33.143791916561433],[-96.816724911626039,33.143931828117388],[-96.816749878642085,33.144070848434218],[-96.816783250601503,33.144208615419096],[-96.816824941108123,33.14434476828837],[-96.816874840950845,33.144478953834593],[-96.816932821538828,33.144610820185804],[-96.816998729288059,33.14474002389705],[-96.817072393225402,33.144866227424764],[-96.817153622687627,33.144989103588614],[-96.817242203244859,33.145108329147973],[-96.817337906048891,33.145223594064078],[-96.817440480445413,33.145334597706892],[-96.817549658203504,33.145441050764887],[-96.817665155662482,33.145542675297442],[-96.817786670450317,33.145639206462135],[-96.817913885806746,33.145730391716597],[-96.81804647052175,33.145815992623987],[-96.818184078842521,33.14589578756155],[-96.818326350628553,33.145969567206912],[-96.818472915489096,33.146037139156363],[-96.818623390668677,33.146098326969913],[-96.818777383131064,33.146152972029149],[-96.818934492903125,33.146200930004646],[-96.819034708349108,33.146226732549664],[-96.819047671881208,33.146233455296198],[-96.819172490067174,33.146291512149169],[-96.819331347102988,33.146361643504441],[-96.819353094751861,33.146371157755155],[-96.819503571052877,33.146432344544159],[-96.819657564587331,33.146486988556866],[-96.819814675379277,33.146534945466556],[-96.81997449197624,33.146576092353136],[-96.820137465710246,33.1466104835173],[-96.820253528830733,33.146632299222894],[-96.820446060944803,33.146668483538505],[-96.820525714042702,33.146683455216987],[-96.820682003130244,33.146709652221674],[-96.820839275700038,33.146729091890542],[-96.820997239729536,33.146741738128142],[-96.821015540815452,33.146773087719815],[-96.821096777164684,33.146895961270111],[-96.821185364604958,33.147015184000125],[-96.821281074270175,33.147130445878368],[-96.821383655487864,33.147241446282706],[-96.821492840009654,33.147347895910173],[-96.82153994307896,33.147389336798227],[-96.821536890889575,33.147436533424582],[-96.821536346358712,33.147577130376817],[-96.821544335967602,33.147717567317549],[-96.821560840081432,33.14785747786226],[-96.821585815394499,33.147996496858148],[-96.821619195941111,33.148134262215827],[-96.821660895302571,33.148270413155863],[-96.821710804244802,33.148404596475885],[-96.821768794153215,33.148536460309707],[-96.82183471141937,33.148665661218985],[-96.821908385045361,33.148791861667505],[-96.821989624342834,33.148914734482808],[-96.822078214855992,33.149033956433136],[-96.822173927710878,33.149149217489104],[-96.822276512226708,33.149260217030729],[-96.82238570014637,33.149366665757263],[-96.822501207782651,33.149468285739275],[-96.822622732736917,33.149564812146281],[-96.822749958222346,33.149655992448317],[-96.822882553002515,33.149741588221495],[-96.823020171298495,33.149821377856298],[-96.82316245294345,33.149895152044415],[-96.823309027521219,33.149962718396232],[-96.823459512250651,33.150023900486424],[-96.823613514070885,33.15007853971148],[-96.82377063298425,33.150126491757156],[-96.823930457517122,33.150167633716165],[-96.824092570363945,33.150201856093844],[-96.824121628596302,33.150207214368145],[-96.825050761195328,33.150374817353033],[-96.8250716082255,33.150378866288023],[-96.825100021848868,33.150384107550281],[-96.825411522467036,33.15044035151174],[-96.825547088418077,33.150462323564554],[-96.825594876246285,33.150468140225392],[-96.825710260228902,33.150493733398974],[-96.825826410221637,33.150515588676782],[-96.825863989962571,33.15052204811861],[-96.826313021116505,33.150603121526146],[-96.826554816774888,33.150646778457435],[-96.82648482537887,33.150682546482862],[-96.826346596451245,33.150761585708807],[-96.826213345696644,33.150846459690648],[-96.826085420091658,33.150936946454102],[-96.825963153160004,33.151032809244654],[-96.825846864911554,33.151133798332459],[-96.825736857580054,33.151239650005849],[-96.825633418781081,33.151350088454237],[-96.825536819365681,33.151464825716026],[-96.825447309065908,33.151583563380186],[-96.825365124129931,33.151705989156696],[-96.825290477355168,33.15183178566997],[-96.82522356259642,33.151960624243607],[-96.825164556757471,33.152092169465618],[-96.825113612371482,33.152226076298398],[-96.8250708627194,33.152361997430162],[-96.825053662848788,33.152426358888512],[-96.824748256661096,33.153636782382613],[-96.824713000600269,33.153776504880597],[-96.824707552086863,33.153798095961037],[-96.824401514991436,33.155010996843558],[-96.824375241563118,33.155127213971532],[-96.824354973362958,33.155244627403178],[-96.824340763919807,33.15536292704644],[-96.8243259709444,33.155423934170358],[-96.824312866275037,33.155480488321679],[-96.824286816919567,33.15561936735385],[-96.824269232572561,33.15575918402233],[-96.824260157978429,33.155899573508769],[-96.824259617522472,33.15604016959692],[-96.824267611979423,33.156180605497326],[-96.824281455642108,33.156297918741586],[-96.824274570711125,33.156352659302442],[-96.824265496067056,33.156493048727889],[-96.824264955615732,33.156633644754557],[-96.824272950131871,33.156774080593259],[-96.824289459968242,33.156913989862204],[-96.824314441804219,33.157053007412074],[-96.824347829656787,33.157190771157275],[-96.824389537088379,33.157326920322504],[-96.824439454843855,33.157461101710055],[-96.82449745428562,33.157592963458704],[-96.824563381780379,33.157722162135684],[-96.824636905999256,33.157848085290546],[-96.824385375935293,33.157842754233556],[-96.822692556374719,33.157807045195987],[-96.822640578629802,33.157805759077881],[-96.822528438731482,33.157804210916034],[-96.822164055228455,33.157795650385552],[-96.822050390674278,33.157794900583987],[-96.821883340188506,33.157799828393138],[-96.821716805753695,33.157811923941907],[-96.82155122341176,33.157831156239148],[-96.821387024519638,33.157857474306013],[-96.821224636699355,33.157890810812766],[-96.821064484023935,33.157931076662351],[-96.82090698566644,33.157978169088786],[-96.8207525508125,33.158031963402593],[-96.820601582706033,33.158092320316399],[-96.820463707264366,33.158154892592314],[-96.820454207276001,33.158158447844428],[-96.820369133841155,33.158183169871776],[-96.820214698334397,33.158236963544411],[-96.820063729544927,33.15829731983024],[-96.819916621681244,33.158364081156641],[-96.819801068682651,33.158423119274914],[-96.819698023795979,33.15844902599143],[-96.819540523866593,33.158496116759672],[-96.819386087359035,33.158549909444588],[-96.819235117521856,33.15861026476307],[-96.819088008566339,33.15867702514506],[-96.818945143459061,33.15875001648655],[-96.818806896099076,33.158829047299115],[-96.818673626870819,33.15891391311883],[-96.818545682799041,33.159004391992816],[-96.818423397455774,33.159100247187062],[-96.818307090898728,33.159201228991691],[-96.818197065409549,33.15930707371384],[-96.818093608651154,33.159417505561152],[-96.817996991521525,33.159532236589364],[-96.817907463798605,33.159650968403469],[-96.81782526177652,33.159773388728929],[-96.817750598296897,33.159899180204292],[-96.817683667258095,33.16002801416618],[-96.817624645606557,33.160159555214854],[-96.81757368591677,33.16029345832338],[-96.817530921509217,33.160429376189839],[-96.817496463447299,33.160566952839773],[-96.817470402466427,33.160705829997283],[-96.817452806888951,33.160845645227319],[-96.817443721488559,33.16098603371529],[-96.817442439215824,33.161046319706749],[-96.817432897389864,33.162204117846393],[-96.817433672765205,33.162284431094164],[-96.817422134961163,33.162400961579202],[-96.817417066394782,33.162517952110875],[-96.817403051528785,33.163371172583233],[-96.817403548998684,33.163470425541369],[-96.817411533722847,33.163610861088962],[-96.817428034433277,33.16375077051481],[-96.817453007833166,33.163889788669046],[-96.817486387961381,33.164027553464429],[-96.81752808840082,33.164163704123034],[-96.817577999914221,33.164297887443212],[-96.817635993880614,33.164429751558771],[-96.817701916680733,33.164558953030649],[-96.817775597302415,33.164685154321177],[-96.817856845039003,33.164808028255727],[-96.817945445412619,33.164927251599551],[-96.818041169523866,33.165042514319637],[-96.818143766662374,33.165153515791793],[-96.818252968538005,33.165259966710082],[-96.818319959109829,33.165320158357815],[-96.818400512050687,33.165390395617557],[-96.818449044440968,33.165431826367183],[-96.818570586081165,33.165528355391118],[-96.818697829466331,33.165619538549009],[-96.818830443313473,33.165705137409553],[-96.818968081793798,33.165784930355237],[-96.819110384687903,33.165858708068974],[-96.819256981524006,33.165926278152021],[-96.819407489463103,33.165987464169319],[-96.819561515383484,33.166042107507181],[-96.819718659225003,33.166090063840606],[-96.819878509448657,33.166131210251066],[-96.820040648681939,33.166165437232351],[-96.820204654514171,33.166192656841062],[-96.82037009968262,33.166212797280465],[-96.82053655087573,33.166225806485414],[-96.820683333072679,33.166231325239906],[-96.822033571723196,33.166256558797663],[-96.822036714678958,33.166256941207521],[-96.82189170133384,33.166817825004621],[-96.821887220225406,33.166835436000753],[-96.821883412275639,33.166850642936019],[-96.821867241344933,33.166919570024824],[-96.821864393762837,33.166934745113288],[-96.821828192320368,33.16707933682909],[-96.821379765012168,33.168870334677258],[-96.821185064734564,33.169633977615256],[-96.82016493735874,33.173547964460703],[-96.820143125072065,33.173638956743666],[-96.820117064380923,33.17377783308249],[-96.820099470312144,33.173917647313942],[-96.820090387635531,33.174058034626007],[-96.820089840757291,33.174198628808064],[-96.820097830469138,33.17433906307572],[-96.820114337136303,33.174478971051386],[-96.820139317446447,33.174617987589031],[-96.820172705420546,33.174755750605605],[-96.820214414620779,33.174891899327875],[-96.820264335787229,33.175026080559164],[-96.820322340273933,33.175157942438766],[-96.820388274433725,33.175287141533502],[-96.820461967224958,33.175413340311842],[-96.820543227909653,33.17553621160571],[-96.820631841975583,33.175655432187327],[-96.820727580487869,33.175770692030831],[-96.82083019269875,33.175881690519496],[-96.820939410278456,33.175988138355294],[-96.821054949462791,33.176089757611081],[-96.821176507770559,33.17618628345835],[-96.821303768327965,33.176277463368557],[-96.821436399807297,33.176363058918852],[-96.821574056333915,33.176442848500407],[-96.821716377640911,33.176516622804868],[-96.821862993208811,33.176584189442437],[-96.822013520149625,33.176645371987036],[-96.822167565291963,33.176700011834015],[-96.822324728525786,33.176747964667435],[-96.822484598261326,33.176789107578003],[-96.822646757075034,33.176823331068604],[-96.822810782505314,33.176850547204936],[-96.822962571208265,33.176869294193907],[-96.825703450862818,33.177152779498606],[-96.826280582363751,33.17724254885281],[-96.826401276664953,33.177261321160245],[-96.826445292928881,33.177267905919159],[-96.826610759194452,33.177288038324974]]],[[[-96.80287715226261,33.178070700870819],[-96.801771274617437,33.178061163832531],[-96.801695377600993,33.178059852214687],[-96.801670525392751,33.178059543640913],[-96.801604109875683,33.178059003364297],[-96.800183667819908,33.178036293164041],[-96.800092388438159,33.178035938071751],[-96.799925300357231,33.178040837851604],[-96.799758726743917,33.178052905349745],[-96.799593103742637,33.178072109648511],[-96.799428862816455,33.178098399841986],[-96.799266431696552,33.178131708672993],[-96.799106234569521,33.178171947116837],[-96.798948690724103,33.17821901247919],[-96.79879420946456,33.178272780140844],[-96.798643194155986,33.178333110884104],[-96.798496039128324,33.178399847202954],[-96.798353127468161,33.178472815056104],[-96.798214833196496,33.178551823016527],[-96.798081516819749,33.178636666679949],[-96.797953525485426,33.178727124151187],[-96.797831192889177,33.178822958751951],[-96.797714839212034,33.178923920826293],[-96.797604766858399,33.179029746732624],[-96.797501263613484,33.179140160727769],[-96.797404600496776,33.179254874914186],[-96.797315027405261,33.179373590940415],[-96.797232780752822,33.1794959965736],[-96.797158073496718,33.179621774490286],[-96.797091099649194,33.179750596062433],[-96.797032036268916,33.179882125922767],[-96.796981036039284,33.180016019073619],[-96.796938232386196,33.180151928238907],[-96.796903736475713,33.180289497466774],[-96.796877639141826,33.180428368500856],[-96.7968600088019,33.180568178922215],[-96.796850890320258,33.180708563928476],[-96.796850308196582,33.180849157315215],[-96.796856937224391,33.180989600582279],[-96.796856208458038,33.181056828830371],[-96.796860257151309,33.181512786195114],[-96.796866694582846,33.182019242535048],[-96.796865643840505,33.182046596098466],[-96.796865853402267,33.182057517665093],[-96.796864732620378,33.182122705583879],[-96.796861480371135,33.182187821970309],[-96.796861521300698,33.182193016030219],[-96.796862630797946,33.182337609497829],[-96.796862670432603,33.182342872188165],[-96.79686378264563,33.182488227318423],[-96.796865022462441,33.182649678790717],[-96.796865056206258,33.182654271875876],[-96.796866301111947,33.182816634134767],[-96.796867596282638,33.182985413936294],[-96.796869111377376,33.183182927133984],[-96.796869834983582,33.183225266223793],[-96.79687779033469,33.18336570095866],[-96.796894263600947,33.183505610912],[-96.796919211557139,33.183644630932491],[-96.796952568308427,33.183782398927946],[-96.796994247498873,33.183918554112203],[-96.797044139946408,33.184052743271664],[-96.797102117080343,33.184184614525179],[-96.79716802532478,33.184313824414787],[-96.7972416937058,33.184440035380902],[-96.797322931548763,33.184562920223932],[-96.79741152440144,33.184682155680328],[-96.79750724338443,33.184797431685851],[-96.797609837800493,33.184908447581378],[-96.797719039366456,33.185014914023341],[-96.797834564359988,33.185116553036345],[-96.79795611033677,33.185213099740082],[-96.798083360455351,33.185304301551724],[-96.798215983415503,33.185389919991337],[-96.7983536333644,33.185469733390441],[-96.798495950052484,33.185543532378318],[-96.798642562972461,33.185611124500923],[-96.798793089243034,33.185672333265693],[-96.798947135694547,33.185726999999382],[-96.799104302213991,33.185774980316289],[-96.799264177202403,33.185816151235123],[-96.799426343223047,33.18585040318564],[-96.799590377795198,33.185877648159455],[-96.799755853581431,33.185897814293718],[-96.799922337189955,33.185910849455915],[-96.800089395647461,33.185916720498433],[-96.800136174613328,33.185917077972178],[-96.800146416661292,33.185917098258926],[-96.800200079743206,33.185917203481019],[-96.80037249625164,33.185917536564723],[-96.800545809797171,33.185917873225286],[-96.800720046300682,33.185918209573963],[-96.800890377404627,33.18591853901453],[-96.800951883496353,33.185918658067997],[-96.801057755020395,33.185918863086044],[-96.801066060277094,33.185918870414959],[-96.801137932966242,33.185918856334673],[-96.801320492096565,33.185918820183787],[-96.801661471689073,33.185921085937515],[-96.801689467846202,33.18592117204895],[-96.802158942321711,33.18592118746124],[-96.802825792172015,33.185921206866659],[-96.802940068328553,33.185919531791406],[-96.803106967380941,33.185911041974236],[-96.803273133080921,33.185895395911402],[-96.803438131957463,33.185872637253524],[-96.803601533295065,33.185842823272409],[-96.803762911032095,33.18580603213433],[-96.80392184492834,33.185762360218362],[-96.804077918418471,33.18571192206376],[-96.804230725146653,33.185654847818874],[-96.80437986666486,33.185591287702017],[-96.804524953692834,33.185521406611301],[-96.804665608141448,33.18544538778778],[-96.804801462194533,33.185363428275295],[-96.804932162448338,33.185275743538611],[-96.805057366908116,33.185182561065815],[-96.80517674915842,33.185084124083602],[-96.805289998394244,33.184980690654236],[-96.805396818502658,33.184872529135788],[-96.805496930054559,33.184759922747716],[-96.805590073711969,33.184643164232874],[-96.80567600580892,33.1845225593637],[-96.805754501758742,33.184398421603944],[-96.805825356971809,33.184271076648471],[-96.805888387134971,33.184140854298612],[-96.805943426857908,33.18400809656017],[-96.80599033320452,33.183873148694879],[-96.806028983420589,33.183736362778575],[-96.806059277142921,33.183598095948042],[-96.806081135387686,33.183458708569539],[-96.806094500549364,33.183318564238583],[-96.8060989901835,33.183209902379737],[-96.806104625479591,33.182893560151122],[-96.806118917299713,33.182091152239551],[-96.806119265466577,33.182059285081436],[-96.806119236588344,33.182035093517186],[-96.806113431299551,33.181129512960659],[-96.806113363826853,33.181121267302693],[-96.806112849229734,33.181069707317363],[-96.806114616692611,33.180841434897665],[-96.806114667631846,33.180832870490661],[-96.806114683587737,33.180819610885194],[-96.806110965445441,33.180691952671687],[-96.806098733232901,33.18055173516985],[-96.806078002988784,33.180412225988512],[-96.80604882884559,33.180273788725863],[-96.80601128649775,33.180136784793248],[-96.805965474336134,33.180001571635785],[-96.805911511363334,33.179868500875088],[-96.805849539215629,33.179737921972183],[-96.805779719252826,33.179610173122278],[-96.80570223335188,33.179485589405452],[-96.805617284186155,33.179364494662437],[-96.805525093996295,33.179247205982115],[-96.805425901555878,33.179134028207052],[-96.805319966341273,33.179025257649201],[-96.805207565496772,33.178921176595331],[-96.805088991533012,33.17882205776845],[-96.804964553555109,33.178728159840666],[-96.804834577294159,33.178639726530768],[-96.804699400688833,33.1785569901106],[-96.804559377323699,33.178480165164657],[-96.804414871979887,33.178409452999453],[-96.804266261864342,33.178345037156141],[-96.804113934338844,33.178287086969299],[-96.80395828603298,33.178235752124642],[-96.803799724836608,33.178191167225194],[-96.803638663552022,33.178153448926082],[-96.80347552204185,33.178122695987312],[-96.803310726249038,33.178098986539439],[-96.803144705801628,33.178082385252907],[-96.802977893313056,33.178072932479665],[-96.80287715226261,33.178070700870819]]],[[[-96.88312822176097,33.215893944339683],[-96.883149695495888,33.215902843319299],[-96.883278873320307,33.215955021864318],[-96.883433019797636,33.216009588183276],[-96.883590281271069,33.216057466231149],[-96.883750245895342,33.216098533294321],[-96.883912495997762,33.216132680073855],[-96.884076608879639,33.216159818835237],[-96.884242156998681,33.216179877992403],[-96.884408706774195,33.216192805693062],[-96.884575825061702,33.216198569068958],[-96.884743076052345,33.216197150548673],[-96.88490995632813,33.21618750558649],[-96.884933841304928,33.216185676561864],[-96.885076145624978,33.216172192273298],[-96.885099988840224,33.216169238383692],[-96.88524120749679,33.216149676200779],[-96.88526490436611,33.216145799135894],[-96.885289266837603,33.216141528615175],[-96.885312825003382,33.216137397102052],[-96.885354915154196,33.21612975740608],[-96.88540262179238,33.216121134346608],[-96.88542826969055,33.216116031542555],[-96.885473475748228,33.216109187567355],[-96.885520641720376,33.216099797288358],[-96.885682039559128,33.216062906277941],[-96.885840986684485,33.216019136173074],[-96.8859970664966,33.215968601770292],[-96.886149872622099,33.215911433468627],[-96.886299006615815,33.215847781731597],[-96.886444079216275,33.215777811696483],[-96.886584712372894,33.215701706835986],[-96.886720538323914,33.215619664419002],[-96.886851203740449,33.215531900125967],[-96.886976366717377,33.215438641653151],[-96.88709570094764,33.215340132425368],[-96.887208895752906,33.215236630692885],[-96.887315655160648,33.215128404992434],[-96.887415699901126,33.215015738711358],[-96.887508770810115,33.214898924747693],[-96.887594624412444,33.214778269018687],[-96.887673036325026,33.214654085121317],[-96.88774380217923,33.214526698870493],[-96.887806737893044,33.214396440175008],[-96.887861678324512,33.214263651136093],[-96.88790848079563,33.214128677096639],[-96.887947022823099,33.213991870201099],[-96.88797720432666,33.213853587640706],[-96.887998946614616,33.213714189822639],[-96.888012192384068,33.213574040370013],[-96.888016537093421,33.213448271793638],[-96.888016759579855,33.213433505367234],[-96.888016814735323,33.213360177566152],[-96.888019630768298,33.213184676888559],[-96.888021628815906,33.213007161155318],[-96.888022521582172,33.212927831941265],[-96.888023646760544,33.212827867049675],[-96.888025654074525,33.212649402001304],[-96.888027684798871,33.212469053867196],[-96.888029696676412,33.212290324178831],[-96.888031713752838,33.212111151013673],[-96.888033805133134,33.211925503013035],[-96.888036759744224,33.211662878390115],[-96.888040700721547,33.211312848295705],[-96.887719412019919,33.211314984659005],[-96.887764510786468,33.205771682763832],[-96.88679348124613,33.20716921386127],[-96.886660906217202,33.207048929371233],[-96.886676941602147,33.206207426566266],[-96.887213279414922,33.205781702782005],[-96.887754913308243,33.205622872727481],[-96.887819112372554,33.203986110392016],[-96.880467825499281,33.20392323171837],[-96.880468278303994,33.203899798707475],[-96.880468450959427,33.203890255458596],[-96.880477594467933,33.203435354528445],[-96.880477786449489,33.203425811735663],[-96.880478028698747,33.203418736477715],[-96.88032275903528,33.203436832731803],[-96.880158496127649,33.203463223446001],[-96.87999604962728,33.203496631549434],[-96.879835843759139,33.203536967758126],[-96.87967829783716,33.203584129121843],[-96.879523821168988,33.203637990772066],[-96.879372817108731,33.203698413245597],[-96.879225679957074,33.203765238796883],[-96.879082792753806,33.203838293152387],[-96.878944529455524,33.203917384658631],[-96.878811250489335,33.204002308693532],[-96.878683302904506,33.204092843152644],[-96.878561020281936,33.204188751157005],[-96.878444722673038,33.204289782858439],[-96.878334712335146,33.204395674434451],[-96.878231276892564,33.204506149970179],[-96.878134687188023,33.20462092140685],[-96.878045192927459,33.204739690245091],[-96.877963030317659,33.204862144112546],[-96.877888412097747,33.20498796556096],[-96.877821532047321,33.205116825849167],[-96.877762566981545,33.205248389507595],[-96.877711669325393,33.205382311451118],[-96.877668972239022,33.205518244328346],[-96.877634586609176,33.205655832125963],[-96.877608602983003,33.20579471653857],[-96.877591089481172,33.205934535112057],[-96.877582090662884,33.206074923023593],[-96.877580966761442,33.206123409043094],[-96.877579193981063,33.206263030189312],[-96.877566884597982,33.207232580063128],[-96.877564722881388,33.207402811429532],[-96.877541648766723,33.207454294025069],[-96.877490749581412,33.207588215660522],[-96.877448051156264,33.207724148240196],[-96.877413664381137,33.20786173575145],[-96.877387679806446,33.208000619889653],[-96.87737016555532,33.208140438201461],[-96.877361166188692,33.208280825864648],[-96.877360042114674,33.208329312704429],[-96.877346175638564,33.209421165828552],[-96.877345516933261,33.209473162636073],[-96.877346181214776,33.209565219554065],[-96.877347195409257,33.20959536272899],[-96.877364617588057,33.210029199964112],[-96.87735951382659,33.210430990859145],[-96.877339480961538,33.210475686028452],[-96.877288579826811,33.210609607280659],[-96.877245879714778,33.210745539485053],[-96.877211491520015,33.210883126630051],[-96.877185505796405,33.211022010411966],[-96.877167990670117,33.211161828378387],[-96.877158990704544,33.211302215707974],[-96.877157856487855,33.211351478232586],[-96.877144747716386,33.212411708412908],[-96.877138474412646,33.213026435643158],[-96.877139203789,33.213112755373515],[-96.877147283208927,33.213253182057308],[-96.877163882832221,33.213393078761996],[-96.877188959103833,33.213532080371053],[-96.877222445794416,33.213669824840707],[-96.877264256208065,33.213805951445877],[-96.877314280821864,33.213940107047755],[-96.877372390719486,33.21407193985182],[-96.877438431978106,33.214201106501818],[-96.877512233276974,33.214327269550388],[-96.877593603596694,33.214450101921919],[-96.877682328136316,33.214569280491482],[-96.877778177674514,33.214684495341814],[-96.877880901173171,33.214795445973877],[-96.877990230012415,33.214901843214875],[-96.878105880137838,33.21500340926918],[-96.878227548778625,33.215099879447493],[-96.878354918772743,33.215191001366414],[-96.878487658506927,33.215276536754168],[-96.878625421825078,33.215356264158665],[-96.878767848180729,33.215429974434493],[-96.878914566780423,33.215497475358418],[-96.879021639636008,33.215540918744914],[-96.879034473668099,33.215546470917467],[-96.879065033507032,33.215558870520809],[-96.879184941657755,33.215607865063014],[-96.879339085150079,33.215662436202607],[-96.879496343922028,33.215710319166455],[-96.879656306135246,33.215751391228117],[-96.879818554123474,33.215785543075576],[-96.879982665193467,33.215812686961158],[-96.880148211807708,33.215832751285397],[-96.880314760389467,33.215845684182526],[-96.88048187779718,33.215851452770771],[-96.880524956859233,33.215851775501676],[-96.883040434894397,33.215856696288711],[-96.88312822176097,33.215893944339683]]],[[[-96.778540561914269,33.218454112887748],[-96.778540212001417,33.218506700478613],[-96.778540251615695,33.218594704145133],[-96.778548182251697,33.21873513625858],[-96.778558951338823,33.218826717024683],[-96.779931203145139,33.218841024355207],[-96.783137876180845,33.218837011509756],[-96.783138016958901,33.218837012249459],[-96.783138156631736,33.218837013865418],[-96.786609481384076,33.218884654594028],[-96.789071288746584,33.218872402348957],[-96.789441336082859,33.218875244344567],[-96.79160942652662,33.218920111790538],[-96.792252607898405,33.218919104627986],[-96.793639046565275,33.218916920791372],[-96.793776750248256,33.218916702217903],[-96.793974249790821,33.218916310554185],[-96.794991344976438,33.218914292583783],[-96.795884680458997,33.218912513618811],[-96.795884850233392,33.218912515052565],[-96.796019905542451,33.218913537649385],[-96.797243512521803,33.218922813369247],[-96.799294559693152,33.218938332326779],[-96.799297062588693,33.218912121618636],[-96.799790510299005,33.218905766855947],[-96.799799322871763,33.218942146892971],[-96.800534671487384,33.218947699737406],[-96.801189243798419,33.21895263882049],[-96.801189382428987,33.218952639488442],[-96.801674198327404,33.21895562467455],[-96.801706893238986,33.218955825022867],[-96.801863892054229,33.218956791735849],[-96.802413283720824,33.218953797523085],[-96.802490572033136,33.218953353874817],[-96.802802221434021,33.21895156735021],[-96.802802327877785,33.218951566329125],[-96.802833355874995,33.218951512587452],[-96.804182790209197,33.218944294959535],[-96.804182888030383,33.218944294630802],[-96.804183029882751,33.218944295374037],[-96.806650262774397,33.218961257651031],[-96.806650428160069,33.218961261674394],[-96.806650596860848,33.218961263068117],[-96.807949858979029,33.218992602034334],[-96.810430779881997,33.21901242523937],[-96.81043087871501,33.219012426737407],[-96.810430974326181,33.219012428157164],[-96.813517980895838,33.219067865321897],[-96.814797667649032,33.219080486120227],[-96.814809993827751,33.219045029421935],[-96.814848645693118,33.218908244522858],[-96.814853716677703,33.218887623099221],[-96.814929883065531,33.218571798582495],[-96.81526442330879,33.217289590991022],[-96.815587834006976,33.216054034666882],[-96.815589426179812,33.216047919142284],[-96.816393339888577,33.212942863441427],[-96.816397811161835,33.212925447159442],[-96.81656114218994,33.212294711994247],[-96.816623018959902,33.21205570421909],[-96.816817496225099,33.211304501451856],[-96.816885556404785,33.211312391111605],[-96.817036437010628,33.21132770885189],[-96.817042793628943,33.211328349046489],[-96.81709118436055,33.211332875149729],[-96.817135028344481,33.21133669832863],[-96.817253169292599,33.211345185172611],[-96.817420274644846,33.211351034044796],[-96.817587517892264,33.211349701063753],[-96.817754461351555,33.2113411927836],[-96.817920670127535,33.211325528476095],[-96.818085710637334,33.211302751839554],[-96.818249152056225,33.211272920192641],[-96.818410568218169,33.211236111747709],[-96.81856953878318,33.211192422928846],[-96.818624880182838,33.211174536600247],[-96.818733502482345,33.211149766501109],[-96.818892472747322,33.211106077288385],[-96.819048580732755,33.21105562229198],[-96.819201419993121,33.210998531704028],[-96.819350591995558,33.210934955785476],[-96.819495707380099,33.210865059475708],[-96.81963638798392,33.210789026055281],[-96.819772265922282,33.210707052606331],[-96.819902987729549,33.210619354629848],[-96.820028211354355,33.21052615964858],[-96.820147610331389,33.210427710921749],[-96.820260873812117,33.210324266542258],[-96.820367705646305,33.210216094896772],[-96.82046782637417,33.210103479231257],[-96.820560976634084,33.209986712312578],[-96.820646912742944,33.209866099935084],[-96.820725410103293,33.209741955582253],[-96.820796264122166,33.209614604966006],[-96.820859290489324,33.209484377902506],[-96.820909233237629,33.20936389721961],[-96.820944455715235,33.209333962314986],[-96.820960813989387,33.209319664218718],[-96.821060827180787,33.209231615176407],[-96.821159040961234,33.2091413126833],[-96.821186518765487,33.20911454819543],[-96.821279796153803,33.209022614614021],[-96.821361085186624,33.208939297562104],[-96.82139622319427,33.208901124808293],[-96.821483198844376,33.208804965795728],[-96.821550007431398,33.208728500103952],[-96.821592076779282,33.208677354737574],[-96.821672777787356,33.208576901411597],[-96.821725270284546,33.208509518970111],[-96.821773160264257,33.20844403428859],[-96.821846483441163,33.20834071448521],[-96.821886372976564,33.208282981713893],[-96.821937226798752,33.20820432261808],[-96.822003832554344,33.208097243501548],[-96.822032853773919,33.208049537610755],[-96.822086145060268,33.20795537495124],[-96.822145977709368,33.20784443762301],[-96.822164290101654,33.207809854046587],[-96.822217075162314,33.207702133911226],[-96.822269366090026,33.207588663184957],[-96.822280313668585,33.207564614173215],[-96.822332066070047,33.207440413863814],[-96.822376652986492,33.207324787979282],[-96.822403986262614,33.207250394694498],[-96.822428869406778,33.207175146452386],[-96.822465522103741,33.207058095245806],[-96.822503465439979,33.206923507119917],[-96.822507831627675,33.206905790812272],[-96.822536684102872,33.206786918223045],[-96.822563073943215,33.206664388531344],[-96.822568946756803,33.206631835482064],[-96.822589664760969,33.20651271262777],[-96.82260613806892,33.206402959493261],[-96.822611352423607,33.206358004432225],[-96.822624237293113,33.20623673869558],[-96.822632534604097,33.206139965980263],[-96.822635663504315,33.206079247013641],[-96.822640422203975,33.20595796340487],[-96.822642162319354,33.205880782781421],[-96.822646740237275,33.205099537570511],[-96.822643024126549,33.204956668042726],[-96.822630763730672,33.204816454629793],[-96.822610003207032,33.204676950594774],[-96.82258079676734,33.204538519522444],[-96.8225432201899,33.204401522807984],[-96.822497371955279,33.204266317877682],[-96.822443371159807,33.204133256331815],[-96.822381359538937,33.204002687607115],[-96.822311498555024,33.203874949872407],[-96.822233970192258,33.203750378178775],[-96.822148977234718,33.203629296335471],[-96.822056742037589,33.203512021397678],[-96.821957503491461,33.20339885817242],[-96.821851521192983,33.203290102933529],[-96.821739072409557,33.203186037927715],[-96.821620449776674,33.203086935836254],[-96.821495962526427,33.202993055287628],[-96.821365936518532,33.202904639955122],[-96.821230709821322,33.202821922063869],[-96.821090636150188,33.202745116149913],[-96.820946080417443,33.202674423470135],[-96.82079741996148,33.202610027514915],[-96.820645042275217,33.202552097566873],[-96.820489344119025,33.202500783259211],[-96.820330733513032,33.202456219140934],[-96.820169623388523,33.202418521813307],[-96.820006433735472,33.202387789981465],[-96.819841590622005,33.202364101720953],[-96.819675523800072,33.202347521646935],[-96.819508666003358,33.202338090056102],[-96.81938876650365,33.202335744507685],[-96.81913186548627,33.20233482149677],[-96.819378195581436,33.201367028661345],[-96.819461610115681,33.201039301999231],[-96.819463781056086,33.201030708717425],[-96.819494060404452,33.200892440576553],[-96.819515902540701,33.200753052765585],[-96.819529249901365,33.200612908881133],[-96.819534068484074,33.200472374896286],[-96.819530345761436,33.200331817302953],[-96.819518090680489,33.200191603112032],[-96.81949733587166,33.200052098100002],[-96.819468135531778,33.199913665854147],[-96.819430565423218,33.199776667772674],[-96.819384724009637,33.199641461285594],[-96.819330730369686,33.199508397997008],[-96.819268726219946,33.199377827348393],[-96.819198873003444,33.199250087513519],[-96.819121352684036,33.199125513548935],[-96.81903636802484,33.199004429269898],[-96.81894414135931,33.198887151737864],[-96.818844911555914,33.19877398576665],[-96.818738938188417,33.198665227637207],[-96.818626498500976,33.198561159603862],[-96.818507885105277,33.198462054355701],[-96.818383407209367,33.19836817052952],[-96.81825339064855,33.198279751807142],[-96.818118173466473,33.198197030422477],[-96.817978109353774,33.198120220920757],[-96.817833563197794,33.198049524568191],[-96.817684912311933,33.197985124864729],[-96.817532544164166,33.197927191102806],[-96.817376855490053,33.197875872925486],[-96.817218254284882,33.197831304891999],[-96.817057153455423,33.197793603613682],[-96.816893972967435,33.197762867806084],[-96.816729138865185,33.19773917555505],[-96.816563080877017,33.197722591486219],[-96.816396231713725,33.19771315590669],[-96.816289101788868,33.197710881348989],[-96.814910606512015,33.197700577501486],[-96.814899575607924,33.197695797997156],[-96.814747209674508,33.197637860989722],[-96.814591523026323,33.197586539497848],[-96.814432923653698,33.197541968089475],[-96.814271824458402,33.197504263384715],[-96.814108645401873,33.197473524108119],[-96.813943812524883,33.197449828354486],[-96.813777755552437,33.197433240758613],[-96.813610907192825,33.197423801636788],[-96.813531043465616,33.197421824563186],[-96.813148585250445,33.197416280578615],[-96.813061245599656,33.197415994508944],[-96.812894123305981,33.19742091072866],[-96.812727516589248,33.19743299451202],[-96.812561861680521,33.197452214898654],[-96.812397590125883,33.197478520940777],[-96.812235129736436,33.197511845339939],[-96.812074904774917,33.197552099030673],[-96.811917334603294,33.197599179278839],[-96.81176282859397,33.197652961426613],[-96.81170115809995,33.19767760063656],[-96.81150603486229,33.1976763861705],[-96.811397503647456,33.197674894798958],[-96.811339013980628,33.197674645427448],[-96.810771700511097,33.197669532080944],[-96.810675784134318,33.197597178970689],[-96.810545775998804,33.197508752563515],[-96.81041056681218,33.197426023191959],[-96.810270510244024,33.197349205422135],[-96.810125971162066,33.197278500541863],[-96.809977326861201,33.197214092073281],[-96.809824964792426,33.197156149331732],[-96.80966928167517,33.197104821983643],[-96.809510685490551,33.197060244612224],[-96.809349589131955,33.197022533853215],[-96.809186412553444,33.196991788446795],[-96.809021581789423,33.196968086503958],[-96.808855526559228,33.196951492675488],[-96.808688679566785,33.196942047293994],[-96.8085828119344,33.196939776336663],[-96.805704221681623,33.196917141373525],[-96.805640866807352,33.196874045391716],[-96.805505662918947,33.196791310928766],[-96.80536561136968,33.196714487889324],[-96.805221077014124,33.196643777574778],[-96.805072437134939,33.196579363521565],[-96.804920079171467,33.196521415059514],[-96.804764399832578,33.196470081869926],[-96.80460580708943,33.196425498551491],[-96.804444713826442,33.196387781755192],[-96.804281539989589,33.196357030237138],[-96.804116711606227,33.196333322124161],[-96.803950658389354,33.196316722083203],[-96.803783813037768,33.196307270463045],[-96.803673761848415,33.196304965004757],[-96.803061018849434,33.196300787729484],[-96.803003868909087,33.196300817513247],[-96.802836748091806,33.196305720932898],[-96.802670142068379,33.196317791961604],[-96.802504487068035,33.196336999672539],[-96.802340214637127,33.196363293150739],[-96.802177752588918,33.196396605130587],[-96.80201752519072,33.19643684657914],[-96.801859951810599,33.196483914794179],[-96.801705441829455,33.196537685149124],[-96.801554398687372,33.196598018419216],[-96.801407216787084,33.196664757091831],[-96.801264279284894,33.196737727119533],[-96.801125960269644,33.196816737069682],[-96.800992620312186,33.196901582532668],[-96.80086460662146,33.196992041608709],[-96.800742252951338,33.19708787761536],[-96.800625879538146,33.19718884089292],[-96.800515788837359,33.197294667796704],[-96.800412268682294,33.197405082580929],[-96.800315590136663,33.197519797345919],[-96.800226003137482,33.197638513738774],[-96.800143744135326,33.197760919525621],[-96.800069026119203,33.197886697382685],[-96.800002043129496,33.198015518681942],[-96.799942972249141,33.198147048056974],[-96.799891966180738,33.198280940511275],[-96.799849158365603,33.198416848770584],[-96.79981465998047,33.198554416885472],[-96.799788561866052,33.198693286602406],[-96.79977093244176,33.198833095505876],[-96.79976181656933,33.198973478797498],[-96.799760623171863,33.199024141893943],[-96.799757214457571,33.199294785430858],[-96.799754346533987,33.19953075350972],[-96.799754332640177,33.199626016371781],[-96.799759389994193,33.199721144896685],[-96.79976950425403,33.199815869311855],[-96.799759172679373,33.199906889846559],[-96.799752750472422,33.199998269463713],[-96.799750249428442,33.200089840332176],[-96.799742790923233,33.201158154005796],[-96.799743440869264,33.201253302290844],[-96.799748990938596,33.201348290791771],[-96.799759426396207,33.201442867320587],[-96.799748124137849,33.201538249441171],[-96.799741065600344,33.201634039143222],[-96.79973826468985,33.201730047709873],[-96.799729840405647,33.202802080381055],[-96.799730567526808,33.202881050688703],[-96.799738528893215,33.203021483183811],[-96.799755009963121,33.203161390719252],[-96.799779967490892,33.203300408150135],[-96.799813335556578,33.203438173390992],[-96.799855027774854,33.203574325662835],[-96.799904934929515,33.203708511759721],[-96.799962928412057,33.203840379808511],[-96.800028854603241,33.203969586359513],[-96.800102542482563,33.20409579386196],[-96.80018380132492,33.204218675125134],[-96.800272416622704,33.204337906895077],[-96.800368159438349,33.20445317911696],[-96.8004707790125,33.204564191141564],[-96.800580006996,33.204670653635631],[-96.800695559597884,33.204772288633798],[-96.800817134301582,33.204868831266403],[-96.800944414190795,33.20496002896116],[-96.801077067887704,33.205045643249015],[-96.801204033191041,33.205119240338576],[-96.801171529201525,33.205135832095309],[-96.801033197587046,33.205214841449333],[-96.800899845475243,33.20529968628297],[-96.800771820106618,33.205390144697915],[-96.800649455265557,33.205485980013542],[-96.800533071217572,33.205586942571912],[-96.800422970445808,33.205692768730238],[-96.800319440809872,33.205803182744667],[-96.800222753398359,33.205917896717494],[-96.800133158171164,33.206036612297986],[-96.800050891600605,33.206159017254294],[-96.799976166695288,33.206284794264811],[-96.79990917751347,33.206413614703777],[-96.799850101154462,33.206545143206924],[-96.799799090335057,33.206679034780102],[-96.799756278508966,33.206814942151325],[-96.799721776863365,33.206952509373551],[-96.799695676247552,33.207091378195393],[-96.799678045087504,33.207231186203835],[-96.799668928249361,33.207371568602767],[-96.799667699761784,33.207425174829559],[-96.79965795850157,33.208285444075145],[-96.79965860896543,33.208372428383882],[-96.799664813732392,33.208481863911807],[-96.799656842230178,33.208582785628622],[-96.79965344461921,33.208683964648252],[-96.799643587635089,33.209554337904244],[-96.799628721527498,33.210866942004593],[-96.799527989300159,33.210887591167491],[-96.799416146692124,33.210915673827401],[-96.799307440348258,33.210933067538527],[-96.799144951696988,33.210966375400012],[-96.798984697820146,33.211006612705916],[-96.798827098154973,33.211053676764749],[-96.798672562150756,33.211107442960802],[-96.798521493315491,33.211167772080145],[-96.798374286118928,33.211234506621039],[-96.798231323783412,33.211307472546714],[-96.798200095026388,33.211325307073771],[-96.798192230399906,33.211324175653154],[-96.79802615141142,33.211307568305067],[-96.797859279703772,33.211298109261357],[-96.797692051699869,33.211295826333064],[-96.797524903590116,33.211300722934908],[-96.797358269947139,33.211312787085838],[-96.797192587072161,33.211331987876832],[-96.797028286584478,33.211358274411246],[-96.796980297586188,33.211367343783309],[-96.796848926045442,33.211393042367021],[-96.796734424763528,33.211417277910009],[-96.796574169062339,33.211457512259877],[-96.796416567408357,33.211504573409144],[-96.79626202925607,33.211558336749633],[-96.796110958119058,33.211618663074773],[-96.795963748473085,33.211685394890189],[-96.795820783546873,33.211758358166236],[-96.795682437500858,33.21183736148793],[-96.795549070976364,33.211922200463022],[-96.795450908993288,33.211991545725937],[-96.795433565025377,33.211456957865373],[-96.795431076545412,33.211401105433225],[-96.795418856425343,33.21126089016397],[-96.795398135379045,33.211121382507159],[-96.795368967515429,33.210982946057122],[-96.795331428512071,33.21084594222296],[-96.795285616751514,33.210710728449691],[-96.795231651235284,33.210577656360442],[-96.795169673606139,33.210447075419715],[-96.795099845238511,33.210319323828109],[-96.79502234803094,33.210194736672804],[-96.794937384686619,33.210073637803518],[-96.794845177483225,33.209956344319991],[-96.794745965238505,33.20984316107721],[-96.794640007480282,33.209734384401379],[-96.794527581412439,33.209630296595378],[-96.794408979610779,33.209531170399771],[-96.794284511253053,33.209437264505844],[-96.79415450215005,33.209348822653382],[-96.794019290325735,33.20926607713622],[-96.793970613785476,33.209239374162635],[-96.79397424838082,33.211531698112751],[-96.793974270550464,33.211545576335425],[-96.792164737002949,33.211530407121685],[-96.785151392912738,33.211437147132749],[-96.777365011757624,33.211380382336081],[-96.777364876216495,33.211386448318912],[-96.777361457129373,33.211733965620141],[-96.777360089061503,33.21187293528294],[-96.777352378728537,33.21265706247496],[-96.777345477241553,33.213358520929951],[-96.777344653688274,33.213442165461828],[-96.777345134716285,33.213517340660857],[-96.777349020939937,33.213688949377882],[-96.777349211707545,33.213696790487546],[-96.77735397168955,33.213796672262092],[-96.777365849327438,33.21396802271655],[-96.777369017770809,33.214008573641721],[-96.777375810236862,33.214075451196223],[-96.777395657408732,33.214246278138404],[-96.777405314261941,33.214319309755716],[-96.777410612956999,33.214353303416047],[-96.777438400044943,33.21452334772831],[-96.777458181594696,33.214629101971838],[-96.777494021474453,33.214798828976107],[-96.77751889553123,33.214904551914714],[-96.777562425455216,33.215072247003228],[-96.777570584251549,33.215102838940382],[-96.777592209896753,33.215177087636555],[-96.777643517817395,33.215343221839539],[-96.777663557057693,33.215405131263758],[-96.77767815129485,33.215446967248155],[-96.777737155851057,33.215611285590541],[-96.777761770085874,33.21567686141502],[-96.777837843613568,33.215871040795925],[-96.777853172753225,33.215910166403098],[-96.77786383206363,33.215936912315421],[-96.777921801858625,33.21606878888263],[-96.777987706040065,33.216198005308392],[-96.778061373645116,33.216324224016425],[-96.778142614001297,33.216447117786927],[-96.778231212649544,33.216566363332873],[-96.778326940695763,33.216681650563984],[-96.778395600638831,33.216755946693759],[-96.778419829311957,33.216818101481451],[-96.778451354436754,33.216904931102327],[-96.778470189668724,33.216965572148382],[-96.778486058656682,33.217026794477249],[-96.778498946501514,33.217088531773598],[-96.778508821670442,33.217150639618112],[-96.778515675142927,33.217213068101231],[-96.778519488452872,33.217275636986678],[-96.778520605619619,33.217366408205123],[-96.778517634586137,33.217614104329925],[-96.778518253517987,33.217702107819058],[-96.778522720026302,33.217797669913125],[-96.778544299556245,33.218117573847451],[-96.778540561914269,33.218454112887748]]]]},"properties":{"OBJECTID":1,"Shape_Length":52071.934997527853,"Shape_Area":19621749.065109294,"AREA_SQFT":211876306.16325241,"AREA_ACRES":4864.0107016357306,"AREA_SQMILES":7.6000167213058285}}]
}