{
  "type" : "FeatureCollection",
  "features" : [{"type":"Feature","id":1,"geometry":{"type":"MultiPolygon","coordinates":[[[[-97.750247400139116,31.010152628800235],[-97.750450823635205,31.011343390431481],[-97.750812918356559,31.011236328318716],[-97.750808273168218,31.011225465576974],[-97.750560069553529,31.010589741649468],[-97.750552030530045,31.010569458079555],[-97.750509374927105,31.010470677917947],[-97.750262691261881,31.009936574654152],[-97.750247400139116,31.010152628800235]]],[[[-97.739110239960198,31.07382156779104],[-97.738970671409461,31.073829211107039],[-97.738831740662562,31.073842948146314],[-97.738693810638878,31.073862743513502],[-97.738557240664562,31.073888544884873],[-97.738422386472422,31.07392028608642],[-97.738289600202066,31.073957882477234],[-97.738159228603195,31.074001237874377],[-97.738031612137306,31.074050237628157],[-97.737907084079367,31.074104754777579],[-97.737785966924548,31.074164646972903],[-97.737668579574802,31.074229758014528],[-97.737555226558996,31.074299917083518],[-97.737446204321159,31.074374942589152],[-97.737341796728956,31.074454638321644],[-97.73724227597188,31.074538795760869],[-97.737147902561389,31.074627195615005],[-97.737058920839232,31.074719607051488],[-97.73697556616402,31.074815789235924],[-97.736898053233091,31.074915491332195],[-97.736826585964053,31.075018454041313],[-97.736761350308115,31.075124406524271],[-97.73670251604689,31.075233074095824],[-97.73665023589399,31.075344172839038],[-97.736610953464933,31.075440571361479],[-97.735617483236027,31.078062868971248],[-97.735580095353896,31.078159796374784],[-97.735573515194446,31.078176556430194],[-97.735534736720268,31.078291638627505],[-97.735502871680495,31.078408267124448],[-97.735478000025239,31.078526136474764],[-97.735460187331455,31.078644939695014],[-97.735449483006533,31.078764366725601],[-97.735445911304964,31.078884105969927],[-97.735449483006533,31.079003845063379],[-97.735460187331455,31.079123271643063],[-97.735478000025239,31.07924207411703],[-97.735502871680495,31.079359942433463],[-97.735534736720268,31.079476569619711],[-97.735573515194446,31.079591650243181],[-97.735619102898482,31.079704885796946],[-97.735671383051397,31.07981597931423],[-97.735730217312607,31.079924641523025],[-97.735795452968546,31.080030588538023],[-97.735866920237584,31.080133545707287],[-97.735944433168527,31.080233242226484],[-97.736027787843724,31.08032941883263],[-97.736116769565896,31.080421824726248],[-97.736211143874684,31.080510219109982],[-97.736310663733448,31.080594371188575],[-97.736415070427327,31.080674061707295],[-97.736524093563474,31.080749082182603],[-97.736637446579294,31.08081923644038],[-97.736754833929041,31.0808843429243],[-97.736875950185535,31.080944230848594],[-97.737000480040109,31.080998744044628],[-97.737128095607702,31.081047740191757],[-97.737258467206559,31.08109109235555],[-97.737313559984614,31.081106992529325],[-97.737353449674814,31.081118397384486],[-97.737391053152592,31.081129193681988],[-97.740782141247863,31.08210628083852],[-97.740792640756908,31.082109283582955],[-97.741816394990678,31.082400150055975],[-97.741802871752384,31.082440275760469],[-97.741771006712625,31.082556899167251],[-97.741746134159044,31.082674763373237],[-97.74172832326191,31.082793561408373],[-97.741717618038663,31.082912983226674],[-97.741714045438769,31.083032717244944],[-97.741717618038663,31.08315245111239],[-97.74172832326191,31.083271872479678],[-97.741746134159044,31.083390669768491],[-97.741771006712625,31.083508532940566],[-97.741802871752384,31.083625155036554],[-97.741841650226576,31.083740230637201],[-97.741887237032287,31.083853461248754],[-97.741939518083512,31.083964549917255],[-97.741998353243048,31.084073207383359],[-97.742063588000676,31.084179149774112],[-97.742135056168038,31.084282102449659],[-97.742212568200642,31.084381794617514],[-97.742295922875854,31.084477967025812],[-97.742384904598012,31.084570368886219],[-97.742479277110178,31.084658759411802],[-97.742578798765578,31.084742907817425],[-97.742683206357782,31.084822594857879],[-97.742792229493929,31.084897612058743],[-97.742905582509735,31.084967763254483],[-97.743022969859496,31.085032866896729],[-97.74314408611599,31.085092752207014],[-97.743268614173928,31.085147263023675],[-97.743396230639817,31.085196257032237],[-97.743528343173708,31.085240141210072],[-97.743887869611669,31.085350256611068],[-97.744196518166873,31.085444895562599],[-97.74432674962857,31.085481703463195],[-97.74446160382071,31.085513440793804],[-97.74459817379504,31.085539239002991],[-97.744736103818695,31.085559031934583],[-97.74487503366727,31.08557276727884],[-97.745014602218021,31.085580409650014],[-97.74515444385662,31.085581939816638],[-97.745294193867053,31.085577351624561],[-97.745433489329955,31.085566659689864],[-97.745571963732687,31.085549889397839],[-97.745709259545777,31.08552708690415],[-97.745845014748127,31.085498309903144],[-97.745978878098498,31.085463633782297],[-97.746110500152241,31.085423149314416],[-97.746239535956292,31.085376962657708],[-97.746365650439031,31.085325193047964],[-97.746488512122113,31.085267976645113],[-97.746607803900275,31.085205461917766],[-97.746723212261472,31.08513781272006],[-97.746834436270063,31.08506520444579],[-97.746941185770211,31.084987827874848],[-97.747043183182512,31.084905883787975],[-97.747140162605646,31.084819586044599],[-97.74723186891805,31.084729160813385],[-97.747318064964503,31.084634842725738],[-97.747398525267883,31.084536878722844],[-97.747473039622392,31.084435523439613],[-97.7475414130936,31.08433104228218],[-97.747603468713422,31.084223706812153],[-97.747659044785109,31.084113798593329],[-97.74770594762272,31.084006665980365],[-97.747897153132627,31.083535256430029],[-97.748137455166074,31.082942784996611],[-97.748327986041204,31.082473025788442],[-97.748330028810159,31.0824679712264],[-97.748372225373998,31.082353779596424],[-97.748407557910767,31.082237891431021],[-97.74843593569058,31.08212060907556],[-97.748457285051629,31.082002238723657],[-97.748471548501712,31.081883088878378],[-97.748478689209918,31.081763470352346],[-97.748478689209918,31.081643695498478],[-97.748471548501712,31.081524076671158],[-97.748457285051629,31.081404926226469],[-97.74843593569058,31.081286554983304],[-97.748407557910767,31.081169271453948],[-97.748372225373998,31.08105338184432],[-97.748330028810159,31.080939188514858],[-97.748281078712026,31.080826988441927],[-97.748225502640338,31.080717076295155],[-97.748163447020517,31.080609736743803],[-97.748095073549294,31.080505251380725],[-97.748020559194785,31.080403891798149],[-97.747940098891419,31.080305923434317],[-97.747853902844952,31.080211600957202],[-97.747762196532562,31.080121171341908],[-97.747665217109429,31.080034869254114],[-97.747563219697113,31.07995292089694],[-97.74745647019698,31.079875540163972],[-97.747345246188374,31.079802927869611],[-97.747229837827192,31.079735274826508],[-97.747110546049029,31.079672756460035],[-97.746987684365948,31.079615536654412],[-97.746861569883208,31.079563763906439],[-97.746732534079172,31.079517574402335],[-97.746635961592872,31.079487236081171],[-97.745979936313915,31.079293039975834],[-97.746545227257599,31.077807414449079],[-97.746572621382171,31.077731020620462],[-97.746607954817236,31.077615126818955],[-97.746636332597078,31.077497838759697],[-97.746657681958126,31.077379462651098],[-97.74667194540821,31.077260307011201],[-97.746679086116387,31.077140682667771],[-97.746679086116387,31.077020901988895],[-97.74667194540821,31.076901277344266],[-97.746657681958126,31.076782121104998],[-97.746636332597078,31.076663744105129],[-97.746607954817236,31.076546454872098],[-97.746572621382171,31.076430559626555],[-97.746530424818332,31.076316360743625],[-97.746481475618509,31.076204155214302],[-97.746425900445146,31.076094237722341],[-97.746363843926986,31.075986892950947],[-97.746295470455777,31.075882402506625],[-97.746220956999593,31.075781037994787],[-97.746140495797889,31.07568306486673],[-97.746054300649774,31.075588737802669],[-97.745962593439032,31.075498303789725],[-97.745865614914237,31.075411997505032],[-97.745763616603597,31.075330045162687],[-97.745656867103449,31.075252660666642],[-97.745545643094871,31.075180044841126],[-97.745430233835364,31.075112388508149],[-97.745310942955527,31.075049867101331],[-97.74518808037412,31.074992644513181],[-97.745061967688017,31.07494086924752],[-97.744932930985641,31.07489467749723],[-97.744801309830223,31.074854188527691],[-97.744667445581513,31.074819508523632],[-97.744580584781758,31.074800369655463],[-97.741047897943204,31.074074570918768],[-97.740333359999909,31.073908622615633],[-97.740206573577353,31.073881938737319],[-97.740069278662588,31.073859133444515],[-97.739930802463206,31.073842361086861],[-97.739791508796941,31.073831667832053],[-97.73967282068665,31.073827379142593],[-97.739271144397264,31.073820337504845],[-97.739250079802162,31.07382003743507],[-97.739110239960198,31.07382156779104]]],[[[-97.757083276719015,31.079877528192053],[-97.756943709964887,31.079885171021175],[-97.756804778319676,31.07989890718547],[-97.756666848296021,31.079918701291678],[-97.756530278321677,31.079944501019519],[-97.756395424129536,31.079976240199134],[-97.75626263785918,31.080013834195057],[-97.756132268056973,31.080057186830409],[-97.75600465159107,31.080106183462878],[-97.755880121736482,31.080160697139583],[-97.755759005479987,31.080220585519754],[-97.755641617231916,31.080285692413721],[-97.75552826421611,31.080355847013571],[-97.755419242876599,31.080430867739967],[-97.75531483438607,31.080510558395819],[-97.755215314527319,31.080594710474056],[-97.755120940218518,31.080683104697069],[-97.755031960292996,31.080775510246792],[-97.754948603821148,31.08087168630427],[-97.754871091788559,31.08097138204927],[-97.754799623621167,31.08107433819951],[-97.754734387965229,31.081180283933062],[-97.754675553704018,31.081288944582241],[-97.754623274449443,31.081400036248159],[-97.754577685847067,31.081513269647633],[-97.754542400022714,31.08161701532995],[-97.754398583338997,31.082079249210075],[-97.75439509428243,31.082090581630396],[-97.754363227446049,31.082207205466261],[-97.754338355790765,31.082325070105885],[-97.754320543096995,31.082443868578114],[-97.754309838772073,31.082563290835729],[-97.754306266172193,31.082683025294592],[-97.754309838772073,31.082802759602572],[-97.754320543096995,31.082922181409248],[-97.754338355790765,31.083040979135131],[-97.754363227446049,31.083158842740819],[-97.75439509428243,31.083275465265899],[-97.754433870959986,31.083390541289997],[-97.754479457765711,31.08350377231811],[-97.754531738816937,31.083614861395326],[-97.754590573078147,31.083723519261238],[-97.754655808734086,31.083829462041837],[-97.754727276003123,31.083932415096175],[-97.754804788934067,31.084032107630787],[-97.754833624854669,31.084065378713905],[-97.75487208442695,31.084160901361944],[-97.754924363681525,31.08427198967108],[-97.754983197942749,31.084380646785643],[-97.755048433598674,31.084486588833748],[-97.755119902664362,31.084589541176243],[-97.755197413798655,31.08468923302155],[-97.755280770270502,31.084785405118804],[-97.75536975019601,31.084877806680289],[-97.75546412450484,31.08496619691995],[-97.755563644363576,31.085050345053357],[-97.755668052854105,31.085130031836034],[-97.755777074193617,31.085205048794222],[-97.755890427209422,31.085275199763025],[-97.756007816355805,31.085340303194613],[-97.756128931714002,31.085400188311233],[-97.756253461568576,31.085454698951548],[-97.756381078034465,31.085503692801616],[-97.756511447836701,31.085547042932959],[-97.756620992894028,31.085578517905489],[-97.757148478238975,31.085719547779863],[-97.757171721248625,31.085725664590822],[-97.757245925684359,31.085743128772375],[-97.757344877807839,31.085776030755532],[-97.75747233167867,31.085812236155999],[-97.757931209092106,31.085931976522833],[-97.757936541491645,31.085933362822512],[-97.758071395683785,31.085965100002273],[-97.758207965658116,31.085990898088859],[-97.758345895681771,31.086010690926383],[-97.758484825530346,31.086024426205423],[-97.758624394081096,31.086032068540263],[-97.758764235719696,31.086033598699636],[-97.758903986628439,31.086029010529362],[-97.75904328119303,31.086018318645401],[-97.759181755595748,31.086001548433082],[-97.759319051408852,31.085978746047761],[-97.759454806611203,31.085949969183531],[-97.759588669961573,31.08591529322749],[-97.759720292015331,31.085874808952017],[-97.759849327819367,31.085828622514807],[-97.759975442302107,31.085776853151099],[-97.760098303985188,31.085719637020237],[-97.760217595763351,31.085657122589939],[-97.760333004124547,31.085589473713735],[-97.760444228133139,31.085516865784609],[-97.760550977633287,31.085439489581326],[-97.760652975045588,31.085357545883905],[-97.760749954468722,31.085271248550669],[-97.760841660781125,31.085180823749184],[-97.760927856827578,31.085086506109807],[-97.761008317130958,31.084988542572518],[-97.761082831485453,31.084887187770928],[-97.761151204956676,31.08478270711004],[-97.761213260576497,31.084675372150127],[-97.761268836648185,31.084565464453597],[-97.761317785848021,31.084453268661402],[-97.76133538384444,31.084408077808007],[-97.761513161337461,31.083935582419063],[-97.761522632275515,31.08390807740485],[-97.761536910996952,31.083868608557168],[-97.761548604367022,31.083836665266535],[-97.761694803382866,31.083452742554531],[-97.76172113120721,31.08337916594207],[-97.761756464642275,31.083263279026909],[-97.761784842422117,31.083145997936782],[-97.761806191783165,31.083027628861853],[-97.761820455233249,31.082908480301999],[-97.761827595941426,31.082788863066483],[-97.761827595941426,31.082669089504734],[-97.761820455233249,31.08254947196788],[-97.761806191783165,31.082430322808605],[-97.761784842422117,31.082311952842421],[-97.761756464642275,31.082194670578403],[-97.76172113120721,31.082078782218936],[-97.761678934643371,31.081964590121395],[-97.761629985443548,31.081852391258881],[-97.761574409371846,31.081742480297883],[-97.761512353752025,31.081635141904496],[-97.761443980280831,31.081530657668527],[-97.761369465926322,31.081429299179398],[-97.761289005622928,31.08133133187243],[-97.761202809576488,31.081237010412913],[-97.761111104162396,31.081146581773147],[-97.761014123840937,31.081060280616349],[-97.76091212642865,31.080978333143204],[-97.760805376928488,31.080900953244942],[-97.76069415291991,31.080828341733902],[-97.760578744558714,31.080760689420675],[-97.760459452780552,31.080698171728553],[-97.76033659109747,31.080640952540261],[-97.760210476614716,31.080589180350785],[-97.76008144081068,31.080542991344945],[-97.759949819655262,31.080502504781023],[-97.759866394013144,31.080480144225319],[-97.759792276713981,31.080461385789253],[-97.758735014421816,31.080177616868681],[-97.758003490234827,31.079982188120503],[-97.757913691045758,31.079959632794335],[-97.757777934046743,31.079930854107619],[-97.757640640030317,31.079908050265811],[-97.757502163830935,31.079891278975321],[-97.75736287016467,31.079880586400886],[-97.757223119255926,31.079875997933573],[-97.757083276719015,31.079877528192053]]],[[[-97.792090117589638,31.078190932960876],[-97.791950549038916,31.078198575925605],[-97.791811618292002,31.078212312333552],[-97.791673688268347,31.07823210679096],[-97.791537118294002,31.078257906976543],[-97.791402264101862,31.078289646719323],[-97.791269478729831,31.078327241382269],[-97.791139106232649,31.078370594786886],[-97.791011489766746,31.078419592288625],[-97.790886961708807,31.078474106932561],[-97.790765844553988,31.078533996375331],[-97.790648457204242,31.078599104424487],[-97.790535104188436,31.078669260269095],[-97.790426081950599,31.078744282326589],[-97.790321674358395,31.078823974396389],[-97.79022215360132,31.078908127967807],[-97.790127781089154,31.078996523759166],[-97.790038798468686,31.079088930948465],[-97.789955443793474,31.079185108712423],[-97.789877930862531,31.079284806226408],[-97.789806463593493,31.079387764203368],[-97.789741227937554,31.07949371181677],[-97.789682393676344,31.079602374393961],[-97.789630112625119,31.079713468031049],[-97.789598405688849,31.079790184937089],[-97.789571880235144,31.079860306820063],[-97.789540955731482,31.079937241336562],[-97.78952689979225,31.079973715929164],[-97.789474779539447,31.080106633537802],[-97.789378179205372,31.080353899001981],[-97.789279156114972,31.080607367131016],[-97.789274494756967,31.08061940599444],[-97.78854439709464,31.082522338143391],[-97.78853517139666,31.082546834673426],[-97.788496393820807,31.082661911579731],[-97.788464528781034,31.082778534714553],[-97.788439656227453,31.082896398645698],[-97.788421845330319,31.083015196403807],[-97.788411140107073,31.083134617943557],[-97.788407567507178,31.083254351682687],[-97.788411140107073,31.083374085270922],[-97.788421845330319,31.083493506359734],[-97.788439656227453,31.083612303371517],[-97.788464528781034,31.08373016626869],[-97.788496393820807,31.083846788092714],[-97.78853517139666,31.083961863425053],[-97.788580759100697,31.084075093772569],[-97.788633040151936,31.084186182181995],[-97.788691875311457,31.084294839394669],[-97.788757110069085,31.08440078153842],[-97.788828578236462,31.084503733973875],[-97.788906090269066,31.08460342590919],[-97.788989444944264,31.084699598093277],[-97.789078426666421,31.084791999738194],[-97.789172800076912,31.084880390057663],[-97.789272320833987,31.084964538267034],[-97.789376728426191,31.085044225121653],[-97.789485751562339,31.085119242147574],[-97.789599103679819,31.085189393179721],[-97.789716491927905,31.085254496670089],[-97.789837608184399,31.085314381840774],[-97.789962136242323,31.085368892530312],[-97.790089752708226,31.085417886424629],[-97.790111812636667,31.085425685748685],[-97.79198384689154,31.086079403459166],[-97.792092158561971,31.086114954061081],[-97.792224944832313,31.086152545628952],[-97.792359799922764,31.086184282735523],[-97.792496368998783,31.086210080762616],[-97.792634299022467,31.086229873554483],[-97.792773229769352,31.086243608801844],[-97.792912797421778,31.086251251119052],[-97.793052639958717,31.086252781274901],[-97.793192390867461,31.0862481931152],[-97.793331684533726,31.086237501255919],[-97.793470160733079,31.086220731082264],[-97.79360745474952,31.086197928749534],[-97.793743211748534,31.08616915195169],[-97.793877074200594,31.086134476075621],[-97.794008697152663,31.086093991893502],[-97.794137732956699,31.086047805562828],[-97.794263845642789,31.085996036318519],[-97.79438670912252,31.085938820319637],[-97.794506000002372,31.085876306033509],[-97.794621407465229,31.085808657313329],[-97.794732632372131,31.085736049551663],[-97.794839382770604,31.085658673526837],[-97.794941380182919,31.085576730018392],[-97.795038357809403,31.085490432884196],[-97.795130065918443,31.085400008291266],[-97.79521626196491,31.085305690869397],[-97.79529672047164,31.085207727558071],[-97.795371234826135,31.085106372990225],[-97.795439610094007,31.085001892570297],[-97.79550166661214,31.084894557857929],[-97.795557240887177,31.084784650414907],[-97.795605270212164,31.084674735151598],[-97.795671418556438,31.084510988692085],[-97.79574525647952,31.084332330131694],[-97.7958223373208,31.084145828724694],[-97.795899425348594,31.083959316950459],[-97.795976514274685,31.083772791731615],[-97.796053599607532,31.083586276917327],[-97.796130682245447,31.083399768661014],[-97.79620776667997,31.08321325850002],[-97.796284852012832,31.083026742587681],[-97.796361936447354,31.082840229386676],[-97.796439020881863,31.082653711203662],[-97.7965161053164,31.082467194962565],[-97.796593221191969,31.082280601421399],[-97.79667032089786,31.082094005205839],[-97.796677613421323,31.082076127216517],[-97.796719809985177,31.081961935115793],[-97.796755142521931,31.08184604647262],[-97.796783520301759,31.081728763633699],[-97.796804869662807,31.081610392793749],[-97.796819133112876,31.081491242457265],[-97.796826273821083,31.081371623438145],[-97.796826273821083,31.081251848090449],[-97.796819133112876,31.081132228769995],[-97.796804869662807,31.0810130778341],[-97.796783520301759,31.080894706102946],[-97.796755142521931,31.080777422090094],[-97.796719809985177,31.080661532002711],[-97.796677613421323,31.080547338202475],[-97.796628663323204,31.080435137667017],[-97.796573087251502,31.080325225067206],[-97.796511031631681,31.080217885073299],[-97.796442658160458,31.080113399279469],[-97.796368143805964,31.080012039279044],[-97.796287683502584,31.07991407051135],[-97.796201487456116,31.079819747645466],[-97.796109781143727,31.079729317657325],[-97.796012801720593,31.079643015213765],[-97.795910804308292,31.079561066518814],[-97.795804053909805,31.079483685466812],[-97.795692830799553,31.079411072873111],[-97.795577421540045,31.07934341955119],[-97.795458130660208,31.079280900926925],[-97.795335268977112,31.07922368088548],[-97.795270134830801,31.079196095262969],[-97.79508262768492,31.079119315558735],[-97.794895126827242,31.079042538869995],[-97.794707621477983,31.078965759811172],[-97.794520115230441,31.078888979920887],[-97.794332613474438,31.078812200738021],[-97.794145065006035,31.078735403797573],[-97.793957822863163,31.078658736818785],[-97.793668668647939,31.07854026752301],[-97.793391254515157,31.078424866337159],[-97.793315050429598,31.078394395335145],[-97.793186014625562,31.078348205262841],[-97.793054393470143,31.078307717764169],[-97.792920529221448,31.078273039019862],[-97.792784774019069,31.078244259822544],[-97.792647478205993,31.078221455576113],[-97.792509003803261,31.078204683988051],[-97.79236970834036,31.078193991223969],[-97.792229957431601,31.078189402675235],[-97.792090117589638,31.078190932960876]]],[[[-97.726518682183467,31.079079987824798],[-97.726379113632717,31.079087630718043],[-97.726240182885817,31.079101366997584],[-97.726102252862148,31.079121161269818],[-97.725965682887818,31.079146961214114],[-97.725830828695692,31.079178700660098],[-97.725698043323661,31.079216294971438],[-97.7255676726231,31.07925964797052],[-97.725440056157211,31.079308645014084],[-97.725315526302623,31.079363159148112],[-97.725194410944439,31.079423048030812],[-97.725077021798057,31.079488155471033],[-97.724963668782252,31.079558310659454],[-97.724854646544429,31.079633332015341],[-97.724750238952197,31.07971302333976],[-97.724650719093475,31.079797176124117],[-97.72455634568297,31.079885571088735],[-97.724467365757448,31.079977977413826],[-97.72438400838729,31.080074154278261],[-97.724306497252996,31.080173850859747],[-97.724235028187294,31.080276807873826],[-97.72416979253137,31.080382754496306],[-97.72411095827016,31.080491416057207],[-97.724058679015585,31.080602508655247],[-97.724027947649702,31.080676728289212],[-97.723905165916676,31.080991922203332],[-97.723875167576068,31.081066346180595],[-97.723860110015266,31.081105309189805],[-97.723353490737765,31.08239669956464],[-97.723182155961922,31.082833610782455],[-97.723174221143026,31.082854161304756],[-97.722804773711061,31.083825896203084],[-97.722748959585843,31.08396698099256],[-97.722739049371626,31.083992027219324],[-97.722721806209748,31.084037099794198],[-97.722683028633867,31.084152174896111],[-97.722651163594122,31.084268796202306],[-97.722626291040527,31.084386658285347],[-97.722608479245082,31.084505454180718],[-97.722597774021835,31.084624873847922],[-97.722594201421956,31.08474460570957],[-97.722597774021835,31.084864337420424],[-97.722608479245082,31.084983756636692],[-97.722626291040527,31.085102551785688],[-97.722651163594122,31.085220412834744],[-97.722683028633867,31.0853370328301],[-97.722721806209748,31.085452106358034],[-97.722767393015474,31.08556533492996],[-97.722819674066685,31.085676421597487],[-97.722878508327909,31.085785077106404],[-97.722943743983848,31.085891017588924],[-97.723015211252886,31.085993968410015],[-97.723092724183815,31.08609365878208],[-97.723176078859026,31.08618982945811],[-97.723265061479495,31.086282229654106],[-97.723359433991675,31.086370618587541],[-97.72345895474875,31.086454765477388],[-97.723563362340954,31.086534451082457],[-97.723672384578791,31.086609466931979],[-97.723785737594596,31.086679616864149],[-97.723903124944343,31.086744719333623],[-97.724024242099162,31.086804603565245],[-97.7241487701571,31.086859113400003],[-97.724276386622989,31.086908106526039],[-97.724406759120185,31.086951456016738],[-97.724539544492217,31.086989047253706],[-97.724647721415351,31.0870150073853],[-97.724707766605576,31.087028285553242],[-97.725062741279999,31.087106789029214],[-97.725389833146295,31.087179141104851],[-97.725579811557523,31.08722315284027],[-97.725621399063598,31.08723248754141],[-97.725811669427301,31.087273832086122],[-97.725828897317825,31.087277524730172],[-97.725967549586997,31.087306754310433],[-97.726100723929534,31.087331834275552],[-97.726238653054892,31.087351626833776],[-97.726377583801792,31.087365361918955],[-97.726517150555907,31.087373004145959],[-97.726656992194506,31.087374534283732],[-97.72679674310325,31.087369946178203],[-97.726936038566151,31.087359254445179],[-97.727074512968869,31.087342484469477],[-97.727211807883648,31.087319682405916],[-97.727347564882649,31.087290905947754],[-97.72748142823302,31.087256230480946],[-97.727613050286777,31.087215746776764],[-97.727742086090814,31.087169560991285],[-97.727868198776918,31.08711779235805],[-97.727991062256649,31.087060577034489],[-97.728110352238161,31.086998063486352],[-97.728225761497654,31.086930415564694],[-97.728336985506246,31.086857808660024],[-97.728443735904733,31.086780433548611],[-97.728545733317034,31.086698491007439],[-97.728642710943518,31.08661219489187],[-97.728734419052572,31.086521771366311],[-97.728820615099025,31.086427455057752],[-97.72890107450408,31.08632949290271],[-97.728975588858574,31.086228139531286],[-97.729043963228122,31.086123660344626],[-97.729106018847943,31.086016326899202],[-97.729161594021306,31.085906420753485],[-97.729210544119468,31.085794226544341],[-97.729220080634505,31.085770116277189],[-97.729292045570233,31.085584873212998],[-97.729426200873093,31.08523942882222],[-97.729492825324456,31.085067895522723],[-97.729557269564609,31.084901973334222],[-97.729625811020796,31.084725474994194],[-97.729691195797059,31.084557175769643],[-97.729757864265864,31.08438551506957],[-97.72982449320881,31.084213983306078],[-97.729888927567501,31.084048095785167],[-97.729955576273397,31.083876492634506],[-97.730022217792722,31.083704918408536],[-97.730088908719424,31.083533205393188],[-97.73015328289101,31.083367412850571],[-97.730217636401321,31.083201736188155],[-97.730279890548829,31.083041484588321],[-97.730347506740273,31.082867334654935],[-97.73041506364288,31.08269339981716],[-97.73047947015381,31.082527594269472],[-97.730512110439676,31.082437565375646],[-97.730547443874741,31.082321677312407],[-97.730575821654568,31.082204395060373],[-97.730597171015617,31.082086024812771],[-97.730611434465686,31.081966875072524],[-97.730618575173892,31.081847256651987],[-97.730618575173892,31.081727481903648],[-97.730611434465686,31.08160786318177],[-97.730597171015617,31.081488712842116],[-97.730575821654568,31.081370341703284],[-97.730547443874741,31.081253058277387],[-97.730512110439676,31.081137168769853],[-97.730469914774133,31.08102297554105],[-97.730420963777675,31.080910775567023],[-97.730365388604312,31.080800863517194],[-97.730303332984491,31.080693524060472],[-97.730234959513268,31.080589038789423],[-97.730160445158774,31.080487679296194],[-97.730079984855394,31.080389711018711],[-97.729993788808926,31.080295388624808],[-97.729902082496537,31.080204959089222],[-97.729805103073403,31.080118657077506],[-97.729703106559398,31.080036708792555],[-97.729596355262615,31.079959328127742],[-97.729485132152348,31.079886715897398],[-97.729369724689491,31.079819062913987],[-97.729250432013018,31.079756544602549],[-97.729127570329922,31.079699324847422],[-97.729001455847182,31.079647552145072],[-97.728872420941457,31.079601362681689],[-97.728759052654297,31.079566105078836],[-97.728746071100119,31.079562342892494],[-97.728549216085383,31.079505363061884],[-97.728356623576673,31.079449618796069],[-97.728164111018032,31.079393897578477],[-97.727850943936943,31.079303240991866],[-97.727500294650625,31.079201734717302],[-97.727482958063945,31.079196771535877],[-97.72734909651021,31.079162093115947],[-97.727213339511223,31.079133314187782],[-97.727076044596444,31.079110510154639],[-97.726937568397076,31.07909373872338],[-97.726798274730811,31.079083046059292],[-97.726658523822067,31.079078457553472],[-97.726518682183467,31.079079987824798]]],[[[-97.749654162606959,31.098201230785598],[-97.7496929392845,31.098316288733965],[-97.749738527886862,31.098429501976103],[-97.749790807141437,31.098540573603739],[-97.749849641402662,31.098649214401878],[-97.749914877058586,31.098755140541165],[-97.749986346124288,31.09885807742377],[-97.750063857258567,31.098957754298716],[-97.750147213730415,31.09905391195414],[-97.750236194554262,31.099146299639973],[-97.750330567964767,31.09923467660629],[-97.750430087823489,31.099318812103292],[-97.750534496314032,31.099398486919625],[-97.750643517653529,31.099473492612582],[-97.750756870669349,31.099543633046967],[-97.750874259815731,31.099608726702026],[-97.7509953751739,31.099668602825677],[-97.751119905028503,31.099723105280212],[-97.751247521494392,31.099772091772884],[-97.751377892194952,31.09981543539433],[-97.751448834847864,31.099835841480505],[-97.751510557192731,31.099853336144061],[-97.752063228603291,31.100009183425016],[-97.752125239307361,31.100025934242655],[-97.752260093499501,31.10005766671512],[-97.752396663473831,31.100083460975291],[-97.752534593497487,31.100103250877051],[-97.752673523346061,31.100116984118831],[-97.752813091896826,31.100124625320159],[-97.752952933535411,31.100126155252568],[-97.753092683545859,31.10012156776282],[-97.753231979008746,31.100110877464761],[-97.753370453411478,31.100094109739775],[-97.753507749224568,31.100071310736592],[-97.753643504426933,31.100042538140553],[-97.753777367777289,31.100007867327694],[-97.753908989831046,31.099967389056893],[-97.754038025635097,31.099921209470129],[-97.754164140117837,31.09986944778489],[-97.754287001800918,31.09981224014037],[-97.754406293579081,31.099749734982243],[-97.754521701940263,31.099682096139798],[-97.754632925948854,31.099609498979799],[-97.754739675449002,31.099532134252936],[-97.754841672861318,31.099450202709395],[-97.754938652284437,31.09936391817563],[-97.755030358596841,31.099273506785817],[-97.755116554643308,31.099179203135485],[-97.755197014946674,31.099081254127888],[-97.755271529301183,31.09897991435902],[-97.755339902772391,31.09887544919431],[-97.755401958392213,31.098768130153921],[-97.755457534463901,31.098658238758514],[-97.755506483663737,31.098546059606672],[-97.755548681125887,31.098431887297956],[-97.755580386265535,31.098329119179983],[-97.755624013845619,31.098173511444337],[-97.755689536962436,31.098179988214216],[-97.755829105513186,31.098187629571367],[-97.755968947151786,31.098189159535046],[-97.756108698060544,31.098184571951727],[-97.756247992625134,31.098173881435606],[-97.756386467926163,31.098157113368735],[-97.756523762840942,31.098134313900555],[-97.756659518941618,31.098105540717793],[-97.756793381393678,31.098070869197912],[-97.756925004345732,31.098030390101631],[-97.757054039251457,31.097984209573102],[-97.757180153734197,31.097932446832289],[-97.757303016315603,31.097875238021089],[-97.757422307195441,31.097812731588348],[-97.757537715556637,31.097745091366473],[-97.757648938666904,31.097672492726026],[-97.757755689963687,31.097595126421531],[-97.757857686477678,31.097513193207106],[-97.757954665900812,31.097426906913817],[-97.758046372213215,31.097336493680277],[-97.758132569157993,31.09724218810679],[-97.758213028563048,31.097144237101755],[-97.758287542917543,31.097042895266306],[-97.758355916388766,31.096938427971345],[-97.758417972008587,31.096831106742467],[-97.758473547181964,31.096721213106079],[-97.758522498178422,31.096609031666635],[-97.758535743837285,31.096575308824853],[-97.758821105365399,31.095830121734267],[-97.758850056270362,31.095749669307985],[-97.758885388807116,31.095633797479046],[-97.758913766586943,31.095516531656589],[-97.758935115049667,31.095398177990894],[-97.75894937849975,31.095279044941705],[-97.758956519207942,31.095159443277815],[-97.758956519207942,31.09503968530796],[-97.75894937849975,31.094920083342672],[-97.758935115049667,31.094800949693919],[-97.758913766586943,31.094682595136792],[-97.758885388807116,31.094565328140089],[-97.758850056270362,31.094449454866577],[-97.758807859706522,31.09433527763407],[-97.75875890871005,31.094223093377046],[-97.758703334434998,31.094113196723697],[-97.758641278815176,31.094005872302969],[-97.758572903547318,31.093901401668173],[-97.758498389192823,31.093800056373244],[-97.758417929787768,31.093702101818987],[-97.758331734639626,31.09360779263757],[-97.758240027428911,31.093517375769064],[-97.758143048904088,31.09343108584628],[-97.758041052390112,31.093349149040446],[-97.757934300195004,31.093271779214849],[-97.757823076186412,31.093199177155729],[-97.75770766872354,31.093131533648883],[-97.757588376945392,31.093069024094735],[-97.757465515262297,31.093011812354678],[-97.757339401677868,31.092960046904352],[-97.757210365873831,31.092913863910994],[-97.757123629939898,31.092886459190876],[-97.756893871432922,31.092817616960531],[-97.756848066336588,31.092804281138125],[-97.756619086668991,31.09273961360396],[-97.75639138081246,31.092675309115087],[-97.75616369382054,31.092611012275306],[-97.755936025693259,31.092546718469023],[-97.75572899186804,31.092488250984303],[-97.755759693589496,31.09247025571532],[-97.755870917598102,31.092397653043687],[-97.75597766709825,31.092320282443293],[-97.756079664510551,31.092238344679402],[-97.75617664303536,31.09215205359494],[-97.756268350246074,31.092061635341071],[-97.756354546292542,31.091967324531158],[-97.756435006595922,31.091869368087295],[-97.756509520950416,31.091768020624745],[-97.756577894421625,31.091663547529166],[-97.75663995004146,31.091556220341229],[-97.756695526113148,31.091446320602945],[-97.756744475312985,31.091334132934609],[-97.756786671876824,31.091219951958106],[-97.75679551758742,31.091193108315846],[-97.75695765541137,31.090689578030879],[-97.756984144034149,31.090600543847604],[-97.757012521813976,31.090483271812392],[-97.75703386937839,31.090364911876467],[-97.757048133726798,31.090245772515704],[-97.75705527443499,31.090126164515375],[-97.75705527443499,31.090006400200963],[-97.757052078229194,31.089952861463313],[-97.757089277465113,31.089902265189924],[-97.757157650936335,31.089797790042834],[-97.757219706556157,31.089690460747345],[-97.75727528172952,31.089580558851008],[-97.757324232725992,31.089468368979706],[-97.757366428391521,31.089354185761099],[-97.757378609546777,31.089316887018512],[-97.757728092819846,31.088211604429763],[-97.75775124599798,31.088133022629197],[-97.757779623777807,31.088015747548592],[-97.757800972240531,31.087897384539016],[-97.757815235690614,31.087778242084376],[-97.757822376398806,31.08765863097803],[-97.757822376398806,31.08753886355348],[-97.757815235690614,31.08741925214586],[-97.757800972240531,31.08730010909175],[-97.757779623777807,31.087181745190755],[-97.75775124599798,31.087064468936191],[-97.757715913461226,31.086948586514808],[-97.757673716897386,31.086834400268355],[-97.757624765900914,31.086722207154772],[-97.757569191625862,31.086612301825415],[-97.757507136006041,31.086504968931894],[-97.757438760738182,31.086400490049588],[-97.757364246383688,31.086299136753823],[-97.757283786978633,31.086201174466556],[-97.75719759183049,31.086106857839816],[-97.757105884619776,31.086016433833418],[-97.757008906094953,31.085930137098497],[-97.756906908682652,31.085848193824127],[-97.756800157385854,31.085770817890619],[-97.756688933377276,31.085698210100038],[-97.756573525914405,31.08563056125308],[-97.756454235932878,31.085568046764184],[-97.756331372453161,31.085510830507626],[-97.756205258868732,31.085459060970795],[-97.756076223064696,31.085412874331542],[-97.755944600112628,31.085372389842021],[-97.755919950341251,31.085365522155701],[-97.753699801845798,31.084756890231787],[-97.753590588266803,31.084729081573247],[-97.753454833064438,31.084700304330621],[-97.753317538149673,31.084677501633085],[-97.753179061950291,31.084660731184144],[-97.75303976828404,31.084650039146258],[-97.752900017375282,31.084645450909179],[-97.752760175736697,31.084646981090881],[-97.752620607185946,31.08465462353649],[-97.752481676439047,31.08466835901152],[-97.752343746415377,31.084688152124492],[-97.752207176441047,31.08471395055772],[-97.752072322248907,31.084745688144718],[-97.75193953687689,31.084783280254214],[-97.751809166176329,31.084826630714158],[-97.75168154971044,31.084875624888021],[-97.751557019855838,31.084930135829278],[-97.751435904497669,31.084990021204298],[-97.751318515351286,31.085055124831239],[-97.751205162335467,31.085125275910777],[-97.751096140097658,31.085200292872663],[-97.750991732505426,31.08527997952967],[-97.750892212646704,31.085364127385173],[-97.750797839236199,31.085452517172573],[-97.750708859310677,31.08554491808539],[-97.750625501940505,31.085641089316734],[-97.750547990806226,31.085740780058988],[-97.750476521740524,31.085843731042836],[-97.750411286084585,31.085949671459964],[-97.750352451823375,31.086058326656463],[-97.750300172568799,31.086169412747708],[-97.750254584864763,31.086282640465008],[-97.750220171304534,31.086383579121296],[-97.750164819811673,31.086560590586625],[-97.750107908843489,31.086737051669051],[-97.750104600348294,31.086747402669939],[-97.750045729256158,31.086933247371338],[-97.749986385650161,31.087120241815928],[-97.749927532524325,31.087307041259542],[-97.749923873686171,31.087318776169962],[-97.749845158809393,31.087573865868947],[-97.749731177871212,31.087937175586895],[-97.74970072318645,31.088030556473214],[-97.749693529477639,31.088052508295721],[-97.74966166353957,31.088169124815625],[-97.749636791884299,31.088286982061486],[-97.749618980987165,31.088405773081274],[-97.749608275763933,31.088525187847292],[-97.749604703164039,31.088644914794909],[-97.749608275763933,31.088764641591666],[-97.749618980987165,31.08888405590676],[-97.749636791884299,31.089002846180069],[-97.74966166353957,31.08912070239187],[-97.749693529477639,31.089237317600826],[-97.74973230705352,31.08935238640581],[-97.749777894757543,31.089465610330528],[-97.749830175808768,31.089576692438701],[-97.749889009171682,31.08968534348806],[-97.749954245725917,31.089791279622435],[-97.750025713893308,31.089894226218021],[-97.750103225925912,31.089993912498489],[-97.750186581499435,31.090090079227338],[-97.750275561424957,31.090182475630815],[-97.750369934835447,31.090270860936407],[-97.750469456490819,31.090355004372555],[-97.750573864083051,31.090434686707045],[-97.750682885422549,31.090509699477611],[-97.750796238438369,31.090579846530531],[-97.750913627584737,31.090644946327917],[-97.750997055921815,31.090686194767272],[-97.750997459265378,31.090690691938466],[-97.751015270162512,31.090809479953236],[-97.751040142716093,31.090927333924135],[-97.751072007755866,31.091043946915836],[-97.751110785331733,31.091159013532945],[-97.751156373035755,31.091272235304931],[-97.751208654086994,31.09138331530103],[-97.751267489246516,31.091491964284465],[-97.751332724004143,31.091597898404579],[-97.75140419217152,31.091700843042815],[-97.751481704204124,31.091800527427814],[-97.751565058879322,31.091896692328145],[-97.75165404060148,31.091989086974852],[-97.751748414011971,31.092077470599889],[-97.751847934769046,31.092161612436104],[-97.751952342361264,31.092241293255469],[-97.75198894062423,31.092266474999075],[-97.751939193720446,31.09229107055965],[-97.751821805472375,31.092356169184622],[-97.751708452456555,31.092426314874253],[-97.751599430218732,31.09250132607249],[-97.751495021728203,31.092581006606942],[-97.751395500971128,31.092665147997216],[-97.751301127560652,31.092753530993345],[-97.75121214763513,31.092845924806795],[-97.751128792061593,31.092942088648957],[-97.751051280028989,31.093041771731698],[-97.750979811861626,31.093144714805454],[-97.750914576205687,31.093250647082744],[-97.750855741944463,31.093359293930831],[-97.750803460893238,31.09347037148687],[-97.750757873189201,31.093583590504448],[-97.750735012861853,31.093650665214263],[-97.750723897108529,31.093682810595432],[-97.750712007007436,31.093717699106531],[-97.750696351168656,31.093764538647235],[-97.750628041477825,31.093956666678338],[-97.750622082054235,31.093973904727097],[-97.750482603335016,31.094383044577704],[-97.750461722894542,31.094447717147158],[-97.750429857854783,31.094564325817988],[-97.750404986199527,31.094682175131265],[-97.750387173505743,31.094800958155581],[-97.750376469180836,31.094920364884125],[-97.750372897479252,31.09504008377322],[-97.750376469180836,31.095159802511443],[-97.750387173505743,31.095279208789009],[-97.750404986199527,31.095397991066822],[-97.750429857854783,31.095515839345847],[-97.750460532626789,31.095628089768791],[-97.750433078315083,31.095651301378144],[-97.750338704904607,31.095739681596211],[-97.75024972408076,31.095832072505534],[-97.750166368507237,31.095928233325115],[-97.750088855576294,31.096027913274536],[-97.750017388307256,31.096130853112552],[-97.749952152651318,31.096236782060181],[-97.749893318390107,31.096345425493229],[-97.749841038237193,31.096456499557796],[-97.749795450533156,31.096569715016525],[-97.749758931321907,31.096677414230086],[-97.749656556617182,31.097009206424314],[-97.749654162606959,31.097016533263865],[-97.749622296668889,31.097133138781491],[-97.749597424115279,31.097250984907944],[-97.749579612319835,31.097369764720256],[-97.749568907096602,31.097489168219887],[-97.749565336293344,31.097608883871636],[-97.749568907096602,31.097728599372552],[-97.749579612319835,31.097848002421127],[-97.749597424115279,31.097966781486885],[-97.749622296668889,31.098084626579112],[-97.749654162606959,31.098201230785598]]],[[[-97.802463935254195,31.101897975065022],[-97.80256169441499,31.102128024177613],[-97.802667335394091,31.102355479062243],[-97.802780761173437,31.102580140520846],[-97.802901875633296,31.102801810895119],[-97.803030571874174,31.103020295605262],[-97.803166736708306,31.103235402380271],[-97.803310250659791,31.10344694279652],[-97.803403465243534,31.103575439462723],[-97.803408961136455,31.103588372266941],[-97.803514606607138,31.103815826730671],[-97.803628036878067,31.104040487042109],[-97.803749154931197,31.104262156315237],[-97.803877854765318,31.104480639973151],[-97.804014022294396,31.104695745747875],[-97.80415754163576,31.104907285218619],[-97.804308280737061,31.105115071504194],[-97.804388036761253,31.105218083793375],[-97.805666710414769,31.101855952311613],[-97.810282223801849,31.103211294231535],[-97.811902431536495,31.100511672823377],[-97.812391963959001,31.100654135844522],[-97.812807361116057,31.099556571784571],[-97.811557427263423,31.099160336855878],[-97.813605813384982,31.093794222396127],[-97.812894636937486,31.093597483923453],[-97.812886112823762,31.093475991632207],[-97.81411799053916,31.093824562304111],[-97.818411041078605,31.095050542332146],[-97.822096832282611,31.085920450694012],[-97.82363401232881,31.081958990836846],[-97.814028649490893,31.079331295126622],[-97.816485216602842,31.073822296422058],[-97.8157766362865,31.072311309126384],[-97.81594738985234,31.07200136545222],[-97.816666900869052,31.071225316153964],[-97.817409203042843,31.070333294750331],[-97.817861644925571,31.069624783632698],[-97.818162719784624,31.068609529574399],[-97.818444005656275,31.067441618285883],[-97.818620132045822,31.06530618591766],[-97.823877324616788,31.063409579150022],[-97.820671929968839,31.056897783560697],[-97.819428764921867,31.05712815553801],[-97.819136763945508,31.053478845667215],[-97.814366619056983,31.05396457972132],[-97.812098273251607,31.053936675864847],[-97.812167068032679,31.056329516292664],[-97.810827085259334,31.056091809309738],[-97.807081424934907,31.056149032497004],[-97.804684090936192,31.056458820053816],[-97.802775895897852,31.056705366690082],[-97.801646555482236,31.056381532556188],[-97.800601815705107,31.056296866536155],[-97.798450690162838,31.055891844555141],[-97.79643720359006,31.055534765075052],[-97.794645620655388,31.054941278033148],[-97.786936869080222,31.053422719826845],[-97.785427455959464,31.05351478016312],[-97.782028185110278,31.053777014456678],[-97.780547509993767,31.053672558097254],[-97.780362833439341,31.048271269351275],[-97.76884499958237,31.04001178085576],[-97.767104729315051,31.04030396523558],[-97.765182261843506,31.037719811410405],[-97.769965037044912,31.036271911396931],[-97.766323146508839,31.028205404773956],[-97.763550845829059,31.020321089643438],[-97.754939014305492,31.023068165471702],[-97.754787733520075,31.022530478452985],[-97.755482398932656,31.022296385314682],[-97.755116745984466,31.02129501760513],[-97.758492531278861,31.020358902752196],[-97.758101128123045,31.019359690275923],[-97.757525191244937,31.019524446525924],[-97.757220391970719,31.018382445999826],[-97.758082619234941,31.018143858235902],[-97.75754880166555,31.016885447653113],[-97.756536885430606,31.017199959087762],[-97.754697725921858,31.017755746416192],[-97.754638978797232,31.017489400366415],[-97.754593464755033,31.017283053167116],[-97.753641178688653,31.017549579942081],[-97.753555181169872,31.017266273916768],[-97.753440401629391,31.01677723541988],[-97.755279635698301,31.016230649324545],[-97.760693136027015,31.014621840223789],[-97.759779534111701,31.012712140655097],[-97.759763701304806,31.012678261031592],[-97.759658296582629,31.012712253830923],[-97.759394169431204,31.012803067022396],[-97.759133279808097,31.012900580587264],[-97.758875861275214,31.013004709045838],[-97.75862213661479,31.013115362298134],[-97.75837233130396,31.013232441004373],[-97.758277343445798,31.013280153981221],[-97.756981652107541,31.013686893185437],[-97.756842641410586,31.013731581784963],[-97.756578508869296,31.013822388615925],[-97.756317615652904,31.013919895748575],[-97.756060189035196,31.014024019243998],[-97.755887188782836,31.014099461820628],[-97.755896153071063,31.014024526603663],[-97.755903293779255,31.013904822761454],[-97.755903293779255,31.013784962480177],[-97.755896153071063,31.013665258337113],[-97.75588188962098,31.013546022911004],[-97.755860777415165,31.013428696682816],[-97.755832213684073,31.01329285577782],[-97.755803717326629,31.013174923326613],[-97.755768384789874,31.013058950897516],[-97.755726187327724,31.012944675961091],[-97.755679268320435,31.012837052078211],[-97.753947668592247,31.013364210002102],[-97.753824951537894,31.012818796141108],[-97.752562799699092,31.013170543364989],[-97.752522874974616,31.012798044174595],[-97.752253155810536,31.011644720008324],[-97.753467512784667,31.011380342488657],[-97.753451682672733,31.011378423861501],[-97.753312388108142,31.011367723587934],[-97.753172637199398,31.01136313181669],[-97.753032795560799,31.011364663177041],[-97.752893227908373,31.011372311509387],[-97.752754297161474,31.011386057564401],[-97.752616367137819,31.011405865923301],[-97.752479797163474,31.011431684228263],[-97.752344942971348,31.011463446261732],[-97.752212156700992,31.011501067327316],[-97.752185078783384,31.011509540996045],[-97.752062390475132,31.011548630267956],[-97.75203545538966,31.011557419596805],[-97.751928083373556,31.01159326064549],[-97.751822368191725,31.011633728298541],[-97.751718509096165,31.011678746282524],[-97.751611752986022,31.011694184675925],[-97.751505607219983,31.011713375491226],[-97.751400203651656,31.011736294889705],[-97.75141177844408,31.011785578464721],[-97.750571635362817,31.012051669447981],[-97.75069734021379,31.012786462521163],[-97.751031609619218,31.014239989445215],[-97.749389473110156,31.014730747033447],[-97.749045178506179,31.013923975417111],[-97.748522870152215,31.012700509717405],[-97.748224056352726,31.012001738516684],[-97.747963515275927,31.011334417843081],[-97.747629296176157,31.010610791286215],[-97.747155252505792,31.009502188980537],[-97.746442689059492,31.007962523395321],[-97.745746904346063,31.008148524306332],[-97.7445913780399,31.008457425546421],[-97.743581169502306,31.009075479871427],[-97.742302233540727,31.008548653168468],[-97.74205985280571,31.008616915028181],[-97.741929853109369,31.008433304919933],[-97.741792445905205,31.008239220195513],[-97.74149396717732,31.007986447035819],[-97.736927564686809,31.005224897682996],[-97.728368629560435,31.007877131379548],[-97.731313307960107,31.014790122279518],[-97.737770775514775,31.012702186568095],[-97.739382994531596,31.012182871886097],[-97.742317183303683,31.019130309309464],[-97.744921856554825,31.018285425364741],[-97.74648713859807,31.017824308856973],[-97.746855183759862,31.017715881358292],[-97.748072062304971,31.017357380706972],[-97.748569647225679,31.017210782655212],[-97.748986160988636,31.017010354376271],[-97.749367768914595,31.016826720403863],[-97.749561769981668,31.016757301148587],[-97.750075051165339,31.016608742848621],[-97.750694369485146,31.016429852064675],[-97.751584074417266,31.018743347821907],[-97.752482557686349,31.021079609977001],[-97.753149786753511,31.022770002114434],[-97.753459630068065,31.023465157045845],[-97.753466321618603,31.023482624960465],[-97.751202866241599,31.024165548550009],[-97.751205353676625,31.024171999568321],[-97.751302909818165,31.024402088938366],[-97.751408341489821,31.0246295873504],[-97.751433994679374,31.024682136707408],[-97.752230416755765,31.026297796470221],[-97.752317977343139,31.026469955365357],[-97.752379386175974,31.026582573655375],[-97.75236836564406,31.026620917744445],[-97.752308235113887,31.026860329509184],[-97.752256365491064,31.027101170167693],[-97.752212809776196,31.027343229557648],[-97.752177603003588,31.027586293669902],[-97.752150773919311,31.02783015003703],[-97.752132346777884,31.028074583114634],[-97.752122342240568,31.028319379669821],[-97.752120762103971,31.02856432416263],[-97.752127614452959,31.028809200285369],[-97.752142889406059,31.029053794811926],[-97.752166574386834,31.029297892208813],[-97.752175616828481,31.029373400438505],[-97.752305420692082,31.030410475576556],[-97.752328452597666,31.030578352564206],[-97.752368889361861,31.030820812628466],[-97.752417651712108,31.03106213360704],[-97.752474699224237,31.031302105365885],[-97.75253997710098,31.031540516233349],[-97.752613433240086,31.03177715530985],[-97.752663584385758,31.031921440945514],[-97.752662779495282,31.031941154205168],[-97.75266120115532,31.032186098620613],[-97.752668054402619,31.032430974668468],[-97.75268333115234,31.032675569130738],[-97.752707019726387,31.032919666482123],[-97.752739094971915,31.033163051969428],[-97.752779535329381,31.033405512381044],[-97.75282830217121,31.033646833737848],[-97.752885349683325,31.033886804371871],[-97.752949939450573,31.03412268790046],[-97.752949030355509,31.034263928010862],[-97.752955884501134,31.034508804103996],[-97.752971162149166,31.0347533986176],[-97.752994850723212,31.034997496031053],[-97.753026927765362,31.035240881595929],[-97.753067369021139,31.035483341335528],[-97.753116137659603,31.035724662044991],[-97.753173186968354,31.035964633600649],[-97.753238472031626,31.036203043571589],[-97.753311932662299,31.036439682607813],[-97.753393503283363,31.036674343670466],[-97.753483115622842,31.036906819722738],[-97.753580691527318,31.037136907577995],[-97.753686142063572,31.037364404051623],[-97.75379937560345,31.037589109809158],[-97.753920293332271,31.037810827826828],[-97.754048788350516,31.038029363391686],[-97.754184748368758,31.038244523331514],[-97.754328055707717,31.038456119093738],[-97.754464267254249,31.038644779808813],[-97.755117305634869,31.039522725971729],[-97.757030633646735,31.042095001860297],[-97.759006240060614,31.044751005679718],[-97.759020817022716,31.044770541573854],[-97.759178448897202,31.044974450259957],[-97.759343031935344,31.045174247084649],[-97.759514419711763,31.045369756595893],[-97.759692462207823,31.045560807190775],[-97.759877004014967,31.04574723188497],[-97.760067878046527,31.045928864464376],[-97.760264923504096,31.046105547951107],[-97.760467962521247,31.046277126137351],[-97.760676819926488,31.046443448202986],[-97.760891308870256,31.04660436794585],[-97.761111242502949,31.046759744551348],[-97.761336430381746,31.046909441052879],[-97.761566671284015,31.047053325871278],[-97.761801763088798,31.047191272044586],[-97.762041500980246,31.047323160306956],[-97.76228567295594,31.047448872161652],[-97.762534067013462,31.047568300655598],[-97.76278646216727,31.047681337295984],[-97.763042636533484,31.047787884363665],[-97.76330236643156,31.047887848756542],[-97.763565425486121,31.047981141989194],[-97.763831578338497,31.048067681732132],[-97.764100593223375,31.048147391811543],[-97.76437223478213,31.048220203748812],[-97.764646262266282,31.048286052142348],[-97.764922436723964,31.048344880055048],[-97.765200515610076,31.048396635166],[-97.765480255481123,31.048441272849132],[-97.765627086012628,31.048460846466607],[-97.770875099598015,31.0522243243059],[-97.770930617279191,31.05390196976338],[-97.770979368849666,31.055375099422456],[-97.770982803108993,31.055462623632625],[-97.770998131062683,31.055707215099144],[-97.771021872637334,31.055951308804833],[-97.771054003578413,31.056194689278822],[-97.771094499631417,31.056437142591605],[-97.771143323067122,31.056678456354874],[-97.771200431664681,31.05691841895203],[-97.771265776016762,31.057156819538069],[-97.771339297732865,31.057393448039569],[-97.771420930337669,31.057628096693758],[-97.77149097198037,31.057811581964991],[-97.771512423749371,31.057865141882679],[-97.771610064332549,31.058095215245871],[-97.771715580445814,31.058322697027943],[-97.771828882257651,31.058547386399184],[-97.771949869156757,31.058769087149024],[-97.772078433345271,31.058987603837636],[-97.772214465228757,31.059202744104965],[-97.772357842636296,31.059414320209594],[-97.772508440702097,31.05962214441125],[-97.772666128272135,31.059826036666085],[-97.772830765209193,31.060025816161957],[-97.773002208681163,31.060221307474155],[-97.773180305076139,31.06041233825708],[-97.773364899883887,31.060598743091539],[-97.773555832305945,31.060780355789412],[-97.77375293256074,31.0609570178583],[-97.773956026375117,31.061128574653683],[-97.774164940374234,31.061294875379119],[-97.774379486810162,31.061455771546783],[-97.774599477036716,31.061611125442067],[-97.774824721509376,31.061760797041725],[-97.775055018107196,31.061904657865064],[-97.77529016650584,31.062042579431147],[-97.775529960991165,31.062174442492694],[-97.775774190459032,31.06230012857139],[-97.776022637517158,31.062419529961552],[-97.776275088366503,31.062532540495511],[-97.776531318428269,31.062639060161224],[-97.77679110402191,31.062738997409937],[-97.777054216077047,31.062832262231087],[-97.777320423726664,31.062918774616485],[-97.777589492510458,31.062998456095915],[-97.777861186171506,31.063071238970728],[-97.778135265757939,31.063137058619152],[-97.77841149411455,31.063195857343427],[-97.778689622407995,31.063247582830936],[-97.778969410788065,31.063292191231959],[-97.779250611319767,31.063329641003861],[-97.77953297966134,31.063359901375215],[-97.779816264284491,31.063382943881653],[-97.780100216355919,31.063398750060671],[-97.78038458973721,31.063407304525821],[-97.780669132900087,31.063408601123186],[-97.780901313265048,31.063404278105846],[-97.782723985993371,31.063351339210833],[-97.784507421208389,31.063416059058621],[-97.786124934895511,31.063539956734182],[-97.787797912364894,31.063792609397236],[-97.791845456930432,31.064609296573526],[-97.791871163120618,31.064614450579043],[-97.791880557701859,31.064616318117217],[-97.796460417853638,31.065524644498975],[-97.796650108784931,31.065560530492455],[-97.796840401782958,31.065593073215798],[-97.797031237927868,31.065622262592886],[-97.799354639680402,31.06595690945932],[-97.799613589840831,31.065991085612975],[-97.79980296817746,31.06601215609237],[-97.801667429634492,31.066203383772407],[-97.801760433114168,31.06621252663091],[-97.802043732110377,31.06623551996957],[-97.802327697656523,31.066251277197832],[-97.802612080919275,31.066259782160319],[-97.802668382829708,31.066260604724736],[-97.807127970243045,31.066314448436678],[-97.806920973248765,31.066632469284436],[-97.806844057697504,31.066752978654673],[-97.806712841682256,31.066970329730271],[-97.806589167922155,31.067190932061468],[-97.806473138825112,31.067414592490739],[-97.806364861290646,31.067641113245404],[-97.806337415962091,31.067701738189928],[-97.80592126781346,31.068631756729129],[-97.805847609144351,31.06880187844607],[-97.805778179841681,31.068973769603616],[-97.805713022367641,31.069147325075114],[-97.805652176571783,31.069322438716036],[-97.805630576580782,31.069387216825746],[-97.805684285953305,31.069402451847719],[-97.807508121101606,31.069835356286138],[-97.805485966684657,31.074114240032042],[-97.804742085272608,31.076003076345344],[-97.804258291288136,31.075859367645073],[-97.803937978108962,31.076745106717475],[-97.803411881559455,31.078110008590965],[-97.803189051758267,31.078597920362427],[-97.803179718262484,31.078618440256278],[-97.802964185476341,31.079094090324169],[-97.802876693160954,31.079294827211747],[-97.802784176568153,31.079526469014958],[-97.802699673845993,31.079760369099521],[-97.802623260452989,31.079996322029732],[-97.802555005559384,31.080234120063785],[-97.802494967555702,31.080473553922911],[-97.802443197645857,31.080714414330526],[-97.802399744338928,31.08095648893465],[-97.802364645364165,31.08119956615467],[-97.802337930365937,31.081443431334797],[-97.802319623598748,31.081687870590756],[-97.802309741232321,31.081932670040501],[-97.802308289554801,31.082177613496068],[-97.80231527575279,31.082422486310445],[-97.802330687249793,31.082667073069501],[-97.802354515062689,31.08291116066928],[-97.802386736733624,31.083154532161391],[-97.802427323516483,31.083396975985067],[-97.802476240376947,31.083638276734728],[-97.802533445094255,31.083878225161929],[-97.802598886464395,31.084116608942743],[-97.802672506096854,31.084353218832721],[-97.802754241109625,31.084587847127885],[-97.802844018739108,31.084820287665117],[-97.80294176352686,31.085050336590818],[-97.803047385641349,31.085277792361435],[-97.80316079165776,31.085502453434863],[-97.803281885456371,31.085724123656099],[-97.803410561035989,31.085942608410161],[-97.803546700717291,31.086157714622274],[-97.803690190414258,31.08636925537342],[-97.803840898972837,31.086577042207399],[-97.803998697035652,31.086780895131483],[-97.804163446262123,31.08698063415401],[-97.804335002921817,31.08717608313086],[-97.804513213402842,31.087367069765207],[-97.804697923194922,31.087553429454132],[-97.804888969703029,31.087734994517994],[-97.805086183145562,31.087911608817386],[-97.80528939284261,31.088083115443769],[-97.805498419131126,31.088249363643385],[-97.805713078754792,31.08841020727845],[-97.805933183965706,31.088565507134788],[-97.80606256023124,31.088651400676632],[-97.805899965164798,31.088832785167746],[-97.805732867742179,31.089031075157052],[-97.805572669380936,31.08923353964234],[-97.80541951291319,31.089440000892413],[-97.805273533086265,31.089650276561457],[-97.805134855664292,31.089864182766231],[-97.805003606411375,31.090081531778466],[-97.80487989671866,31.090302132024682],[-97.804763837078909,31.090525790394253],[-97.804655529001721,31.090752309162518],[-97.80455506950517,31.090981492144998],[-97.804462542132597,31.091213135466081],[-97.80445893988832,31.091222629013906],[-97.804427442259509,31.091305796175028],[-97.803952142744365,31.092560841278591],[-97.802410075863023,31.096588509503466],[-97.80240410026974,31.096604165547483],[-97.802319582276255,31.096838064368512],[-97.802243155408505,31.097074017204264],[-97.802174887040181,31.097311814042477],[-97.802114835561738,31.09755124794982],[-97.802063055770446,31.09779210737948],[-97.802019594378692,31.098034181556162],[-97.801984489115696,31.098277258168022],[-97.80195776693094,31.098521123367092],[-97.801939455672198,31.09876556176911],[-97.801929571509135,31.099010360299598],[-97.801928118933304,31.099255304347917],[-97.801935103334628,31.099500176228776],[-97.801950518424917,31.099744762874401],[-97.801974349831099,31.09998884968072],[-97.802006574196966,31.100232221276801],[-97.802047169064664,31.100474664601368],[-97.802096094009983,31.100715965056931],[-97.802153307710412,31.100955913432479],[-97.802218758962027,31.101194296673171],[-97.802292391170894,31.101430906341324],[-97.802374140556722,31.101665534770415],[-97.802463935254195,31.101897975065022]],[[-97.812139019934548,31.064218093041912],[-97.811505228857214,31.065775997633402],[-97.810086711768477,31.069374050071389],[-97.808926287847385,31.069039859200785],[-97.810303507585871,31.065405336266192],[-97.8108383204886,31.064000298606775],[-97.811471576170035,31.064176442986206],[-97.811706959927307,31.064094316289911],[-97.812139019934548,31.064218093041912]]],[[[-97.801962291745042,31.118280083880261],[-97.802040040932866,31.121668764108954],[-97.80464678030917,31.121836426965171],[-97.805013683712232,31.121638365422779],[-97.807011039237437,31.120560122055643],[-97.807011253036492,31.120560006700945],[-97.807154271117938,31.120482799007696],[-97.807650896637924,31.120228882028862],[-97.807660524781127,31.120223963287664],[-97.810402484862195,31.118822010912837],[-97.811865624864353,31.118075800980897],[-97.801962291745042,31.118280083880261]]],[[[-97.691358716286132,31.139055032908679],[-97.694515035071774,31.13998104447354],[-97.697573683629855,31.141037826455136],[-97.698532525601209,31.138527165948581],[-97.699663049098049,31.138866470722746],[-97.700244387545965,31.139120329365397],[-97.702501927516806,31.139782332666897],[-97.703179244664611,31.139924576055666],[-97.704491888110596,31.136185116803976],[-97.705681249461932,31.133153429715247],[-97.706205455956081,31.131809667230563],[-97.706403344931715,31.130453122661265],[-97.706486187567222,31.129520557281023],[-97.707100191453804,31.127917880156694],[-97.710402930240875,31.128842993111775],[-97.717274511260058,31.130877109802981],[-97.720559105875012,31.131771339404523],[-97.720799301907263,31.131814694560632],[-97.722367373219456,31.13225890249204],[-97.722379756495641,31.132215148460698],[-97.727751768132947,31.133712362695029],[-97.727810925787665,31.133565047381317],[-97.729045326870704,31.133936443222712],[-97.732669987719632,31.134971967488916],[-97.732675374018086,31.134950073416441],[-97.733828826114248,31.13528142582976],[-97.734920920581558,31.135588617953715],[-97.73520787841592,31.135706425572529],[-97.735511405675695,31.135831036338601],[-97.736237282154519,31.13396324633128],[-97.73668074178272,31.132627786728357],[-97.736500044764995,31.132465857664087],[-97.736622857939082,31.132077251849566],[-97.737668726898505,31.129287011183749],[-97.739172203053556,31.129729708416502],[-97.739507161466804,31.129828383226577],[-97.739551457393461,31.129714814488374],[-97.739551567886238,31.129714577649604],[-97.739551804143161,31.129713802540884],[-97.739738726485797,31.129198055481258],[-97.740068314770269,31.128300834942859],[-97.740447730806949,31.127235560721502],[-97.742868996823162,31.120941485426194],[-97.742932305592802,31.120787085209102],[-97.742977095592877,31.120670333398657],[-97.745836269648834,31.11321805512662],[-97.747891058063431,31.113800961054377],[-97.748776900239832,31.11405244108262],[-97.750031388550951,31.110920287971553],[-97.759483777279115,31.113721524433409],[-97.76009552280108,31.114003221233123],[-97.760679841859115,31.114562139356497],[-97.761915506871773,31.113662664674607],[-97.762629791490141,31.113608111000801],[-97.762814123091488,31.113350512456417],[-97.774981689528857,31.11690310727127],[-97.775691698166497,31.115245044431891],[-97.777274412017817,31.115229592958482],[-97.778565918105159,31.115585149252002],[-97.779059130925376,31.114142796871285],[-97.779691865583956,31.112202667641764],[-97.78059989345293,31.111714566955747],[-97.780761629729952,31.111283233060011],[-97.783961800674504,31.112246193249714],[-97.788170423950291,31.11350129851909],[-97.791755810454973,31.114746138456731],[-97.797585166979829,31.11647768875283],[-97.798130980651521,31.116639802761433],[-97.79891712150949,31.114626432103218],[-97.801343294123782,31.115328790435836],[-97.801519610956163,31.11486743818757],[-97.801919841856289,31.114984925451679],[-97.802599043669574,31.113256350454236],[-97.802176124918645,31.113134131907703],[-97.802553069689949,31.112344237890685],[-97.803961452883968,31.112754073853253],[-97.804166683790413,31.111398819685789],[-97.802260203635967,31.110812731043424],[-97.803206225749889,31.1083254236706],[-97.801227771676565,31.108369284858504],[-97.784927977390126,31.103699540930069],[-97.784080435784176,31.10345672740624],[-97.784035254118663,31.103443890730318],[-97.783763441879984,31.103371121074868],[-97.783489241020973,31.103305313131017],[-97.783212893188434,31.103246526139362],[-97.782934645419076,31.103194810109219],[-97.782654738461389,31.10315021043327],[-97.782373417555434,31.103112768656878],[-97.782090932432865,31.103082514786234],[-97.781807527435461,31.103059477287516],[-97.78152345588812,31.103043674626292],[-97.781238962132562,31.103035123727906],[-97.780954300392068,31.10303382767102],[-97.78066972129659,31.103039791840111],[-97.780385470086188,31.103053008542126],[-97.780101799187449,31.103073467005601],[-97.779818955637083,31.103101147996561],[-97.779537191861721,31.103136029971786],[-97.779256751304729,31.103178079849002],[-97.778977883697834,31.103227261467648],[-97.778700829789457,31.10328353174301],[-97.778425836616378,31.103346840666362],[-97.77815314313041,31.103417132843461],[-97.777882990978412,31.103494347494347],[-97.777615614620615,31.103578416146153],[-97.777351251212281,31.103669265709634],[-97.777090131620426,31.10376681463368],[-97.776832486712109,31.103870978289255],[-97.776578539269494,31.103981666662328],[-97.776328516566352,31.104098778969437],[-97.776082636893321,31.104222216733863],[-97.775841114049371,31.104351867633234],[-97.775604161833627,31.10448762011368],[-97.775371988655181,31.104629354160064],[-97.77514479843164,31.104776946680094],[-97.774922790588946,31.104930266120459],[-97.77470615826492,31.105089178620187],[-97.774495095495652,31.105253544934108],[-97.774289781944205,31.105423220432964],[-97.774090402663518,31.105598055872726],[-97.773897131926773,31.105777898163748],[-97.773742599240023,31.105930527599011],[-97.773635222715811,31.106009293118372],[-97.773424153658326,31.106173657839651],[-97.773218838310243,31.10634333169444],[-97.773019455436312,31.106518164670888],[-97.772826180207971,31.10669800598847],[-97.772639184203499,31.106882694867991],[-97.772458629119598,31.107072070530833],[-97.772284674856408,31.107265966814872],[-97.77224463874083,31.107313438059574],[-97.770113236608921,31.106689965361344],[-97.770011773694208,31.106660824812327],[-97.769983307879471,31.106652843406163],[-97.766741080508254,31.105748492746816],[-97.766135658227583,31.105573546826061],[-97.766068354649875,31.10555433646709],[-97.766009491642549,31.10553792197522],[-97.76347566851787,31.10483908241018],[-97.763092707729101,31.104733456106004],[-97.755137822257652,31.102538987239488],[-97.75361990209116,31.102120246223301],[-97.753407331948836,31.102063931415351],[-97.753133156242654,31.101998058723634],[-97.752856832664648,31.101939205542337],[-97.752578603759886,31.101887424188956],[-97.752298714768514,31.10184275851848],[-97.752017410032238,31.101805250076836],[-97.751734938384388,31.101774929639866],[-97.75145154416677,31.101751824135864],[-97.751167481602579,31.101735955107266],[-97.750882996830185,31.101727336402913],[-97.750598338682963,31.101725973409192],[-97.75031375958747,31.101731869972248],[-97.750029509275379,31.101745019168124],[-97.749745834783397,31.101765410225202],[-97.74946298853807,31.101793024678436],[-97.749181215779544,31.101827840215268],[-97.748900766239402,31.101869823752832],[-97.74862188515776,31.101918939130076],[-97.748344818673004,31.101975143261836],[-97.748069809330232,31.102038387676949],[-97.747797096979653,31.102108615442191],[-97.747526922369744,31.102185765776628],[-97.747259524452389,31.102269771744879],[-97.74699513409459,31.102360557949293],[-97.746733988451624,31.102458045144996],[-97.746476313000571,31.102562148701939],[-97.746222335913558,31.102672776297208],[-97.745972277277787,31.102789829453545],[-97.745726361672141,31.102913208923759],[-97.745484800200671,31.103042803153127],[-97.745247809357366,31.103178499816948],[-97.745015593958115,31.103320178898553],[-97.744788358818781,31.10346771730385],[-97.744566304263699,31.103620983477889],[-97.744349625227258,31.103779845096057],[-97.744138511254022,31.103944162142103],[-97.74393314739693,31.104113788446494],[-97.743733716912288,31.104288576301414],[-97.743540389581668,31.104468373384456],[-97.743353341474901,31.104653019681692],[-97.743172730695449,31.104842354410845],[-97.742998721635018,31.105036211405899],[-97.742831462515639,31.105234419117497],[-97.742671105152581,31.105436804458794],[-97.742597451384128,31.105535949867047],[-97.742425668348986,31.105594928498672],[-97.742164508332948,31.105692406220978],[-97.741906818508852,31.105796500079176],[-97.741652827048796,31.105907118522616],[-97.741402754938306,31.106024163077471],[-97.741156824061306,31.10614753373078],[-97.740915250911726,31.106277118931459],[-97.740678243898728,31.106412807128009],[-97.740446012329798,31.106554477538516],[-97.740218763715745,31.106702008611489],[-97.739996695685946,31.10685526648891],[-97.739779998683204,31.107014120389017],[-97.73956887123525,31.107178429531224],[-97.739363492106776,31.10734804852002],[-97.739164045452469,31.107522829652723],[-97.738970703748805,31.107702619842801],[-97.738783638574034,31.107887259081995],[-97.738603014319864,31.108076587362472],[-97.738428989089755,31.108270437754793],[-97.738261716495643,31.108468640253719],[-97.738101342064596,31.108671019470819],[-97.737948006832127,31.108877399249593],[-97.737801849138776,31.109087598050678],[-97.737662990257093,31.109301431259304],[-97.737531559544507,31.109518710416278],[-97.737425683206808,31.109707175568371],[-97.737352006082148,31.109827958737423],[-97.737322183811344,31.109878231366601],[-97.737292313929842,31.109929010048361],[-97.737201891309965,31.110088301047746],[-97.737184294211872,31.110120160907659],[-97.737166351262388,31.110152830635521],[-97.737151241599307,31.110180500333385],[-97.737135716016255,31.110209073733525],[-97.737022597460722,31.110426419264435],[-97.737009906960708,31.11045177462114],[-97.736995101826508,31.110481352401024],[-97.736936405457513,31.110601205832392],[-97.736879809347982,31.110722065209899],[-97.736866321144021,31.11075153753746],[-97.736862557202969,31.110759773943858],[-97.736855107474312,31.1107761006235],[-97.736849305255888,31.110788818634301],[-97.736756261352028,31.111001336681074],[-97.736739497890497,31.111041604896762],[-97.736715707806837,31.111099222633147],[-97.73666447688619,31.111226583740862],[-97.73523280127516,31.114881729951446],[-97.735209906811832,31.114940915812021],[-97.735156168693223,31.115081604462063],[-97.734152785555167,31.117708599768068],[-97.733817307915672,31.118443446821214],[-97.733723442951629,31.118657725767431],[-97.733643300651877,31.118856541042188],[-97.732918997123122,31.120730033206755],[-97.732863417458191,31.120675250578646],[-97.732766439831693,31.120588985332223],[-97.732664441521081,31.120507071957789],[-97.732557690224283,31.120429724257633],[-97.732446466215691,31.120357142960408],[-97.732331058752834,31.120289518797446],[-97.732211767872982,31.12022702711899],[-97.732088904393251,31.120169831739542],[-97.731962792605472,31.12011808109246],[-97.731833755903111,31.120071911305807],[-97.731702133849367,31.120031441588345],[-97.731584948620551,31.120000750913142],[-97.731124422798587,31.11988972361361],[-97.731107745575329,31.119885750770035],[-97.730971988576329,31.119856984178146],[-97.730834694559888,31.119834189920208],[-97.730696218360521,31.119817425678161],[-97.730556924694255,31.119806737597571],[-97.730417173785497,31.119802151058654],[-97.730277331248587,31.119803680674014],[-97.730137764494472,31.119811320291067],[-97.729998832849247,31.119825050682437],[-97.729860902825592,31.119844836469689],[-97.729724332851262,31.119870625354611],[-97.729589478659122,31.119902351195133],[-97.729456692388766,31.119939929391382],[-97.72932632258653,31.119983263806763],[-97.729198706120641,31.120032239847227],[-97.729074177164378,31.12008673061316],[-97.728953061806195,31.120146593823772],[-97.728835671761487,31.120211673354866],[-97.728722318745682,31.120281798470316],[-97.728613296507859,31.120356787667209],[-97.728508888915655,31.120436444830727],[-97.728409369056905,31.120520561541603],[-97.728314994748089,31.120608918614174],[-97.728226014822582,31.120701285327581],[-97.728142658350734,31.1207974209639],[-97.728065148114752,31.120897074808347],[-97.727993678150753,31.120999987687622],[-97.727928442494814,31.121105888893588],[-97.727869608233604,31.121214503873944],[-97.727817328979015,31.121325548849221],[-97.727771740376653,31.121438734657811],[-97.72775395732728,31.121488773506996],[-97.72765678117311,31.12177462534849],[-97.727639823675503,31.12182486858018],[-97.727618331482333,31.121889736248779],[-97.727586465544263,31.122006311222595],[-97.727561593888979,31.122124126480241],[-97.727543781195209,31.122242875178916],[-97.727533075971962,31.122362247401593],[-97.727529505168718,31.122481931694423],[-97.727533075971962,31.122601615836313],[-97.727543781195209,31.12272098760765],[-97.727561593888979,31.122839735559516],[-97.727586465544263,31.122957549782448],[-97.727618331482333,31.123074123444532],[-97.7276571090582,31.123189151253388],[-97.727702696762236,31.123302334839231],[-97.727754976016811,31.123413377371435],[-97.727813810278036,31.12352198971081],[-97.72787904593396,31.123627888102302],[-97.727950514999662,31.123730798020112],[-97.728028026133941,31.123830448784258],[-97.728111382605789,31.123926581250604],[-97.728200363429636,31.124018944734807],[-97.728294736840127,31.124107298550136],[-97.728394256698863,31.124191412007224],[-97.728498664291081,31.124271065951998],[-97.728607686528917,31.124346051996568],[-97.728721039544723,31.124416174056925],[-97.728838428691105,31.124481250660093],[-97.728959544049289,31.124541111098544],[-97.729084073903863,31.124595599275494],[-97.729211690369766,31.124644572935594],[-97.729342061070327,31.124687905202727],[-97.729474846442344,31.124725481503923],[-97.729515652414136,31.124735262382586],[-97.729435567606558,31.124843015008807],[-97.729289365895738,31.125053203832884],[-97.729150464793264,31.12526702722192],[-97.729124747823292,31.125309526385564],[-97.726925681889256,31.124726502732578],[-97.721710610423656,31.123316826813298],[-97.715394662560541,31.121528355919025],[-97.710366337367788,31.120107165411376],[-97.710092762634517,31.120033724085754],[-97.709818563572128,31.119967758503126],[-97.709542214841292,31.11990881264035],[-97.709263958088783,31.119856937266896],[-97.708984035859714,31.11981217699865],[-97.70892818310692,31.119804711953119],[-97.708949925031746,31.119788958221228],[-97.709051922444047,31.119707044156275],[-97.709148901867181,31.119620778029802],[-97.709240608179584,31.119530385927547],[-97.709326804226052,31.119436102395024],[-97.709407264529418,31.119338174282895],[-97.709481778883926,31.119236856132769],[-97.709550152355135,31.119132413253542],[-97.70961220797497,31.119025117107334],[-97.709667784046658,31.118915249154725],[-97.709716734144791,31.118803093933685],[-97.709758930708631,31.118688945980903],[-97.709773844538972,31.118642946996488],[-97.709859639936823,31.118367497108437],[-97.710053951820996,31.11789083702131],[-97.710057306130253,31.117882558166681],[-97.710065603868543,31.117861636078864],[-97.710298970907985,31.117263989944149],[-97.710335539561939,31.117163398701532],[-97.710366550125272,31.117060957452491],[-97.71039190970896,31.116956973049533],[-97.710440659321719,31.116868713141368],[-97.710484970067341,31.116778143312199],[-97.710524732810256,31.116685486631869],[-97.710604810431306,31.116485652413651],[-97.710612587146727,31.116465963597285],[-97.710681554404346,31.116288746377563],[-97.710762321033229,31.116086827151186],[-97.710828620294464,31.11612358472523],[-97.710949736550958,31.116183450435479],[-97.711074264608897,31.116237943411107],[-97.711201881074786,31.116286921384244],[-97.711312476262663,31.116324102635943],[-97.715926133730378,31.11777625960837],[-97.716037418824399,31.117811847566852],[-97.716057087437548,31.117818238401423],[-97.716189873707904,31.117855817422782],[-97.716324728798369,31.117887543936821],[-97.7164612987727,31.117913333353581],[-97.716599227898044,31.117933119539423],[-97.716738159543254,31.117946850202461],[-97.716877726297383,31.117954489968991],[-97.717017567935969,31.11795601961413],[-97.717157318844713,31.117951432985766],[-97.717296614307614,31.117940744695041],[-97.717435089608685,31.11792398011859],[-97.717572383625111,31.117901185396356],[-97.717708140624126,31.11787241820296],[-97.717842004872807,31.117837753900268],[-97.717973626028254,31.11779728323009],[-97.71810266183229,31.117751112314505],[-97.718228774518394,31.11769936034856],[-97.718351637998126,31.117642163445844],[-97.718470928877963,31.117579670024242],[-97.71858633634082,31.117512043882261],[-97.718697560349398,31.117439460353737],[-97.718804311646196,31.117362110153486],[-97.718906309058511,31.117280193994034],[-97.71900328668498,31.11719392566172],[-97.719094994794034,31.117103531248091],[-97.719150357066681,31.117042972426255],[-97.719228060440443,31.116986668776011],[-97.719330057852744,31.116904752292484],[-97.719427037275878,31.116818483618935],[-97.719518743588281,31.116728088847815],[-97.719604939634749,31.116633802531531],[-97.719685399938115,31.116535871528022],[-97.719759914292624,31.116434550386458],[-97.719828287763818,31.116330104423529],[-97.719890343383653,31.116222805109373],[-97.719945919455341,31.11611293391293],[-97.719957289431903,31.116086882524009],[-97.720353181469179,31.116069820760025],[-97.720390242364545,31.11606800729848],[-97.72052953603081,31.116057318795665],[-97.720668012230178,31.116040553886563],[-97.720805306246618,31.116017758711994],[-97.720941063245618,31.115988990947827],[-97.721074925697678,31.11595432595723],[-97.721206548649747,31.115913854484049],[-97.721335583555472,31.115867682652237],[-97.721461697139873,31.11581592965938],[-97.721584560619604,31.115758731621689],[-97.72170385149947,31.115696236960105],[-97.721819258962313,31.115628609476158],[-97.721930482970905,31.115556024507367],[-97.722037234267702,31.11547867277233],[-97.722139230781679,31.115396754987373],[-97.722236210204812,31.115310484943258],[-97.72232791651723,31.115220088736027],[-97.722414113461994,31.115125800921806],[-97.722494571968724,31.115027868362471],[-97.722569086323233,31.114926545611201],[-97.722637460692766,31.114822097988938],[-97.722699517210913,31.114714796970084],[-97.722755091485965,31.114604924028178],[-97.722804042482437,31.114492763713923],[-97.722846239046277,31.114378610577436],[-97.722881573379652,31.114262761477274],[-97.72290995115948,31.114145518656869],[-97.722931297825582,31.114027188206684],[-97.722945561275651,31.113908078525725],[-97.722952701983843,31.113788500321849],[-97.722952701983843,31.113668765842718],[-97.722945561275651,31.113549187337391],[-97.722931297825582,31.11343007705667],[-97.72290995115948,31.113311745714668],[-97.722881573379652,31.113194501719708],[-97.722868564876023,31.113148973063723],[-97.722485255540931,31.111863032160585],[-97.72246292881286,31.111792709318753],[-97.72242073224902,31.111678552935455],[-97.722371781252548,31.11156638916367],[-97.722316206977496,31.111456512577689],[-97.722254151357674,31.111349207754685],[-97.722185776089816,31.11124475619641],[-97.722111261735321,31.111143429407186],[-97.722030804126888,31.111045492739542],[-97.72194460718211,31.110951200778921],[-97.72185289997141,31.110860800420557],[-97.721755921446587,31.110774526254239],[-97.721653924034285,31.110692604409888],[-97.721547172737488,31.110615248711895],[-97.721435948728896,31.110542659909811],[-97.721320541266039,31.110475028754447],[-97.721201251284512,31.110412530614354],[-97.721146102810906,31.110386856065041],[-97.721120855659848,31.110336938266816],[-97.721058800040012,31.110229632178424],[-97.720990424772154,31.110125179388344],[-97.720915910417659,31.110023851404286],[-97.720835451910929,31.109925913581669],[-97.720749256762787,31.109831620509176],[-97.720657548653747,31.109741219084778],[-97.720560571027249,31.109654943901081],[-97.720458572716637,31.109573021090679],[-97.72035182141984,31.109495664480477],[-97.720240597411248,31.109423074822352],[-97.720125189948391,31.109355442869511],[-97.720005899068539,31.109292943992443],[-97.719883035588808,31.109235742024541],[-97.719756923801029,31.109183985416141],[-97.719627887098667,31.109137810311083],[-97.719496265044924,31.109097335931754],[-97.719362401694553,31.109062668424624],[-97.719226644695553,31.109033898552706],[-97.719089350679099,31.109011101695724],[-97.718950874479745,31.108994335542175],[-97.71881158081348,31.108983646242908],[-97.718671829904736,31.108979059181021],[-97.718531987367797,31.108980588970788],[-97.718392420613696,31.108988229458934],[-97.718253488968472,31.109001961415874],[-97.718115558944803,31.109021749459146],[-97.71799577309325,31.109044032538446],[-97.717590804478334,31.109127536354855],[-97.717574022152206,31.109131045097897],[-97.717522122884972,31.109143256476525],[-97.71751922851314,31.109094781670475],[-97.717504965063057,31.108975665801076],[-97.717483615702008,31.108857328906957],[-97.717455237922167,31.108740079410985],[-97.717419905385427,31.108624223430013],[-97.717377708821587,31.108510063236931],[-97.71732875872344,31.108397895721875],[-97.717273182651738,31.108288015469018],[-97.717211127031916,31.108180707064943],[-97.717142753560708,31.108076252020751],[-97.717068239206213,31.107974921850026],[-97.716987778902833,31.107876981913915],[-97.71690158285638,31.10778268680658],[-97.716809876543962,31.107692283431319],[-97.716712897120829,31.107606006385826],[-97.716610899708527,31.107524081807561],[-97.716504149310055,31.107446723528025],[-97.716392926199802,31.107374132303423],[-97.716277516940295,31.107306498891116],[-97.716158226060458,31.107243998665343],[-97.716053469921903,31.107194792207139],[-97.716047935401448,31.107192325576591],[-97.716046253755223,31.107190974967519],[-97.715939504255076,31.107113616416605],[-97.715828280246484,31.107041024937395],[-97.715712870986991,31.106973391287767],[-97.715631817795526,31.106930148614111],[-97.7146233052772,31.106412777131332],[-97.714499715472542,31.106353045820299],[-97.714373455050591,31.106299188832057],[-97.714195806016647,31.106228241167258],[-97.712624947232129,31.105412923769357],[-97.712574618220017,31.105387427080977],[-97.712451756536922,31.105330222760241],[-97.712325642054182,31.105278464023009],[-97.712196606250146,31.105232287018673],[-97.712064984196402,31.105191810974553],[-97.711931120846018,31.105157142041506],[-97.711795365643653,31.105128370986229],[-97.711658069830577,31.105105573191569],[-97.711519595427859,31.105088806348398],[-97.711380300863254,31.105078116609466],[-97.71131279965617,31.105075900669071],[-97.711220555252908,31.105001808544493],[-97.711113805752774,31.104924448210117],[-97.711002581744168,31.104851855057312],[-97.710887173382986,31.104784219848487],[-97.710792468494162,31.104734018361523],[-97.710704897127016,31.104689681691976],[-97.710680310237677,31.104677381287193],[-97.710557446757946,31.104620176538734],[-97.710431334071856,31.104568417414477],[-97.710302298267806,31.104522240064874],[-97.710170676214062,31.10448176371812],[-97.710036812863692,31.104447094525831],[-97.709901055864677,31.104418323255484],[-97.709763761848237,31.104395525290322],[-97.70962528654718,31.104378758321822],[-97.709485991084279,31.104368068502907],[-97.70934624017552,31.104363481218062],[-97.709206398536935,31.104365011082191],[-97.709066831782835,31.104372651941738],[-97.708927901035921,31.104386384566158],[-97.708850574056271,31.104397478962305],[-97.708772731443645,31.10439150487931],[-97.708632980534901,31.104386917595598],[-97.708493138896316,31.10438844745941],[-97.708353570345537,31.10439608831707],[-97.708214639598651,31.104409820938049],[-97.708076709574982,31.104429609938375],[-97.707940139600652,31.104455403011155],[-97.707805285408512,31.104487134003659],[-97.70767250003648,31.10452471830218],[-97.70754212933592,31.10456805975473],[-97.707414512870031,31.104617043748387],[-97.707289983015457,31.104671543363196],[-97.707168867657273,31.104731416295031],[-97.707051478510891,31.1047965063945],[-97.706938125495071,31.104866642897761],[-97.706829103257249,31.104941644272273],[-97.706724695665045,31.105021314371591],[-97.706625175806295,31.105105444742453],[-97.706530802395818,31.105193816163624],[-97.706441822470282,31.105286197876769],[-97.706358465100109,31.105382349124966],[-97.70628095396583,31.105482019152763],[-97.706209484900143,31.105584948744543],[-97.706144249244204,31.105690867148418],[-97.706085414982979,31.105799499767492],[-97.706033135728404,31.105910562776131],[-97.705987548024368,31.106023766965734],[-97.705978097747575,31.106049859573602],[-97.705896727450806,31.10627926946637],[-97.705798559317387,31.10634009498721],[-97.70570326511519,31.106405331031194],[-97.705611042854713,31.106474842045266],[-97.705522084163263,31.106548483593468],[-97.705441946897494,31.106467283948671],[-97.705357299004191,31.10639079801636],[-97.705290346667724,31.106309299266108],[-97.70520415062127,31.106215002601903],[-97.705112444308867,31.106124597734087],[-97.705015464885733,31.106038319264147],[-97.704913467473432,31.105956393333308],[-97.704806717973284,31.105879033776588],[-97.704695493964692,31.105806441353529],[-97.704580084705185,31.105738806824604],[-97.704460793825348,31.105676305566956],[-97.704337931243941,31.105619101420245],[-97.704324730500844,31.105613362005599],[-97.704309745703583,31.105606891895828],[-97.703864758939389,31.105414760509003],[-97.703751964675689,31.105368792011795],[-97.703622927973328,31.105322615051389],[-97.703491306817909,31.10528213904578],[-97.7033574425692,31.105247470145695],[-97.703261517768226,31.105227140599528],[-97.703182377090016,31.105169788504266],[-97.703071152183099,31.105097195539013],[-97.702955744720242,31.105029560504928],[-97.702836453840405,31.104967058780463],[-97.702742817946771,31.104922835285905],[-97.702548800710005,31.104835389679597],[-97.702519574022247,31.104822408588195],[-97.702516914110689,31.104821254080893],[-97.702535311607704,31.104793147477253],[-97.702597368125851,31.104685835123586],[-97.702652942400903,31.10457595057516],[-97.702701892499064,31.104463778412807],[-97.702726482981632,31.104399739529956],[-97.703129011772234,31.103298372900468],[-97.703146617853491,31.103248246006864],[-97.703150214707904,31.103237472990248],[-97.703180398999748,31.103146283039504],[-97.703212134682104,31.103041193273658],[-97.703240512461946,31.102923936595996],[-97.703261861822995,31.102805592159914],[-97.703276125273078,31.102686468401071],[-97.703283265981256,31.102566876064046],[-97.703283265981256,31.10244712743323],[-97.703276125273078,31.10232753479475],[-97.703261861822995,31.102208410436273],[-97.703240512461946,31.102090065108634],[-97.703212134682104,31.101972807256644],[-97.703176801247039,31.101856943019001],[-97.703165984632705,31.101827674071743],[-97.703161652058085,31.101755131625378],[-97.703147389506327,31.101636006548919],[-97.703126041043603,31.101517660508009],[-97.703097663263776,31.101400401949252],[-97.703062329828711,31.101284537013363],[-97.703020133264872,31.101170367996392],[-97.702971182268399,31.101058191811514],[-97.702915607993347,31.10094830306565],[-97.702853552373526,31.100840986367306],[-97.702785178003978,31.100736523249534],[-97.702710662751173,31.10063518524673],[-97.702630204244443,31.100537237740621],[-97.702544008197975,31.100442935345004],[-97.702452300088922,31.100352524982231],[-97.702355322462438,31.100266241268223],[-97.702253325050137,31.100184310357928],[-97.702146575549975,31.100106946099256],[-97.702035350643072,31.100034349263993],[-97.701951633946791,31.099984552941198],[-97.701194039751925,31.099551585051778],[-97.701162348985335,31.09953374265346],[-97.701043056308876,31.09947123731212],[-97.70092019462578,31.099414029427709],[-97.700794080143027,31.099362267466081],[-97.700665045237301,31.099316087585088],[-97.700533422285247,31.099275609019475],[-97.700399559833187,31.09924093792668],[-97.700263803732511,31.099212165079134],[-97.700126508817732,31.099189365864216],[-97.700105569986789,31.099186830566577],[-97.700096801531288,31.099174905590075],[-97.700016343024572,31.099076956578038],[-97.699930146978105,31.098982652732573],[-97.699838438869065,31.098892240979847],[-97.699741461242567,31.098805955939277],[-97.699639463830266,31.098724023769282],[-97.699532714330104,31.098646658321183],[-97.699421489423202,31.098574060369785],[-97.699306080163694,31.098506420690118],[-97.699274697519243,31.098489276538217],[-97.698918804766635,31.098297755351606],[-97.69883089653122,31.098252393394585],[-97.698708033949828,31.098195184776142],[-97.698581919467088,31.098143422150301],[-97.698452884561348,31.098097241676729],[-97.698321261609294,31.098056762591682],[-97.698187399157234,31.098022091053991],[-97.698051643056559,31.097993317837247],[-97.697914348141794,31.097970518329756],[-97.697775872840751,31.097953750226971],[-97.69763657827616,31.097943059684873],[-97.697496827367402,31.09793847208967],[-97.697356985728817,31.097940002057307],[-97.697217417178052,31.097947643433756],[-97.697078487329492,31.097961376987229],[-97.696940557305822,31.097981167331174],[-97.696803986433167,31.09800696215526],[-97.696669133139352,31.098038695302233],[-97.696536346868996,31.098076282152654],[-97.696405976168435,31.098119626547952],[-97.696278358804236,31.098168613867607],[-97.696153829847972,31.098223117182851],[-97.696032713591478,31.098282994179957],[-97.695915326241732,31.098348088698959],[-97.695801973225912,31.098418229964398],[-97.695692950089764,31.098493236431423],[-97.695588542497561,31.098572911940266],[-97.69548902263881,31.098657048023444],[-97.695394649228334,31.098745425444985],[-97.695305668404487,31.098837813430873],[-97.695222312830964,31.098933971207718],[-97.695144799900021,31.099033648003022],[-97.695073332630983,31.099136584583793],[-97.695008096975045,31.099242510179575],[-97.694949262713834,31.099351150174865],[-97.69489698256092,31.099462220724767],[-97.694851394856883,31.099575432601043],[-97.694846565513899,31.099588632093525],[-97.69481215644528,31.099684254516021],[-97.694797945995774,31.09972235454098],[-97.694743567378396,31.099863429572792],[-97.694675055566606,31.10003699838029],[-97.694667896892099,31.100055384506568],[-97.694599149721725,31.100234418100346],[-97.694530602875673,31.100408078533185],[-97.694514054111508,31.100451387250715],[-97.694492104675831,31.100516508743848],[-97.694466309552467,31.100508409134594],[-97.69380159936135,31.100311826099315],[-97.693767119325784,31.100301848097558],[-97.693633255975413,31.100267177379354],[-97.693497500773063,31.100238404842703],[-97.693360204959959,31.100215605874112],[-97.693221730557241,31.1001988381676],[-97.69308243509434,31.100188147878253],[-97.692942685083906,31.100183560391493],[-97.692907553769771,31.100183944989674],[-97.692967266583352,31.100111253602055],[-97.693041780937847,31.100009914932059],[-97.693110154409055,31.099905450900245],[-97.693172210028877,31.099798133023622],[-97.693227785202254,31.099688242819841],[-97.693276736198712,31.099576064884449],[-97.693281768560936,31.0995634499833],[-97.693284453625324,31.099556657935164],[-97.693336691557406,31.099552648857372],[-97.693475165960137,31.099535881033894],[-97.693612460874903,31.099513081896657],[-97.693748216975578,31.099484309131512],[-97.693882081224288,31.099449638114883],[-97.694013702379706,31.099409159606179],[-97.694142739082082,31.099362979748058],[-97.694268852666497,31.099311217758608],[-97.694391714349578,31.099254009777816],[-97.694511005229415,31.099191504252321],[-97.694626414488923,31.099123865012345],[-97.6947376384975,31.099051267425693],[-97.694844387997662,31.098973902244126],[-97.694946386308288,31.098891970219061],[-97.695043364833083,31.098805685178238],[-97.695135072043826,31.098715273257007],[-97.695221267191954,31.098620969052455],[-97.695301726597009,31.098523019469191],[-97.695376241849843,31.098421679104735],[-97.695444616219376,31.098317213326137],[-97.695506671839212,31.098209893654968],[-97.69556224701256,31.09810000161373],[-97.695611133330331,31.097987976414618],[-97.695799563046009,31.097520243089349],[-97.695841821593604,31.097405914934612],[-97.695877155028668,31.09729004512592],[-97.695905532808482,31.097172781348014],[-97.69592688216953,31.097054429745839],[-97.695941145619614,31.09693529877373],[-97.695941660354279,31.096926664249388],[-97.696033072917587,31.096948174790427],[-97.696169642891917,31.096973969895025],[-97.6963075729156,31.0969937604447],[-97.6964465036625,31.097007494136022],[-97.696586071314925,31.097015135587494],[-97.696725912953511,31.097016665569992],[-97.696865663862269,31.097012077930057],[-97.697004958426859,31.097001387282031],[-97.697143432829577,31.096984619008172],[-97.697280728642653,31.096961819258578],[-97.697416483845018,31.096933045720661],[-97.697550348093728,31.096898373772806],[-97.697681969249146,31.096857894176868],[-97.697811005053182,31.09681171307831],[-97.697937119535936,31.096759949698587],[-97.698059981219018,31.096702740181215],[-97.69817927299718,31.096640232976934],[-97.698294681358362,31.096572591920165],[-97.698405905366954,31.096499992383603],[-97.698512654867102,31.096422625124156],[-97.698614652279403,31.096340690898401],[-97.698711632600848,31.096254403540048],[-97.69880333801494,31.096163989190526],[-97.698889534061394,31.096069682453006],[-97.698969994364774,31.095971730238951],[-97.699044508719282,31.095870387152615],[-97.699112882190491,31.095765918568219],[-97.699174937810312,31.095658596014669],[-97.699230513882014,31.095548701021848],[-97.699279463081822,31.095436518197769],[-97.699288908867047,31.09541264268616],[-97.699324191098142,31.095321869071626],[-97.699352711710105,31.095252294754676],[-97.699383562551915,31.095177037264992],[-97.6994512407271,31.095011938890053],[-97.699490056032204,31.094917252543308],[-97.699495060546639,31.094904935488128],[-97.699512394438372,31.094860451151625],[-97.699533405134545,31.094804674353494],[-97.69959139138615,31.094659254827491],[-97.699598145818769,31.094642098442602],[-97.699666319863994,31.094466708210788],[-97.69967264580022,31.094450231032528],[-97.6997027959561,31.094370706683694],[-97.6997292504429,31.094296810057521],[-97.699764582979668,31.094180936456493],[-97.699792959861171,31.094063668840569],[-97.699814309222219,31.093945313364902],[-97.699828572672303,31.093826178493771],[-97.699835713380494,31.093706575000709],[-97.699835713380494,31.093586815199377],[-97.699828572672303,31.093467211405052],[-97.699814309222219,31.093348075934362],[-97.699792959861171,31.093229719567159],[-97.699764582979668,31.093112450777166],[-97.6997292504429,31.092996575731593],[-97.69968705298075,31.092882396752973],[-97.699638101984291,31.092770210780344],[-97.699582526810929,31.092660312446302],[-97.699520471191093,31.092552986384344],[-97.699452097719885,31.092448514151904],[-97.699377583365376,31.092347167307079],[-97.699297123960321,31.092249211254885],[-97.699210927015542,31.092154900631172],[-97.699119220703153,31.092064482380028],[-97.699022241280005,31.091978191137642],[-97.698920244766015,31.091896253078737],[-97.698813493469231,31.091818882069958],[-97.698702270358964,31.091746278900633],[-97.698586861997782,31.091678634359297],[-97.698467571117945,31.091616123849239],[-97.698344708536538,31.091558911234287],[-97.698218594053799,31.091507144992395],[-97.698089559148073,31.091460961292739],[-97.697957936196005,31.091420479379924],[-97.697942876838582,31.091416257640986],[-97.69753978300767,31.091304358412742],[-97.69753169817011,31.091236820485172],[-97.697510349707386,31.091118461487945],[-97.697481971927559,31.091001190091959],[-97.697446638492494,31.090885312471471],[-97.697404441928654,31.090771130955606],[-97.697355491830493,31.090658942490034],[-97.69729991665713,31.090549041713949],[-97.697237861037294,31.090441713266994],[-97.69716948576945,31.090337238713069],[-97.697136535564823,31.090292422218223],[-97.6972105774055,31.090276728208831],[-97.69734444075587,31.090242053831588],[-97.697476062809613,31.09020157139949],[-97.697605097715339,31.090155387065238],[-97.697731211299754,31.090103620058677],[-97.697854074779485,31.090046406532906],[-97.697973365659323,31.089983894948976],[-97.69808877312218,31.089916249152985],[-97.698199997130786,31.089843644529726],[-97.698306748427584,31.089766271849555],[-97.698408746738195,31.089684331883117],[-97.698505724364693,31.089598038479075],[-97.698597430677111,31.08950761779473],[-97.698683627621875,31.0894133044497],[-97.698764086128605,31.089315345372718],[-97.6988386004831,31.089213995185908],[-97.698906976649283,31.089109519282076],[-97.698969031370794,31.089002189209097],[-97.699024605645832,31.088892286516753],[-97.699046361943715,31.088844562969815],[-97.699292445534311,31.088286838203729],[-97.699319641131225,31.088222370688335],[-97.699361837695065,31.088108185972452],[-97.699397170231819,31.08799230482385],[-97.699425548011646,31.087875029569574],[-97.699446897372709,31.08775666638472],[-97.699461160822779,31.087637523753664],[-97.699468301530985,31.087517912470187],[-97.699468301530985,31.087398144868278],[-97.699461160822779,31.087278533283538],[-97.699446897372709,31.08715939005301],[-97.699425548011646,31.087041025976713],[-97.699397170231819,31.086923749548493],[-97.699361837695065,31.086807866955514],[-97.699319641131225,31.086693680539966],[-97.699270691033092,31.086581487260258],[-97.69921511496139,31.086471581768159],[-97.699153059341569,31.086364248715697],[-97.699084685870361,31.086259769678676],[-97.699010171515852,31.086158416232841],[-97.698929711212486,31.086060453800517],[-97.698843515166033,31.085966137034113],[-97.698751808853615,31.085875712893813],[-97.698654829430495,31.085789416031108],[-97.69855283201818,31.085707472635409],[-97.698446082518032,31.085630096587323],[-97.69833485850944,31.085557488689226],[-97.698219450148258,31.085489839742095],[-97.69810015837011,31.085427325160634],[-97.697977296687014,31.085370108819344],[-97.697851182204275,31.085318339205863],[-97.697722146400238,31.085272152498213],[-97.697595876508956,31.08523318811989],[-97.69668712639448,31.084974137066524],[-97.695472138803041,31.084627775731587],[-97.695466762386076,31.084626247857532],[-97.695332899035691,31.084591571418503],[-97.69519714203669,31.084562794134236],[-97.69505984802025,31.084539991403698],[-97.694921372719193,31.08452322093051],[-97.694782077256292,31.084512528877202],[-97.694642326347548,31.084507940633497],[-97.694502484708948,31.084509470817398],[-97.694362917954834,31.084517113274078],[-97.694223986309623,31.084530848768914],[-97.694086057184265,31.084550641910514],[-97.693949486311624,31.084576440381081],[-97.693814633017809,31.084608178013994],[-97.693681845849127,31.08464577017789],[-97.693551476046906,31.084689120700617],[-97.693423858682678,31.084738114945303],[-97.693299330624754,31.084792625965441],[-97.693178214368245,31.084852511427112],[-97.693060826120174,31.084917615148246],[-97.692947473104368,31.084987766329281],[-97.692838450866546,31.085062783399717],[-97.692734042376017,31.085142470172023],[-97.692634521618942,31.085226618149342],[-97.692540148208451,31.085315008064576],[-97.692451168282943,31.085407409111102],[-97.692367812709406,31.085503580481589],[-97.692290300676802,31.085603271368136],[-97.692218832509425,31.085706222500885],[-97.692153596853501,31.085812163071317],[-97.692094762592276,31.085920818425038],[-97.692042481541051,31.086031904677018],[-97.692004217801539,31.086125612853788],[-97.691823581869258,31.086603355563078],[-97.691786794061741,31.086697480139961],[-97.691779160178442,31.086716908179596],[-97.691740382602575,31.086831980036603],[-97.691708516664505,31.086948598054331],[-97.691683645907545,31.087066456813947],[-97.691665834112101,31.087185249359521],[-97.691655127990543,31.087304665659321],[-97.69165155628896,31.087424394144733],[-97.691655127990543,31.087544122479301],[-97.691665834112101,31.087663538328187],[-97.691683645907545,31.087782330127297],[-97.691708516664505,31.087900187852888],[-97.691740382602575,31.088016804559707],[-97.691779160178442,31.088131874842698],[-97.691824747882492,31.088245100221727],[-97.691877028035407,31.088356183756698],[-97.691935863194928,31.088464836201634],[-97.692001097952556,31.088570773696727],[-97.692072567018229,31.088673721614633],[-97.692150078152537,31.088773409175555],[-97.692233434624384,31.088869577139629],[-97.692322414549892,31.088961974729926],[-97.692416787960383,31.089050361170823],[-97.69251631051408,31.089134505687774],[-97.692620717207973,31.089214189045791],[-97.692729739445795,31.089289202779888],[-97.692843092461615,31.089359350733833],[-97.692960480709687,31.089424451367424],[-97.693081596966181,31.089484333910274],[-97.693206125024119,31.089538842207908],[-97.693305361015234,31.089576938608989],[-97.692937987793272,31.089764896375684],[-97.692932872786059,31.089757078945038],[-97.69285835843155,31.089655729229332],[-97.69277789812817,31.08955777040228],[-97.692691702081717,31.089463457107094],[-97.692599995769314,31.08937303629466],[-97.69250301634618,31.089286742607928],[-97.692401018933879,31.089204802227982],[-97.692294269433731,31.089127429027535],[-97.692183045425139,31.089054823801536],[-97.692067636165632,31.088987177344116],[-97.691948345285795,31.088924665063342],[-97.691825484501024,31.08886745082776],[-97.691699369119959,31.088815683119517],[-97.691570333315923,31.088769498111649],[-97.691438712160505,31.088729015052113],[-97.691412142689344,31.088721622183865],[-97.690572360730826,31.088491995254678],[-97.690530080354804,31.08840740599884],[-97.69048332980627,31.088325202844331],[-97.690432243309431,31.088245621802365],[-97.690557781972075,31.087919305620456],[-97.6911167514711,31.086466326629512],[-97.691144853468131,31.086388782720849],[-97.692722889791767,31.081752397931862],[-97.693337773129016,31.082020598335792],[-97.693425634209987,31.082057530355275],[-97.693514820483486,31.082091136191575],[-97.693605206080662,31.082121368416679],[-97.693670017731776,31.082162464379444],[-97.693728403733687,31.082205387511419],[-97.693785732418476,31.082249242296591],[-97.693808545135127,31.082268164249566],[-97.693882301311518,31.082356216098312],[-97.693904562462578,31.082382409066867],[-97.694229273793383,31.082758962003737],[-97.694275619675523,31.082811163840088],[-97.69436460049937,31.082903567320962],[-97.694458973909846,31.082991959396733],[-97.694558493768596,31.083076109278135],[-97.694662901360815,31.083155797716188],[-97.694771924496962,31.083230816232653],[-97.694885277512782,31.083300968658762],[-97.695002664862514,31.083366073442736],[-97.695123781119008,31.083425959803296],[-97.695248311871907,31.083480471576028],[-97.695375926541175,31.0835294664438],[-97.695506298140032,31.083572817475709],[-97.695575978659988,31.083593347835581],[-97.695667323849676,31.083619089635558],[-97.695730428701737,31.083636151844491],[-97.695865283792187,31.0836678897914],[-97.696001852868207,31.083693688501576],[-97.696139782891876,31.083713481817533],[-97.696278713638762,31.083727217428525],[-97.696418281291187,31.083734859948102],[-97.696558123828126,31.083736390144459],[-97.69669787473687,31.083731801863273],[-97.696837168403135,31.083721109720937],[-97.696975644602503,31.083704339103235],[-97.697112938618943,31.08368153616674],[-97.697248695617944,31.08365275860692],[-97.697382558070004,31.083618081812638],[-97.697405216276422,31.08361157327688],[-97.697570964429488,31.083563270079807],[-97.697698589565462,31.083523036626087],[-97.697824294744507,31.083477155103722],[-97.697947830149062,31.083425716694393],[-97.698310535724801,31.083264886933517],[-97.69857107141172,31.083149691510521],[-97.698684026473842,31.083096832078947],[-97.698803317353693,31.083034315923452],[-97.698918727511497,31.082966665180312],[-97.699029950621778,31.082894055247333],[-97.69913670012194,31.082816676908728],[-97.699238698432566,31.08273473094987],[-97.69933567605905,31.082648431235075],[-97.699427384168104,31.082558003938111],[-97.699513579316232,31.082463683695821],[-97.699546702895702,31.082424632769385],[-97.699752220364715,31.082177018794578],[-97.699806719468711,31.08210976168883],[-97.69985801238515,31.082040028573786],[-97.699905986788536,31.081967972156797],[-97.700494606980143,31.082132678521006],[-97.700552242888762,31.082148204620154],[-97.700562468411647,31.082150835770932],[-97.700809967747148,31.082214048761912],[-97.700882522876014,31.082231651300901],[-97.701029650749888,31.082265479248079],[-97.70138446372755,31.082350833790926],[-97.701389639820206,31.082352074737436],[-97.702035844716463,31.08250610200508],[-97.703382638516288,31.082877540672708],[-97.704186367489214,31.083109216827626],[-97.704267064947814,31.08313129364975],[-97.704401919139954,31.083163031765256],[-97.70453848911427,31.083188830612475],[-97.70467641913794,31.083208624033571],[-97.70481535078315,31.083222359717521],[-97.70495491843559,31.083230002277695],[-97.705094760074189,31.083231532482234],[-97.705234510982933,31.083226944176683],[-97.705373804649199,31.083216251977493],[-97.705512280848566,31.083199481270711],[-97.705649574865021,31.083176678213086],[-97.705785331864007,31.083147900500396],[-97.705919194316081,31.083113223521973],[-97.706050817268135,31.083072738052852],[-97.706179852173861,31.083026550253891],[-97.706305965758276,31.082974779363809],[-97.706428829238007,31.082917561546019],[-97.706548120117844,31.082855045272542],[-97.706663527580716,31.082787394401798],[-97.706774751589307,31.082714784331916],[-97.706881502886091,31.082637405847308],[-97.706983499400081,31.082555459733889],[-97.707080478823215,31.082469159856313],[-97.707172185135619,31.082378732388797],[-97.707258382080383,31.082284411968608],[-97.707338840587127,31.082186445543059],[-97.707413354941622,31.082085087753196],[-97.707481731107791,31.081980604011893],[-97.707543785829301,31.081873265887427],[-97.707599360104354,31.081763354950514],[-97.707648311100826,31.081651155850462],[-97.70766498023923,31.081608110911436],[-97.707672216168845,31.081589119585864],[-97.707779896323643,31.081304069218884],[-97.707832209714212,31.08116498309543],[-97.70783778735381,31.081150319277558],[-97.707838985706402,31.081147158016591],[-97.707896397036194,31.080995465837184],[-97.708054167251248,31.080577166102909],[-97.708064590403481,31.08054994400889],[-97.708149597080507,31.080324754220641],[-97.708253671397742,31.080049127791714],[-97.708279151212466,31.079977791998111],[-97.70831448374922,31.079861900935761],[-97.708342861529047,31.079744615648615],[-97.708364209991771,31.079626242337806],[-97.708378473441854,31.079507089514138],[-97.708385614150032,31.079387467998004],[-97.708385614150032,31.079311904045518],[-97.708486869553923,31.079245799386484],[-97.708593620850721,31.079168418077838],[-97.708695617364697,31.079086468973689],[-97.708792596787845,31.079000165946486],[-97.708884303100248,31.078909735178712],[-97.708970500045012,31.07881541131626],[-97.709050958551757,31.078717441315273],[-97.709125472906251,31.078616079826272],[-97.70919384907242,31.078511592271763],[-97.709255903793931,31.078404250229909],[-97.709311478068983,31.078294335281758],[-97.709360429065455,31.078182132086997],[-97.709402625629295,31.078067935308148],[-97.70943795906436,31.077952041917438],[-97.709466337742498,31.077834754273869],[-97.7094876844086,31.077716378584785],[-97.709501947858683,31.077597223367125],[-97.709509088566861,31.077477599447715],[-97.709509088566861,31.077357819193338],[-97.709501947858683,31.077238194972601],[-97.7094876844086,31.077119039155651],[-97.709466337742498,31.077000662575347],[-97.70943795906436,31.076883373758001],[-97.709402625629295,31.076767478923117],[-97.709360429065455,31.076653280444972],[-97.709339955561802,31.076604205094057],[-97.709170809980321,31.076212520796297],[-97.709186970672292,31.076194835587263],[-97.709267429179022,31.076096862885588],[-97.709341943533531,31.075995498602456],[-97.709410318801375,31.075891008167549],[-97.70947237442121,31.075783663166671],[-97.709527949594573,31.07567374518862],[-97.709576899692735,31.0755615389008],[-97.709619096256574,31.075447338974051],[-97.709654429691639,31.075331442388567],[-97.709682807471467,31.075214151511862],[-97.70970415593419,31.075095772559663],[-97.709718418485949,31.074976614057462],[-97.70972555919414,31.074856986840487],[-97.70972555919414,31.074737203284304],[-97.709718418485949,31.074617575766133],[-97.70970415593419,31.074498416664611],[-97.709682807471467,31.074380036821182],[-97.709654429691639,31.074262744770753],[-97.709619096256574,31.074146846741282],[-97.709576899692735,31.074032645115203],[-97.709527949594573,31.073920436890614],[-97.70947237442121,31.07381051675836],[-97.709410318801375,31.073703169408464],[-97.709341943533531,31.073598676454228],[-97.709267429179022,31.073497309507562],[-97.709186970672292,31.073399334026082],[-97.709100774625838,31.073305004696319],[-97.709009066516785,31.073214568511123],[-97.708912088890301,31.073128260153332],[-97.708810091478,31.073046305842464],[-97.708703341079513,31.072968919487639],[-97.708592116172611,31.072896301917893],[-97.708476708709767,31.072828643959795],[-97.708433561728341,31.072805198258589],[-97.708358005328094,31.07276498385102],[-97.708318050959207,31.072732880637083],[-97.708211301459073,31.072655494027153],[-97.708100077450467,31.072582876218039],[-97.707984669089285,31.072515218036905],[-97.707865377311137,31.072452694922244],[-97.707742515628041,31.072395470770978],[-97.707616401145302,31.072343694091014],[-97.707487365341265,31.072297501078936],[-97.707355743287508,31.072257011003391],[-97.707221879937137,31.072222330052007],[-97.707086124734772,31.07219354902298],[-97.706948829820007,31.072170743325266],[-97.706810354518964,31.072153970669721],[-97.706671059056063,31.072143277225099],[-97.706531308147305,31.072138688384324],[-97.706435677993724,31.072139073095975],[-97.706384919586924,31.072140037183473],[-97.706062610351182,31.072146181028675],[-97.70601896660142,31.072147315927975],[-97.705879398948994,31.072154959378565],[-97.705740468202094,31.072168696659801],[-97.705602538178425,31.072188492375538],[-97.705465969102406,31.072214294201245],[-97.705331114011955,31.072246035961719],[-97.705198327741599,31.07228363301456],[-97.705067957939363,31.072326989175089],[-97.704940341473474,31.072375989791684],[-97.7048158116189,31.072430507901153],[-97.704694696260717,31.072490401151111],[-97.704577307114334,31.072555513339225],[-97.704463954098529,31.072625673643682],[-97.704354933657328,31.072700700470392],[-97.704250525166799,31.072780397606294],[-97.704173953670292,31.072844375474237],[-97.703577428304186,31.07336265840231],[-97.703265650018537,31.073626918469959],[-97.703226908375271,31.073660423248938],[-97.703019749684231,31.073843215900855],[-97.702955343173315,31.073895398012294],[-97.702913339747269,31.073928597241402],[-97.702896912255653,31.073941689501812],[-97.702841241860867,31.07398770244296],[-97.702788679636967,31.074032392749384],[-97.702759597577952,31.074057494683043],[-97.701902927292096,31.074808166773089],[-97.701888158090512,31.07482120967072],[-97.701793784680021,31.074909609262267],[-97.701704803856174,31.075002020424247],[-97.701621447384326,31.075098202322977],[-97.701555665552718,31.075182817754204],[-97.701451191485162,31.075247479539325],[-97.701342170145651,31.075322504297226],[-97.701237761655122,31.075402199235427],[-97.701138241796386,31.075486355835903],[-97.70112993327831,31.075493782048337],[-97.700466257946402,31.076089624451729],[-97.700303246061679,31.076234970066334],[-97.700175177743205,31.076336114048779],[-97.700094517115531,31.076402911642397],[-97.7000308445282,31.076458632305023],[-97.699886241818589,31.076586921578084],[-97.699859101018916,31.076611575053938],[-97.698411641110042,31.077945819201684],[-97.698379509270637,31.07797517013579],[-97.69831728207258,31.078034464396225],[-97.698228302147072,31.078126872520734],[-97.698144945675224,31.078223051258057],[-97.698067434540931,31.078322749780991],[-97.698048198915757,31.078350462603527],[-97.697372638872636,31.07799997097186],[-97.697333921483889,31.077980254942478],[-97.69724583268713,31.077936232771776],[-97.697126220706821,31.07787032609129],[-97.697003349873199,31.077810715063695],[-97.696877551268415,31.077757560314158],[-97.696860602753944,31.07774247742897],[-97.696758605341643,31.077660527095613],[-97.696651855841495,31.077583144496529],[-97.696540631832903,31.077510530451068],[-97.696425223471721,31.077442875776544],[-97.696338412079299,31.077396672931833],[-97.694529990224638,31.076473803873565],[-97.694503223124116,31.076460319573773],[-97.693988244124569,31.076204248310511],[-97.693182416687137,31.075803548148823],[-97.693176691723835,31.075800709086074],[-97.693158702960275,31.075791891064199],[-97.693075539626207,31.07575148326319],[-97.693443366497391,31.074700255038678],[-97.693451259095468,31.074677272979486],[-97.693486592530547,31.074561375455328],[-97.693514970310375,31.074444083628606],[-97.693536319671423,31.074325703717523],[-97.693550583121507,31.074206544250199],[-97.693557723829699,31.074086916064338],[-97.693557723829699,31.073967131537959],[-97.693550583121507,31.073847503050825],[-97.693536319671423,31.073728342984168],[-97.693514970310375,31.073609962181983],[-97.693486592530547,31.073492669181547],[-97.693451259095468,31.073376770213329],[-97.693409062531629,31.073262567662333],[-97.693360113331821,31.073150358528867],[-97.693304538158458,31.0730404375064],[-97.693242481640297,31.072933089287069],[-97.693174108169089,31.072828595486449],[-97.693099594712891,31.072727227718854],[-97.6930191335112,31.072629251443839],[-97.692932938363072,31.072534921350083],[-97.692841231152343,31.072444484432442],[-97.692744251729209,31.072358175375619],[-97.692642254316908,31.072276220400994],[-97.69253550481676,31.072198833419396],[-97.692424280808169,31.07212621526153],[-97.692308871548661,31.072058556755458],[-97.692189580668824,31.071996033340501],[-97.692066718087418,31.071938808914407],[-97.691940605401328,31.071887031985764],[-97.691811568698952,31.071840838751847],[-97.691679947543534,31.071800348481844],[-97.691546083294824,31.071765667363902],[-97.691530159758116,31.071761963345221],[-97.691222463417091,31.071691244568978],[-97.691102632649773,31.071666167401737],[-97.690965337735008,31.071643361577475],[-97.690826862433966,31.071626588828956],[-97.690687567869389,31.071615895324971],[-97.690547817858942,31.071611306458742],[-97.690407975322032,31.071612836850271],[-97.690268406771281,31.071620480343825],[-97.690129476922721,31.071634217702275],[-97.689991546899037,31.07165401352923],[-97.689854976026382,31.071679815500033],[-97.689720122732567,31.07171155743892],[-97.68958733646221,31.071749154703102],[-97.689456965761664,31.07179251110734],[-97.689329348397465,31.071841511999374],[-97.689204819441187,31.071896030415228],[-97.689083703184693,31.071955924001905],[-97.688966315834961,31.072021036556027],[-97.688852962819141,31.072091197254871],[-97.688743939682993,31.072166224503309],[-97.688639532090775,31.072245922087149],[-97.688540012232025,31.072330081481372],[-97.688445638821548,31.072418483389079],[-97.688356657997701,31.072510896972375],[-97.688273302424179,31.072607081391173],[-97.68819578949325,31.072706785803526],[-97.688124322224198,31.072809750904572],[-97.688059086568259,31.072915705848899],[-97.688000252307049,31.073024375944883],[-97.687947972154134,31.073135477269002],[-97.687902384450112,31.073248720512915],[-97.687894291527698,31.073271009675192],[-97.687723351112297,31.073750376589818],[-97.687715337241642,31.073772686408578],[-97.687713693324667,31.073777430591328],[-97.687683641085144,31.073865222550566],[-97.687635597387143,31.07400004067506],[-97.687397530362105,31.073931678723866],[-97.687386566424067,31.073928552615673],[-97.687252704870318,31.073893872273992],[-97.687116947871317,31.073865091750978],[-97.686979652956552,31.073842286454127],[-97.686893287128512,31.073831825561065],[-97.686782615389063,31.073780846909756],[-97.686669877194191,31.073734617522785],[-97.686555276239929,31.073693220927698],[-97.686529393979953,31.073684456569172],[-97.686449504749575,31.073658629459512],[-97.686368935107282,31.073635010368388],[-97.686219123965657,31.073593310577969],[-97.68609840027294,31.073562318674419],[-97.685962644172278,31.073533538050988],[-97.685825349257499,31.073510732674674],[-97.685686873956456,31.073493960255508],[-97.685547580290176,31.073483266961581],[-97.685407829381433,31.073478678185477],[-97.685267986844522,31.073480208546943],[-97.685128418293772,31.073487851890388],[-97.684989488445197,31.073501588979035],[-97.684851558421528,31.073521384417237],[-97.684714987548873,31.073547185881253],[-97.684580134255071,31.073578927196738],[-97.684448150180259,31.073616296746245],[-97.684558023122662,31.073875925034475],[-97.684878022789789,31.074635920647044],[-97.684908019333761,31.074755925149262],[-97.684968016913274,31.074865915742773],[-97.6850180243285,31.074975920827669],[-97.685108022045256,31.075185922277967],[-97.685868024623403,31.077015924075283],[-97.685922427495314,31.077128580274394],[-97.685286661920955,31.076909575928447],[-97.685145663252285,31.077144965052721],[-97.685040922385085,31.077340507347241],[-97.684530039703233,31.078997400069127],[-97.684511736529331,31.079053627762907],[-97.68456088246019,31.079077928998206],[-97.684685411416467,31.079132443264609],[-97.684813027882356,31.079181440373677],[-97.684851491946191,31.079194231088525],[-97.684203609895292,31.081238095195971],[-97.683113930099466,31.084253055038467],[-97.678509467786995,31.084567076184825],[-97.678482379987926,31.084569039496536],[-97.678343448342716,31.084582774983879],[-97.678205518319032,31.084602568114661],[-97.678068948344716,31.084628366571131],[-97.677934094152576,31.084660104186707],[-97.67780130788222,31.084697696330043],[-97.677670938079984,31.084741046829041],[-97.677543321614095,31.084790041047025],[-97.677418792657818,31.084844552037382],[-97.677297677299649,31.084904437466317],[-97.677180287254956,31.084969541151892],[-97.677066934239122,31.085039692294597],[-97.676957912001313,31.085114709324042],[-97.676853504409095,31.085194396052813],[-97.676753984550359,31.085278543984138],[-97.676659610241543,31.085366933851091],[-97.676570630316021,31.085459334847126],[-97.676487273844174,31.085555506165068],[-97.676409763608206,31.085655196997152],[-97.676338293644193,31.085758148073655],[-97.676273057988269,31.085864088586188],[-97.676214223727044,31.085972743880532],[-97.676161944472469,31.086083830071829],[-97.676116355870107,31.086197057891095],[-97.676077579192551,31.08631213037765],[-97.676045712356157,31.08642874903331],[-97.676020840700886,31.086546608437672],[-97.676003029803738,31.08666540163302],[-97.675992323682195,31.086784818586146],[-97.675989453564867,31.08685149805731],[-97.675954998682144,31.088155379076515],[-97.675954297996228,31.088208428017815],[-97.675957868799472,31.08832815536454],[-97.675968574921029,31.088447570228102],[-97.675986385818163,31.088566361047143],[-97.676011257473434,31.08868421780026],[-97.676043124309842,31.088800833544898],[-97.676081900987384,31.088915902878455],[-97.676127489589732,31.089029127323332],[-97.676179768844321,31.089140209941768],[-97.676238603105531,31.089248861490208],[-97.67630383876147,31.089354798111167],[-97.676375308725483,31.089457745179704],[-97.676452818961451,31.089557431918045],[-97.676536175433299,31.089653599088646],[-97.676625155358821,31.089745995916626],[-97.676719529667636,31.089834381628233],[-97.676819049526372,31.089918525450894],[-97.676923458016915,31.089998208151378],[-97.677032479356413,31.090073221266579],[-97.677145832372233,31.090143368641673],[-97.677263222416926,31.090208468738123],[-97.677319801008466,31.090236479651605],[-97.677419468190934,31.090320803898063],[-97.677523874884812,31.090400486261242],[-97.677632898020974,31.090475499058808],[-97.67774625103678,31.090545646136963],[-97.677863638386526,31.090610745957797],[-97.677986674342776,31.090671467799499],[-97.677818826826893,31.091161772902254],[-97.677803490788364,31.091205909722447],[-97.677796680660208,31.091226066107168],[-97.677779986368961,31.091276826299119],[-97.677616899924075,31.091765277427616],[-97.677352143053639,31.092550911695206],[-97.677324327619189,31.092633453825869],[-97.677305804358028,31.09269117273416],[-97.677273939318255,31.09280778356101],[-97.677249066764688,31.092925635053174],[-97.67723125586754,31.093044420273724],[-97.677220550644293,31.093163829210031],[-97.677216978044413,31.09328355031268],[-97.677220550644293,31.093403271264503],[-97.67723125586754,31.093522679749796],[-97.677249066764688,31.093641464223857],[-97.677273939318255,31.093759314681868],[-97.677305804358028,31.093875924197697],[-97.677344582832205,31.093990987384984],[-97.677390169637931,31.09410420578207],[-97.677442450689156,31.094215282467172],[-97.677501285848678,31.094323928212106],[-97.677566520606305,31.094429859174578],[-97.677637988773682,31.094532800744265],[-97.677715500806286,31.094632482157898],[-97.677798855481484,31.094728644191765],[-97.677887837203656,31.09482103608439],[-97.677982209715822,31.09490941707487],[-97.678081731371208,31.094993556402937],[-97.678186138963412,31.095073234847202],[-97.678295162099559,31.095148243955503],[-97.678408515115365,31.095218387583699],[-97.678525902465125,31.095283484202795],[-97.678575689793107,31.095308098982496],[-97.678626644930972,31.095416359629379],[-97.678685479192183,31.09552500400072],[-97.678750714848121,31.095630933623923],[-97.678822183913809,31.09573387389214],[-97.678899695048102,31.095833554045488],[-97.67898305151995,31.095929714863566],[-97.679072032343797,31.096022105588073],[-97.679166405754273,31.09611048546115],[-97.679265925613024,31.096194623725424],[-97.679370333205227,31.096274301162307],[-97.679479355443064,31.096349309322264],[-97.67959270845887,31.096419452063611],[-97.679710097605252,31.096484547859667],[-97.679831212963435,31.096544425952693],[-97.679955742818009,31.096598930199875],[-97.680083359283898,31.096647918303766],[-97.680213729984473,31.096691263350838],[-97.68034651535649,31.096728850734447],[-97.68048136954863,31.096760584308388],[-97.680558480932618,31.096775918019215],[-97.681432304548821,31.096938004129687],[-97.681509397178289,31.097037984132665],[-97.681591956734394,31.097133499546135],[-97.681131319521313,31.097936518284811],[-97.681125727508672,31.097930773790615],[-97.680859882778435,31.097660640635031],[-97.680786791355359,31.097589347291883],[-97.680689812830536,31.09750306106778],[-97.680587816316546,31.097421127773956],[-97.680481064121437,31.097343761264657],[-97.680369840112846,31.09727116231748],[-97.680254432649988,31.097203521710032],[-97.68013514087184,31.09714101483522],[-97.680012279188745,31.09708380554741],[-97.679886165604316,31.097032042315949],[-97.67975713069859,31.09698586130207],[-97.679625506848211,31.09694538174341],[-97.679491645294476,31.096910709800056],[-97.679355888295476,31.096881936246646],[-97.67921859338071,31.096859136472407],[-97.679080117181329,31.09684236817337],[-97.678940823515077,31.096831677506248],[-97.678801072606319,31.096827089857396],[-97.678661230967734,31.09682861984292],[-97.678590022413474,31.096831752120941],[-97.678277957565228,31.096848972725134],[-97.676740354412544,31.096906472920598],[-97.676615373603696,31.096913602847035],[-97.676476443755121,31.096927336549996],[-97.676338513731451,31.096947127109381],[-97.676201942858796,31.096972922214256],[-97.676067089564981,31.097004655706673],[-97.675934303294625,31.097042242966268],[-97.675803932594079,31.097085587833412],[-97.675676317026486,31.097134575686329],[-97.675551786273587,31.097189079594898],[-97.675430670017093,31.097248957243814],[-97.675313282667361,31.097314052471443],[-97.675199929651541,31.097384194500432],[-97.675090906515408,31.097459201783984],[-97.674986498923175,31.097538878160165],[-97.674886979064439,31.097623015159265],[-97.674792605653948,31.097711393542951],[-97.674703624830101,31.097803782534516],[-97.674620269256593,31.097899941358143],[-97.674542756325664,31.097999619238564],[-97.674471289056612,31.098102556939921],[-97.674406053400673,31.098208483688833],[-97.674386639909073,31.098243551302691],[-97.673805694024935,31.09853072464314],[-97.673336123066363,31.098671055312579],[-97.673312845022394,31.098678112031781],[-97.673182475220159,31.098721456152436],[-97.67305485875427,31.098770443161705],[-97.672930328899682,31.098824946131629],[-97.672809213541498,31.098884822749358],[-97.67269182439513,31.098949916855918],[-97.672625982376374,31.098990658628768],[-97.672616264401626,31.098985567254235],[-97.672493402718544,31.09892835907737],[-97.67236728823579,31.098876596851067],[-97.672238252431754,31.098830416733961],[-97.672189832339626,31.09881552564902],[-97.671989829628146,31.099345728831487],[-97.671661617562677,31.100317778132236],[-97.671421230189267,31.100957257207519],[-97.670996610927503,31.100676260126157],[-97.669887953322998,31.099820089050034],[-97.668810179797944,31.099030548873504],[-97.66850246908389,31.098933637372081],[-97.668416697940557,31.098907998948619],[-97.668282834590173,31.098873327721613],[-97.668147077591172,31.098844554762735],[-97.668009783574732,31.098821755459564],[-97.667871307375364,31.098804987507055],[-97.667732013709099,31.098794297060756],[-97.667592262800355,31.098789709506683],[-97.66745242026343,31.098791239460592],[-97.667312852611005,31.09879888076857],[-97.667173921864105,31.098812614198959],[-97.667035991840436,31.098832404365556],[-97.66689942276443,31.098858198958478],[-97.666764567673965,31.098889931821056],[-97.666631781403609,31.098927518334659],[-97.666501411601388,31.09897086234151],[-97.666373795135485,31.099019849222159],[-97.666249266179236,31.099074352048959],[-97.666128149922727,31.099134228509467],[-97.666010760776345,31.099199322445102],[-97.665897407760539,31.099269463081953],[-97.665788387319338,31.099344468876787],[-97.665683977930499,31.09942414367158],[-97.665584457173424,31.099508279000762],[-97.665490083762933,31.099596655630346],[-97.665401103837425,31.099689042788196],[-97.665317747365563,31.099785199703287],[-97.665240236231284,31.099884875605301],[-97.665168767165596,31.09998781126356],[-97.665103531509658,31.100093735910036],[-97.665044697248433,31.100202374931694],[-97.664992417993858,31.100313444486183],[-97.664959058157464,31.100394383024092],[-97.664515870718787,31.101535807131029],[-97.664435536179553,31.101742704694423],[-97.664307519065034,31.102072401637187],[-97.664207359605811,31.102330355373962],[-97.664031629373298,31.102700685850195],[-97.663938959834908,31.102741648541535],[-97.663848145382786,31.102786574265952],[-97.663759355400586,31.10283537922971],[-97.663399258532408,31.102738286239219],[-97.662311430164394,31.102444957582097],[-97.66221452080984,31.102420499256617],[-97.662184888083573,31.102413679722421],[-97.660875652845775,31.102119087068097],[-97.660769530369691,31.10209713464987],[-97.660632235454926,31.102074336127462],[-97.660493760153869,31.102057568749157],[-97.660354464690982,31.102046878668951],[-97.660214713782224,31.102042291271975],[-97.66007487304195,31.10204382117357],[-97.659935304491199,31.102051462219851],[-97.65979637464261,31.102065195179886],[-97.659658444618955,31.102084984668785],[-97.659521874644625,31.102110778378364],[-97.659387020452485,31.102142510154273],[-97.659254234182129,31.102180095380707],[-97.659123863481568,31.102223437903255],[-97.658996247015665,31.102272423106339],[-97.658871717161091,31.102326924066688],[-97.658750600904597,31.102386798476733],[-97.658633213554864,31.102451890183218],[-97.658519860539045,31.102522028418075],[-97.658410837402883,31.102597031644333],[-97.658306430709004,31.102676703710632],[-97.658206909951929,31.102760836158613],[-97.658112536541452,31.102849209761633],[-97.658023554819295,31.102941593755627],[-97.657940200144083,31.103037747377765],[-97.657862687213168,31.103137419866346],[-97.657791219944102,31.103240351999428],[-97.657725984288163,31.103346273018403],[-97.657667150026953,31.103454908319591],[-97.657614868975728,31.103565974070364],[-97.657569282170002,31.103679181054975],[-97.657565433787326,31.10368967635193],[-97.65702485010722,31.105176519387665],[-97.657021167014562,31.105187055284389],[-97.656986087802721,31.105291572731723],[-97.656954221864652,31.1054081680902],[-97.656929350209367,31.105526003949439],[-97.656911537515597,31.10564477341309],[-97.65690083319069,31.105764166509712],[-97.656897262387432,31.105883871731191],[-97.65690083319069,31.106003576801768],[-97.656911537515597,31.106122969447309],[-97.656929350209367,31.106241738164307],[-97.656954221864652,31.106359572989092],[-97.656986087802721,31.106476167036252],[-97.657024865378588,31.10659121495997],[-97.65707045398095,31.106704418338122],[-97.657122733235539,31.106815480288347],[-97.657181567496764,31.106924111620852],[-97.657246803152688,31.107030028530996],[-97.65731827042174,31.107132956444808],[-97.657395783352669,31.107232624635095],[-97.657479138926192,31.107328773912403],[-97.657568119750024,31.107421153548522],[-97.657662493160515,31.107509522814613],[-97.657762013917591,31.107593650980981],[-97.657866420611469,31.107673318855245],[-97.657975443747631,31.107748318012948],[-97.658088796763437,31.107818452335977],[-97.658206184113183,31.10788354031941],[-97.658327300369677,31.107943411226021],[-97.658451829325941,31.107997908931722],[-97.658579446690155,31.108046891156174],[-97.658709817390715,31.108090231001043],[-97.658835102728432,31.108125774135473],[-97.658842600966111,31.108127818488288],[-97.662656256571026,31.109125724298952],[-97.662663787148048,31.109127684795745],[-97.66271242642911,31.109139861564227],[-97.66439841869034,31.109547487832447],[-97.665120216817741,31.109736401323801],[-97.665475469071595,31.109835004629076],[-97.665487331324911,31.109838271842918],[-97.666194454573855,31.110031500268789],[-97.666398872504956,31.11008773036362],[-97.666605839854853,31.110144661089521],[-97.666829062219804,31.110206064185995],[-97.667275097317926,31.110328755661726],[-97.667288985272222,31.110332575082531],[-97.667333706102013,31.110344514040239],[-97.667468559395829,31.110376243064778],[-97.667605129370159,31.110402034522259],[-97.667743060292139,31.110421822273786],[-97.667881990140728,31.110435554023326],[-97.668021557793153,31.110443194394389],[-97.668161398533428,31.110444724160569],[-97.668301149442186,31.110440137169267],[-97.668440444905087,31.110429448032782],[-97.668578919307805,31.110412682129759],[-97.668716214222584,31.110389885603769],[-97.66885197032326,31.110361116134076],[-97.668985834571956,31.110326449088344],[-97.669117455727374,31.110285975215778],[-97.66924649242975,31.110239800646657],[-97.669372606014164,31.110188044585591],[-97.669495467697246,31.11013084315692],[-97.669614758577097,31.110068344790321],[-97.669730167836605,31.110000713297069],[-97.669841391845182,31.109928124025085],[-97.669948141345344,31.109850767704266],[-97.67005013965597,31.109768845062828],[-97.670147118180779,31.109682569904244],[-97.670238825391507,31.109592168337919],[-97.670325020539636,31.109497874933922],[-97.670340137389232,31.109479473715083],[-97.670427890216089,31.109513155057201],[-97.670558261814961,31.109556494232841],[-97.670691048085317,31.109594076524893],[-97.670825902277457,31.109625805800238],[-97.670962472251773,31.109651597461578],[-97.671100402275457,31.109671385369499],[-97.671177438200957,31.109679760311089],[-97.672082955278697,31.109767047632449],[-97.67327381591825,31.111492246728101],[-97.673280544299715,31.111567283631775],[-97.673298355196863,31.111686045538647],[-97.673323226852133,31.111803873606938],[-97.673355093688528,31.111920460968662],[-97.67339387036607,31.112035502295527],[-97.673439458968446,31.112148699182704],[-97.673491738223021,31.112259754764644],[-97.673550572484245,31.112368379868222],[-97.67361580814017,31.112474290705062],[-97.673687277205858,31.112577212716932],[-97.673764788340151,31.112676875192207],[-97.673848144811998,31.112773018956243],[-97.673937124737506,31.11286539329522],[-97.674031499046336,31.112953757494118],[-97.674131018905072,31.113037880836487],[-97.674235427395601,31.113117544142433],[-97.674344448735113,31.11319253899963],[-97.674457801750918,31.113262669301001],[-97.674575189999004,31.11332775355223],[-97.674696306255498,31.113387621025737],[-97.674820836110072,31.113442115606375],[-97.674948452575961,31.113491095022084],[-97.675078822378197,31.113534432381819],[-97.675156955146676,31.113557323519601],[-97.676640980080862,31.113970832777046],[-97.676702411371579,31.114070566083122],[-97.676773878640631,31.114173486364365],[-97.67685139157156,31.114273147163793],[-97.676934747145069,31.114369289311163],[-97.677023727968916,31.114461662096847],[-97.677118101379406,31.114550024809891],[-97.677217622136467,31.114634146737679],[-97.677322028830361,31.114713808704064],[-97.677431051966522,31.114788802300197],[-97.677544404982328,31.114858931422294],[-97.677661792332074,31.114924014579106],[-97.677782908588568,31.114983881045916],[-97.677907438443157,31.115038374710199],[-97.678035054909046,31.115087353302297],[-97.678165425609606,31.115130689933292],[-97.678212835995339,31.115144387162417],[-97.678297975623039,31.115168867589901],[-97.679252993466193,31.115446424021837],[-97.679338530149224,31.115469892272028],[-97.679473384341364,31.115501619583572],[-97.679609954315694,31.115527409648607],[-97.679747884339363,31.115547196331757],[-97.679886815984588,31.115560927339988],[-97.680026383637028,31.11556856729856],[-97.680166225275613,31.115570096982147],[-97.680305976184371,31.115565510238493],[-97.680445269850622,31.115554821679101],[-97.68058374604999,31.115538056681189],[-97.68072104006643,31.115515261386012],[-97.680856797065445,31.115486493469483],[-97.680990659517505,31.115451828295431],[-97.681122282469559,31.115411356607932],[-97.681251317375285,31.115365184531701],[-97.681377430959699,31.11531343126487],[-97.681500502848579,31.115256123715909],[-97.681551108541797,31.11525877240755],[-97.681690950180382,31.115260302096129],[-97.68183070108914,31.115255715337511],[-97.681969995653731,31.115245026743171],[-97.682108470954773,31.115228261690589],[-97.682245765869538,31.115205466320962],[-97.682381521970228,31.11517669831062],[-97.682515384422274,31.115142033023417],[-97.682647007374342,31.11510156120384],[-97.682776042280068,31.115055388976927],[-97.682902156762808,31.115003635541182],[-97.683025019344214,31.11494643701409],[-97.683144311122376,31.114883941817652],[-97.683259718585234,31.11481631375506],[-97.683284653122584,31.114800041605697],[-97.683311310628625,31.11480890292113],[-97.68341448393565,31.114838657769553],[-97.685945835794982,31.115521040193773],[-97.685958306207752,31.1155243741212],[-97.686715845605377,31.11572518862085],[-97.686891061103239,31.115772807911789],[-97.687954438227536,31.116061800153279],[-97.687990147158416,31.116071275066897],[-97.688125001350556,31.116103002177429],[-97.688261571324873,31.116128792079071],[-97.688399501348556,31.116148578636921],[-97.688538431197117,31.116162309558121],[-97.688677999747881,31.116169949468269],[-97.688817842284777,31.116171479142164],[-97.688957593193535,31.116166892427579],[-97.689096886859815,31.116156203935894],[-97.689235362160844,31.116139439044261],[-97.689372657075623,31.116116643893445],[-97.689508412277974,31.116087876159238],[-97.689642275628358,31.116053211204761],[-97.689773898580412,31.11601273977373],[-97.689902933486138,31.115966567990021],[-97.690029047968892,31.115914815051077],[-97.690151909651973,31.11585761707299],[-97.690271200531811,31.115795122476506],[-97.690386609791332,31.115727495063016],[-97.690497832901585,31.11565491016983],[-97.690604584198368,31.11557755851538],[-97.690706580712359,31.115495640815762],[-97.690803560135492,31.115409370861531],[-97.690895266447896,31.115318974748458],[-97.690981462494349,31.115224687032462],[-97.691061922797743,31.115126754575137],[-97.691136437152238,31.115025431929435],[-97.691145716749119,31.11501125708681],[-97.691151315049964,31.115012614506313],[-97.691343822218727,31.115064162593882],[-97.691368436955827,31.115070644364369],[-97.691395087275353,31.115077419921381],[-97.691405720633369,31.115080073232434],[-97.69164081064153,31.115143933408085],[-97.691894656574533,31.115212890967278],[-97.692167027565318,31.115286866684215],[-97.692427570438738,31.115357656072412],[-97.692769063197346,31.115450344754276],[-97.692803806439301,31.115459557475226],[-97.692938659733116,31.115491284790217],[-97.693075229707432,31.115517074858076],[-97.69321316062944,31.115536861543379],[-97.693352090478001,31.11555059255311],[-97.693491659028751,31.115558232512495],[-97.693631500667351,31.115559762196249],[-97.693771251576109,31.115555175452108],[-97.6939105461407,31.115544486891547],[-97.694049021441728,31.115527721891816],[-97.694186316356507,31.115504926594156],[-97.694322072457183,31.115476158674486],[-97.694455934909243,31.115441493496657],[-97.694587557861297,31.115401021804757],[-97.694716592767023,31.115354849723502],[-97.694842707249762,31.115303096451033],[-97.694965569831169,31.115245898104394],[-97.695084861609331,31.115183403105114],[-97.695200269072203,31.115115775255859],[-97.695311492182469,31.115043189894905],[-97.695418243479267,31.114965837741906],[-97.695520239993243,31.114883919514444],[-97.695617219416377,31.114797649004188],[-97.695708925728795,31.114707252308577],[-97.695795122673559,31.11461296398501],[-97.695875582078614,31.114515030896584],[-97.695950096433108,31.114413707597915],[-97.696018469904331,31.114309259411321],[-97.696080525524152,31.114201957812814],[-97.69613610069753,31.114092084277317],[-97.696185051693988,31.113979923357114],[-97.696227249156152,31.113865769603919],[-97.696262580794581,31.113749919877886],[-97.696275565043706,31.113699961548171],[-97.696410034756894,31.113154588199151],[-97.696497389630082,31.112812931099008],[-97.696517077107828,31.11272854298873],[-97.696538426468877,31.112610210772267],[-97.69655268991896,31.11249109931342],[-97.696559830627152,31.112371519324643],[-97.696559830627152,31.112251783058305],[-97.69655268991896,31.112132202768088],[-97.696538426468877,31.112013090709489],[-97.696517077107828,31.111894757601235],[-97.696488699328,31.111777511856261],[-97.696453365892935,31.111661659581817],[-97.696411169329096,31.111547503040924],[-97.696397159203926,31.111515400622995],[-97.697479488984115,31.111859634269084],[-97.697467275489501,31.111905829585247],[-97.697431228792098,31.112051421901818],[-97.697417173751163,31.11209957909821],[-97.697370897937617,31.112250009516984],[-97.697369430988758,31.112254799462857],[-97.697355612204746,31.112302115931818],[-97.697309348069297,31.112467838751996],[-97.697291300915239,31.11253710897007],[-97.697266429259969,31.112654935982075],[-97.697248618362835,31.112773696528315],[-97.697237913139588,31.112893080660786],[-97.697234340539694,31.113012776894589],[-97.697237913139588,31.11313247297748],[-97.697248618362835,31.113251856658756],[-97.697266429259969,31.113370616458255],[-97.697291300915239,31.113488442435738],[-97.697323166853295,31.113605027728639],[-97.697361944429176,31.113720067014135],[-97.697407532133212,31.113833261892637],[-97.697459813184437,31.113944315503922],[-97.697518646547337,31.114052938679954],[-97.697583883101586,31.114158847637405],[-97.697655351268978,31.114261767822924],[-97.697732863301567,31.114361428529673],[-97.697816218875104,31.114457570587618],[-97.697905198800626,31.1145499432874],[-97.697999572211103,31.114638305918273],[-97.698099093866489,31.11472242776783],[-97.698203501458707,31.114802089660195],[-97.698312522798219,31.114877083186524],[-97.698425875814024,31.114947212243443],[-97.698543264960406,31.115012295339675],[-97.698664382115226,31.115072161750799],[-97.698788910173178,31.115126655364463],[-97.698916526639067,31.115175633910962],[-97.699011249494191,31.115207120600555],[-97.699069221372753,31.1153012352923],[-97.699140688641791,31.115404154239286],[-97.699218201572734,31.11550381374661],[-97.699301556247931,31.115599954647521],[-97.699390537970089,31.115692326235674],[-97.69948491138058,31.11578068780312],[-97.699584432137655,31.115864808640307],[-97.699688838831534,31.11594446957389],[-97.699797861967681,31.116019462197755],[-97.699820442918977,31.116033433086805],[-97.699851676443089,31.116126089577076],[-97.699897264147111,31.116239281586452],[-97.699949545198351,31.116350332382904],[-97.70000837856125,31.116458952805701],[-97.7000736151155,31.116564859078707],[-97.700145083282877,31.116667776655536],[-97.700222595315481,31.116767434836198],[-97.700305950889017,31.116863574457241],[-97.700394930814525,31.116955944815654],[-97.700489304225016,31.117044305206793],[-97.700588825880402,31.117128424924104],[-97.70069323347262,31.117208084797252],[-97.700802254812132,31.117283076422705],[-97.700915607827937,31.117353203702063],[-97.70103299697432,31.117418285148602],[-97.701154114129125,31.117478150042274],[-97.701278642187091,31.117532642274671],[-97.70140625865298,31.117581619579674],[-97.701536628455202,31.117624955071886],[-97.701632291846437,31.117652312662802],[-97.701669373403064,31.117662647989864],[-97.70251551094222,31.117893192630255],[-97.703461358782945,31.118150757313526],[-97.703498585866654,31.11816064499887],[-97.703633440058795,31.118192371411013],[-97.703770010033125,31.118218160744942],[-97.703907940056794,31.118237946867247],[-97.704046869905369,31.118251677486164],[-97.704186438456119,31.118259317228151],[-97.70419613307466,31.118259423357067],[-97.70421668543473,31.118323147053022],[-97.70423926658134,31.118386180383482],[-97.704249372628283,31.118413037873367],[-97.704290676266737,31.11851474142685],[-97.704304213878075,31.118545112658829],[-97.704316171352829,31.118571392549132],[-97.704354914792702,31.118652069429015],[-97.704381866946164,31.118703640918696],[-97.704395683933555,31.118729244004559],[-97.704427565142993,31.118786290288213],[-97.704468206723078,31.11885378939893],[-97.704483777221895,31.118878651854086],[-97.704508371297749,31.118917056409469],[-97.70456716333814,31.119002568743579],[-97.704584460398934,31.11902655060474],[-97.704652528648637,31.119116278028457],[-97.70472479161937,31.119202662982271],[-97.704938811642535,31.119446632095073],[-97.704972024155225,31.119483715209999],[-97.705061004979072,31.119576083018458],[-97.705155378389563,31.119664440970336],[-97.705254899146624,31.119748558365476],[-97.705359305840517,31.119828216039551],[-97.705416761187763,31.119867735314134],[-97.705306476816986,31.119887115810211],[-97.705029331280457,31.119943227018847],[-97.704754241089319,31.120006377947789],[-97.704481445195412,31.120076513212425],[-97.704211184347258,31.120153572812548],[-97.70394369839498,31.1202374875182],[-97.703679217307354,31.120328185022188],[-97.70341797734126,31.120425583787565],[-97.703160204872162,31.120529599200246],[-97.702906127173833,31.120640141261902],[-97.702655970621734,31.120757109975848],[-97.702409950811486,31.12088040611367],[-97.702168285135443,31.121009918141642],[-97.701931187392617,31.121145534525528],[-97.70169886329721,31.121287134502143],[-97.701471517665098,31.121434596538876],[-97.70124935351555,31.121587787567435],[-97.701032558596452,31.121746576057376],[-97.700821330537195,31.121910820480917],[-97.700615850797419,31.122080377772154],[-97.700416300836835,31.122255097944148],[-97.700222856725233,31.122434829472315],[-97.700035688244213,31.122619411604038],[-97.699854957090508,31.122808685125403],[-97.699680826757515,31.123002483132755],[-97.699513446365586,31.123200634109278],[-97.699352965035004,31.123402965000736],[-97.69919952110638,31.123609298139961],[-97.699053254716887,31.123819452015656],[-97.698914288037358,31.124033242810697],[-97.69878274773032,31.124250482095167],[-97.69865874698344,31.124470979133466],[-97.698542395391229,31.124694540115495],[-97.698433793564945,31.124920968925629],[-97.698333041217623,31.125150067142826],[-97.698242791074293,31.12537507761321],[-97.698240223689197,31.12538163250283],[-97.697950823335589,31.126137765659511],[-97.697666592786433,31.126874638300215],[-97.697656298991589,31.126901477239183],[-97.697597488086558,31.127055837517492],[-97.697158440983046,31.128196691940932],[-97.697151037068451,31.128216011525303],[-97.697066230715748,31.128449840163146],[-97.696989517285431,31.128685729051973],[-97.696920961456215,31.128923469018371],[-97.696860626110151,31.129162852428799],[-97.696808563349535,31.129403668575826],[-97.696764818090159,31.129645706754268],[-97.696729428959529,31.129888753184979],[-97.696711393483568,31.130042748732301],[-97.696707510066602,31.130079327117254],[-97.696546927226422,31.130491583279511],[-97.696502052784709,31.130500663818658],[-97.696226925762645,31.130563796956203],[-97.695954094834448,31.130633913652378],[-97.695683796257029,31.130710955451505],[-97.695416271677217,31.130794852362506],[-97.695151753758651,31.130885532086072],[-97.694890474266685,31.1309829130944],[-97.694632665864987,31.131086911551773],[-97.694489053098835,31.131149374547714],[-97.693310371817901,31.13080372833241],[-97.692712445978259,31.130628389518204],[-97.692486665211376,31.130562179085018],[-97.692376087091489,31.130524851928474],[-97.692142351646098,31.13044895918225],[-97.691906935193131,31.130378453430499],[-97.691669961870829,31.130313371851866],[-97.691437896490228,31.130252468510513],[-97.689606707732992,31.12977188185047],[-97.688238488215333,31.12941012399131],[-97.687539841469416,31.129204801578076],[-97.676780901669517,31.126042915027437],[-97.675559464174341,31.125067430236424],[-97.675446655537584,31.12497876125795],[-97.675232133356161,31.124817700408126],[-97.675012156604325,31.124662176839713],[-97.674786922911466,31.124512330537875],[-97.674556624517024,31.12436829072152],[-97.674403513863368,31.124277374837465],[-97.673952144569071,31.124014867479652],[-97.673870102332486,31.123967678352031],[-97.673628923543319,31.123834920546738],[-97.672481988724542,31.122628805116509],[-97.672452387439293,31.122597809982409],[-97.672267868988357,31.122411261434141],[-97.672077006634893,31.122229498885542],[-97.671879968363839,31.12205268155116],[-97.671676928448392,31.121880964031785],[-97.671468061161676,31.121714497852359],[-97.671253553353282,31.121553430692948],[-97.671033592771138,31.121397900236538],[-97.670808371654672,31.121248046472964],[-97.670578088531599,31.121104000163669],[-97.670342945522819,31.120965887455665],[-97.670103148342562,31.120833828343503],[-97.669858909891531,31.120707942051972],[-97.669610443070482,31.120588335501022],[-97.669357965271672,31.120475115609874],[-97.66919474318118,31.120407134699867],[-97.669063780490845,31.120319992511845],[-97.668833500062703,31.120175942486838],[-97.668598362443831,31.120037826890165],[-97.668358571551778,31.119905764948506],[-97.668114336694018,31.119779875118819],[-97.667865874364523,31.119660265091142],[-97.667613401057309,31.119547041785683],[-97.667357139554511,31.119440305200492],[-97.667097314434997,31.119340146873483],[-97.666834154769148,31.119246656034178],[-97.666595275667092,31.119168480586001],[-97.66607377040701,31.119004608247931],[-97.665054039727409,31.118684178662022],[-97.665026732739392,31.118675638400756],[-97.664814572228849,31.11861263731959],[-97.664764002468246,31.118427461379746],[-97.664690699941062,31.118190773324176],[-97.664609277542027,31.117956058066756],[-97.664519804441412,31.117723520959579],[-97.664422364182556,31.117493368125665],[-97.66431703851211,31.117265799537488],[-97.664203921753227,31.117041015938231],[-97.664083112720562,31.11681921576551],[-97.663954717415308,31.11660059207524],[-97.663818850821841,31.11638533792469],[-97.663675626127883,31.116173641758081],[-97.663525177182422,31.115965690482884],[-97.663367632444533,31.115761665624301],[-97.663203130254743,31.115561747170503],[-97.663031811648594,31.115366109726967],[-97.662853833831235,31.115174927131143],[-97.662669350414603,31.114988363992374],[-97.662478520400484,31.114806587227676],[-97.662281516265423,31.114629755294928],[-97.662078508689319,31.114458022037955],[-97.661869674640258,31.114291540531749],[-97.661655200967857,31.11413045692975],[-97.661435271826747,31.113974909694665],[-97.661210083049639,31.113825039596438],[-97.660979832265895,31.113680975099498],[-97.660744722494798,31.113542845437003],[-97.66050495855221,31.113410768305648],[-97.660260751542225,31.113284862939555],[-97.66001231526387,31.113165237805195],[-97.659759868906107,31.113051999060978],[-97.659503633454463,31.112945246711874],[-97.6592438352844,31.112845072301962],[-97.659037521009722,31.112771096220353],[-97.658633662712489,31.112631006347733],[-97.658423916668667,31.112560700126789],[-97.658212757123593,31.112494760653558],[-97.658000274978718,31.11243321631413],[-97.657852606319054,31.112392085761396],[-97.652552804857535,31.110915937119806],[-97.651379272719822,31.110589656512399],[-97.650986354106138,31.111644971575842],[-97.654409008102149,31.112587781632698],[-97.655017289720391,31.112839656343517],[-97.655931701916074,31.11308961919303],[-97.656569365630631,31.113177082577572],[-97.657203278878853,31.113341468730585],[-97.655793785367138,31.117190139586473],[-97.656119806441623,31.117620431490028],[-97.655467582832969,31.119479842324576],[-97.655159901763312,31.119393709035638],[-97.654809230917436,31.120329783073021],[-97.655131903072544,31.120622492007854],[-97.653607918379564,31.124235265864247],[-97.663030979808653,31.126904110995195],[-97.663331941479953,31.126988787172674],[-97.663483039009066,31.127222684198191],[-97.663605251210214,31.127343275904376],[-97.663692577337301,31.12740325219054],[-97.663755698359068,31.127437358567899],[-97.663822120689474,31.127466425069112],[-97.663856389620932,31.127479013962677],[-97.664261450762325,31.127595102230053],[-97.664857597937697,31.127765986607912],[-97.666326970451308,31.129316423150438],[-97.666579175162269,31.129580481439536],[-97.666834600333516,31.129893446121169],[-97.666949850591223,31.130034702393129],[-97.667373572436006,31.130501470447886],[-97.667408671410783,31.130528099206334],[-97.66745753257571,31.13055284018445],[-97.668374447477802,31.130743162105386],[-97.668740446277383,31.13095229901127],[-97.669967605142602,31.131916268409736],[-97.670547360758988,31.132355843797246],[-97.671098059469188,31.132805816953681],[-97.671366002663916,31.133055691844778],[-97.671519180691234,31.133177409537893],[-97.679934758172976,31.135556319906875],[-97.680148032594474,31.135723919776865],[-97.684029290017776,31.136780713827775],[-97.684251746119799,31.136931223534024],[-97.684195657110081,31.137089381991895],[-97.686483632002762,31.137668070003933],[-97.688553769930607,31.138221198185615],[-97.688606810058232,31.138074326604038],[-97.689023675062472,31.13820033132907],[-97.689137966817754,31.138370955172263],[-97.691358716286132,31.139055032908679]],[[-97.690443774982725,31.101146972361263],[-97.69058334353349,31.101154613479718],[-97.690688345810415,31.101155761878044],[-97.690621616765924,31.101237640723706],[-97.690559141258078,31.101322809507092],[-97.690501081209646,31.101411047489403],[-97.690471793436444,31.101438965874241],[-97.690304294466898,31.101590172368354],[-97.690223652703835,31.101666241650779],[-97.690134671879989,31.101758626795579],[-97.690051316306466,31.101854781615422],[-97.689973803375537,31.101954455345489],[-97.689902336106485,31.102057388760752],[-97.689837100450561,31.102163311099112],[-97.689778266189336,31.102271947753501],[-97.689725986036422,31.102383014887739],[-97.689680398332399,31.102496223282504],[-97.689641620756518,31.102611276028018],[-97.689609754818463,31.102727874677324],[-97.689584883163178,31.102845713862358],[-97.689567070469394,31.102964486678225],[-97.689556365246162,31.10308388314467],[-97.689552794442918,31.103203591744862],[-97.689556365246162,31.103323300194091],[-97.689567070469394,31.103442696209434],[-97.689584883163178,31.103561468278684],[-97.689599053188459,31.103628609783062],[-97.689604282281735,31.103690602430145],[-97.689600352152368,31.103699973971558],[-97.6893432516231,31.10433003110554],[-97.689324442697696,31.104377766102399],[-97.689259419942488,31.10454911378368],[-97.685954375180074,31.103502941424903],[-97.685891028681169,31.10348395678286],[-97.685803807656981,31.103438257329664],[-97.685680945973886,31.103381051834795],[-97.685554831491146,31.103329292035166],[-97.68542579658542,31.103283114083027],[-97.685408770815854,31.103277509901329],[-97.684572997140123,31.103005129813155],[-97.684581522152172,31.102998951811646],[-97.684683519564487,31.102917023258666],[-97.684780497190971,31.10283074187446],[-97.68487220530001,31.10274033378478],[-97.684958401346478,31.102646033576598],[-97.685038860751519,31.10254808814425],[-97.685113375106027,31.102446752074382],[-97.685181749475561,31.102342290722795],[-97.685243805095396,31.102234975599579],[-97.685299380268759,31.102125088215296],[-97.685348329468582,31.102012913158052],[-97.685350452187606,31.102007170448733],[-97.68536181318099,31.102004908285792],[-97.685471519935064,31.101983125061157],[-97.685638643408836,31.101949909479888],[-97.685645388858319,31.101948561103793],[-97.685844168962703,31.101908599781471],[-97.685945106362965,31.101947345027043],[-97.686075477063525,31.1019906876558],[-97.686208264232192,31.102028272942331],[-97.686343118424332,31.102060004745798],[-97.686479688398663,31.102085798462159],[-97.686617618422332,31.102105587946756],[-97.686756549169232,31.102119320898968],[-97.686896115923332,31.102126961939192],[-97.687035957561932,31.102128491839416],[-97.68717570847069,31.102123904446366],[-97.687315003933591,31.102113214373642],[-97.687453478336309,31.102096447002193],[-97.68759077504771,31.102073648479621],[-97.687726529351764,31.102044876490226],[-97.687860393600459,31.102010206408313],[-97.687992014755878,31.101969728990881],[-97.688121051458253,31.101923550377681],[-97.688247164144343,31.10187178978369],[-97.68837002672575,31.101814583345174],[-97.688469735230711,31.101762568861258],[-97.688489344555052,31.101752114887265],[-97.688666018018608,31.101655999961128],[-97.688706723379084,31.101652191729045],[-97.688723323347219,31.101650594902178],[-97.688861799546586,31.101633827449067],[-97.688999093563027,31.101611028815437],[-97.689134850562027,31.101582256685898],[-97.689268713912398,31.101547586435046],[-97.689400335966141,31.101507108820506],[-97.689524812820125,31.101462675265299],[-97.689741287938972,31.101379984661467],[-97.689799059493225,31.101357170583192],[-97.690340531607134,31.101136766767397],[-97.690443774982725,31.101146972361263]]]]},"properties":{"OBJECTID":1,"Shape_Length":158770.52610917905,"Shape_Area":71797138.975562662,"AREA_SQFT":564956289.14186919,"AREA_ACRES":12969.611780116373,"AREA_SQMILES":20.265018406431832}}]
}