{
  "type" : "FeatureCollection",
  "features" : [{"type":"Feature","id":1,"geometry":{"type":"MultiPolygon","coordinates":[[[[-101.93899267176387,33.55217016944944],[-101.93885310411143,33.55217760644495],[-101.93871417336454,33.552190972672186],[-101.93857624334086,33.552210233691028],[-101.93843967336653,33.552235338589959],[-101.93830481917441,33.552266222980869],[-101.93817203290406,33.552302804507221],[-101.9380416622035,33.552344989581918],[-101.93791404573761,33.552392666649503],[-101.93778951678134,33.552445712175704],[-101.93766840052484,33.55250398765255],[-101.9375510122768,33.55256734109615],[-101.93747988636754,33.552609313428789],[-101.93581201222727,33.553627851005153],[-101.93574132918745,33.55367032889481],[-101.93573542186617,33.553673914821005],[-101.93569895745215,33.553696455994476],[-101.93502542041504,33.554109590268773],[-101.93366223864949,33.554946111183405],[-101.93362588293162,33.554968810731587],[-101.93351686069381,33.555041809030378],[-101.9334124531016,33.555119351361022],[-101.93331293234452,33.555201234836723],[-101.93321855893403,33.55528724609028],[-101.9331295781102,33.555377160525495],[-101.93304622253667,33.555470743814681],[-101.93296871050407,33.555567751898657],[-101.93289724233669,33.555667932484141],[-101.93283200668075,33.555771022049683],[-101.93277317241954,33.555876753331596],[-101.93272089226663,33.555984850083981],[-101.93267530456259,33.556095030821858],[-101.93263652698671,33.556207006575562],[-101.93260466104864,33.556320486879443],[-101.93257978939339,33.556435174531948],[-101.93256197759793,33.556550770835749],[-101.93255127237468,33.556666974100857],[-101.93254770067311,33.556783481141437],[-101.93255127237468,33.556899988024888],[-101.93256197759793,33.557016190820136],[-101.93257978939339,33.557131786346446],[-101.93260371242772,33.557242642352762],[-101.93261098878152,33.557272160262272],[-101.93280250690515,33.558048953540215],[-101.9328348426621,33.55816432610213],[-101.93287362023797,33.558276299173251],[-101.93291920794202,33.558386476988311],[-101.93297148809494,33.558494570599947],[-101.93303032235615,33.5586002985481],[-101.93309555801208,33.558703384613928],[-101.93316702617943,33.558803561562804],[-101.93324453821207,33.558900565903848],[-101.93332789378557,33.558994145375756],[-101.93341687460942,33.559084055952347],[-101.93351124801991,33.559170063339621],[-101.93361076877697,33.559251942975429],[-101.93371517636919,33.559329481526603],[-101.93382419860701,33.559402476140278],[-101.93393755162282,33.559470735940643],[-101.93405493987089,33.559534084274951],[-101.9341760561274,33.559592354969936],[-101.93430058508365,33.559645396075013],[-101.93442820154954,33.559693069113429],[-101.9345585722501,33.559735250579173],[-101.93469135852045,33.559771828942594],[-101.93482621271259,33.559802710639048],[-101.93496278268692,33.559827813331466],[-101.93510071271058,33.55984707264755],[-101.93523964345749,33.559860437688101],[-101.93537921110992,33.559867874021528],[-101.9355190527485,33.559869362935004],[-101.93565880365725,33.559864898440217],[-101.93579809822184,33.559854494759215],[-101.93593657352289,33.559838176592727],[-101.93607386843766,33.559815988851874],[-101.93620962453832,33.559787987675207],[-101.93634348788872,33.559754246417484],[-101.93647510994245,33.559714853403804],[-101.93660414574649,33.559669911929923],[-101.93673025933093,33.559619538016392],[-101.93685312191232,33.559563864151734],[-101.93697241279217,33.559503034801153],[-101.93705574051792,33.559456236744929],[-101.93792533306916,33.558948276033853],[-101.93964186894834,33.55893936341765],[-101.93965977596521,33.558939221935674],[-101.93979952687395,33.558934757392819],[-101.93993882143855,33.558924353599764],[-101.94007729673959,33.558908035257552],[-101.94021459165437,33.558885847277743],[-101.94035034775506,33.558857845799523],[-101.94048421110543,33.558824104178434],[-101.94061583315916,33.558784710740511],[-101.94074486896322,33.558739768782644],[-101.94087098254762,33.558689394326613],[-101.94099384512906,33.558633719862399],[-101.94111313600887,33.558572889856727],[-101.94122854437006,33.55850706374747],[-101.94133976837865,33.558436412200834],[-101.94144651877711,33.558361120854542],[-101.94154851618944,33.558281385077933],[-101.94164549471424,33.558197412966145],[-101.94173720192498,33.558109424592033],[-101.94182339797143,33.558017648263373],[-101.94190385737647,33.557922324265618],[-101.94197837173098,33.557823700370896],[-101.94204674610052,33.55772203483231],[-101.94210880172034,33.55761759189253],[-101.9421643768937,33.557510645527124],[-101.94221332699185,33.55740147270695],[-101.94225552355569,33.55729036013598],[-101.94229085699077,33.557177596765221],[-101.94231923477059,33.557063476787292],[-101.94234058323332,33.556948298139353],[-101.9423548466834,33.556832361005831],[-101.94236198739159,33.556715967818526],[-101.94236198739159,33.556599422508121],[-101.94236029227066,33.556558514381202],[-101.94235767098667,33.556508302597088],[-101.94233760711478,33.556124830599565],[-101.94233685791984,33.555549145166097],[-101.94233596679108,33.55549334590544],[-101.94233543498842,33.555478028557815],[-101.94233201600045,33.555389731231045],[-101.94232540709491,33.555288653483842],[-101.94232069093965,33.55524337881949],[-101.94231047260331,33.555155447325497],[-101.94230092530847,33.555084782556776],[-101.94228788536381,33.555009985370084],[-101.94227090900156,33.554922782042553],[-101.9422626004835,33.554882397902162],[-101.94223715480477,33.554778831155105],[-101.94221349048523,33.554692716085981],[-101.94219243169589,33.554621379511275],[-101.94216871306159,33.554550882661083],[-101.94213845959945,33.554466212951269],[-101.9421027749231,33.554373607022157],[-101.9420828449002,33.554327078685191],[-101.94204612716129,33.554244202455941],[-101.94201710708603,33.554181553947821],[-101.9419798782057,33.554108285417477],[-101.94193684620865,33.554027547049905],[-101.94191849991562,33.553993864929225],[-101.94186028998352,33.553895516535114],[-101.94181112428969,33.553817248435671],[-101.94180727860196,33.553811149376692],[-101.94177018806218,33.553754492564309],[-101.941482392998,33.553329288667918],[-101.94145110916823,33.55328427499753],[-101.94137659481372,33.553185645807353],[-101.94129613540868,33.553090316477267],[-101.94120993936221,33.552998534815885],[-101.9411182321515,33.552910541146126],[-101.94102125362667,33.552826563813191],[-101.94091925621437,33.552746822927652],[-101.94081250581588,33.552671526622177],[-101.94070128180731,33.552600870302534],[-101.94058587344612,33.552535039642201],[-101.94046658256629,33.552474205341767],[-101.94034371998488,33.552418526871641],[-101.94021760640045,33.552368148729208],[-101.94008857059642,33.552323203432827],[-101.93995694854267,33.552283807030207],[-101.9398230851923,33.552250062841097],[-101.93968732909161,33.552222059211807],[-101.93955003417685,33.552199869514588],[-101.93941155887579,33.552183549902011],[-101.93927226431123,33.552173145295818],[-101.93913251340246,33.55216868040327],[-101.93899267176387,33.55217016944944]]],[[[-101.82495676565671,33.550651367931749],[-101.82481719800427,33.550658805057985],[-101.82467826725737,33.550672171520205],[-101.82454033723369,33.55069143287767],[-101.82440376725935,33.55071653821792],[-101.82426891306721,33.550747423151769],[-101.82413612679687,33.550784005321212],[-101.82400575609633,33.550826191137531],[-101.82387813963044,33.550873869043265],[-101.82375361067416,33.550926915501996],[-101.82363249441767,33.550985192003303],[-101.82351510616961,33.551048546560644],[-101.82340175315379,33.551116812962633],[-101.82329273091597,33.551189814516412],[-101.82318832332375,33.551267360304557],[-101.8230888025667,33.551349247431403],[-101.82299442915621,33.551435262520144],[-101.82290544833238,33.551525180964603],[-101.82282209275883,33.551618768426636],[-101.82274458072624,33.55171578083619],[-101.82267311255885,33.551815965888721],[-101.82260787690292,33.551919060051034],[-101.8225490426417,33.552024796047505],[-101.82249676248881,33.552132897619963],[-101.82245117478476,33.552243083270909],[-101.82241239720889,33.552355064017611],[-101.82238053127082,33.552468549381643],[-101.82235565961554,33.552583242148174],[-101.82233784782009,33.552698843606528],[-101.82232714259685,33.552815052053255],[-101.82232357089529,33.552932307682582],[-101.82232407664679,33.553579607907494],[-101.8222798849247,33.553686418397916],[-101.82224110734884,33.553798397273823],[-101.82220924141076,33.553911880741857],[-101.82218436975549,33.554026571592154],[-101.82216655796003,33.554142171119189],[-101.82215585273678,33.554258377624414],[-101.82215228103522,33.554374887913603],[-101.82215232145941,33.554381314828959],[-101.8221526143102,33.554415642110058],[-101.82215252358034,33.554449958896818],[-101.82215293321212,33.555185883001009],[-101.82215353418503,33.555994453221103],[-101.82215710588663,33.556109547799835],[-101.82216781110985,33.556225751658438],[-101.82218562290531,33.55634134824254],[-101.82221049456058,33.556456035867313],[-101.82224236049866,33.556569515844018],[-101.82228113807453,33.556681490982641],[-101.82232672577855,33.556791670831934],[-101.82237900593147,33.556899766439386],[-101.82243784019268,33.557005496339684],[-101.82250307584862,33.557108584308928],[-101.82257454401599,33.557208763107475],[-101.8226520560486,33.557305769239548],[-101.82273541162212,33.557399350439312],[-101.82282439244597,33.557489262676079],[-101.82291876585644,33.557575271651388],[-101.82301828661352,33.557657152798996],[-101.82312269420572,33.557734692781892],[-101.82323171644356,33.55780768874331],[-101.82334506945938,33.557875949804114],[-101.82346245770744,33.557939299308046],[-101.82358357396393,33.557997571078957],[-101.82370810292019,33.558050613163459],[-101.82383571938608,33.558098287082139],[-101.82396609008666,33.558140469326673],[-101.824098876357,33.558177048365501],[-101.82423373054912,33.55820793063215],[-101.82437030052347,33.558233033788085],[-101.82450823054714,33.55825229345978],[-101.82464716129402,33.55826565874716],[-101.82466401368875,33.558266556303877],[-101.82469094787592,33.558362472802607],[-101.8247297254518,33.558474445616902],[-101.82477531315583,33.558584623179158],[-101.82482759330874,33.558692716542808],[-101.82488642756996,33.55879844424841],[-101.82495166322589,33.558901530077804],[-101.82502313139325,33.55900170679687],[-101.82510064342586,33.559098710915322],[-101.82518399899939,33.559192290172554],[-101.82527297982324,33.559282200542874],[-101.82536735323373,33.559368207732881],[-101.82546687399078,33.559450087180799],[-101.825571281583,33.559527625554139],[-101.82568030382082,33.559600620000303],[-101.82579365683665,33.559668879644136],[-101.82591104508469,33.559732227833059],[-101.82603216134119,33.559790498394349],[-101.82615669029747,33.559843539377802],[-101.82628430676336,33.559891212306852],[-101.82641467746392,33.559933393675763],[-101.82654746373426,33.559969971955269],[-101.82668231792638,33.560000853580874],[-101.82681888790071,33.560025956215704],[-101.82695681792441,33.560045215487605],[-101.82709574867128,33.560058580497547],[-101.82723531632372,33.56006601681392],[-101.82733859114036,33.560067370980981],[-101.82737515796231,33.560067607529774],[-101.82820091182936,33.560068112815955],[-101.82886728749702,33.560069608463124],[-101.82891995568555,33.560069577017913],[-101.82897254220053,33.560066644865955],[-101.82904870406527,33.560064348246492],[-101.82905878316275,33.560063768103028],[-101.82918798695175,33.56005411825825],[-101.82919806874419,33.560053147360016],[-101.82932647123596,33.560038016466898],[-101.82933650811263,33.560036615139289],[-101.82946380208334,33.560016043617729],[-101.82947374104363,33.560014216351981],[-101.82959961926946,33.559988252854943],[-101.82960941000773,33.559986011627764],[-101.82973356975643,33.559954716035932],[-101.82974318532321,33.559952111749887],[-101.8297915030074,33.559938497448584],[-101.82981461037144,33.559930683840285],[-101.82982571624332,33.559927697032521],[-101.82983101989674,33.55992642670352],[-101.82983516562179,33.559925885484944],[-101.82983996981193,33.559924402561023],[-101.82994000149182,33.55989166030826],[-101.83003884148505,33.559855479542144],[-101.83013637163488,33.559815903514398],[-101.83014454989721,33.559812411414995],[-101.83026258997667,33.559758937005114],[-101.83037810985257,33.55970021621544],[-101.83049087649037,33.559636367501533],[-101.83049569415526,33.559633489975681],[-101.8305771346773,33.559582927664479],[-101.83065673701653,33.55952951817531],[-101.83073440167908,33.559473328263984],[-101.83073819346789,33.559470478430086],[-101.83084345921125,33.559387037832899],[-101.83094420231535,33.559298189439772],[-101.83094876306205,33.559293944997656],[-101.8310355811016,33.559209102716387],[-101.83111797432035,33.559119957092918],[-101.8311957296966,33.559026738606846],[-101.83119905885304,33.559022525591836],[-101.8312658180517,33.558933661468799],[-101.83132235801568,33.558850492471819],[-101.83132507362279,33.558846295168429],[-101.83137991857012,33.558756903166696],[-101.83143028049129,33.558664910910942],[-101.8314760364046,33.558570543042372],[-101.83147793095152,33.558566368182923],[-101.83151184942355,33.558487275241397],[-101.83154236275337,33.558406807279773],[-101.83156941538007,33.558325110820043],[-101.83157069547934,33.558320943434559],[-101.83159713465211,33.558226606538327],[-101.83161879127712,33.558131058275968],[-101.83163561043671,33.558034540942195],[-101.83163642520869,33.558029038058486],[-101.83164899802941,33.557924292310716],[-101.83165324795901,33.557869538120556],[-101.83165614053424,33.557807872148324],[-101.83165703166298,33.557747126900551],[-101.83165589978573,33.556876898215087],[-101.83165500865698,33.556821099063562],[-101.83164786794877,33.556704705861101],[-101.83163360449869,33.556588768400609],[-101.83161225603597,33.556473589119683],[-101.83159778417674,33.556415389683792],[-101.8316092951888,33.556369097508309],[-101.83162082057389,33.556311788093033],[-101.83174661705301,33.555633419296655],[-101.83175644013063,33.555575548683571],[-101.83176369492487,33.55552379418836],[-101.83177225144344,33.555444206687547],[-101.83177716026591,33.555364311207335],[-101.83177841112585,33.555284274842812],[-101.8317784722113,33.555278302403138],[-101.83177858539904,33.555267061219482],[-101.83177821080156,33.555258806254983],[-101.83177827368363,33.555250751169673],[-101.83177829703982,33.555242588283129],[-101.83177856922934,33.555211535020867],[-101.831778636603,33.555199346082702],[-101.83177834105727,33.555158321257444],[-101.8317785485681,33.555120268414413],[-101.83177754964152,33.554417735254788],[-101.83177742477569,33.55440965838099],[-101.83178986105247,33.554308569754923],[-101.83179251377751,33.554276888062702],[-101.83179289286656,33.55427185657171],[-101.83179738084972,33.554187141671044],[-101.83179827377512,33.554128120951795],[-101.83179740690088,33.553371906698246],[-101.83179651487379,33.553315813316701],[-101.8317893741656,33.553199415391141],[-101.83177511071551,33.553083473226067],[-101.83175376225279,33.552968289271355],[-101.83172538447297,33.552854163732462],[-101.83169005103788,33.552741394570681],[-101.83164785447404,33.552630276005459],[-101.83159890437589,33.552521097017269],[-101.83154332920255,33.552414144341995],[-101.83148127358271,33.552309694984558],[-101.83141289921318,33.552208022956307],[-101.83133838485867,33.552109392537425],[-101.83125792545363,33.552014062019737],[-101.83117172940716,33.551922279214949],[-101.83108002219643,33.551834284448979],[-101.83098304367164,33.551750306069891],[-101.83088104625931,33.551670564190957],[-101.83077429586083,33.551595266947452],[-101.83066307185226,33.551524609747595],[-101.83054766349107,33.551458778267161],[-101.83042837261124,33.551397943208883],[-101.83030551002983,33.551342264045132],[-101.83017939644542,33.551291885275099],[-101.83005036064135,33.551246939418803],[-101.82991873858762,33.551207542525354],[-101.82978487523725,33.551173797915922],[-101.82964911913655,33.551145793937785],[-101.8295118242218,33.551123603964143],[-101.82937334892074,33.551107284148252],[-101.82923405435615,33.551096879412391],[-101.82909430344741,33.551092414464215],[-101.82906246625542,33.551092230296327],[-101.82861622813805,33.551091944312063],[-101.82774780429499,33.55109138207596],[-101.82769322535327,33.551091307210925],[-101.82766450980691,33.551091269778468],[-101.82693150070475,33.55109027482267],[-101.82680630609686,33.551090104130481],[-101.82679891745364,33.55108541009502],[-101.82668350909246,33.551019578279984],[-101.82656421821262,33.550958742912385],[-101.82644135563122,33.550903063465647],[-101.8263152420468,33.550852684439512],[-101.82618620624274,33.550807738354749],[-101.82605458418901,33.550768341261012],[-101.82592072083864,33.550734596480041],[-101.82578496473793,33.550706592359489],[-101.82564766982317,33.550684402273092],[-101.82550919452213,33.550668082374195],[-101.82536989995755,33.550657677585498],[-101.82527716417582,33.550654049609513],[-101.82514362242232,33.550650715854317],[-101.82509660729529,33.550649878859389],[-101.82495676565671,33.550651367931749]]],[[[-101.97813260735782,33.561485372864659],[-101.97813308615987,33.561517985366748],[-101.97813410035782,33.563169090691403],[-101.97813414886686,33.56322199411327],[-101.97813420096914,33.56327679880534],[-101.97813777267071,33.56339309332607],[-101.97814847789394,33.563509287385564],[-101.9781662896894,33.563624874221624],[-101.97819116134468,33.563739552175065],[-101.97822302728275,33.563853022582208],[-101.97826180485862,33.56396498827813],[-101.97830739256264,33.564075158836097],[-101.97835967271556,33.564183245327953],[-101.97841850697678,33.564288966312141],[-101.97848374263269,33.564392045588043],[-101.97855521080008,33.564492215938486],[-101.97863272283269,33.564589213890088],[-101.97871607840621,33.564682787198151],[-101.97880505923006,33.564772691852539],[-101.97889943264055,33.564858693574664],[-101.97899895339759,33.564940567817231],[-101.97910336098982,33.565018101261117],[-101.97921238322766,33.565091091066705],[-101.97932573624347,33.565159346370969],[-101.97944312449152,33.565222690532558],[-101.97956424074802,33.565280957389326],[-101.97968876970428,33.565333995000707],[-101.97981638617017,33.565381664898958],[-101.97994675687075,33.565423843586196],[-101.98007954314109,33.565460419540237],[-101.98021439733321,33.565491299202542],[-101.98035096730754,33.565516400241464],[-101.98048889733123,33.565535658288944],[-101.98062782807811,33.565549022449147],[-101.98076739573055,33.565556458292761],[-101.98087602181134,33.565558130496711],[-101.98173185576567,33.565557153672103],[-101.98176307132347,33.565556970283602],[-101.98190282223223,33.565552506082852],[-101.9820421167968,33.565542103086997],[-101.98218059209786,33.565525785995142],[-101.98231788701263,33.565503599715569],[-101.9824536431133,33.565475600383003],[-101.98257005938423,33.565446258935104],[-101.98309678205949,33.5654456526294],[-101.98312796797291,33.565445469240657],[-101.98326771888166,33.565441005034153],[-101.98340701344624,33.565430602024854],[-101.98354548874728,33.565414284911931],[-101.98368278366205,33.565392098603716],[-101.98381853976274,33.565364099234991],[-101.98395240311309,33.565330360155841],[-101.98408402516687,33.565290969685613],[-101.9842130609709,33.565246031113396],[-101.98433917455533,33.565195660452318],[-101.98446203713672,33.565139990182367],[-101.98458132801657,33.565079164759297],[-101.98469673637776,33.565013343609024],[-101.98480796038632,33.564942697384865],[-101.98491471078481,33.564867411710587],[-101.98501670819712,33.564787681940743],[-101.98511368672193,33.564703716154909],[-101.98520539393265,33.56461573440933],[-101.98529158997911,33.5645239649945],[-101.98537204938417,33.564428648177824],[-101.98544656373868,33.564330031712757],[-101.98551493810821,33.564228373832876],[-101.98557699372802,33.564123938761121],[-101.98563256890138,33.564017000452267],[-101.98568151899954,33.563907835856327],[-101.98572371556338,33.563796731655692],[-101.98575904899846,33.563683976779565],[-101.98578742677827,33.563569865398527],[-101.98580877524101,33.563454695427161],[-101.98582303869109,33.563338767027318],[-101.98583017939929,33.563222382608025],[-101.98583107232467,33.563162298391234],[-101.98582999165137,33.562031714301668],[-101.9858299521255,33.561988462026072],[-101.98582993954909,33.56197404484552],[-101.98582992517605,33.561957860322465],[-101.98582988924345,33.561916330437576],[-101.98582899721637,33.56185970514094],[-101.98582185650818,33.56174331872834],[-101.98580759305808,33.56162738803112],[-101.98578624459536,33.561512215469222],[-101.98577560315252,33.561469422549258],[-101.97813260735782,33.561485372864659]]],[[[-101.79569173060501,33.563198654482406],[-101.79561421857241,33.563295653886961],[-101.79554275040503,33.563395825509261],[-101.79547751474911,33.563498905851276],[-101.79541868048788,33.563604627673271],[-101.795366400335,33.563712714754068],[-101.79532081263095,33.563822885633883],[-101.79528203505508,33.563934851368877],[-101.79525016911701,33.564048321519408],[-101.79522529746174,33.564162998910462],[-101.79520748566628,33.564278584871573],[-101.79519678044304,33.564394777739551],[-101.79519320874147,33.564511274355922],[-101.79519678044304,33.564627770815065],[-101.79520748566628,33.564743963213196],[-101.79522529746174,33.564859548396669],[-101.79525016911701,33.564974224710419],[-101.79528203505508,33.565087693495201],[-101.79532081263095,33.565199657590256],[-101.795366400335,33.565309826573063],[-101.79541868048788,33.565417911519518],[-101.79547136398435,33.56551288666536],[-101.79547749768112,33.565523637728774],[-101.7962975939585,33.566922102914567],[-101.79630390103011,33.566932787184939],[-101.79636913668605,33.567035863304831],[-101.79644060485342,33.567136030588379],[-101.79651811688602,33.567233025570118],[-101.79660147245956,33.567326596013181],[-101.79669045328339,33.567416497914969],[-101.79678482669388,33.567502497003929],[-101.79688434745096,33.567584368739681],[-101.79698875504316,33.567661899809622],[-101.79709777728098,33.567734887380482],[-101.7972111302968,33.567803140594854],[-101.79732851854487,33.567866482816981],[-101.79744963480137,33.567924747889784],[-101.79757416375762,33.56797778387719],[-101.79770178022351,33.568025452315887],[-101.79783215092407,33.568067629711692],[-101.79796493719442,33.568104204545847],[-101.79809979138656,33.568135083262717],[-101.79823636136089,33.568160183533102],[-101.79837429138456,33.568179440990889],[-101.79851322213145,33.568192804741962],[-101.79865278978387,33.568200240357896],[-101.79879263142247,33.568201729127708],[-101.79893238233123,33.568197265063695],[-101.79907167689582,33.568186862386483],[-101.79921015219685,33.568170545794409],[-101.79934744711163,33.5681483601944],[-101.7994832032123,33.568120361719437],[-101.79961706656269,33.568086623717249],[-101.79974868861642,33.568047234504405],[-101.79987772442047,33.56800229736664],[-101.80000383800488,33.56795192831342],[-101.80012670058632,33.567896259820515],[-101.80024599146613,33.567835436339003],[-101.80036139982732,33.567769617289784],[-101.80047262383592,33.567698973320674],[-101.80057937423439,33.567623690049551],[-101.80068137164669,33.567543962824693],[-101.80068732747702,33.567539048125226],[-101.80168785487081,33.566710894064329],[-101.8017803121748,33.566630657754736],[-101.8018720193855,33.566542677972521],[-101.80195821543197,33.566450910605553],[-101.80203867483704,33.566355595915894],[-101.80211318919153,33.566256981651428],[-101.80218156356106,33.566155326040111],[-101.80224361918089,33.566050893298829],[-101.80229919435425,33.565943957376241],[-101.80234814445241,33.565834795216375],[-101.80239034101625,33.565723693494959],[-101.80242567445131,33.565610941135006],[-101.80245405223114,33.565496832300333],[-101.80247070250492,33.565407008492123],[-101.80255678087208,33.565385313215081],[-101.80268840292582,33.565345922769943],[-101.80281743872987,33.565300984226312],[-101.8029435523143,33.565250613597286],[-101.8030664148957,33.565194943362783],[-101.80318570577555,33.565134117978417],[-101.80330111413673,33.565068296870024],[-101.80341233814532,33.564997650690827],[-101.80347127122121,33.564956087835434],[-101.80356150788982,33.564915200882723],[-101.80368079876966,33.564854375301309],[-101.80379620713083,33.564788553979689],[-101.80390743113942,33.564717907571627],[-101.80401418153791,33.564642621701374],[-101.80403187116248,33.564628794059153],[-101.80404528300967,33.564621144803858],[-101.80415650701825,33.564550498258839],[-101.80426325741674,33.564475212242634],[-101.80436525482902,33.564395482110719],[-101.80446137007286,33.56431230265418],[-101.80455432594182,33.56422767245455],[-101.804623813324,33.564167809006968],[-101.80469525364359,33.564109564603747],[-101.80476635440003,33.564054712533732],[-101.80485596943446,33.563989595725552],[-101.80494563657116,33.563928541187835],[-101.80507244545161,33.563847695975994],[-101.80516084178939,33.563788926381768],[-101.80524679985054,33.563726644847925],[-101.80533018019146,33.563660952409364],[-101.80542469373916,33.56361812686977],[-101.80551003638608,33.563574610404949],[-101.80561892624584,33.563546909694324],[-101.80572670452861,33.563515157959039],[-101.80583322058091,33.563479399581951],[-101.80595836937471,33.563434791671547],[-101.80605381806858,33.563403044460742],[-101.80617089280462,33.56336683666725],[-101.80628490608215,33.563335244380049],[-101.80637905940542,33.563311179440596],[-101.80650477054459,33.563281713747465],[-101.80653332080094,33.563274439393503],[-101.8066578021465,33.563251340059672],[-101.80675695189936,33.56323478150361],[-101.80688530139051,33.563215707085021],[-101.80699434339128,33.563197591548473],[-101.80706424220186,33.563183174569787],[-101.80715788079044,33.563184171631981],[-101.80723032812148,33.563182601184188],[-101.80738437931123,33.563177561229438],[-101.80743742662538,33.56317814284909],[-101.80755833357442,33.563176932451462],[-101.80760156499747,33.563177012545815],[-101.80760545470265,33.563177094137238],[-101.80767178899816,33.563178463974957],[-101.80772217011257,33.563180348063206],[-101.80779909195203,33.56318425097777],[-101.80788533201594,33.563190387550691],[-101.80791152868626,33.563194045690537],[-101.80792831909723,33.563195979930981],[-101.80805430691751,33.563210163361475],[-101.80814908995978,33.563222669300686],[-101.80827418754961,33.563241615716564],[-101.80827664174696,33.563241945824757],[-101.8083863934168,33.563261264263012],[-101.80847417768469,33.563278724809976],[-101.80859596947427,33.56330577195817],[-101.80864321636663,33.563315890028179],[-101.80871834876207,33.563329699167049],[-101.8091105702831,33.563435825409385],[-101.80915745156115,33.563448074565727],[-101.80918350539933,33.563455459689358],[-101.80959323239031,33.563565190754794],[-101.8096690860839,33.563608783656477],[-101.80974695120254,33.56364867284308],[-101.80982664704048,33.563684765741613],[-101.80988998814946,33.563715238832856],[-101.80997803382709,33.563753427117724],[-101.81026476708263,33.563872340135248],[-101.81038802617606,33.563920295273284],[-101.81051323527136,33.563962900224034],[-101.8106401622601,33.564000076007872],[-101.81082556555157,33.564050173401569],[-101.81087657997824,33.564063493627998],[-101.81091936943018,33.564077337080008],[-101.81100616016134,33.564101951980795],[-101.81105626549295,33.564115387473933],[-101.811482330144,33.564229623139639],[-101.81160862170341,33.564261000528681],[-101.81173634675689,33.564285908544235],[-101.81189549947915,33.564328966547116],[-101.81198776073435,33.564362481399087],[-101.8120811128378,33.564392825579695],[-101.81217544686103,33.564419963681651],[-101.81221435559092,33.56443049630915],[-101.81264749896643,33.564547734673823],[-101.81269202396349,33.564559369875177],[-101.81271494807122,33.564565891096493],[-101.81308325464276,33.564665276783458],[-101.81317334065787,33.564697549200261],[-101.81326445637642,33.564726788298032],[-101.81335649969431,33.564752961311505],[-101.81341263182316,33.564768001554761],[-101.81389357185996,33.564896866383293],[-101.81393027342921,33.564906407150062],[-101.81395186353875,33.564912554828595],[-101.81411689842949,33.564957173203602],[-101.81448921597878,33.565057831687895],[-101.81454150601314,33.565071487848307],[-101.81466501089,33.565099768758614],[-101.81467536307532,33.565102717961061],[-101.81514739451944,33.56523047297248],[-101.8151946872259,33.56524283041071],[-101.81522064943593,33.56525018918235],[-101.81542269401805,33.5653042919662],[-101.81552791548393,33.565333087037999],[-101.81562502606107,33.565359662719764],[-101.81568665048957,33.565375857833196],[-101.81582150468171,33.565406737525734],[-101.81595807465602,33.565431838589241],[-101.81609600467969,33.565451096655586],[-101.81623493542659,33.565464460828885],[-101.81637450307902,33.565471896679767],[-101.8165134446057,33.565473394478964],[-101.81685596054544,33.56546984347483],[-101.81690652940773,33.565468231899743],[-101.81694828310214,33.565468706464813],[-101.81718973587746,33.565466486338607],[-101.81733187271162,33.565461998180353],[-101.8174711672762,33.565451595173592],[-101.81760964257724,33.565435278064633],[-101.817746937492,33.565413091761812],[-101.81788269359269,33.565385092399893],[-101.81801655694306,33.565351353328936],[-101.81814817899681,33.565311962868293],[-101.81827721480086,33.565267024306991],[-101.81840332838527,33.565216653658162],[-101.81852619096668,33.565160983401753],[-101.81864548184653,33.56510015799347],[-101.8187608902077,33.565034336859192],[-101.81887211421629,33.564963690652213],[-101.81897886461478,33.564888404996239],[-101.81908086202708,33.564808675245779],[-101.81917784055189,33.564724709480352],[-101.8192695477626,33.564636727756174],[-101.81935574380907,33.564544958363648],[-101.81943620321411,33.564449641570143],[-101.81951071756862,33.564351025129049],[-101.81957909193815,33.564249367273881],[-101.81964114755799,33.564144932227521],[-101.81969672273135,33.564037993944652],[-101.81974567282951,33.563928829375264],[-101.81978786939335,33.563817725201638],[-101.81982320282842,33.563704970352916],[-101.81985158060824,33.563590858999632],[-101.81987292907095,33.563475689056261],[-101.81988719252104,33.563359760684591],[-101.81989433322923,33.563243376293599],[-101.81989433322923,33.563126839790975],[-101.81988719252104,33.563010455086122],[-101.81987292907095,33.562894526089849],[-101.81985158060824,33.56277935521782],[-101.81982320282842,33.562665242641437],[-101.81978786939335,33.562552486287984],[-101.81974567282951,33.562441380343543],[-101.81969672273135,33.562332213755894],[-101.81964114755799,33.562225273228229],[-101.81957909193815,33.562120835734021],[-101.81951071756862,33.562019175253553],[-101.81943620321411,33.561920556036881],[-101.81935574380907,33.561825236346635],[-101.8192695477626,33.561733463966384],[-101.81926437077162,33.561728248764538],[-101.81900558410457,33.561468338634349],[-101.8187768990844,33.561237977961468],[-101.81856724936506,33.561027369779268],[-101.81845902752615,33.560918763576325],[-101.81836008348751,33.560819468645491],[-101.81816866417856,33.560626701546639],[-101.81813604006238,33.560595453346679],[-101.81810646033669,33.560563959605183],[-101.81809583686015,33.560553291763874],[-101.81803385130891,33.560491428588492],[-101.81762921507067,33.560085302276839],[-101.81761887456341,33.560075414388535],[-101.81764754699066,33.560069500668746],[-101.81778141034104,33.560035759521007],[-101.81791303239478,33.559996366635723],[-101.81804206819882,33.559951425308277],[-101.81816818178325,33.559901051558924],[-101.81829104436466,33.559845377875796],[-101.81841033524449,33.559784548723478],[-101.81852574360566,33.559718723537664],[-101.81863696761427,33.559648072982156],[-101.81874371801274,33.559572782692094],[-101.81884571542504,33.559493048033993],[-101.81894269394986,33.559409077100206],[-101.81903440116058,33.559321089960477],[-101.81912059720703,33.559229314919278],[-101.8192010566121,33.559133992258765],[-101.81927557096658,33.559035369747569],[-101.81934394533613,33.558933705635106],[-101.81940600095595,33.558829264160529],[-101.81946157612931,33.558722319295377],[-101.81951052622746,33.5586131480067],[-101.81955272279131,33.558502036994419],[-101.81958805622638,33.558389275205457],[-101.81961643400619,33.558275156828451],[-101.81963778246892,33.55815997979623],[-101.819652045919,33.558044044289055],[-101.81965566792624,33.557985011981792],[-101.81972550475305,33.557949399292035],[-101.81984091311423,33.557883572707567],[-101.81995213712284,33.557812920650925],[-101.82005888752128,33.557737628761203],[-101.82016088493361,33.557657892408955],[-101.82025786345841,33.557573919691016],[-101.82034957066915,33.557485930681814],[-101.82043576671559,33.557394153690616],[-101.82051622612065,33.557298829004758],[-101.82059074047515,33.557200204398143],[-101.8206591148447,33.557098538125693],[-101.82072117046452,33.556994094432049],[-101.82077674563789,33.556887147294617],[-101.82082569573602,33.556777973686387],[-101.82086789229986,33.556666860313371],[-101.82090322573492,33.55655409612865],[-101.82093160351477,33.556439975326967],[-101.82095295197749,33.556324795847644],[-101.82096721542757,33.556208857877259],[-101.82097435613578,33.556092463849794],[-101.82097524816284,33.556036366245955],[-101.82097534248595,33.55595391611714],[-101.82097445045886,33.555893467511694],[-101.82096730975067,33.555777073059332],[-101.8209530463006,33.555661134353741],[-101.82093169783788,33.55554595383591],[-101.82090332005804,33.555431831702379],[-101.82086798662299,33.555319065905408],[-101.82082579005915,33.555207950655699],[-101.82077683996098,33.555098774925234],[-101.82072126478762,33.554991825441206],[-101.82065920916779,33.554887379200302],[-101.82059083479825,33.554785710205721],[-101.82051632044376,33.554687082729664],[-101.8204358610387,33.554591755056407],[-101.82034966499225,33.55449997499025],[-101.82025795778152,33.554411982849821],[-101.8201609792567,33.554328006976398],[-101.82005898184441,33.554248267476744],[-101.81995223144592,33.554172972479854],[-101.81984100743733,33.554102317388207],[-101.81972559907616,33.554036487872047],[-101.81960630819631,33.55397565462885],[-101.81948344561491,33.553919977126455],[-101.81935733203048,33.553869599859574],[-101.81922829622644,33.553824655344336],[-101.8190966741727,33.553785259626345],[-101.81896281082233,33.553751516023759],[-101.81882705472165,33.55372351288117],[-101.81868975980687,33.553701323569598],[-101.81855128450583,33.553685004240599],[-101.81841198994125,33.553674599815224],[-101.8182722390325,33.553670135000267],[-101.81825430955774,33.553669993509651],[-101.81550917842372,33.553655758354402],[-101.8153844051257,33.55365737389306],[-101.81524483747327,33.55366481076053],[-101.81510590672637,33.553678176757728],[-101.8149679767027,33.55369743744496],[-101.81483140672837,33.553722541911711],[-101.81469655253623,33.553753425770957],[-101.81456376626588,33.553790006667562],[-101.81443339556532,33.553832191016056],[-101.81430577909943,33.55387986726295],[-101.81418125014318,33.553932911875933],[-101.81406013388668,33.55399118634962],[-101.81394274563861,33.554054538702601],[-101.81382939262279,33.554122802729275],[-101.81372037038498,33.554195801743013],[-101.81361596279277,33.554273344833007],[-101.81351644203569,33.554355229110641],[-101.81342206862521,33.554441241206547],[-101.81333308780137,33.554531156522401],[-101.81328578521344,33.55458426361951],[-101.81196148702497,33.554580708424531],[-101.81184779175103,33.5545823711089],[-101.81170822409861,33.55458980789674],[-101.81156929335171,33.55460317375082],[-101.81143136332804,33.554622434231874],[-101.81129479335371,33.554647538429819],[-101.81115993916157,33.554678421958371],[-101.81102715289121,33.55471500246329],[-101.81089678219068,33.554757186360042],[-101.81076916572476,33.554804862096432],[-101.81064463676852,33.554857906141486],[-101.81052352051202,33.554916179991146],[-101.81040613226395,33.554979531665765],[-101.81029277924813,33.555047794961546],[-101.81018375701032,33.555120793193581],[-101.8100793494181,33.555198335453333],[-101.80997982866103,33.555280218854108],[-101.80988545525054,33.555366230029023],[-101.8097964744267,33.555456144382084],[-101.80971311885318,33.555549727585692],[-101.80963560682058,33.555646735580922],[-101.8095641386532,33.55574691607486],[-101.80949890299726,33.555850005546141],[-101.80944006873605,33.555955736731377],[-101.80938778858314,33.556063833384925],[-101.80934220087912,33.556174014022055],[-101.80930342330323,33.55628598967337],[-101.80927155736515,33.556399469873483],[-101.80924668570989,33.556514157421077],[-101.80922887391444,33.556629753619227],[-101.8092181686912,33.556745956778009],[-101.80921459698962,33.556862463712136],[-101.8092181686912,33.556978970489048],[-101.80922887391444,33.557095173178048],[-101.80924668570989,33.557210768598651],[-101.80927155736515,33.557325455069055],[-101.80930342330323,33.557438933903562],[-101.80934220087912,33.557550907915122],[-101.80938778858314,33.557661086655479],[-101.80944006873605,33.557769181174919],[-101.80949890299726,33.557874910010945],[-101.80956179315199,33.557974289923429],[-101.80949231475297,33.557974722608648],[-101.80944495646951,33.557975521354521],[-101.8093605148328,33.557978692382946],[-101.8093369699892,33.557977940049753],[-101.80927270631041,33.557977884654029],[-101.80886458730379,33.557981838707803],[-101.80880033530309,33.557982535645344],[-101.80872475015678,33.557983641313093],[-101.80871846644136,33.557983975932956],[-101.80834715231025,33.557987581891972],[-101.80828286527526,33.557987840904225],[-101.80826305113503,33.557988132105763],[-101.80825040195751,33.557988390369403],[-101.80818848467824,33.557986412594083],[-101.80812241269078,33.557986374416004],[-101.80802575666115,33.557987621567264],[-101.80795964784276,33.557987915763221],[-101.80788591322593,33.557989028916815],[-101.80779667997551,33.557989462350513],[-101.80776900288159,33.557989841137143],[-101.80762010352998,33.557992509112523],[-101.80747108739739,33.557993923947869],[-101.80731133010894,33.557995439094292],[-101.80712176582107,33.55799687339298],[-101.80709507058577,33.557997075512333],[-101.80701509177939,33.557998655786022],[-101.80698504942134,33.558000256271633],[-101.80698082464457,33.558000121525424],[-101.80691664720405,33.558000065381165],[-101.80650864767334,33.558004006707897],[-101.8064445394031,33.558004701399454],[-101.80644448191093,33.558004701399454],[-101.8064433877629,33.558004664718538],[-101.8063696666208,33.558004707388214],[-101.80599388786273,33.558009553760044],[-101.80592015144924,33.558010010399919],[-101.80589750402262,33.558010391432219],[-101.80580820339856,33.558013429958976],[-101.80580205892201,33.558013233828426],[-101.80572835125464,33.558013276498052],[-101.80532992956151,33.558018387870192],[-101.80526564971304,33.558019176884009],[-101.80526467324432,33.558019145443254],[-101.80519098084829,33.558019188112873],[-101.80481579677493,33.558024024003622],[-101.80474211785365,33.558024479146269],[-101.80471887664064,33.55802487065877],[-101.8047086421346,33.558025094487128],[-101.80462946911703,33.558022565001941],[-101.80456024494124,33.558022557516026],[-101.80420897941062,33.558026584929571],[-101.80413976781125,33.558027388166465],[-101.80403096471473,33.558029900969075],[-101.803922329146,33.558036438644358],[-101.80381400994314,33.558046992235255],[-101.80370335767471,33.558038447017587],[-101.80359246610077,33.558033974425094],[-101.803481485066,33.558033580501466],[-101.8034296055617,33.558034066336269],[-101.80340917697383,33.558034462340281],[-101.80289524091832,33.558039159741057],[-101.8028229418093,33.558040672640942],[-101.80281668863661,33.558041005763371],[-101.80242539238031,33.55804477191824],[-101.80236133082246,33.558045465112265],[-101.80230540620444,33.558046282572207],[-101.8022755462044,33.558045328868971],[-101.80220192747025,33.558045370789984],[-101.80180341684388,33.558050471680019],[-101.80173921694549,33.558051258447726],[-101.80173816142502,33.558051224761179],[-101.80166454808075,33.558051266682241],[-101.80164643984126,33.558051498745002],[-101.80170747138166,33.558038909712089],[-101.80184133473203,33.558005167771078],[-101.80197295678579,33.557965773959651],[-101.80210199258983,33.557920831575622],[-101.80222810617424,33.557870456641965],[-101.80235096875566,33.557814781649945],[-101.80247025963551,33.557753951067511],[-101.80258566799668,33.557688124334135],[-101.80269689200526,33.55761747211762],[-101.80280364240375,33.557542180057482],[-101.80290563981605,33.557462443524798],[-101.80300261834086,33.557378470616854],[-101.80309432555158,33.557290481408558],[-101.80318052159805,33.557198704209689],[-101.80326098100309,33.557103379308195],[-101.80333549535759,33.557004754478356],[-101.80340386972713,33.556903087975861],[-101.80346592534696,33.556798644045898],[-101.80352150052032,33.556691696666455],[-101.80357045061848,33.556582522811262],[-101.80361264718232,33.556471409186763],[-101.80364798061738,33.556358644746901],[-101.80367635839721,33.556244523687042],[-101.80369770685994,33.556129343947049],[-101.80371197031002,33.556013405714324],[-101.8037191110182,33.555897011423561],[-101.8037200039436,33.555839667259043],[-101.80372232339366,33.551093065041037],[-101.8038518056604,33.551083393231863],[-101.80399028096144,33.55106707340839],[-101.80412757587621,33.551044883414527],[-101.80426333197688,33.551016879394602],[-101.80439719532727,33.550983134710691],[-101.80452881738101,33.55094373769694],[-101.80465785318505,33.550898791659549],[-101.80478396676949,33.55084841263092],[-101.80490682935088,33.55079273311302],[-101.80502612023074,33.550731897585749],[-101.80514152859192,33.550666065501296],[-101.80515874300769,33.550655129916848],[-101.80519715946083,33.550673614175643],[-101.80532168841708,33.550726660757334],[-101.80544930488298,33.55077433871805],[-101.80557967558353,33.550816524539023],[-101.80571246185389,33.550853106679206],[-101.80584731604603,33.550883991564234],[-101.80598388602036,33.550909096848599],[-101.80612181604401,33.550928358153186],[-101.80626074679093,33.550941724573754],[-101.80640031444335,33.550949161675007],[-101.80653971411081,33.550950655234068],[-101.80687134426594,33.550947170262788],[-101.80732968628347,33.550942351194855],[-101.80864343914884,33.550928529594358],[-101.81085740633682,33.550927665650654],[-101.81167799938255,33.550927334746781],[-101.81168714872372,33.550927318276443],[-101.81255696226052,33.550924545271656],[-101.81399558274698,33.550919947054645],[-101.81401933779637,33.550919785345926],[-101.8146794998172,33.5509129014956],[-101.81516583603391,33.550913007055478],[-101.81556698950384,33.550913092401743],[-101.81560265441725,33.550912906736151],[-101.81574240532599,33.550908441778454],[-101.81588169989057,33.550898037018705],[-101.81602017519164,33.550881717160216],[-101.81615747010639,33.550859527118746],[-101.81629322620708,33.550831523038738],[-101.81642708955744,33.550797778282387],[-101.81655871161121,33.550758381184174],[-101.81668774741524,33.550713435050341],[-101.81681386099964,33.550663055913645],[-101.81693672358107,33.550607376276282],[-101.81705601446092,33.550546540618498],[-101.81717142282208,33.550480708392811],[-101.81728264683066,33.550410050281435],[-101.81738939722915,33.550334751939367],[-101.81749139464145,33.550255008753908],[-101.81758837316626,33.550171028839735],[-101.81768008037699,33.550083032290125],[-101.81776627642346,33.549991247433908],[-101.8178467358285,33.549895914579032],[-101.81792125018301,33.549797281520618],[-101.81798962455254,33.549695606535749],[-101.81805168017236,33.54959115389164],[-101.81810725534572,33.549484197589329],[-101.81815620544388,33.549375014625404],[-101.81819840200772,33.549263891730476],[-101.81823373544279,33.549151117882431],[-101.81826211322262,33.549036987301164],[-101.81828346168534,33.548921797951593],[-101.81829772513542,33.548805850045966],[-101.81830486584361,33.548689446044229],[-101.81830497543808,33.548682379340562],[-101.81833866136292,33.548593669288138],[-101.81837399479798,33.548480894565309],[-101.81840237257781,33.548366763098763],[-101.81842372104055,33.548251572855683],[-101.81843798449063,33.548135624050673],[-101.81844512519882,33.54801921914602],[-101.81844601812421,33.54796145648266],[-101.81844655531674,33.545980850498353],[-101.81844711945874,33.544267674353421],[-101.8184453165872,33.544181738344406],[-101.81843942624376,33.544095985491126],[-101.81842946177527,33.544010610100294],[-101.81841544576015,33.543925805623338],[-101.81842326379805,33.543925555553528],[-101.81856255836264,33.543915149952852],[-101.81870103366369,33.543898828775468],[-101.81883832857847,33.543876636940709],[-101.81897408467916,33.543848630597552],[-101.81910794802951,33.543814883114166],[-101.81923957008328,33.543775482832018],[-101.81936860588732,33.543730533065876],[-101.81949471947172,33.543680149857785],[-101.81961758205314,33.543624465720754],[-101.81973687293296,33.543563625146504],[-101.81985228129416,33.543497787600685],[-101.81996350530274,33.543427123779125],[-101.82007025570122,33.543351819351827],[-101.82017225311354,33.543272069722015],[-101.82026923163833,33.5431880830211],[-101.82036093884906,33.543100079360165],[-101.82044713489553,33.543008287086558],[-101.82052759430057,33.542912946527537],[-101.82060210865508,33.54281430549824],[-101.82067048302461,33.542712622296719],[-101.82073253864444,33.542608161211575],[-101.8207881138178,33.542501196265817],[-101.82083706391595,33.542392004478643],[-101.82087926047978,33.542280872603612],[-101.82091459391486,33.542168089642118],[-101.82094297169469,33.542053949837864],[-101.82096432015742,33.5419387511797],[-101.8209785836075,33.54182279390416],[-101.82098572431569,33.541706380495803],[-101.82098657232531,33.541635054079222],[-101.82098596955576,33.541547156654431],[-101.82098538744746,33.54151609173114],[-101.82099680503472,33.541156112173319],[-101.82099773029947,33.541097445689857],[-101.82099828815326,33.539420965625148],[-101.82099834834038,33.539240761271138],[-101.82105397651435,33.53924806909653],[-101.82109690430681,33.53925341818465],[-101.82122318138462,33.539265816776769],[-101.82130177948041,33.539271995481457],[-101.82138687046599,33.539277570089979],[-101.8214720776004,33.539280931091682],[-101.82155098561495,33.539283017115515],[-101.82163612344603,33.539284164203977],[-101.82167172098579,33.539284182174001],[-101.83127712155292,33.539288697149978],[-101.83131363178101,33.539288511459468],[-101.83145338268977,33.53928404590112],[-101.83159267725436,33.539273639741616],[-101.83173115255539,33.539257317687706],[-101.83186844747016,33.539235124661126],[-101.83200420357085,33.539207116813877],[-101.83213806692122,33.539173367518096],[-101.83226968897496,33.539133965119952],[-101.832398724779,33.539089012939776],[-101.83252483836343,33.539038627025882],[-101.83264770094483,33.538982939898339],[-101.83276699182467,33.538922096056673],[-101.83288240018585,33.538856254975059],[-101.83299362419446,33.538785587358539],[-101.83310037459292,33.538710278887059],[-101.83320237200522,33.538630524974337],[-101.83329935053004,33.53854653376299],[-101.83339105774076,33.538458525375908],[-101.83347725378722,33.538366728172633],[-101.83355771319226,33.538271382493505],[-101.83363222754677,33.538172736166835],[-101.83370060191631,33.538071047504552],[-101.83376265753614,33.53796658080951],[-101.83381823270952,33.537859610119384],[-101.83386718280765,33.537750412468277],[-101.83390937937149,33.537639274625135],[-101.83394471280656,33.53752648560689],[-101.83397309058638,33.537412339673033],[-101.83399443904912,33.537297134828357],[-101.83400870249919,33.537181171325706],[-101.8340158432074,33.537064751665689],[-101.83401673613278,33.537007689269899],[-101.83401720415505,33.536279960715312],[-101.83401631122966,33.536220450792449],[-101.83400917052145,33.536104029838512],[-101.83399490707137,33.535988064735321],[-101.83397355860865,33.535872857992537],[-101.83397070645762,33.535861383659444],[-101.83397409490287,33.535847752083804],[-101.83399544336561,33.535732545153984],[-101.83400970681568,33.535616579552453],[-101.83401684752388,33.535500157785322],[-101.83401773955096,33.535443508435108],[-101.83401775751726,33.53541565735312],[-101.83401777009367,33.535395674505111],[-101.8340168771683,33.535336191678617],[-101.83400973646009,33.535219769533818],[-101.83399547301002,33.535103803244439],[-101.83397412454728,33.534988595323227],[-101.83394574676744,33.534874446038152],[-101.83391041333239,33.53476165341246],[-101.83386821676854,33.534650511726859],[-101.8338192666704,33.534541310021893],[-101.83376369149703,33.534434335093209],[-101.83370163587719,33.534329864003162],[-101.83363326150767,33.534228170820306],[-101.83355874715316,33.53412951987972],[-101.83347828774811,33.534034169526976],[-101.83339209170165,33.533942367625393],[-101.83330038449093,33.533854354550783],[-101.8332034059661,33.533770358698689],[-101.83310140855382,33.53369060022839],[-101.83299465815534,33.533615287318206],[-101.83288343414675,33.533544615417163],[-101.83276802578557,33.533478770239689],[-101.83264873490573,33.533417922523839],[-101.83252587232433,33.533362231775421],[-101.83239975873988,33.533311842523482],[-101.83227072293585,33.533266887315676],[-101.8321391008821,33.533227482225229],[-101.83200523753173,33.533193730594853],[-101.83186948143106,33.533165720790116],[-101.83173218651629,33.533143526199652],[-101.83159371121525,33.533127202988204],[-101.83145441665066,33.533116796087583],[-101.8313146657419,33.533112330210407],[-101.83127728684293,33.533112144506568],[-101.83092926602714,33.5331120950854],[-101.82994737328562,33.533111949068321],[-101.82962988081644,33.533111898149514],[-101.82928940674734,33.533111844984298],[-101.82863149231135,33.533111738653865],[-101.82797331826222,33.533111628579455],[-101.82715657090422,33.533111487804],[-101.82691045407596,33.533111443624449],[-101.82663267612548,33.533111393454448],[-101.8257295557529,33.533111227968369],[-101.82487088761386,33.533111063979923],[-101.82397991246391,33.533110886512986],[-101.82283133103321,33.533110650639202],[-101.82258648801601,33.533110595976353],[-101.8223076437653,33.533110376576296],[-101.8216671090351,33.533109868137188],[-101.82138789288187,33.53310964574186],[-101.82128980942926,33.533109567866077],[-101.82127302261152,33.533109553638759],[-101.8211946329249,33.533110423751019],[-101.82111900465945,33.533112165473149],[-101.82108974832727,33.533112969690492],[-101.82099670262679,33.533117940262656],[-101.82099985751006,33.530551887441099],[-101.8209989663813,33.530491257820913],[-101.82099182567309,33.530374829151818],[-101.82097756222301,33.530258856363652],[-101.82095621376028,33.530143641986129],[-101.82092783598047,33.530029486304173],[-101.82089250254541,33.529916687357613],[-101.82085030598155,33.529805539443672],[-101.8208013558834,33.529696331619114],[-101.82074578071004,33.529589350695574],[-101.82068372509022,33.529484873751116],[-101.82061535072067,33.52938317486948],[-101.82054083636616,33.529284518400544],[-101.82046037696112,33.529189162704562],[-101.82037418091465,33.529097355658479],[-101.82028247370395,33.529009337651758],[-101.82018549517913,33.528925337092744],[-101.82008349776682,33.528845574152847],[-101.81997674736834,33.528770257022288],[-101.81986552335975,33.528699581160993],[-101.81975011499858,33.528633732293649],[-101.81963082411875,33.528572881168031],[-101.81958855748631,33.528553721965864],[-101.81958500015779,33.528548182757795],[-101.81956371367882,33.528516147152423],[-101.81954879805183,33.528494118360932],[-101.8195178995993,33.528449660877392],[-101.81948620523947,33.528406323645271],[-101.81944336278693,33.528350973389493],[-101.81942780486455,33.528331708550709],[-101.81941073328088,33.528310800736712],[-101.81937058846914,33.528262962860389],[-101.81934581113697,33.528234684868423],[-101.81927376984446,33.528157304876686],[-101.81925466178004,33.528137665570377],[-101.81924050702611,33.528123237499365],[-101.81921244186,33.528095327146673],[-101.81914877915412,33.528035198282147],[-101.81910270096994,33.527994213729201],[-101.81908169117209,33.527975981475379],[-101.81904318129416,33.527943228259218],[-101.81898020330378,33.527892380996327],[-101.81891567532105,33.527843515764722],[-101.81889291829997,33.52782682536435],[-101.81885983783963,33.527802951975566],[-101.81879923749055,33.527761154808104],[-101.81871398018357,33.527706315605663],[-101.8186896196697,33.527691274152346],[-101.81859552316436,33.527635693318182],[-101.81849934571272,33.527583796504814],[-101.81847356047082,33.527570512589868],[-101.81842237716087,33.527544783470304],[-101.81834797792214,33.527509590412386],[-101.81827262261314,33.527476493955604],[-101.81824561925568,33.527465076918801],[-101.81812715841916,33.52741793201433],[-101.81803590216271,33.527385471389273],[-101.81800781274208,33.5273759774011],[-101.81789987835906,33.527341688050555],[-101.81779076898967,33.527311344416809],[-101.81776183964425,33.527303858103508],[-101.81771537608282,33.527292209647364],[-101.81724258915551,33.527177478074115],[-101.81684592636373,33.527081217680724],[-101.81623159010049,33.526932131167996],[-101.81617901530016,33.526919372103379],[-101.81616724287838,33.52691265483476],[-101.81604795199853,33.52685180249803],[-101.81592508941711,33.526796107520326],[-101.81579897583271,33.526745714441745],[-101.81566994002866,33.526700755819959],[-101.8155383179749,33.52666134773704],[-101.81545715608731,33.526640141472171],[-101.81447393204253,33.526397152711624],[-101.81160404827175,33.525687743569307],[-101.81048309003602,33.525410632014591],[-101.81047677757452,33.525409098323863],[-101.8104286224854,33.525397645817115],[-101.81029286638473,33.525369633486925],[-101.81015557146996,33.525347436895231],[-101.81001709616891,33.525331112212058],[-101.80987780160432,33.52532070437303],[-101.80973805069557,33.525316238093204],[-101.80971575451024,33.525316475486022],[-101.80810783932193,33.52492229393102],[-101.80778454732926,33.524843035786503],[-101.8072340857743,33.524706686086233],[-101.80722845154084,33.524705296167724],[-101.80689711693145,33.524623869070119],[-101.80646594176476,33.524517906339163],[-101.80573243319928,33.524336568566859],[-101.8054502526056,33.524266807960466],[-101.80541431909592,33.524257924717965],[-101.80540402709772,33.524252051982039],[-101.80528473621789,33.524191197773135],[-101.80516187363646,33.524135501081943],[-101.80503576005205,33.524085106452915],[-101.80490672424801,33.524040146448016],[-101.80477510219426,33.524000737152676],[-101.8046942017164,33.523979594639449],[-101.80427892762856,33.523876925467363],[-101.80422596475603,33.523864312733622],[-101.80409020865534,33.523836299906733],[-101.80395291374057,33.523814102921541],[-101.80381443843952,33.523797777948872],[-101.80367514387494,33.52378736992538],[-101.80353539296618,33.523782903566364],[-101.80349471904675,33.523783337171679],[-101.80293827471201,33.523645759871506],[-101.80250533794903,33.523538715295942],[-101.80249498666201,33.523532808811183],[-101.80237569578216,33.523471954096188],[-101.80225283320077,33.523416256941765],[-101.80212671961634,33.523365861893687],[-101.80199768381229,33.523320901514886],[-101.80186606175855,33.523281491891808],[-101.80178521877288,33.523260363431703],[-101.80172924295088,33.523246523175438],[-101.80167622258618,33.523233896120765],[-101.80154046648552,33.523205883089716],[-101.80140317157074,33.523183685942691],[-101.8012646962697,33.523167360851083],[-101.80112540170511,33.523156952751719],[-101.80098565079636,33.523152486360146],[-101.80094503886068,33.523152919219669],[-101.80045426766139,33.523031567183153],[-101.80041623568721,33.523022161835321],[-101.80040584846759,33.523016235095156],[-101.80028655758775,33.522955380016697],[-101.80016369500633,33.522899682529648],[-101.80003758142192,33.522849287180591],[-101.79990854561788,33.522804326533198],[-101.79977692356414,33.522764916674731],[-101.79969615693524,33.522743806810801],[-101.79875441529364,33.522510930699994],[-101.7986427840144,33.522485419371421],[-101.79853029235468,33.522464018509567],[-101.79841709161626,33.522446756898688],[-101.79831050790807,33.52240965998957],[-101.79820261546966,33.522376561813594],[-101.79809356426502,33.522347508375205],[-101.79743500483865,33.522184648914681],[-101.797295155163,33.522153359187413],[-101.79715400714052,33.522128575834842],[-101.79701186330553,33.522110351977197],[-101.79687986410495,33.522060618581229],[-101.79674562392209,33.522017296843813],[-101.79660945399085,33.521980487205767],[-101.79476783399654,33.521525026207755],[-101.79471464924015,33.52151235846091],[-101.79457889313947,33.521484344872228],[-101.79444159822472,33.521462147283373],[-101.79430312292367,33.52144582186682],[-101.79416382835907,33.521435413560297],[-101.79402407745033,33.521430947079821],[-101.79398366494064,33.521431377701262],[-101.7930937947185,33.52121128417722],[-101.78927125926701,33.52026575322305],[-101.78785985863195,33.519916593950555],[-101.78785163096225,33.519911898971074],[-101.78773234008241,33.519851041708435],[-101.78760947750102,33.519795342222338],[-101.78748336391658,33.519744945064467],[-101.78735432811254,33.519699982803431],[-101.7872227060588,33.519660571530501],[-101.78714222599251,33.519639532056573],[-101.7871235886453,33.519634921690233],[-101.78013703225291,33.519662859487802],[-101.779955930095,33.519537135583107],[-101.77542581145714,33.517129121282288],[-101.77537796808342,33.517142307191421],[-101.77524759738286,33.517184509426748],[-101.77511998091697,33.517232205889201],[-101.77499545196071,33.517285272994101],[-101.77487433570421,33.517343572177204],[-101.77475694745615,33.517406951392807],[-101.77464359444035,33.517475244364846],[-101.7745345722025,33.517548274331631],[-101.77443016461029,33.517625850301648],[-101.77433064385323,33.517707769300003],[-101.77423627044276,33.517793817867059],[-101.77414728961891,33.517883771309215],[-101.77406393404536,33.517977395197001],[-101.77398534313612,33.518075875833013],[-101.77373882655752,33.518403375155152],[-101.77367516115672,33.518455780234071],[-101.77358078774623,33.518541828057053],[-101.77351243044468,33.518610931974642],[-101.77727362803026,33.522365242300204],[-101.78298935216326,33.528125496027698],[-101.78308351985955,33.534521747793761],[-101.77759931852474,33.534575369628946],[-101.77761238182559,33.535754885092501],[-101.77761583674618,33.535850352603731],[-101.77762654196941,33.535966583708898],[-101.77764435376487,33.536082207397243],[-101.77766922542014,33.536196921913209],[-101.77770109135821,33.536310428498048],[-101.77773986893409,33.536422429892021],[-101.77778545663813,33.536532635575789],[-101.77783773679103,33.536640756529088],[-101.77789657105225,33.536746511220606],[-101.77796180670819,33.536849623361661],[-101.77803327487554,33.536949825649941],[-101.77811078690817,33.537046854527901],[-101.77819414248168,33.537140457670517],[-101.77828312330551,33.53723039098989],[-101.77837749671602,33.537316420132633],[-101.77847701747309,33.537398320479859],[-101.77858142506528,33.5374758786444],[-101.77869044730312,33.537548891722039],[-101.77880380031893,33.537617168788856],[-101.778921188567,33.53768053314716],[-101.77904230482349,33.537738818581872],[-101.77916683377975,33.537791873103821],[-101.77929445024564,33.537839558201249],[-101.7794248209462,33.537881750336851],[-101.77955760721656,33.537918337952881],[-101.7796924614087,33.537949227460956],[-101.77982903138303,33.53797433650324],[-101.77996696140669,33.537993600690989],[-101.78010589215357,33.538006969112338],[-101.78024545980601,33.538014407326813],[-101.78037706299516,33.538015974488268],[-101.78088239408855,33.538012203716491],[-101.7809629415285,33.538011595720747],[-101.78095743755075,33.538047323701946],[-101.78095210784618,33.538105190331059],[-101.78088885550618,33.538185921563013],[-101.78082944558788,33.538269520916707],[-101.78077400794517,33.538355805666797],[-101.78072266374956,33.538444587218407],[-101.78071909923452,33.538451111908728],[-101.78069838408405,33.538489987491673],[-101.78064610393116,33.538598105996734],[-101.78060051622711,33.538708308906784],[-101.78056173865126,33.538820307193831],[-101.7805599608853,33.538826011967693],[-101.7805578094202,33.538832952937611],[-101.78053055501798,33.53892939149187],[-101.78050832268039,33.539027110069192],[-101.78049117186576,33.539125847330382],[-101.78047914844235,33.539225339211846],[-101.78047847560418,33.539232487554195],[-101.78047184448512,33.539329262506307],[-101.78047014911982,33.539426249561288],[-101.78047102857049,33.539535856159155],[-101.78047225477086,33.539688704366689],[-101.78047305157651,33.539711696940245],[-101.78047256648625,33.539727530724385],[-101.78047265362282,33.539745715575194],[-101.78047541234906,33.540034280425267],[-101.78047889691406,33.540132625129459],[-101.7804849991698,33.540207767637959],[-101.78048564955006,33.540214199350835],[-101.78049685059135,33.540303690820821],[-101.78051220672025,33.540392563627869],[-101.78053168462091,33.540480624958271],[-101.78055524203512,33.540567683758873],[-101.78055709166628,33.540573950721999],[-101.78058509836055,33.540661247831757],[-101.78061702103443,33.540747190272889],[-101.78065279447642,33.540831602482569],[-101.78069234560871,33.540914312023922],[-101.78069534957504,33.54092025925074],[-101.78075488110559,33.541029877575653],[-101.78082060488224,33.54113589910871],[-101.78089230430277,33.541237974440612],[-101.78089638714573,33.541243458926672],[-101.78097596807585,33.541344255418771],[-101.7810609173706,33.541440570913799],[-101.78115098317198,33.541532119855241],[-101.78115604517862,33.541537003839046],[-101.78116083230077,33.541541609294022],[-101.78125623158731,33.541626865198161],[-101.78135666045087,33.541709672801197],[-101.78146097830179,33.541787524209241],[-101.78146235002923,33.541788511784823],[-101.78318184945054,33.541778242195903],[-101.78320949690006,33.550781286963506],[-101.7832931830536,33.550816935549193],[-101.78342079951949,33.550864613460028],[-101.78355117022005,33.550906799236984],[-101.78368395649041,33.550943381338953],[-101.78381881068253,33.550974266191702],[-101.78395538065688,33.550999371449777],[-101.78409331068055,33.551018632734298],[-101.78423224142743,33.551031999140839],[-101.78437180907987,33.551039436234319],[-101.78445822341695,33.551041059308417],[-101.78598177691859,33.551049620873862],[-101.78597227723446,33.552172118909553],[-101.78596365430604,33.553186267171725],[-101.78596358603407,33.553202435371304],[-101.78596715773566,33.553318947084627],[-101.7859778629589,33.553435154697233],[-101.78599567475435,33.553550755015664],[-101.78602054640962,33.553665446345406],[-101.78605241234769,33.553778929988098],[-101.78609118992355,33.553890908744087],[-101.78613677762759,33.554001092152767],[-101.7861890577805,33.55410919125228],[-101.78624789204171,33.554214924568235],[-101.78631312769765,33.554318015867786],[-101.78638459586504,33.55441819790267],[-101.78646210789763,33.554515207168592],[-101.78654546347116,33.554608791391566],[-101.786634444295,33.554698706532967],[-101.78672881770548,33.554784718286932],[-101.78682833846256,33.554866602079784],[-101.78693274605477,33.554944144567706],[-101.7870417682926,33.55501714288733],[-101.7871551213084,33.555085406153374],[-101.78727250955647,33.555148757703897],[-101.78739362581297,33.555207031357355],[-101.78751815476922,33.555260075155445],[-101.78755995697266,33.555276412902181],[-101.78963272067608,33.556068838570297],[-101.78976276760152,33.556115206476584],[-101.7898947610411,33.556155702370894],[-101.79103767230573,33.556478820359494],[-101.79152998052244,33.5571172500768],[-101.79159389924818,33.557196448686817],[-101.79167725482171,33.557290030005014],[-101.79176623564555,33.557379942355524],[-101.79186060905603,33.557465951439752],[-101.79196012981311,33.557547832690979],[-101.79206453740531,33.55762537277203],[-101.79217355964315,33.557698368825825],[-101.79228691265895,33.557766629973017],[-101.79240430090701,33.557829979557134],[-101.79252541716352,33.557888251401792],[-101.79264994611977,33.557941293553434],[-101.79277756258567,33.557988967532452],[-101.79290793328623,33.55803114983037],[-101.79304071955659,33.558067728915489],[-101.79317557374871,33.55809861122124],[-101.79331214372306,33.558123714408936],[-101.79345007374671,33.558142974105017],[-101.79358900449361,33.558156339409308],[-101.79372857214605,33.558163775889454],[-101.79385412069016,33.558165385355061],[-101.80057501920189,33.558123097571631],[-101.8005731983168,33.558123432190904],[-101.80043834412467,33.558154314476731],[-101.80030555785432,33.558190893509689],[-101.80017518715377,33.558233075709055],[-101.80004757068788,33.558280749527029],[-101.7999230417316,33.558333791437576],[-101.79980192547511,33.558392062942332],[-101.79968453722705,33.558455412067801],[-101.79957118421123,33.558523672616644],[-101.79946216197339,33.558596667911331],[-101.79935775438119,33.558674207050771],[-101.79925823362413,33.558756087156652],[-101.79916386021364,33.558842094870499],[-101.79907487938981,33.558932005605378],[-101.79899152381628,33.55902558504323],[-101.79891401178367,33.559122589134908],[-101.7988425436163,33.559222765597525],[-101.79877730796036,33.559325850920487],[-101.79871847369915,33.559431577851065],[-101.79866619354624,33.559539670154763],[-101.79862060584222,33.559649846358241],[-101.79858182826634,33.559761817503528],[-101.79854996232825,33.559875293137118],[-101.798525090673,33.559989976069637],[-101.79850727887752,33.560105567616034],[-101.7984965736543,33.560221766098742],[-101.79849302081735,33.56033705715847],[-101.79849282947619,33.560473338680382],[-101.79849265430471,33.560610828175129],[-101.79849248003154,33.560748316702423],[-101.79849230396175,33.560887548418897],[-101.79849233270784,33.561024913741228],[-101.79849216023129,33.561160775731189],[-101.79849198505983,33.561298262634473],[-101.79849181078666,33.56143575006741],[-101.79849163561516,33.561572861504793],[-101.79849140834141,33.561710188309185],[-101.79849442129087,33.561809836283508],[-101.79842779234794,33.561822083424779],[-101.7982929381558,33.561852964388123],[-101.79816015188544,33.561889541854704],[-101.79802978118488,33.561931722247614],[-101.79790216471899,33.561979394024014],[-101.79787446965878,33.561990616368817],[-101.79674773884906,33.562453790579561],[-101.79672023602832,33.562465327254259],[-101.79662324852036,33.562506894302714],[-101.79650213226387,33.562565162991959],[-101.79638474401578,33.562628509056481],[-101.79627139099998,33.562696766307198],[-101.79616236876215,33.562769758074879],[-101.79605796116994,33.562847293467847],[-101.79595844041287,33.562929169617398],[-101.79586406700238,33.563015173175536],[-101.79577508617855,33.563105079566157],[-101.79569173060501,33.563198654482406]]],[[[-101.81706449276055,33.585837227688913],[-101.81706421787607,33.586058050900839],[-101.81706778867934,33.586175706656704],[-101.81707849390257,33.586291870052669],[-101.81709630569803,33.586407426385342],[-101.81712117735329,33.586522074075177],[-101.81715304329137,33.586635514537306],[-101.81719182086724,33.586747450685209],[-101.81723740857127,33.586857592168826],[-101.81728968872419,33.586965650136236],[-101.8173485229854,33.587071343220153],[-101.81741375864134,33.58717439529287],[-101.81748522680871,33.587274539207748],[-101.81756273884132,33.587371511560946],[-101.81764609441485,33.587465060174296],[-101.81773507523869,33.587554941102127],[-101.81782944864916,33.587640920127647],[-101.81792896940624,33.587722772762838],[-101.81803337699846,33.587800285744891],[-101.81814239923627,33.587873256287715],[-101.81815675072126,33.587882307351663],[-101.81822268796142,33.587923609226465],[-101.81832168949225,33.587982795425084],[-101.81843907774032,33.588046122839117],[-101.81856019399682,33.588104374290744],[-101.81868472295309,33.588157397879428],[-101.81881233941898,33.588205055174178],[-101.81894271011952,33.58824722270974],[-101.81907549638987,33.588283788993465],[-101.81921035058201,33.588314660491427],[-101.81934692055634,33.588339754893831],[-101.81948485058001,33.58835900784959],[-101.81962378132692,33.588372368476477],[-101.81976334897935,33.588379802354105],[-101.81986326050357,33.588381472619247],[-101.82008133282699,33.588381801882988],[-101.82029946084596,33.588382123663443],[-101.82051755832221,33.588382437960668],[-101.82068963330984,33.588382681166813],[-101.82073567556141,33.588382745522885],[-101.82095374429157,33.588383047098567],[-101.82117177619082,33.588383341939235],[-101.82121118797727,33.588383159347565],[-101.82135093888603,33.588378696327268],[-101.8214902334506,33.58836829608218],[-101.82162870875166,33.588351983305024],[-101.82176600366643,33.588329802892005],[-101.8219017597671,33.588301810963216],[-101.82203562311747,33.588268080849055],[-101.82216724517122,33.588228700845498],[-101.82229628097527,33.588183774214123],[-101.82242239455969,33.588133416937275],[-101.8225452571411,33.588077761459729],[-101.82266454802094,33.588016952198814],[-101.82277995638213,33.587951148538053],[-101.8228911803907,33.58788052108558],[-101.82299793078919,33.58780525541566],[-101.82309992820147,33.58772554683096],[-101.8231969067263,33.587641603355785],[-101.82328861393702,33.587553644987928],[-101.82337480998349,33.587461899957106],[-101.82345526938855,33.587366608467079],[-101.82352978374304,33.587268018205222],[-101.82359815811256,33.58716638733673],[-101.8236602137324,33.587061980014148],[-101.82371578890576,33.586955070119458],[-101.82376473900392,33.586845934529208],[-101.82380693556776,33.586734859849535],[-101.82384226900282,33.586622134932924],[-101.82387064678265,33.586508053871711],[-101.82387084531032,33.586506981496257],[-101.82392098387959,33.586475143240385],[-101.82402773427806,33.586399876344515],[-101.82412973169036,33.586320166461462],[-101.82422671021519,33.586236221618954],[-101.82431841742591,33.586148261818352],[-101.82440461347237,33.586056515293123],[-101.82448507287742,33.585961222250866],[-101.82455958723193,33.585862630383161],[-101.8246184367645,33.585775910216441],[-101.82462998999738,33.585757982011124],[-101.82468480160276,33.58583478657534],[-101.82476231363535,33.58593176054665],[-101.82484566920888,33.586025310721055],[-101.82493465003272,33.586115193148721],[-101.82502902344319,33.586201173609048],[-101.82512854420027,33.586283027610058],[-101.82523295179249,33.58636054188559],[-101.82534197403031,33.586433513646078],[-101.82545532704611,33.586501752075719],[-101.82557271529419,33.586565080576833],[-101.82569383155068,33.586623333028342],[-101.82581836050696,33.586676357527281],[-101.82594597697285,33.586724015640122],[-101.82607634767338,33.586766183899528],[-101.82620913394373,33.58680275081089],[-101.82634398813587,33.58683362283881],[-101.82648055811021,33.586858717671987],[-101.82661848813387,33.586877970958298],[-101.82675741888079,33.586891331814535],[-101.82689698653321,33.586898765819761],[-101.8270368281718,33.586900254267071],[-101.82707666036981,33.586899205843388],[-101.82712625905161,33.586898030201979],[-101.82717660333508,33.586896555224754],[-101.82731963039966,33.586894079717439],[-101.82738532599302,33.586891934227893],[-101.82745395009421,33.586889005226666],[-101.82748856397872,33.586887344661029],[-101.82757288164792,33.586881048879512],[-101.82759514639226,33.586881286103193],[-101.82771891717039,33.586877635702116],[-101.82796484445417,33.586865738596487],[-101.82798082458474,33.586864925899455],[-101.82812011914933,33.5868545254719],[-101.82825859445039,33.586838212408523],[-101.82839588936515,33.586816031606347],[-101.82853164546582,33.586788039186423],[-101.82866550881621,33.586754308480451],[-101.82879713086994,33.586714927785948],[-101.82892616667401,33.586670000366325],[-101.82905228025842,33.586619642205932],[-101.82917514283983,33.586563985751823],[-101.82929443371967,33.586503175424056],[-101.82940984208085,33.586437370608742],[-101.82952106608944,33.586366741917033],[-101.8296278164879,33.586291474926604],[-101.8297298139002,33.586211764943407],[-101.82980266547314,33.586148704090824],[-101.82983800519639,33.58617494109896],[-101.82994702743424,33.586247913016422],[-101.83006038045005,33.586316151592861],[-101.83017776869809,33.586379480230185],[-101.83029888495462,33.586437732807013],[-101.83042341391086,33.586490757420009],[-101.83055103037675,33.586538415635367],[-101.83068140107731,33.586580583985487],[-101.83081418734767,33.586617150975513],[-101.83094904153981,33.586648023069834],[-101.83108561151413,33.586673117956998],[-101.83122354153781,33.586692371284727],[-101.8313624722847,33.58670573216969],[-101.83150203993713,33.586713166190926],[-101.83162932582299,33.586714763899252],[-101.83212238053973,33.586711402350808],[-101.83288033316239,33.586705958168722],[-101.83289169235915,33.586705857142668],[-101.83303144326791,33.586701394035607],[-101.83317073783249,33.586690993588327],[-101.83330921313355,33.586674680494035],[-101.83344650804831,33.586652499649816],[-101.83358226414899,33.586624507176843],[-101.83371612749937,33.586590776406936],[-101.83384774955312,33.586551395637791],[-101.83397678535715,33.586506468133017],[-101.83410289894158,33.586456109877176],[-101.83422576152299,33.586400453317644],[-101.83434471373796,33.586339815742079],[-101.83440126717667,33.586335592834622],[-101.83451885934231,33.586321739481669],[-101.83459074432798,33.586321499263079],[-101.83471186956763,33.586321085428573],[-101.83473790454119,33.586324719389602],[-101.83487683528807,33.586338080331451],[-101.83501640294051,33.586345514384362],[-101.83514299802192,33.58634704325182],[-101.83515065705805,33.586347049986919],[-101.83515956565071,33.586347002092921],[-101.83524803353653,33.586346702755144],[-101.83527112742584,33.586346538867751],[-101.8354108783346,33.586342075742088],[-101.83555017289919,33.58633167525155],[-101.83568864820022,33.58631536208933],[-101.835825943115,33.586293181152733],[-101.83596169921569,33.586265188563125],[-101.83609556256606,33.586231457652751],[-101.83622718461982,33.586192076719612],[-101.83635622042385,33.586147149027788],[-101.83648233400827,33.58609679056223],[-101.83660519658969,33.586041133770856],[-101.83672448746951,33.585980323074537],[-101.83683989583071,33.585914517860516],[-101.83695111983928,33.585843888740804],[-101.83705787023777,33.585768621294228],[-101.83715986765007,33.585688910828047],[-101.83725684617487,33.585604965371388],[-101.83733323441504,33.58553169805969],[-101.83736741082004,33.585518051122655],[-101.83749027340146,33.585462393957975],[-101.83760956428129,33.585401582853812],[-101.83772497264248,33.585335777198353],[-101.83783619665107,33.585265147604915],[-101.83794294704953,33.585189879653534],[-101.83804494446184,33.585110168652655],[-101.83814192298665,33.585026222632941],[-101.83823363019738,33.584938261598836],[-101.83831982624385,33.584846513786999],[-101.83840028564889,33.584751219408396],[-101.83847480000338,33.584652626158103],[-101.83854317437293,33.584550992208953],[-101.83860522999275,33.584446581721565],[-101.83866080516613,33.584339668586217],[-101.83870975526426,33.584230529687844],[-101.8387519518281,33.584119451641293],[-101.83878728526318,33.584006723307802],[-101.83881566304302,33.583892638788519],[-101.83883701150573,33.583777495928082],[-101.83885127495581,33.583661594817613],[-101.83885841566401,33.583545237794951],[-101.83885929691129,33.583480365436934],[-101.83885904807796,33.583408887170144],[-101.83885879744801,33.583337407347429],[-101.83885854681803,33.583265964135684],[-101.83885829708639,33.583194509639199],[-101.83885804645642,33.583123066309156],[-101.83885779762309,33.583051610945965],[-101.83885754699313,33.582980144298027],[-101.83885729726147,33.582908688068095],[-101.8388570466315,33.582837221301794],[-101.83885699542755,33.582822595812637],[-101.83888270251605,33.582719245927493],[-101.83890405097875,33.582604101501332],[-101.83891831442882,33.582488198814829],[-101.83892545513703,33.582371840209966],[-101.83892634806243,33.582314768824233],[-101.83892636872368,33.58228162010564],[-101.83892641543608,33.582208787774512],[-101.83892642621585,33.582191725452454],[-101.83892535303083,33.582113377002514],[-101.83892026890986,33.58203518631862],[-101.83891118719538,33.581957358599929],[-101.83891995312874,33.581854544836318],[-101.83892266856301,33.581751393791762],[-101.83892264790175,33.581739454818219],[-101.8389225086629,33.581663785650633],[-101.83892178641742,33.581437829981802],[-101.83892172533197,33.581421844436264],[-101.83892116478322,33.581275154466056],[-101.83893542739845,33.581188764138439],[-101.83894548588916,33.581101784039191],[-101.83895131661035,33.581014418636492],[-101.83895290585549,33.580926873304236],[-101.83894913742286,33.579867557049873],[-101.83903399857282,33.57984617225101],[-101.83916562062655,33.579806788403722],[-101.83929465643061,33.579761857387332],[-101.83942077001502,33.579711495195333],[-101.83954363259642,33.579655834285454],[-101.83966292347627,33.579595019089254],[-101.83977833183745,33.57952920900577],[-101.83988955584604,33.579458574659661],[-101.8399963062445,33.579383301643453],[-101.84009830365682,33.579303585278893],[-101.84019528218161,33.579219633610478],[-101.84028698939235,33.579131666657467],[-101.84037318543882,33.579039912672052],[-101.84045364484386,33.578944611881163],[-101.84052815919837,33.578846011996639],[-101.8405965335679,33.578744371208657],[-101.84065858918774,33.578639953695571],[-101.84071416436109,33.578533033366263],[-101.84076311445924,33.578423887124131],[-101.84080531102308,33.578312801603346],[-101.84084064445817,33.578200065684612],[-101.84084235395213,33.578193192241201],[-101.84084883619522,33.578187580625141],[-101.84094054340596,33.578099612620271],[-101.84102673945242,33.578007857537592],[-101.84110719885746,33.577912555607107],[-101.84118171321197,33.577813954543529],[-101.8412500875815,33.577712312540136],[-101.84131214320132,33.577607893778492],[-101.8413677183747,33.57750097217059],[-101.84141666847285,33.577391824623312],[-101.84145886503669,33.577280737774203],[-101.84149419847175,33.577168000507385],[-101.84152257625159,33.577053906947356],[-101.84154392471432,33.57693875496232],[-101.84155818816438,33.576822844667177],[-101.84156532887258,33.576706478423759],[-101.84156622179798,33.576649475889113],[-101.84156629905307,33.576532607964232],[-101.84156689104287,33.575629415067731],[-101.84156730606452,33.575082358834841],[-101.84156721982625,33.574944949263994],[-101.84156738601459,33.574810628304306],[-101.84156750279557,33.5746728133918],[-101.84156767078053,33.574535593274469],[-101.84156758184731,33.574397739752015],[-101.84156774893397,33.574263822103333],[-101.84156685780519,33.574203190220281],[-101.84156391133106,33.574155167433396],[-101.84156988243275,33.574057853903781],[-101.84157077445984,33.57400148056449],[-101.84157178416621,33.572984582878533],[-101.84157220457776,33.572561114289051],[-101.84164580804055,33.572531719114181],[-101.84176867062199,33.572476053574192],[-101.84188796150183,33.57241523331917],[-101.84200336986299,33.572349417761281],[-101.84211459387159,33.572278777539523],[-101.84222134427006,33.572203498261878],[-101.84232334168237,33.572123775266164],[-101.8424203202072,33.572039816614371],[-101.8425120274179,33.571951842344021],[-101.84259822346436,33.571860080726168],[-101.8426786828694,33.571764772007889],[-101.84275319722391,33.571666163921563],[-101.84282157159345,33.571564514678848],[-101.84288362721327,33.571460088480144],[-101.84293920238663,33.571353159256923],[-101.84298815248479,33.571244003935824],[-101.84303034904863,33.571132909174786],[-101.8430656824837,33.571020163878515],[-101.84309406026352,33.570906062192513],[-101.84311540872625,33.570790902006038],[-101.84312967217633,33.570674983455532],[-101.84313681288452,33.570558608924308],[-101.84313770580992,33.570501138271176],[-101.84313774803074,33.57039986339494],[-101.84313685510536,33.570340807348899],[-101.84312971439716,33.570224432367212],[-101.84311545094708,33.57010851305612],[-101.84309410248434,33.569993351805834],[-101.84306572470452,33.569879248762696],[-101.84303039126945,33.569766501829235],[-101.84298819470561,33.56965540516692],[-101.84293924460746,33.569546247699243],[-101.84288366943409,33.569439316105601],[-101.84282161381427,33.569334887336311],[-101.84275323944473,33.569233235348698],[-101.84267872509024,33.569134624370868],[-101.84259826568517,33.569039312643753],[-101.84251206963872,33.5689475479302],[-101.842420362428,33.568859570508771],[-101.84232338390318,33.568775608682493],[-101.84222138649088,33.568695882521318],[-101.8421146360924,33.568620600119459],[-101.84200341208383,33.568549956846631],[-101.84189054236164,33.568485509592584],[-101.84173045988307,33.568398921664759],[-101.8416459041603,33.568353192796714],[-101.84160783535519,33.568332796908365],[-101.84158281907116,33.568319064916658],[-101.84150809271425,33.568278644375489],[-101.84143418202761,33.568238665431188],[-101.84136059563281,33.568198863114809],[-101.84124003543347,33.56813735421845],[-101.84111717285207,33.568081685845087],[-101.84099105926764,33.568031316838173],[-101.8408620234636,33.567986379692137],[-101.84073040140986,33.567946990433562],[-101.84059637546441,33.567913215686907],[-101.84052790317851,33.567897544253881],[-101.84046606944254,33.567880144521226],[-101.84044938772774,33.567875500051017],[-101.84036873608321,33.56785442964712],[-101.84023050692053,33.567820260402172],[-101.8401772952147,33.567807592703183],[-101.84015244871225,33.567802008106625],[-101.84007048373077,33.567783928711961],[-101.84001224595092,33.567771650978905],[-101.83992982642191,33.567755074577008],[-101.83987715460354,33.567744938314519],[-101.83987159493024,33.567743921843856],[-101.83978973864492,33.567729025832087],[-101.83973158530669,33.567718992111779],[-101.8396493607121,33.567705578886034],[-101.8396332503258,33.567703141002077],[-101.83966664250156,33.567679591503662],[-101.83976863991384,33.567599864330418],[-101.83986561843867,33.567515901279151],[-101.83995732564938,33.567427922398927],[-101.84004352169585,33.56733615597274],[-101.84012398110089,33.567240842260333],[-101.8401984954554,33.567142229006876],[-101.84026686982493,33.567040574437769],[-101.84032892544477,33.566936142767162],[-101.84038450061813,33.566829207940913],[-101.84043345071628,33.56672004690018],[-101.84047564728013,33.566608946317807],[-101.84051098071518,33.566496195113793],[-101.84053935849501,33.566382087448979],[-101.84056070695773,33.566266921228262],[-101.84057497040781,33.566150996603781],[-101.84058211111601,33.566034615974758],[-101.84058300404141,33.565977152040979],[-101.84058335168942,33.565153445724278],[-101.84058336696079,33.565092040949544],[-101.84058345769063,33.564756278054759],[-101.84058416466475,33.563531562505545],[-101.84058327173935,33.563472197104836],[-101.84057613103117,33.563355812865382],[-101.84056186758109,33.563239884332781],[-101.84054051911836,33.563124713921276],[-101.84051214133854,33.563010601801238],[-101.84047680790347,33.562897845898725],[-101.84043461133963,33.562786740398657],[-101.84038566124147,33.56267757424753],[-101.84033008606811,33.562570634147505],[-101.84026803044829,33.562466197070968],[-101.84019965607874,33.56236453699703],[-101.84012514172424,33.562265918174802],[-101.84010378158342,33.562240613333046],[-101.84010291470918,33.561960965331771],[-101.84010203076693,33.561908591863819],[-101.84009489005874,33.561792205517101],[-101.84008062660865,33.561676274885507],[-101.84005927814593,33.561561102388801],[-101.8400309003661,33.561446988202604],[-101.83999556693102,33.561334230258559],[-101.83995337036717,33.561223122746831],[-101.83990442026905,33.561113954619181],[-101.83984884509567,33.561007012582955],[-101.83978678947585,33.560902573615515],[-101.8397184151063,33.56080091170098],[-101.83964390075181,33.5607022910932],[-101.83956344134675,33.560606970058352],[-101.83947724530032,33.560515196383484],[-101.83938553808957,33.560427210370598],[-101.83928855956476,33.560343240345041],[-101.83918656215246,33.560263506398208],[-101.83907981175399,33.560188216644704],[-101.8389685877454,33.560117566473252],[-101.8388531793842,33.560051741541194],[-101.83873388850438,33.559990912534268],[-101.83861102592296,33.559935238909013],[-101.83848491233854,33.559884865150224],[-101.83835587653449,33.559839923764748],[-101.83822425448076,33.559800530790149],[-101.83809039113038,33.559766789537335],[-101.8379546350297,33.559738788344767],[-101.83781734011492,33.559716600578376],[-101.8376788648139,33.559700282385847],[-101.83753957024929,33.559689878684942],[-101.83739981934055,33.559685414180898],[-101.83734622764733,33.559685280934488],[-101.83716063481133,33.55968633268305],[-101.83697533123282,33.559686086401669],[-101.83695234514134,33.559686135807659],[-101.83676414629268,33.559687201779148],[-101.83609421868638,33.559687382934413],[-101.83604496405937,33.559687395660191],[-101.83594093735283,33.559689070223499],[-101.83580136970039,33.55969650657169],[-101.83566243895352,33.55970987163554],[-101.83552450892982,33.559729130977921],[-101.83538793895549,33.559754233691727],[-101.83525308476338,33.559785115394469],[-101.83512029849302,33.559821693736765],[-101.83498992779246,33.55986387513969],[-101.83486231132657,33.559911548057514],[-101.8347377823703,33.559964588966572],[-101.8346166661138,33.560022859371109],[-101.83449927786576,33.560086207300444],[-101.83438592484994,33.560154466560441],[-101.8342769026121,33.560227460476888],[-101.83417249501989,33.560304998152276],[-101.83407297426284,33.560386876712151],[-101.83397860085235,33.560472882802053],[-101.83388962002851,33.560562791839281],[-101.83380626445498,33.560656369510191],[-101.83372875242236,33.560753371770303],[-101.83365728425501,33.56085354634147],[-101.83359204859907,33.56095662971795],[-101.83353321433785,33.561062354652222],[-101.83348093418495,33.561170444914943],[-101.83344666166022,33.561253271830822],[-101.83139529403024,33.561250306777133],[-101.8313843489568,33.56125028432028],[-101.83136780019264,33.561250274588971],[-101.83108717727768,33.561248807407594],[-101.83108129151593,33.561248781956493],[-101.83106560064287,33.561248734048498],[-101.83009156456681,33.56124853642816],[-101.8293565073058,33.56124883435583],[-101.8283627972267,33.561247775889242],[-101.82833611995773,33.561248187598302],[-101.82833494406302,33.561248150170186],[-101.82830073981026,33.561247964526856],[-101.82722177332249,33.561247714507182],[-101.82711613593666,33.561249389040178],[-101.82697656828424,33.561256825254013],[-101.82683763753734,33.56127019007647],[-101.82669970751367,33.561289449070912],[-101.82656313753934,33.561314551331208],[-101.8264282833472,33.561345432476031],[-101.82629549707686,33.561382010157502],[-101.82616512637628,33.561424190798313],[-101.82603750991039,33.561471862854866],[-101.82591298095414,33.561524902805729],[-101.82579186469765,33.561583172157533],[-101.82567447644958,33.561646518942354],[-101.82556112343377,33.561714776969232],[-101.82545210119595,33.561787769566877],[-101.82534769360372,33.561865305841494],[-101.82524817284666,33.561947182922054],[-101.82515379943617,33.562033187458184],[-101.82506481861232,33.562123094871069],[-101.8249814630388,33.562216670851363],[-101.82490395100621,33.56231367135895],[-101.82483248283881,33.562413844120265],[-101.82476724718289,33.562516925634405],[-101.82470841292167,33.562622648658575],[-101.82465718918755,33.562731260952809],[-101.82461114603765,33.562797802449118],[-101.82454591038172,33.562900883504973],[-101.8244870761205,33.563006606059076],[-101.82443479596759,33.563114693888394],[-101.82438920826357,33.563224865531147],[-101.82435043068769,33.563336832041514],[-101.8243185647496,33.563450302977834],[-101.82429369309435,33.563564981163047],[-101.82427588129889,33.563680567924607],[-101.82426517607566,33.563796761597295],[-101.82426160437407,33.56391325902036],[-101.82426279194689,33.563980460565155],[-101.82426813512619,33.564131565604363],[-101.82426547790959,33.564171068135401],[-101.82426475746074,33.564182275973181],[-101.82426118665747,33.564297272811068],[-101.8242598194216,33.566029814215938],[-101.8242633911232,33.566147058642969],[-101.82427409634643,33.566263248996762],[-101.82429190814187,33.566378832146604],[-101.82431677979714,33.566493506442676],[-101.82434864573523,33.566606973231018],[-101.82438742331108,33.566718935356121],[-101.82443301101512,33.56682910240049],[-101.82448529116803,33.566937185445219],[-101.82454412542924,33.567042903057704],[-101.82460936108518,33.567145979046138],[-101.82468082925257,33.567246146201946],[-101.82475834128518,33.567343141059993],[-101.82484169685868,33.567436711383721],[-101.82493067768253,33.567526613170848],[-101.82502505109301,33.567612612150143],[-101.82512457185008,33.567694483781473],[-101.82522897944231,33.567772014752542],[-101.82533800168012,33.567845002230257],[-101.82545135469593,33.567913255357638],[-101.825568742944,33.567976597498983],[-101.82568985920049,33.568034862497477],[-101.82581438815676,33.568087898417261],[-101.82594200462265,33.568135566795156],[-101.82607237532321,33.568177744137166],[-101.82612234411089,33.568192244862665],[-101.8262653082934,33.568232446881858],[-101.82634812577608,33.568254520933642],[-101.82648297996822,33.568285399596711],[-101.82661954994255,33.56831049982339],[-101.8267574799662,33.568329757247653],[-101.82689641071312,33.568343120975456],[-101.82703597836554,33.568350556578451],[-101.8271549934626,33.568351823789541],[-101.82715951827667,33.568354852970465],[-101.82727287129249,33.568423105694755],[-101.82739025954056,33.568486447462057],[-101.82751137579706,33.568544712116505],[-101.82763590475332,33.568597747723096],[-101.82776352121921,33.568645415819503],[-101.82789389191976,33.568687592912518],[-101.82796372245838,33.568707608480416],[-101.82813758689004,33.5687552690312],[-101.82816131498996,33.568761772720187],[-101.82919213716838,33.569050378384226],[-101.82952947162555,33.569144827086149],[-101.8295573158061,33.569152530580702],[-101.8296411106558,33.569176081174398],[-101.83000290533985,33.569277369461986],[-101.83003594357936,33.569323673430887],[-101.83011345561196,33.569420665955114],[-101.83019681118552,33.569514234027338],[-101.83028579200933,33.569604133651247],[-101.83038016541983,33.569690130561241],[-101.8304796861769,33.569772000222592],[-101.8305840937691,33.56984952932811],[-101.83069311600693,33.569922515049662],[-101.83080646902275,33.56999076653468],[-101.83092385727082,33.570054107151925],[-101.83104497352731,33.57011237074839],[-101.83116950248358,33.570165405392004],[-101.83129711894946,33.570213072622892],[-101.83142748965001,33.570255248950083],[-101.83148152061942,33.57027088851882],[-101.83262893603687,33.570591871423673],[-101.83319998428321,33.570751352355401],[-101.83319781125851,33.573871278367825],[-101.83319757320498,33.574213006885053],[-101.83320114490655,33.574330153379584],[-101.8332118501298,33.574446332720932],[-101.83322966192524,33.574561904915818],[-101.83325453358052,33.574676568343072],[-101.83328639951858,33.574790024377002],[-101.83332517709447,33.574901975890263],[-101.83337076479849,33.575012132492915],[-101.8334230449514,33.575120205293409],[-101.83348187921263,33.575225912885827],[-101.83354711486855,33.575328979104555],[-101.83361858303591,33.575429136766324],[-101.83369609506853,33.575526122430986],[-101.83377945064206,33.575619683885897],[-101.83380779608254,33.575648320590894],[-101.83381200468963,33.575751633289201],[-101.83353871382401,33.575767180553015],[-101.83349307761095,33.575748955384434],[-101.8333640418069,33.575704022255515],[-101.83323241975316,33.575664636518084],[-101.83309855640279,33.57563090146413],[-101.8329628003021,33.57560290541582],[-101.83282550538735,33.575580721725771],[-101.83273659822534,33.575570246591312],[-101.83266786629045,33.575468793280059],[-101.83259379037189,33.575371173550877],[-101.83251458383776,33.575277668587432],[-101.83243047483441,33.575188547721233],[-101.83104168838831,33.573789095249708],[-101.83095218384666,33.57370334492191],[-101.83085520532185,33.573619387806353],[-101.83075320790955,33.573539666118229],[-101.83064645751107,33.573464387940056],[-101.83053523350247,33.573393748630664],[-101.83041982514131,33.573327933818867],[-101.83030053426147,33.573267114163983],[-101.83017767168006,33.573211449098245],[-101.83005155809563,33.573161083084088],[-101.8299225222916,33.573116148608051],[-101.82979090023784,33.573076761689833],[-101.82965703688747,33.5730430256245],[-101.82952128078679,33.573015028736869],[-101.82938398587203,33.572992844381737],[-101.82924551057097,33.57297652869795],[-101.82910621600639,33.572966126596597],[-101.82896646509765,33.572961662778944],[-101.82882662345907,33.572963151466638],[-101.82868705580661,33.572970586671715],[-101.82854812505971,33.572983949681188],[-101.82841019503604,33.573003206063014],[-101.82827362506171,33.57302830491809],[-101.82813877086957,33.573059181873759],[-101.82800598459923,33.573095754593375],[-101.82787561389867,33.573137929512193],[-101.82774799743278,33.573185595101826],[-101.82762346847652,33.573238627857521],[-101.82750235222002,33.573296889304856],[-101.82738496397195,33.573360227496366],[-101.82727161095615,33.573428476263615],[-101.82718448874662,33.573486178486263],[-101.82708968594144,33.573552853152584],[-101.82706667200216,33.573568522810604],[-101.82695227604231,33.57357461673206],[-101.82681334529542,33.573587979648011],[-101.82667541527177,33.573607235895103],[-101.82653884529743,33.573632334574619],[-101.82640399110529,33.573663211314233],[-101.82627120483494,33.57369978377789],[-101.82614083413438,33.573741958401598],[-101.82601321766849,33.57378962365771],[-101.82588868871224,33.573842656042309],[-101.82576757245573,33.573900917081978],[-101.82565018420766,33.573964254830301],[-101.82553683119185,33.574032503120051],[-101.825461156214,33.574082345458692],[-101.82501284658157,33.574388456003241],[-101.8249794993216,33.57441159576765],[-101.82487509172938,33.574489120706588],[-101.82477557097231,33.574570985816926],[-101.82468119756183,33.574656977779263],[-101.82459221673798,33.574746872047854],[-101.82450886116447,33.574840434347422],[-101.82443134913184,33.574937420673521],[-101.82435988096448,33.575037578789633],[-101.82429464530856,33.575140645233176],[-101.82423581104733,33.575246352800569],[-101.82418353089442,33.575354425307808],[-101.82413794319038,33.575464581333122],[-101.82409916561451,33.575576531971507],[-101.82406729967644,33.575689986822546],[-101.82404242802116,33.57580464875128],[-101.82402461622573,33.575920219127532],[-101.82401391100248,33.576036396328746],[-101.82401105256325,33.57612962193263],[-101.82368609060248,33.576140465228143],[-101.82355122383392,33.576147746730861],[-101.82348606722974,33.576153267170767],[-101.82245998546107,33.576250554388309],[-101.82238621131836,33.576258396457128],[-101.82224828129469,33.576277652108558],[-101.82211171132036,33.57630275001155],[-101.82197685712822,33.576333625795975],[-101.82184407085786,33.576370197128213],[-101.82171370015733,33.576412370447187],[-101.82158608369144,33.57646003422871],[-101.82146155473517,33.576513064972744],[-101.82134043847867,33.576571324209979],[-101.8212230502306,33.576634659998859],[-101.82110969721478,33.576702906177253],[-101.82100067497697,33.576775886104549],[-101.82089626738475,33.576853408920087],[-101.82079674662768,33.576935271788095],[-101.82070237321719,33.577021261395068],[-101.82061339239335,33.577111153201322],[-101.82053003681983,33.577204712938155],[-101.82045252478723,33.577301696607783],[-101.82038105661985,33.577401851980419],[-101.82031582096391,33.57750491560094],[-101.8202569867027,33.577610620272885],[-101.82020470654979,33.577718689819903],[-101.82015911884575,33.577828842827856],[-101.82012034126988,33.577940790399779],[-101.8200884753318,33.578054242143118],[-101.82006360367654,33.578168900931161],[-101.82004579188109,33.578284468141703],[-101.82003508665785,33.578400642160709],[-101.82003151495627,33.578517119878654],[-101.82003173145024,33.578545799030252],[-101.82004435188169,33.579382054801229],[-101.82004491961693,33.579430998210945],[-101.82004741423849,33.579719744828665],[-101.82004262801466,33.581539589584573],[-101.82004463443965,33.581635388924425],[-101.8200526271621,33.581730875340455],[-101.81993782785867,33.581746900493116],[-101.81980125788434,33.581771996805692],[-101.8196664036922,33.581802870633538],[-101.81953361742184,33.581839439648292],[-101.81940324672129,33.581881610294815],[-101.81927563025539,33.58192927105592],[-101.81915110129914,33.581982298439449],[-101.81902998504265,33.582040553984854],[-101.81891259679458,33.582103885760191],[-101.81879924377877,33.582172127613859],[-101.81869022154093,33.582245102916467],[-101.81858581394873,33.582322620819411],[-101.81848629319165,33.582404478499747],[-101.81839191978116,33.58249046265756],[-101.81830293895734,33.582580348767443],[-101.81821958338379,33.582673902575372],[-101.8181420713512,33.582770880099062],[-101.81807060318383,33.58287102912486],[-101.81800536752789,33.582974086214172],[-101.81794653326666,33.583079784187525],[-101.81789425311376,33.583187846886084],[-101.81784866540973,33.583297992913501],[-101.81780988783385,33.583409933391152],[-101.81777802189579,33.583523377944886],[-101.81776264633137,33.583594256673919],[-101.81773615591196,33.583618391544725],[-101.81764717508813,33.583708276479697],[-101.8175638195146,33.58380182906479],[-101.81748630748199,33.583898805320885],[-101.81741483931464,33.583998953037643],[-101.8173496036587,33.584102008779894],[-101.81729076939747,33.584207705371647],[-101.81723848924457,33.584315766657696],[-101.81719290154054,33.584425911245383],[-101.81715412396466,33.584537850259835],[-101.81712225802659,33.584651293330708],[-101.81709738637132,33.584765943353922],[-101.81707957457586,33.58488150173028],[-101.81706886935262,33.584997666868574],[-101.81706529765106,33.585113111184661],[-101.81706553839953,33.585139541583175],[-101.81706449276055,33.585837227688913]]],[[[-101.78881992770197,33.594758069011156],[-101.78895949535439,33.594765502338511],[-101.78908722141475,33.59476709690464],[-101.79032267352669,33.594758508246464],[-101.79044484725443,33.594755492974038],[-101.79056676645064,33.594747053707799],[-101.79068751978775,33.594753485100703],[-101.79081529076389,33.594755079667046],[-101.79137347603366,33.594751191648811],[-101.79186278028406,33.594747780279356],[-101.79247357628677,33.594743520369924],[-101.79248561730486,33.59474341486365],[-101.79262536821361,33.594738952172392],[-101.7927646627782,33.594728552694072],[-101.79290313807923,33.594712241119609],[-101.793040432994,33.59469006234189],[-101.79317618909468,33.594662072476851],[-101.79331005244505,33.594628344849504],[-101.79344167449881,33.594588967749296],[-101.79357071030284,33.594544044430215],[-101.79369682388727,33.594493690866017],[-101.79381968646867,33.594438039491749],[-101.79393897734852,33.594377234714067],[-101.79405438570971,33.594311435904757],[-101.79416560971828,33.594240813659361],[-101.79427236011676,33.594165553538453],[-101.79437435752907,33.594085850830332],[-101.79447133605387,33.594001913543941],[-101.79456304326459,33.593913961660832],[-101.79464923931106,33.593822223393936],[-101.79472969871613,33.593726938929251],[-101.79480421307062,33.593628355935955],[-101.79487258744015,33.593526732560157],[-101.79493464305997,33.593422332934949],[-101.79499021823334,33.593315430922111],[-101.7950391683315,33.593206303377769],[-101.79508136489534,33.593095236886946],[-101.7951166983304,33.592982520280813],[-101.79514507611023,33.592868447630018],[-101.79516642457297,33.592753316748038],[-101.79518068802305,33.592637427694896],[-101.79518782873123,33.592521082777033],[-101.79518872165661,33.592461958058543],[-101.79518848719633,33.59195352855518],[-101.79518831651643,33.5915825100342],[-101.79518669595566,33.588061243585358],[-101.79518543382268,33.585317653581384],[-101.79518542573786,33.585312826702783],[-101.79518514187022,33.585218225066733],[-101.79518503047912,33.585180991448382],[-101.79518489573184,33.585135802802547],[-101.79518472325529,33.585078162249772],[-101.79518468911931,33.585067013251447],[-101.79518201752965,33.584171301252027],[-101.79517931090571,33.58326436711188],[-101.79517662853627,33.582365676561984],[-101.79517392909884,33.581460445482435],[-101.79517375392737,33.578128023977804],[-101.79517286100196,33.578069866079055],[-101.79516572029378,33.577953501516895],[-101.7951514568437,33.577837592584494],[-101.79513010838097,33.577722441644994],[-101.79510173060115,33.577608348817883],[-101.79506639716607,33.577495611978975],[-101.79502420060223,33.577384525263447],[-101.79497525050408,33.577275377568903],[-101.79491967533072,33.577168455549128],[-101.7948576197109,33.577064036129485],[-101.79478924534135,33.576962393242972],[-101.79471473098685,33.57686379109392],[-101.79463427158181,33.576768487900168],[-101.79454807553535,33.576676731402465],[-101.7944563683246,33.576588761857721],[-101.79435938979981,33.576504807548538],[-101.79425739238751,33.576425088525333],[-101.79415064198902,33.576349812863477],[-101.79403941798044,33.576279175915339],[-101.79392400961926,33.576213363303509],[-101.79380471873942,33.576152545681623],[-101.793681856158,33.576096882476591],[-101.79355574257359,33.576046518146001],[-101.79342670676955,33.576001585171973],[-101.79329508471579,33.575962199570327],[-101.79316122136542,33.575928464632661],[-101.79302546526473,33.575900468680871],[-101.79288817034997,33.57587828506729],[-101.79274969504893,33.575861969928873],[-101.79261040048434,33.575851568175231],[-101.79247064957558,33.575847104506771],[-101.79243560539805,33.575846918894776],[-101.79241992620307,33.575846955568117],[-101.78873414937212,33.575864452488574],[-101.78864487479919,33.575866090064842],[-101.78850530714674,33.575873525019894],[-101.78836637639985,33.575886887579919],[-101.78822844637618,33.575906143314221],[-101.78809187640185,33.575931241325243],[-101.78795702220971,33.575962117242554],[-101.78782423593935,33.575998688732184],[-101.78772025774187,33.576032324849145],[-101.78769363796503,33.576040290429376],[-101.78766295420988,33.576048255260432],[-101.78756305747092,33.576020878065123],[-101.78746227327568,33.575996973771261],[-101.78736072232074,33.575976571006017],[-101.78731926147711,33.575968920510782],[-101.7872111438428,33.575950907191711],[-101.78718090655033,33.575946021411326],[-101.7870739648107,33.575928224385137],[-101.78693548950963,33.575911909256163],[-101.78679619494507,33.575901507508554],[-101.78665644403632,33.575897043842666],[-101.78660090120231,33.575896922596208],[-101.78659682824079,33.575896948042995],[-101.78576208133944,33.575902300849528],[-101.78565110257092,33.575869092038374],[-101.78551723922055,33.575835357064335],[-101.78538148311986,33.57580736108239],[-101.78524418820511,33.575785177444814],[-101.78510571290406,33.575768862288861],[-101.78496641833947,33.575758460523943],[-101.78482666743071,33.575753996850672],[-101.78477863361417,33.575753837433801],[-101.78454357953859,33.575754772230567],[-101.78430852007314,33.575755702536696],[-101.78396885179286,33.575757049721844],[-101.78375404035393,33.575757901442152],[-101.78374509313369,33.575757949342041],[-101.78328622111015,33.575761017930219],[-101.78329323605421,33.578044527699838],[-101.78328093272806,33.579101528306666],[-101.78139550549062,33.580656006110011],[-101.78020896215433,33.581634224440691],[-101.78334700022397,33.581591461700278],[-101.78337884550078,33.5947194477246],[-101.78340002597855,33.594722404145998],[-101.78353895672545,33.594735763787355],[-101.78367852437788,33.594743197116642],[-101.78380464874208,33.594744802158935],[-101.78632914915076,33.594728482356579],[-101.78634286642513,33.594728365626182],[-101.78645969861603,33.594725043300151],[-101.78652850597355,33.594721860900776],[-101.78666184987145,33.594712968013269],[-101.78679471901306,33.594698633796675],[-101.78686282658295,33.594689870036035],[-101.7869944250193,33.594670185283668],[-101.78712509961161,33.594645089689486],[-101.78719185252206,33.594630827617564],[-101.78732041609032,33.594600556593399],[-101.7874476001885,33.594564931726218],[-101.78751236333059,33.594545307515418],[-101.78760926601748,33.594514666524326],[-101.78770477527793,33.594479924874548],[-101.78773619026173,33.59449153059996],[-101.78783404913553,33.594523180325623],[-101.78788086932813,33.594543114326576],[-101.78800848579402,33.594590768093674],[-101.78813885649458,33.594632932507977],[-101.78827164276494,33.594669496084954],[-101.78840649695708,33.594700365297754],[-101.7885430669314,33.594725457842642],[-101.78868099695507,33.594744709373302],[-101.78881992770197,33.594758069011156]]],[[[-101.83384568342795,33.616055464140551],[-101.83386349522341,33.616170980595591],[-101.83388836687868,33.616285588721105],[-101.83392023281677,33.616398990035478],[-101.83395901039263,33.616510887554625],[-101.83400459809666,33.616620991028725],[-101.83405687824957,33.616729011705509],[-101.83411571251079,33.616834668314823],[-101.83418094816672,33.616937684824258],[-101.8342524163341,33.617037794179424],[-101.8343299283667,33.617134733067211],[-101.83441328394022,33.617228249396675],[-101.83450226476407,33.61731809930631],[-101.83459663817456,33.617404048660099],[-101.83469615893162,33.617485873047514],[-101.83480056652382,33.617563359279323],[-101.83490958876166,33.617636304639582],[-101.83502294177748,33.617704518381288],[-101.83514033002552,33.617767823970837],[-101.83526144628202,33.61782605534728],[-101.8353859752383,33.61787906066241],[-101.83551359170418,33.617926701532994],[-101.83564396240475,33.617968854536301],[-101.83572693260101,33.617992427713048],[-101.83695967180078,33.618324423414194],[-101.83707531144972,33.618353238469894],[-101.8371919491838,33.618377702215113],[-101.8378266358815,33.618498541782856],[-101.83975372428687,33.618874351785529],[-101.83985674038871,33.618892707730865],[-101.83999467041237,33.618911953865769],[-101.84013360115927,33.618925309759284],[-101.84027316881171,33.618932741003263],[-101.84041301045031,33.618934228897714],[-101.84055276135905,33.618929767458468],[-101.84069205592363,33.618919370897757],[-101.84083053122468,33.618903063899431],[-101.84096782613945,33.618880891343977],[-101.84110358224014,33.618852909331387],[-101.84123744559049,33.618819191166253],[-101.84136906764427,33.618779825113187],[-101.8414981034483,33.618734914397216],[-101.8416242170327,33.618684574959566],[-101.84174707961412,33.618628939198082],[-101.84186637049397,33.618568151478961],[-101.84198177885514,33.61850237112926],[-101.84209300286372,33.618431768696524],[-101.84219975326221,33.618356529689436],[-101.84230175067452,33.618276849341484],[-101.84239872919933,33.618192935603084],[-101.84249043641005,33.618105008394238],[-101.84257663245651,33.618013295863847],[-101.84265709186155,33.617918038130341],[-101.84267345018289,33.617897337524276],[-101.84267951291274,33.617889574047666],[-101.8430526515222,33.617411783005544],[-101.84324586836001,33.617164372628061],[-101.84391522104453,33.616307267460584],[-101.84397342199347,33.616229354439007],[-101.84401522419691,33.616168701926988],[-101.84403922538465,33.61613260529473],[-101.84419281304373,33.615901616264146],[-101.84422674061538,33.615850590670689],[-101.84425330290001,33.615809662000515],[-101.84431535851985,33.615705289352533],[-101.8443709336932,33.615598414963458],[-101.84441988379136,33.615489315617893],[-101.8444620803552,33.615378277826792],[-101.84449741379028,33.615265590346688],[-101.84452579157009,33.615151547172246],[-101.84454714003282,33.615036446039937],[-101.84456140348291,33.614920586932328],[-101.84456854419109,33.614804272077684],[-101.84456942543839,33.614739349167714],[-101.84456699549554,33.614049538733077],[-101.84456611424827,33.613997994354854],[-101.84455897354006,33.613881678255098],[-101.84454471008998,33.613765817595201],[-101.84452336162724,33.61365071461239],[-101.84449498384743,33.613536669301126],[-101.84445965041235,33.613423979413227],[-101.84441745384851,33.613312938961336],[-101.84436850375037,33.613203836722775],[-101.84431292857701,33.613096959231946],[-101.84425087295718,33.612992583298933],[-101.84418249858764,33.612890982742506],[-101.84410798423313,33.612792421657161],[-101.84402752482808,33.612697158153146],[-101.84394132878163,33.61260543986802],[-101.84384962157091,33.61251750695866],[-101.84375264304609,33.612433587612635],[-101.84365064563377,33.612353901788694],[-101.84361584669631,33.612329373218152],[-101.84359579719748,33.612292389952941],[-101.84353374157766,33.612188013045603],[-101.84346536720811,33.612086411540872],[-101.8433908528536,33.611987849535531],[-101.84338348127839,33.611978677561098],[-101.84315536848504,33.611696348599295],[-101.84308228065521,33.611610255898469],[-101.84299608460874,33.611518536456813],[-101.84290437739803,33.611430602438688],[-101.84280739887322,33.611346682034522],[-101.8427054014609,33.611266995205739],[-101.84259865106242,33.611191749943856],[-101.84248742705384,33.61112114152229],[-101.84237201869267,33.611055355488695],[-101.84225272781282,33.610994562427784],[-101.84221633975561,33.610977373380294],[-101.84200587885759,33.610879718338452],[-101.84044703863326,33.609892128266736],[-101.84039302203691,33.609858770192069],[-101.84027761367574,33.609792983195078],[-101.8401583227959,33.6097321892439],[-101.84003546021448,33.609676547703337],[-101.83990934663007,33.609626202974887],[-101.83978031082603,33.609581287489121],[-101.83964868877227,33.609541917216596],[-101.8395148254219,33.609508195408758],[-101.83937906932121,33.609480210353148],[-101.83924177440646,33.609458035373471],[-101.83910329910539,33.609441726585047],[-101.83908589694173,33.609440100868241],[-101.83782682093445,33.609325836016573],[-101.83769811873394,33.609316652513542],[-101.83756915160973,33.609312643272062],[-101.83744012750047,33.609313814756383],[-101.8373112544367,33.609320165077669],[-101.83731067053176,33.609157399244673],[-101.83765459413155,33.609020383600715],[-101.83771922522129,33.608993759267733],[-101.8378420878027,33.60893811725056],[-101.83796137868254,33.608877322696557],[-101.83807678704372,33.608811534950547],[-101.8381880110523,33.608740924579372],[-101.83829476145078,33.608665677112569],[-101.83839675886308,33.608585987805441],[-101.83849373738789,33.608502064632006],[-101.83858544459862,33.608414127536825],[-101.83867164064509,33.608322404694441],[-101.83875210005013,33.608227136250427],[-101.83882661440462,33.608128569832466],[-101.83889498877416,33.608026963543104],[-101.83895704439399,33.607922581471051],[-101.83901261956736,33.607815697432066],[-101.83906156966552,33.607706588235715],[-101.83910376622936,33.607595540418835],[-101.83913909966442,33.607482842764021],[-101.83916747744425,33.607368789292444],[-101.83918882590697,33.607253677767623],[-101.83920308935706,33.607137808199028],[-101.83921023006523,33.607021482842221],[-101.83921023006523,33.606905005450834],[-101.83920308935706,33.606788679779918],[-101.83918882590697,33.606672809586378],[-101.83916747744425,33.606557697132295],[-101.83913909966442,33.606443642436815],[-101.83910376622936,33.606330943276269],[-101.83906156966552,33.606219893687474],[-101.83901261956736,33.606110782471518],[-101.83895704439399,33.606003896186344],[-101.83892029431573,33.605940475715848],[-101.83885290090647,33.605828619091099],[-101.83885059582946,33.605824794418879],[-101.83880847562241,33.605754885635015],[-101.8387831772674,33.605713933466731],[-101.83871480289785,33.605612324331595],[-101.83864028854335,33.605513754924161],[-101.83855982913829,33.605418483376489],[-101.83853843036991,33.605395711801556],[-101.8385374422231,33.605038335101732],[-101.83853655648423,33.604985348076475],[-101.83852941577604,33.604869019815517],[-101.83851515232595,33.604753147042082],[-101.83849380386322,33.60463803202498],[-101.8384654260834,33.604523974790055],[-101.83843009264832,33.60441127312022],[-101.83838789608448,33.604300221058899],[-101.83833894598635,33.604191107413584],[-101.83828337081297,33.604084218748632],[-101.83822131519315,33.603979831903011],[-101.83815294082362,33.603878220724276],[-101.83807842646911,33.603779649334371],[-101.83799796706406,33.603684375870579],[-101.83791177101759,33.603592647996351],[-101.83782006380689,33.603504705893641],[-101.83772308528206,33.603420777773977],[-101.83762108786975,33.603341083618993],[-101.83751433747129,33.603265831439209],[-101.8374031134627,33.603195216526061],[-101.83728770510152,33.603129424444255],[-101.83716841422168,33.603068625794187],[-101.83704555164027,33.603012979952986],[-101.83691943805584,33.602962631333291],[-101.83679040225181,33.602917712375934],[-101.83665878019806,33.60287833906041],[-101.83652491684768,33.602844614646166],[-101.836389160747,33.602816627427536],[-101.83625186583224,33.602794450733938],[-101.8361133905312,33.60277814068499],[-101.83597409596661,33.602767742176091],[-101.83583434505785,33.602763279900053],[-101.83569450341926,33.602764768073612],[-101.83555493576684,33.602772200710881],[-101.83541600501994,33.602785559105307],[-101.83527807499627,33.602804808836758],[-101.83514150502192,33.602829899023696],[-101.8350066508298,33.602860765315711],[-101.83487386455944,33.602897325404498],[-101.83474349385888,33.602939485757808],[-101.83461587739299,33.602987134885595],[-101.83449134843673,33.603040149325807],[-101.83437023218022,33.603098390651795],[-101.83425284393218,33.60316170696872],[-101.83413949091636,33.603229932165341],[-101.83403046867852,33.603302889655616],[-101.83392606108632,33.603380388637291],[-101.83382654032926,33.603462226337108],[-101.83373216691876,33.603548189507094],[-101.83370616338624,33.603573495706023],[-101.83368276137477,33.603596611183598],[-101.83236258286018,33.604900479435194],[-101.83230657919042,33.604957641373133],[-101.83186925864887,33.605419050496089],[-101.83185004278661,33.605439324644436],[-101.83184319672584,33.605446548309295],[-101.8308668977936,33.60647660305851],[-101.83086434478155,33.606479297965627],[-101.83085743583869,33.606486618805441],[-101.83080354320985,33.606547088095482],[-101.82982980986606,33.606933330261427],[-101.82620195370968,33.608372266129159],[-101.82619574006286,33.608374738027393],[-101.82609637920592,33.60841703485881],[-101.82597829117024,33.608460973864084],[-101.82538975452195,33.608694391879219],[-101.82280092126422,33.609721098046471],[-101.82124425406457,33.610338420327636],[-101.82123790117888,33.610340947531604],[-101.82111337222261,33.610393957450093],[-101.82099225596612,33.610452193808598],[-101.82087486771805,33.610515504725058],[-101.82076151470224,33.610583724102618],[-101.82068173622018,33.610637107190499],[-101.82009754921448,33.610868598859689],[-101.81998475495078,33.610889319109106],[-101.81984990075864,33.610920182515848],[-101.81971711448828,33.610956739187124],[-101.81958674378775,33.610998895599373],[-101.81946694625809,33.611043431792766],[-101.81901686155464,33.611221669852291],[-101.81900137819241,33.611227751388682],[-101.81899354488314,33.611230834425982],[-101.81747608824732,33.611821963080459],[-101.81745278594886,33.611831153026486],[-101.81732825699261,33.611884162028637],[-101.81720714073609,33.611942397380311],[-101.81708975248803,33.612005707202286],[-101.81697639947222,33.612073925400516],[-101.8168673772344,33.612146875406872],[-101.81676296964218,33.61222436643876],[-101.81666344888511,33.612306195743727],[-101.81656907547462,33.612392150095644],[-101.81648009465077,33.612482005046907],[-101.81639673907726,33.612575526424799],[-101.81631922704464,33.612672470331624],[-101.81624775887728,33.612772584640958],[-101.81618252322136,33.612875606005687],[-101.81612368896013,33.612981267338903],[-101.81607140880723,33.613089292577484],[-101.81602582110318,33.613199400422701],[-101.81598704352731,33.613311302095859],[-101.81595517758925,33.613424707323659],[-101.81593030593397,33.613539319101122],[-101.81591249413853,33.613654838928475],[-101.81590178891528,33.613770965315354],[-101.8158982172137,33.613887395276514],[-101.81589829806207,33.61390493236074],[-101.81590049803623,33.614143143693944],[-101.8159039888894,33.61424203614029],[-101.81591469411265,33.614358161736028],[-101.81593250590809,33.614473680465935],[-101.81595737756338,33.614588290848538],[-101.81598924350143,33.614701694396167],[-101.81602802107732,33.614813594118928],[-101.81607360878134,33.614923699761398],[-101.81612588893425,33.615031722565526],[-101.81618472319548,33.615137381255614],[-101.8162499588514,33.615240399793834],[-101.81632142701879,33.615340511120465],[-101.81639893905138,33.615437451917416],[-101.81648229462493,33.615530970088592],[-101.81657127544875,33.615620821767664],[-101.81666564885924,33.615706772814143],[-101.8167651696163,33.615788598813019],[-101.81686957720852,33.615866086570904],[-101.81697859944636,33.615939033367702],[-101.81709195246216,33.616007248452888],[-101.81720934071024,33.616070555289177],[-101.81733045696673,33.616128787812379],[-101.81745498592299,33.616181794171482],[-101.81758260238888,33.616229435980259],[-101.81771297308943,33.616271589813799],[-101.81784575935978,33.616308144215466],[-101.81798061355192,33.616339005681908],[-101.81811718352624,33.616364091930031],[-101.81825511354992,33.616383338629703],[-101.81839404429682,33.616396694915061],[-101.81853361194925,33.616404126377084],[-101.81865446410106,33.616405760939578],[-101.82082231178235,33.616395227175055],[-101.82180780766649,33.616390305532931],[-101.8223876010121,33.616387455334177],[-101.82352395816842,33.616381861164335],[-101.82401667152534,33.616379432136497],[-101.82405441064874,33.61637902592706],[-101.8240675853407,33.616378921195299],[-101.82426349263281,33.616378064639392],[-101.82428225843908,33.616377918763099],[-101.82442200934783,33.616373457191507],[-101.82456130391243,33.616363060322364],[-101.82469977921347,33.616346752840371],[-101.82483707412824,33.616324579627154],[-101.82497283022892,33.616296596784586],[-101.82498912476986,33.616292492045105],[-101.82539888230356,33.61629035850811],[-101.82541574278311,33.616290277714953],[-101.82543386539567,33.616290158021471],[-101.82557361630441,33.616285696445324],[-101.82571291086902,33.616275299565586],[-101.82585138617004,33.616258992066989],[-101.82598868108482,33.616236818831204],[-101.8260934812408,33.616215669718287],[-101.82623225927411,33.616241658192749],[-101.82637018929778,33.616260904919756],[-101.82650912004468,33.616274261224142],[-101.8266486876971,33.616281692696731],[-101.82677048846985,33.616283322772965],[-101.82680101412151,33.616283165675227],[-101.82708384240053,33.616281708406483],[-101.82826324053703,33.61627562049393],[-101.82828123469049,33.616275478357842],[-101.82842098559924,33.616271016780928],[-101.82856028016383,33.616260619899478],[-101.82869875546488,33.616244312398052],[-101.82883605037965,33.616222139158481],[-101.82897180648031,33.616194156282653],[-101.8291056698307,33.616160437077255],[-101.82923729188444,33.61612106980968],[-101.82936632768848,33.61607615770815],[-101.82939779207963,33.616063598085226],[-101.83119241850646,33.616054715305943],[-101.83204906363952,33.616050451960518],[-101.83308374857363,33.61604529764378],[-101.8337985425368,33.616041733010846],[-101.83384439614215,33.616041503348256],[-101.83384568342795,33.616055464140551]]],[[[-101.86115214771681,33.616298279226505],[-101.8612132610039,33.616298956991002],[-101.8612133903613,33.617802227032712],[-101.86121365626262,33.620916397179066],[-101.8612172279642,33.621032735950408],[-101.86122793318744,33.621148852396132],[-101.86124574498288,33.621264362023801],[-101.86127061663817,33.621378963375726],[-101.86130248257624,33.621492357987734],[-101.8613412601521,33.621604248893412],[-101.86138684785614,33.621714345860013],[-101.86143912800904,33.621822360152407],[-101.86149796227026,33.621928010517045],[-101.8615631979262,33.622031020937811],[-101.86163466609358,33.622131124376061],[-101.86171217812618,33.622228057534414],[-101.86179553369972,33.622321568336673],[-101.86188451452355,33.622411412935726],[-101.86197888793403,33.622497357209518],[-101.8620784086911,33.62257917676073],[-101.86218281628332,33.622656658412787],[-101.86229183852114,33.622729599461572],[-101.86240519153695,33.622797809171558],[-101.86252257978502,33.622861111019418],[-101.86264369604152,33.622919338954034],[-101.86276822499778,33.622972341136332],[-101.86289584146368,33.623019979191035],[-101.86302621216423,33.623062129702916],[-101.86315899843457,33.623098681224171],[-101.86329385262671,33.623129540258788],[-101.86343042260106,33.623154624530152],[-101.86356835262471,33.623173869713206],[-101.86370728337161,33.623187224946101],[-101.86384685102404,33.623194655822545],[-101.86391801286591,33.623195711285241],[-101.86398668727274,33.623196502695194],[-101.86618892336143,33.623219446849447],[-101.86625761034469,33.623219434132992],[-101.86639736125345,33.623214972915598],[-101.86653665581802,33.62320457687192],[-101.86667513111908,33.623188270684579],[-101.86681242603383,33.623166099231696],[-101.86694818213454,33.62313811861069],[-101.86708204548489,33.623104402122266],[-101.86721366753865,33.623065038026901],[-101.86734270334269,33.623020129544315],[-101.8674688169271,33.622969792609993],[-101.86759167950852,33.622914159615163],[-101.86771097038837,33.622853374919003],[-101.86782637874954,33.622787597840436],[-101.86793760275812,33.622716998918683],[-101.86804435315661,33.622641763653185],[-101.86814635056891,33.622562087267568],[-101.86824332909372,33.622478177702128],[-101.86833503630444,33.622390254865756],[-101.86842123235091,33.622298546896012],[-101.86850169175595,33.62220329389951],[-101.86857620611046,33.622104743463758],[-101.86864458047998,33.622003153649473],[-101.86870663609982,33.621898788502548],[-101.86876221127318,33.621791921794312],[-101.86881116137134,33.621682830289473],[-101.86885335793518,33.621571800478378],[-101.86888869137024,33.621459121096819],[-101.86891706915007,33.621345086118261],[-101.86892497881614,33.62130244629568],[-101.86897160497266,33.621269584100183],[-101.86907360238497,33.621189906445764],[-101.86917058090977,33.621105995544013],[-101.8692622881205,33.621018071307475],[-101.86934848416696,33.620926361877338],[-101.869428943572,33.620831107363934],[-101.86950345792651,33.620732555358785],[-101.86950667569187,33.620727019070515],[-101.86962558029612,33.620666052552188],[-101.86974098865731,33.620600273803902],[-101.86985221266589,33.620529673089983],[-101.86995896306438,33.620454435914581],[-101.87006096047668,33.620374757506418],[-101.87015793900147,33.620290845810871],[-101.87024964621222,33.620202920742585],[-101.87033584225867,33.620111210444897],[-101.87041630166372,33.620015955030404],[-101.87049081601822,33.619917402092973],[-101.87055919038775,33.619815809699794],[-101.87062124600759,33.61971144190359],[-101.87067682118095,33.619604572482658],[-101.8707257712791,33.619495478208563],[-101.87076796784294,33.619384445579037],[-101.870803301278,33.619271763337181],[-101.87083167905784,33.619157725463921],[-101.87085302752057,33.619042629682092],[-101.87086729097065,33.618926775960105],[-101.87087443167883,33.618810466512201],[-101.87087531921433,33.6187569313932],[-101.87088119329798,33.616381560434725],[-101.87088030576247,33.616318632357505],[-101.8708751826704,33.616235182769351],[-101.87094681702611,33.616220417066565],[-101.87095661405259,33.616218175803546],[-101.87108076751308,33.616186902098747],[-101.87109039745292,33.616184311478953],[-101.87114292104927,33.616168724369537],[-101.87114811241329,33.616167592516085],[-101.87118322576111,33.616157821769811],[-101.8711880973249,33.616156317369551],[-101.87129814342782,33.616120074669034],[-101.87140672781162,33.616079662916995],[-101.87151369259796,33.616035140870871],[-101.87152035899567,33.616032212111321],[-101.87162876503719,33.615981957671316],[-101.87173499166644,33.61592724677827],[-101.87183885578135,33.615868173736928],[-101.87184367524284,33.615865294345468],[-101.87193835279525,33.615806105953858],[-101.87203052931352,33.615743093303422],[-101.87203452771485,33.615740236350526],[-101.87211715741806,33.615678734424662],[-101.87219729795275,33.615614022374473],[-101.8722779435661,33.615543553565374],[-101.87235541767141,33.615469612162777],[-101.87242957087128,33.615392340751768],[-101.87250026017222,33.615311888338859],[-101.87250379683948,33.615307668346148],[-101.87256802051847,33.615227474588785],[-101.87262855666278,33.615144461969898],[-101.87263147618745,33.61514025917517],[-101.87268499122925,33.615059576404029],[-101.87273479405191,33.614976550816927],[-101.87278078227514,33.614891353090535],[-101.87282286136042,33.614804158366844],[-101.87282475500903,33.614799983235102],[-101.87285182663844,33.614737563457808],[-101.8728883710025,33.614642611816542],[-101.87288985412104,33.614638447150362],[-101.87291756266538,33.614554840342969],[-101.87294151892799,33.614470082103523],[-101.87294259241474,33.614465930146721],[-101.87296364068085,33.614375753551258],[-101.87298033582607,33.614284670512212],[-101.87299263935586,33.61419289104267],[-101.87300132638936,33.614089736358196],[-101.87300438842144,33.613986261832643],[-101.87300618056044,33.613219052557156],[-101.87300362362123,33.613116228103387],[-101.87299553595058,33.613013690325879],[-101.87298194099577,33.61291173649596],[-101.87296287817048,33.61281066219199],[-101.87295774340033,33.612786905057916],[-101.87297766354175,33.612425430881906],[-101.87365317597416,33.612792300462573],[-101.87440321803243,33.613199520868591],[-101.87508700574524,33.613571434640079],[-101.87508693118505,33.613669437494792],[-101.87499349831067,33.613879306760943],[-101.87418510348819,33.615700360938192],[-101.87414283326248,33.615803030942182],[-101.8741040556866,33.61591492923511],[-101.87407218974853,33.616028331037199],[-101.87404731809328,33.616142939352414],[-101.87403595889651,33.616210959025942],[-101.8739855589175,33.616550105027663],[-101.87394990388555,33.616606410168288],[-101.87389106962432,33.616712066927903],[-101.87383878947142,33.616820087490545],[-101.87379320176737,33.616930190569605],[-101.87375442419153,33.617042087399071],[-101.87372255825343,33.617155487718016],[-101.87369768659816,33.617270094534319],[-101.87367987480272,33.617385609361321],[-101.87366916957947,33.617501730721465],[-101.8736655978779,33.61761815564283],[-101.87366916957947,33.617734580406861],[-101.87367987480272,33.617850701296781],[-101.87369768659816,33.61796621534554],[-101.87372255825343,33.618080821083694],[-101.87375442419153,33.618194220035818],[-101.87379320176737,33.618306115224065],[-101.87383878947142,33.618416216404654],[-101.87389106962432,33.61852423483127],[-101.87394990388555,33.6186298892396],[-101.87401513954147,33.618732903603089],[-101.87408660770886,33.618833010872855],[-101.87416411974147,33.618929947741293],[-101.87424747531499,33.619023462122705],[-101.87433645613882,33.619113310160643],[-101.8744308295493,33.619199257723984],[-101.87453035030637,33.6192810804069],[-101.87463475789859,33.619358565024562],[-101.87474378013641,33.619431508865262],[-101.87485713315222,33.619499721185967],[-101.87497452140029,33.61956302545677],[-101.8750956376568,33.619621255620153],[-101.87522016661306,33.619674259831115],[-101.87534778307895,33.619721899709248],[-101.87547133197323,33.619762002913582],[-101.87660976783113,33.620105324028678],[-101.87661658963736,33.620107372941391],[-101.87662560512959,33.620110053957497],[-101.87664264257725,33.62011509357928],[-101.87669718828131,33.620130691195726],[-101.87735806536109,33.620313216984812],[-101.87737036329733,33.620330443069008],[-101.87744787532995,33.620427378252998],[-101.87753123090347,33.620520891009399],[-101.87762021172732,33.620610737486068],[-101.8777145851378,33.620696683555913],[-101.87781410589487,33.620778504816961],[-101.87791851348707,33.620855988088174],[-101.8780275357249,33.620928930661329],[-101.87814088874072,33.6209971417967],[-101.87825827698879,33.621060444967448],[-101.87837939324528,33.621118674118954],[-101.87850392220155,33.621171677408839],[-101.87863153866745,33.62121931645914],[-101.87876190936798,33.621261467851838],[-101.87889469563834,33.621298020136997],[-101.87902954983048,33.62132887981651],[-101.87916611980481,33.621353964612091],[-101.87930404982848,33.621373210197284],[-101.87931449813354,33.621374344226517],[-101.87934276452229,33.621391151196057],[-101.8793832488972,33.621414674813984],[-101.87950063714524,33.621477977678047],[-101.87962175340175,33.621536206547347],[-101.87974628235801,33.621589209580407],[-101.8798738988239,33.621636848399859],[-101.88000426952446,33.621678999588362],[-101.8801370557948,33.621715551696354],[-101.88027190998694,33.621746411226326],[-101.88040847996128,33.621771495900354],[-101.88054640998496,33.621790741392338],[-101.88068534073186,33.621804096839632],[-101.88082490838428,33.621811527835348],[-101.88096475002287,33.621813015680097],[-101.88110450093163,33.621808554389879],[-101.8812437954962,33.621798158176503],[-101.88138227079725,33.621781851723],[-101.88140962898923,33.621777915553039],[-101.88233556926495,33.621640667134251],[-101.8825025552965,33.621615913803133],[-101.88322613747808,33.621598209231294],[-101.88332043453177,33.621594546087024],[-101.8834109963905,33.621588466778178],[-101.88341955104696,33.621587773346484],[-101.88354502955762,33.62157524367904],[-101.88366988371892,33.621557543746491],[-101.88379390058542,33.621534703737005],[-101.88442876874279,33.621483455570946],[-101.88537893478511,33.621406751573673],[-101.88542874457099,33.621402347861491],[-101.88556721987203,33.621386041333089],[-101.8857045147868,33.621363869416463],[-101.88584027088747,33.62133588821019],[-101.88585230561733,33.621333109238911],[-101.88610451931144,33.621274362587805],[-101.88616601707749,33.621259389792975],[-101.88641651049782,33.621195744913173],[-101.8864772042717,33.621179679963269],[-101.88672620379371,33.62111107176171],[-101.88678677988827,33.621093723902582],[-101.88703342402761,33.621020390990267],[-101.8870935312016,33.621001855967656],[-101.88733804633374,33.620923735493903],[-101.88734825928022,33.620920453075449],[-101.88739759026403,33.620904043225742],[-101.88763984343827,33.620821180056922],[-101.88769881244679,33.62080033502744],[-101.88793867161078,33.620712774777516],[-101.8879594074225,33.620705120021164],[-101.88799705401942,33.620690780722676],[-101.88823438622254,33.620598570500633],[-101.88829213172565,33.620575445369141],[-101.88852680671215,33.620478636023769],[-101.88855752819656,33.620465762114094],[-101.888583867699,33.620454400756323],[-101.88881575970476,33.620353046127903],[-101.8888721559383,33.62032769099509],[-101.88910113740253,33.620221843427139],[-101.88914126424795,33.620202925230899],[-101.88926055512779,33.620142138622064],[-101.88937596348897,33.620076359473856],[-101.88948718749756,33.620005758330677],[-101.88959393789602,33.619930520697835],[-101.88969593530835,33.619850841805174],[-101.88971016282581,33.619839057716014],[-101.89086971538109,33.618871634823989],[-101.89128835365966,33.618522404315847],[-101.8914723483928,33.618368913930702],[-101.89155522067269,33.618296682846612],[-101.89164692788343,33.618208755743616],[-101.89173312392988,33.618117043323572],[-101.89181358333492,33.618021785704755],[-101.89188809768943,33.617923230486703],[-101.89195647205898,33.617821635742622],[-101.8920185276788,33.61771726553124],[-101.89207410285216,33.617610393637172],[-101.89212305295031,33.617501296838547],[-101.89216524951415,33.617390261639635],[-101.89220058294923,33.617277576790229],[-101.89222896072904,33.617163536278049],[-101.89224848022187,33.617060062963056],[-101.89225218217913,33.617036995980136],[-101.89227328719842,33.616981459397493],[-101.89230862063349,33.616868774013554],[-101.89233699841333,33.616754732960487],[-101.89235834687607,33.616639633969243],[-101.89237261032613,33.616523777016766],[-101.89237975103433,33.616407464325739],[-101.89237975103433,33.616290999616517],[-101.89237261032613,33.616174686611274],[-101.89235834687607,33.616058829033761],[-101.89233699841333,33.615943729113198],[-101.89230862063349,33.615829686836001],[-101.89227328719842,33.615716999946123],[-101.89223109063458,33.615605962448356],[-101.89218214053645,33.615496863112334],[-101.89212656536307,33.615389988464862],[-101.89206450974324,33.615285615308593],[-101.89199613537372,33.615184017455178],[-101.89192162101921,33.615085458991913],[-101.89184116161415,33.614990198022241],[-101.8917549655677,33.614898482177132],[-101.89166325835697,33.61481055160705],[-101.89156627983215,33.614726634493607],[-101.89146428241986,33.614646950789584],[-101.89135753202137,33.614571708478231],[-101.8912463080128,33.614501102825372],[-101.89113955402107,33.614440006221542],[-101.89038879061562,33.614031761536857],[-101.89033449554152,33.614002197953404],[-101.8903107602551,33.613949295736646],[-101.89025518508171,33.613842419170119],[-101.89019312946189,33.613738044139822],[-101.89012475509237,33.613636444462159],[-101.89005024073786,33.613537884229231],[-101.88996978133279,33.613442621549105],[-101.88988358528636,33.613350904057143],[-101.88979187807563,33.613262971908291],[-101.8896948995508,33.6131790532881],[-101.8895929021385,33.613099368153257],[-101.88948615174004,33.613024124490977],[-101.88937492773145,33.612953517570382],[-101.88926620014102,33.612891347074076],[-101.88925675794908,33.612886233714669],[-101.88540383698309,33.610806213641979],[-101.8847233173413,33.610438808921032],[-101.88079167161708,33.60828981361832],[-101.87901485698568,33.607310749114077],[-101.87900301898688,33.607304263293578],[-101.8746594256363,33.604937624486439],[-101.87464877880353,33.604931852254118],[-101.87464374554301,33.604929143831271],[-101.8742443671441,33.604714765161624],[-101.87217264099485,33.603584707405531],[-101.87194146764131,33.603458606565553],[-101.87192965299869,33.603452198267675],[-101.87181036211885,33.603391399845187],[-101.87168749953743,33.603335754212345],[-101.87156138595302,33.603285405781143],[-101.87143235014898,33.603240486991865],[-101.87130072809522,33.603201113823722],[-101.87116686474485,33.603167389535727],[-101.87103110864416,33.60313940242191],[-101.87089381372941,33.603117225811324],[-101.87075533842835,33.603100915823418],[-101.87066087698297,33.603093864047771],[-101.87002555966795,33.602748232061991],[-101.86871972994339,33.602037802324361],[-101.86847266629081,33.60190338437193],[-101.8701658109383,33.601911275735709],[-101.87021609862794,33.601911126093889],[-101.87026953670923,33.601910122745174],[-101.8702771283717,33.601909918484026],[-101.87036344119915,33.601906459512364],[-101.87050273576372,33.601896060898298],[-101.87064121106478,33.601879750679409],[-101.87077850597953,33.601857573744866],[-101.87090416501644,33.601831879469579],[-101.870911087434,33.601830318703534],[-101.87103430126993,33.601799948914049],[-101.87115618014904,33.601764600472706],[-101.8712765229899,33.60172433169901],[-101.87128482971134,33.601721359056995],[-101.87132401242739,33.601707034557272],[-101.87145012601181,33.601656685175058],[-101.87157298859323,33.601601038422679],[-101.87169227947307,33.601540238695016],[-101.87171778174566,33.601526314458944],[-101.8717230090423,33.601523425609891],[-101.87183430465343,33.601458550059604],[-101.87194246297463,33.601388569150494],[-101.87194666709017,33.601385705736142],[-101.87202543472569,33.601329973199],[-101.87210209803403,33.601271379741547],[-101.8721765531579,33.601210004741503],[-101.87218152353636,33.601205746647665],[-101.87226525077467,33.601130747763051],[-101.87234544878038,33.601051986332074],[-101.872421948639,33.600969628243462],[-101.87242568922385,33.60096540380755],[-101.87249927750111,33.600878131528297],[-101.8725683879899,33.600787272155557],[-101.87263284611825,33.600693055198661],[-101.87263555992874,33.600688857685057],[-101.87264674575064,33.600671374777015],[-101.87270880137046,33.600566983799879],[-101.87276437654384,33.600460090642372],[-101.87279617600659,33.600390015892856],[-101.87279872093377,33.600384478298004],[-101.87281921959024,33.600336536673346],[-101.87282088596511,33.600332362337319],[-101.87285966803255,33.600230178958469],[-101.87289500146761,33.600117471676526],[-101.87292337924745,33.600003408462065],[-101.87293520287321,33.599944519326343],[-101.87293622335937,33.599938992926234],[-101.87295093502725,33.599846895895681],[-101.87296113511381,33.599754190693879],[-101.8729667993167,33.59966109819679],[-101.87296699874268,33.599655594225396],[-101.87296810583993,33.599563825876039],[-101.87296478080226,33.599472111102237],[-101.87295356892919,33.59928664776659],[-101.87295282781909,33.598689510116827],[-101.87295255383293,33.598515411594015],[-101.87295265624086,33.598485644406196],[-101.87295177409527,33.598420846882746],[-101.87294463338706,33.598304509765818],[-101.87293036993698,33.598188628171094],[-101.87290902147426,33.598073504390428],[-101.87288064369443,33.597959438472479],[-101.87284531025935,33.597846728222883],[-101.87280311369551,33.597735667707362],[-101.87275416359739,33.597626545755467],[-101.87269858842402,33.597519648953259],[-101.87265984049255,33.597454464608077],[-101.87266014771637,33.597454008176832],[-101.87272220333621,33.597349613305113],[-101.87277777850956,33.597242716159677],[-101.87282672860772,33.597133593584061],[-101.87286892517156,33.597022532150213],[-101.87290425860662,33.596909820676203],[-101.87293263638645,33.59679575321919],[-101.87295398484918,33.596680627579239],[-101.87296824829926,33.59656474380261],[-101.87297538900745,33.596448404181942],[-101.87297627115306,33.596383795185197],[-101.87297576360491,33.596232400910154],[-101.87297526683658,33.596042864561745],[-101.87297438019938,33.595989601886806],[-101.8729672394912,33.595873261490382],[-101.87295297604112,33.595757376628924],[-101.87293162757838,33.595642249602946],[-101.87290324979855,33.595528180469579],[-101.87286791636349,33.595415467042706],[-101.87282571979965,33.595304403396398],[-101.8727767697015,33.595195278368465],[-101.87272119452814,33.595088378552909],[-101.8726591389083,33.594983980817823],[-101.87259076453878,33.594882359039154],[-101.87251625018428,33.594783777366395],[-101.87243579077921,33.594688493963858],[-101.87234959473277,33.594596756520787],[-101.87225788752203,33.594508805244203],[-101.87216090899723,33.594424868369401],[-101.87205891158492,33.59434516590089],[-101.87195216118644,33.59426990587103],[-101.87184093717786,33.594199283591571],[-101.87172552881667,33.594133484646569],[-101.87160623793683,33.594072679654211],[-101.87148337535542,33.594017028008295],[-101.87135726177102,33.593966674136453],[-101.87122822596696,33.593921750493273],[-101.87109660391322,33.593882373070485],[-101.87096274056283,33.593848645138259],[-101.87082698446216,33.593820655000179],[-101.87068968954739,33.593798475993204],[-101.87055121424635,33.59378216424286],[-101.87041191968176,33.593771764649198],[-101.87027216877301,33.593767301907661],[-101.87013232713441,33.593768790236474],[-101.86999275948199,33.593776223649087],[-101.86985382873509,33.593789583436994],[-101.86971589871142,33.593808835176482],[-101.86957932873709,33.593833927980775],[-101.86944447454495,33.593864797492614],[-101.86931168827459,33.593901361395197],[-101.86918131757403,33.593943526146454],[-101.86905370110814,33.593991180244799],[-101.86892917215189,33.594044200215336],[-101.8688080558954,33.594102447616834],[-101.86869066764733,33.594165770538638],[-101.86861276574588,33.594211868848191],[-101.86794540552468,33.594622422272565],[-101.86788042948187,33.594661470866022],[-101.86786798601855,33.594669065080218],[-101.86783235524112,33.594690993940453],[-101.86679208278592,33.595321772159458],[-101.86674418730992,33.595351500032834],[-101.86673870938331,33.595354988449849],[-101.86662813934825,33.595425561145809],[-101.86578590768396,33.595918817146185],[-101.86569675051524,33.595972840577289],[-101.86561007805537,33.596030766534717],[-101.86552606100486,33.596092480933898],[-101.86544827947768,33.596138575968965],[-101.86459328454981,33.596664992048062],[-101.86278725041718,33.597754995635391],[-101.86273390486235,33.59778802093448],[-101.86262488262453,33.597860983028887],[-101.8625204750323,33.597938486901327],[-101.86242095427524,33.598020329765724],[-101.86232658086475,33.598106298360662],[-101.86223760004093,33.598196168201312],[-101.86215424446739,33.598289705076184],[-101.86207673243479,33.598386665047144],[-101.86205191018685,33.598421442481445],[-101.86204213112667,33.598402633232894],[-101.86198007550684,33.598298239509433],[-101.8619117011373,33.598196621635715],[-101.86183718678281,33.598098043751065],[-101.86175672737775,33.598002764009955],[-101.8616705313313,33.597911030091915],[-101.86157882412057,33.597823082194964],[-101.86148184559576,33.597739148545486],[-101.86137984818346,33.597659449139591],[-101.86127309778497,33.597584192001648],[-101.8611618737764,33.597513572435957],[-101.86105244460175,33.597451009947143],[-101.86061046719375,33.597211240277673],[-101.86008160832473,33.596924333035908],[-101.85991806373906,33.596835608194084],[-101.85988713923541,33.596789647468938],[-101.8598126248809,33.596691067976174],[-101.85973216547586,33.596595786680631],[-101.85964596942939,33.596504051266145],[-101.85955426221865,33.596416101934423],[-101.85945728369386,33.596332166915637],[-101.85935528628154,33.596252466209627],[-101.85924853588307,33.596177207843986],[-101.85913731187449,33.596106587126172],[-101.85902190351329,33.596040789636156],[-101.85890261263346,33.59597998598835],[-101.85877975005205,33.595924335573038],[-101.85865363646764,33.595873982814638],[-101.85852460066359,33.595829060164839],[-101.85839297860984,33.595789683612793],[-101.85825911525946,33.595755956426366],[-101.85812335915878,33.59572796690717],[-101.85798606424402,33.595705788390667],[-101.85784758894297,33.595689477000967],[-101.85770829437838,33.595679077637314],[-101.85756854346964,33.595674614994472],[-101.85755146200451,33.595674478062293],[-101.85749678514642,33.595674181001705],[-101.85697970768237,33.595671348824645],[-101.85694221200241,33.595671143800452],[-101.85652371386099,33.595668859352166],[-101.85647264733204,33.59566858024985],[-101.85621975271494,33.595667198955532],[-101.85584492706938,33.59566514946183],[-101.85584346191715,33.594273457186944],[-101.85584256989007,33.5942172100428],[-101.85583542918188,33.594100867255705],[-101.8558211657318,33.593984980013005],[-101.85579981726906,33.593869850621239],[-101.85577143948925,33.593755779143905],[-101.85573610605418,33.593643063400918],[-101.85569390949033,33.593531997472468],[-101.85564495939219,33.593422870202112],[-101.85558938421882,33.593315968189927],[-101.855527328599,33.593211568309627],[-101.85545895422946,33.593109944442816],[-101.85538443987497,33.593011360744356],[-101.8553039804699,33.592916075383968],[-101.85521778442343,33.592824336055791],[-101.85512607721272,33.592736382971978],[-101.85502909868791,33.592652444372426],[-101.85492710127559,33.592572740266178],[-101.85482035087713,33.592497478689879],[-101.85470912686854,33.592426854959328],[-101.85459371850736,33.592361054662234],[-101.85447442762752,33.592300248420457],[-101.85435156504612,33.592244595631023],[-101.85422545146169,33.592194240724503],[-101.85409641565765,33.592149316158242],[-101.85396479360389,33.592109937926338],[-101.85383093025352,33.592076209301077],[-101.85369517415285,33.592048218587863],[-101.85355787923808,33.592026039125152],[-101.85341940393704,33.592009727039638],[-101.85328010937245,33.59199932723228],[-101.8531403584637,33.591994864399055],[-101.85312024248954,33.591994712495101],[-101.85159285407994,33.591987811715327],[-101.85129925320406,33.591986482742676],[-101.85116433981948,33.591988606093388],[-101.85102963216909,33.591996350697059],[-101.85089536436412,33.592009703094185],[-101.85086690034602,33.591994101886137],[-101.8508502132413,33.591984870166087],[-101.85084493024911,33.591981921133787],[-101.85072546958769,33.591914984583994],[-101.8507219086659,33.591912991123358],[-101.85070365400101,33.591902630964093],[-101.8505804743143,33.591832077086345],[-101.85033314206545,33.591685879234895],[-101.85009290111743,33.591538208482682],[-101.84983574489262,33.5913739094891],[-101.84977310446955,33.591335056958911],[-101.84968082862525,33.591282445392459],[-101.84968041899347,33.591281755458439],[-101.84961204462395,33.591180129318118],[-101.84953753026944,33.591081543414191],[-101.84945707086439,33.590986255922111],[-101.84937087481792,33.590894514541596],[-101.84927916760721,33.590806559490154],[-101.8491821890824,33.59072261901278],[-101.84913423611421,33.590684128369645],[-101.84873157616958,33.590368699308229],[-101.84867753172546,33.590327483911317],[-101.84857078132698,33.590252220376186],[-101.84845955731838,33.590181594807412],[-101.84834414895721,33.59011579279769],[-101.84827517630968,33.590080634116966],[-101.84825460668631,33.590050061079197],[-101.84818009233182,33.589951473883836],[-101.84809963292678,33.589856185143482],[-101.84801343688031,33.589764442561247],[-101.8480021172094,33.589753083892042],[-101.84799344487367,33.589744438610957],[-101.84798771452046,33.589738745431418],[-101.84758422273586,33.589339163805874],[-101.84750956554923,33.589268259114931],[-101.84741258702441,33.589184317140777],[-101.84731058961212,33.589104609830223],[-101.84720383921365,33.589029345228177],[-101.84709261520506,33.588958718658297],[-101.84697720684387,33.588892915715903],[-101.84685791596404,33.588832107029525],[-101.84673505338263,33.588776452002698],[-101.84660893979819,33.588726095071728],[-101.84647990399415,33.588681168699431],[-101.84634828194041,33.588641788884416],[-101.84621441859004,33.588608058903183],[-101.84607866248936,33.588580067064612],[-101.8459413675746,33.588557886710234],[-101.84580289227355,33.588541573968932],[-101.84566359770896,33.588531173743533],[-101.84552384680021,33.588526710730882],[-101.84538400516162,33.588528199150119],[-101.84524443750917,33.588535633014317],[-101.84510550676229,33.588548993613834],[-101.84496757673863,33.588568246522904],[-101.8448310067643,33.58859334085156],[-101.84469615257215,33.588624212238763],[-101.8445633663018,33.588660778362637],[-101.84443299560124,33.588702945675507],[-101.84430537913535,33.588750602668924],[-101.84418085017909,33.588803625860422],[-101.84405973392259,33.58886187680055],[-101.84394234567453,33.588925203569381],[-101.84392282887666,33.588936952223293],[-101.84386888504386,33.58895709704521],[-101.8437443560876,33.589010120109869],[-101.8436232398311,33.589068370910574],[-101.84350585158302,33.589131697527776],[-101.84339249856721,33.58919993382338],[-101.84328347632939,33.589272903182398],[-101.84317906873719,33.589350414771772],[-101.84307954798012,33.589432265785092],[-101.84298517456961,33.589518242939761],[-101.84289619374579,33.589608121728595],[-101.84281283817225,33.589701667916799],[-101.84273532613965,33.589798637541946],[-101.84266385797228,33.589898778410756],[-101.84259862231634,33.590001827106256],[-101.84253978805512,33.590107516470688],[-101.84248750790223,33.590215570367683],[-101.84244192019818,33.590325707423887],[-101.84240314262232,33.590437638784032],[-101.84237127668423,33.590551074097796],[-101.84234640502896,33.5906657162814],[-101.84232859323352,33.59078126675589],[-101.84231788801027,33.590897423950913],[-101.84231431630872,33.591013884800859],[-101.84231788801027,33.591130345493575],[-101.84232859323352,33.591246502218581],[-101.84234640502896,33.591362051915134],[-101.84237127668423,33.591476693021008],[-101.84240314262232,33.59159012696847],[-101.84244192019818,33.591702056688035],[-101.84248750790223,33.591812191846465],[-101.84253978805512,33.591920243608271],[-101.84259862231634,33.59202593062237],[-101.84266385797228,33.592128976776934],[-101.84273532613965,33.592229114940665],[-101.84281283817225,33.592326081724821],[-101.84289619374579,33.59241962496575],[-101.84293093429277,33.592454855277467],[-101.84297481250282,33.592524164238327],[-101.84304628067019,33.592624301943331],[-101.8431237927028,33.592721268283213],[-101.84320714827633,33.5928148110956],[-101.84325578665907,33.59286393844792],[-101.84327993517054,33.592913847732511],[-101.84333876943177,33.593019533529272],[-101.84340400508771,33.593122578496903],[-101.84347547325505,33.593222715507181],[-101.84355298528769,33.593319681174428],[-101.84363634086121,33.59341322333789],[-101.84372532168504,33.593503098068652],[-101.84381969509553,33.59358907116615],[-101.84391921585258,33.593670918157798],[-101.8440236234448,33.593748425795511],[-101.84413264568263,33.593821391307173],[-101.84424599869845,33.593889623893297],[-101.84436338694651,33.593952946971335],[-101.84448450320301,33.594011194434458],[-101.84460903215927,33.594064214392681],[-101.84473664862516,33.594111868424314],[-101.84477782380452,33.594125185508453],[-101.84482931254166,33.594159645147016],[-101.84494266555748,33.594227877465514],[-101.84506005380554,33.594291200295295],[-101.84518117006203,33.594349447529993],[-101.84528897508265,33.594395346700345],[-101.84534999057239,33.594467637424522],[-101.84541443150384,33.594536892064404],[-101.84548214700473,33.594602948477636],[-101.84549219555949,33.594612375216663],[-101.84557630751449,33.594688999795736],[-101.84558687888874,33.594698148168192],[-101.84567551835278,33.594771044783805],[-101.84568668441177,33.594779769626108],[-101.84577964207736,33.594848776662396],[-101.84579290031265,33.594858295411825],[-101.84580634180425,33.594867642057991],[-101.84581982282171,33.594876805376941],[-101.84589966777911,33.594930704768409],[-101.84599513713424,33.594997223688637],[-101.84602054777869,33.595014441363134],[-101.84619767848473,33.595132996295135],[-101.84620966290892,33.595140972084479],[-101.84625467748781,33.59517017623272],[-101.8462852040378,33.595188551442753],[-101.84634104331587,33.595230003214382],[-101.84645129983888,33.595303750907952],[-101.84659119178313,33.595392365834009],[-101.84659180802741,33.595392752687417],[-101.84655945071088,33.595486145942786],[-101.84652758477282,33.595599574617736],[-101.84650271311754,33.595714210091828],[-101.8464849013221,33.595829753803756],[-101.84647419609885,33.595945904200619],[-101.84647062439728,33.596062358234612],[-101.84647353673543,33.596163552115264],[-101.84647416555615,33.59617881360785],[-101.84647764023964,33.59624455636974],[-101.84647851519873,33.596259811861941],[-101.84648922042197,33.596375961679662],[-101.84650703221742,33.596491504505032],[-101.8465319038727,33.59660613879371],[-101.84656376981077,33.596719565995762],[-101.84660254738664,33.59683148905939],[-101.84663260321942,33.596904096542922],[-101.8466114496911,33.596909920942032],[-101.84648107899054,33.596952084222622],[-101.84635346252465,33.59699973665878],[-101.8462289335684,33.597052754779874],[-101.8461078173119,33.597111000149738],[-101.84599042906383,33.597174320862798],[-101.84587707604803,33.597242550796459],[-101.84578509664777,33.597304107041182],[-101.84466712171711,33.597307605106458],[-101.84464615683503,33.597307671700655],[-101.8445517699498,33.597309329072722],[-101.84441220229736,33.597316762180206],[-101.84427327155046,33.597330121419667],[-101.84413534152679,33.597349372368967],[-101.84399877155248,33.597374464143186],[-101.84386391736032,33.597405332387893],[-101.84373113108998,33.59744189478959],[-101.84360076038944,33.597484057810057],[-101.84347314392353,33.597531709952285],[-101.84334861496728,33.59758472774643],[-101.84322749871077,33.597642972756972],[-101.8431101104627,33.597706293079462],[-101.84299675744688,33.597774522592324],[-101.84288773520908,33.597847484698107],[-101.84278332761686,33.597924988582726],[-101.8426838068598,33.598006831459948],[-101.84258943344929,33.598092800068329],[-101.84250045262547,33.598182669923048],[-101.84241709705194,33.598276206812557],[-101.84233958501933,33.598373166798694],[-101.84226811685195,33.598473297713234],[-101.84220288119603,33.598576336165394],[-101.84214404693481,33.598682015023961],[-101.84209176678191,33.598790058180036],[-101.84204617907785,33.598900184288148],[-101.842007401502,33.599012104521925],[-101.8419755355639,33.599125528559725],[-101.84195066390863,33.599240159347353],[-101.8419328521132,33.599355698335565],[-101.84192214688996,33.599471843983963],[-101.84191857518839,33.599588293257042],[-101.84192214688996,33.599704742372886],[-101.8419328521132,33.599820887551132],[-101.84195066390863,33.599936425761364],[-101.8419755355639,33.600051055471127],[-101.84200060844181,33.600141159724167],[-101.84200741856998,33.600164473653095],[-101.84201127503749,33.600177009404668],[-101.84201282912295,33.600182305336418],[-101.84202537499419,33.600225367130584],[-101.8420358843847,33.600267070877408],[-101.84204577663262,33.600315572959843],[-101.84205319761517,33.600363316317164],[-101.84205835394491,33.600411312547195],[-101.84206122945213,33.600459422480228],[-101.84206182144192,33.600507592244135],[-101.84206002301471,33.600558757110008],[-101.84205698221747,33.600597009153581],[-101.84204741246475,33.600676931807158],[-101.84203746811454,33.600786803356023],[-101.84203389641297,33.600903250853477],[-101.84203746811454,33.601019698193674],[-101.84204817333779,33.601135841600907],[-101.84206598513325,33.601251378049376],[-101.84209085678852,33.601366006011176],[-101.84212272272659,33.601479426952992],[-101.84216150030245,33.601591343839402],[-101.84220708800649,33.601701466370308],[-101.8422593681594,33.601809505743461],[-101.84231820242061,33.601915180639985],[-101.84238343807655,33.60201821497968],[-101.84245490624394,33.602118341662035],[-101.84253241827653,33.6022152973283],[-101.84261577385007,33.602308829843892],[-101.8427047546739,33.602398695305098],[-101.84279912808438,33.602484659535364],[-101.84289864884146,33.602566498085316],[-101.84300305643367,33.60264399772884],[-101.8431120786715,33.602716955714882],[-101.8432254316873,33.6027851812634],[-101.84334281993537,33.602848497810264],[-101.84346393619187,33.602906739265748],[-101.84358846514814,33.602959753755393],[-101.84371608161403,33.603007402871974],[-101.84384154661481,33.603047976988648],[-101.84391717186621,33.603136543474541],[-101.84399747201617,33.603220894449564],[-101.84408221246595,33.603300783480378],[-101.8440051972017,33.603265902517947],[-101.84387908361727,33.603215554045953],[-101.84375004781323,33.603170635220344],[-101.84361842575949,33.603131262020305],[-101.84348456240912,33.603097537704933],[-101.84334880630844,33.603069550568449],[-101.84321151139366,33.603047373939887],[-101.8430730360926,33.603031063938779],[-101.84293374152804,33.603020665460392],[-101.84279399061928,33.603016203197434],[-101.84274370562463,33.603016053557461],[-101.84210567899071,33.603019219190408],[-101.84205540208089,33.603019655390789],[-101.84196583914874,33.603020898898684],[-101.84182627149632,33.60302833151389],[-101.84168734074942,33.603041689868554],[-101.84154941072575,33.603060939542893],[-101.84141284075142,33.603086029655302],[-101.84127798655928,33.603116895855621],[-101.84114520028892,33.603153455835816],[-101.84101482958836,33.603195616063893],[-101.84088721312247,33.603243265050153],[-101.84076268416622,33.603296279332881],[-101.84064156790973,33.603354520485858],[-101.84052417966166,33.603417836614717],[-101.84041082664585,33.603486061608685],[-101.84030180440803,33.603559018882237],[-101.84019739681581,33.603636517633703],[-101.84009787605873,33.603718355090436],[-101.84000350264824,33.603804318005075],[-101.8399145218244,33.603894181907641],[-101.83983116625087,33.603987712602127],[-101.83975365421828,33.604084666166507],[-101.83968218605089,33.604184790449267],[-101.83961695039497,33.604287822077055],[-101.83955811613374,33.60439349393635],[-101.83950583598084,33.604501529936513],[-101.83946024827681,33.604611648750826],[-101.83942147070094,33.604723561571838],[-101.83938960476287,33.604836978097303],[-101.83936473310759,33.604951601292662],[-101.83934692131214,33.605067132628399],[-101.8393362160889,33.605183270584135],[-101.83933267672668,33.605301274344043],[-101.83933312139274,33.605331707303534],[-101.83933365678865,33.606030745146604],[-101.83933443472969,33.606715148401982],[-101.83933800553297,33.606829430180888],[-101.83934871075618,33.606945565762707],[-101.83936652255164,33.607061094426626],[-101.83939139420691,33.607175714665139],[-101.839423260145,33.607289127964911],[-101.83946203772085,33.607401037310524],[-101.83950762542489,33.607511152421594],[-101.8395599055778,33.607619184515208],[-101.83961873983901,33.607724852291533],[-101.83968397549495,33.607827879688898],[-101.83975544366231,33.60792799962482],[-101.83983295569493,33.608024948758363],[-101.83991631126845,33.608118474971803],[-101.8400052920923,33.608208334377871],[-101.84009966550278,33.608294292815906],[-101.84019918625985,33.608376125851606],[-101.84030359385206,33.608453620273224],[-101.84041261608989,33.60852657334334],[-101.84052596910571,33.608594794294817],[-101.84064335735377,33.608658106575461],[-101.84076447361026,33.608716344106554],[-101.84088900256651,33.608769355024052],[-101.84101661903242,33.608817000930024],[-101.84114698973298,33.608859158388732],[-101.84127977600333,33.60889571593404],[-101.84141463019546,33.608926580054543],[-101.8415512001698,33.608951668460051],[-101.84168913019346,33.608970916814911],[-101.84182806094034,33.60898427424889],[-101.8419676285928,33.608991706350011],[-101.84200909123304,33.60899276872],[-101.84269762744044,33.6090060528321],[-101.84279600643876,33.609006478528173],[-101.84293575734752,33.609002016575012],[-101.84307505191212,33.608991618816738],[-101.84321352721317,33.608975309940021],[-101.84335082212792,33.608953134830536],[-101.84348657822861,33.608925149594718],[-101.84362044157899,33.608891427545629],[-101.84375206363273,33.608852056958042],[-101.84388109943677,33.608807141068866],[-101.84400721302119,33.608756795832683],[-101.84413007560261,33.608701153662629],[-101.84424936648243,33.608640358941457],[-101.84436477484361,33.608574571014671],[-101.84447599885222,33.608503960449404],[-101.84458274925069,33.608428712775726],[-101.84468474666299,33.608349023249609],[-101.8447817251878,33.608265099845426],[-101.84487343239853,33.608177162508532],[-101.84495962844498,33.608085439414097],[-101.84504008785002,33.607990170708227],[-101.84511460220453,33.607891604019322],[-101.84518297657408,33.607789997450674],[-101.8452450321939,33.607685615091668],[-101.84530060736728,33.607578730758938],[-101.84534955746543,33.607469621262688],[-101.84539175402927,33.607358573140566],[-101.84542708746433,33.607245875176005],[-101.8454431726978,33.607181228630779],[-101.84550186592351,33.607286644064914],[-101.84556710157945,33.607389671986027],[-101.84563856974684,33.60748979243079],[-101.84571608177943,33.607586742057116],[-101.84579943735297,33.607680268745945],[-101.84588841817681,33.607770128608763],[-101.8459827915873,33.607856087483725],[-101.84608231234435,33.607937920935377],[-101.84618671993657,33.608015415750948],[-101.84629574217439,33.608088369191833],[-101.8464090951902,33.608156590490132],[-101.84652648343827,33.608219903092539],[-101.84664759969476,33.608278140919658],[-101.84677212865104,33.608331152106679],[-101.84689974511693,33.608378798254776],[-101.84703011581749,33.608420955927762],[-101.84716290208782,33.608457513658891],[-101.84729775627996,33.608488377936276],[-101.84743432625429,33.608513466469319],[-101.84757225627796,33.608532714922013],[-101.84771118702487,33.608546072423891],[-101.84785075467731,33.608553504562799],[-101.84798450394163,33.60855505174046],[-101.84818084871328,33.60855332725086],[-101.84836293362812,33.608551727702604],[-101.848364913515,33.608591913164112],[-101.84836706677673,33.608615274186121],[-101.84836649365158,33.608621492818052],[-101.84836292195001,33.608737596059825],[-101.84836200027854,33.613988159773783],[-101.84836557198011,33.614106020563476],[-101.84836674607818,33.614118757772218],[-101.84836552167444,33.61413425847239],[-101.84836194997287,33.614250352044962],[-101.84836186103966,33.614753277254628],[-101.84836181073402,33.615028099539238],[-101.84836160322318,33.616176631633628],[-101.84836144242475,33.617070299659439],[-101.84836135169489,33.617570521334343],[-101.84836126545662,33.618056689123534],[-101.84836076240006,33.620846340552845],[-101.84836433410165,33.620962932257619],[-101.84837503932488,33.621079048797419],[-101.84839285112034,33.621194558518702],[-101.84841772277561,33.62130915996341],[-101.84844958871368,33.621422554667284],[-101.84848836628954,33.621534445663585],[-101.84853395399358,33.621644542719388],[-101.8485862341465,33.621752557099285],[-101.84864506840771,33.621858207549508],[-101.84871030406364,33.621961218053727],[-101.84878177223104,33.622061321573121],[-101.84885928426363,33.622158254809953],[-101.84894263983715,33.622251765687956],[-101.84903162066099,33.622341610359797],[-101.84912599407147,33.622427554703279],[-101.84922551482855,33.622509374320714],[-101.84932992242076,33.622586856035547],[-101.84943894465859,33.622659797143413],[-101.84955229767439,33.622728006908652],[-101.84966968592246,33.622791308807805],[-101.84979080217896,33.622849536789587],[-101.84991533113521,33.622902539014824],[-101.8500429476011,33.622950177108166],[-101.85017331830167,33.622992327654153],[-101.85030610457201,33.623028879205009],[-101.85044095876415,33.623059738264622],[-101.8505775287385,33.623084822556315],[-101.85071545876215,33.623104067754952],[-101.85083636930446,33.623116029427678],[-101.85085794414263,33.623117711736462],[-101.85098642209287,33.623127308151744],[-101.85102605845816,33.623130025727122],[-101.85115460018879,33.623138058020622],[-101.8511943254873,33.6231402983557],[-101.85132299208375,33.623146773260238],[-101.85136275780643,33.623148533362993],[-101.8514915241159,33.623153449382997],[-101.85151205331508,33.623154168234962],[-101.85153136709368,33.623154728505646],[-101.85166020526836,33.623158082649319],[-101.85170851666435,33.623158984767322],[-101.8518924601935,33.623161068764624],[-101.8519493253476,33.623161221361713],[-101.85213328145318,33.623160124009217],[-101.85214863276308,33.623159996844947],[-101.85216172481002,33.623159831531495],[-101.8528360299067,33.623149974807149],[-101.85296268876849,33.62314567889964],[-101.85308832444916,33.623136566458633],[-101.85325224363233,33.623121502728267],[-101.85326590251623,33.623120219117013],[-101.85340437781727,33.623103912913699],[-101.85354167273204,33.623081741439115],[-101.85367742883273,33.623053760790711],[-101.85381129218308,33.623020044269346],[-101.85386507431917,33.6230039594628],[-101.85436035056959,33.622943208491158],[-101.85441576404619,33.622935926450374],[-101.85449005921178,33.622925469782821],[-101.85454547358671,33.622917668609844],[-101.85540838716381,33.622805424096448],[-101.85544073190393,33.622804387329708],[-101.85557138108223,33.622800199121038],[-101.85560882825314,33.622798998536062],[-101.85567823658357,33.622796038589172],[-101.85581753114816,33.622785642494939],[-101.8559560064492,33.622769336228323],[-101.85609330136397,33.622747164667643],[-101.85622905746465,33.622719183910576],[-101.85636292081502,33.622685467258236],[-101.85649454286877,33.622646102971473],[-101.85662357867281,33.62260119427053],[-101.85674969225724,33.622550857091454],[-101.85687255483863,33.622495223826142],[-101.85699184571848,33.622434438834439],[-101.85710725407968,33.622368661436056],[-101.85721847808824,33.622298062171033],[-101.85732522848673,33.62222282653974],[-101.85742722589903,33.622143149766714],[-101.85752420442384,33.622059239793302],[-101.85761591163455,33.621971316529461],[-101.85770210768102,33.621879608113815],[-101.85778256708609,33.621784354654189],[-101.8578570814406,33.621685803739283],[-101.85792545581012,33.621584213431056],[-101.85798751142994,33.621479847776719],[-101.85804308660332,33.621372980548898],[-101.85809203670146,33.621263888513646],[-101.8581342332653,33.621152858162731],[-101.85816956670037,33.621040178233329],[-101.8581979444802,33.620926142700334],[-101.8582087062973,33.620868125115472],[-101.85826669075227,33.620863797676336],[-101.8584051660533,33.620847491046014],[-101.85854246096808,33.620825318990811],[-101.85867821706874,33.620797337609659],[-101.85881208041913,33.620763620205338],[-101.85894370247287,33.62072425504055],[-101.85907273827691,33.620679345337948],[-101.85919885186134,33.620629007036143],[-101.85932171444274,33.620573372529982],[-101.85944100532258,33.620512586182521],[-101.85955641368378,33.620446807317045],[-101.85966763769235,33.620376206477367],[-101.85977438809083,33.620300969168028],[-101.85987638550313,33.620221290617906],[-101.85997336402795,33.620137378772974],[-101.86006507123867,33.620049453548098],[-101.86015126728512,33.619957743087021],[-101.86023172669019,33.619862487502878],[-101.86030624104468,33.619763934389937],[-101.86037461541422,33.619662341815882],[-101.86043667103404,33.619557973833807],[-101.86049224620741,33.619451104222478],[-101.86054119630556,33.619342009754106],[-101.8605833928694,33.619230976926843],[-101.86061872630447,33.619118294484309],[-101.86064710408429,33.619004256407962],[-101.86066845254703,33.618889160421155],[-101.86068271599711,33.618773306492841],[-101.86068985670531,33.6186569968378],[-101.86069074783406,33.618601263062089],[-101.86069377964814,33.616295994576596],[-101.86070054306391,33.616295197866648],[-101.86105454935445,33.616297531890147],[-101.86109565805849,33.616297448852769],[-101.86115214771681,33.616298279226505]],[[-101.86813023569103,33.608989632484146],[-101.86813532644373,33.609000152190745],[-101.86815093197686,33.609028179298456],[-101.86802576791169,33.608988619491939],[-101.86813023569103,33.608989632484146]],[[-101.85830118965242,33.604674993135717],[-101.85816360275419,33.604676674788671],[-101.85802620746954,33.604684125847541],[-101.85788924561932,33.604697333198182],[-101.85785892658016,33.60470156418495],[-101.85785731140929,33.604229712487559],[-101.85785415203443,33.603307936245706],[-101.85785326988884,33.603256205129057],[-101.85784612918064,33.603139874535209],[-101.85783186573056,33.603023999438037],[-101.85781051726782,33.602908882112395],[-101.85778213948801,33.602794822590198],[-101.85774680605293,33.602682118660191],[-101.85770460948909,33.602571064371823],[-101.85765565939096,33.602461948538341],[-101.85760008421758,33.602355057729845],[-101.85753802859774,33.60225066879093],[-101.85746965422821,33.602149055574444],[-101.85739513987372,33.602050482207808],[-101.85731468046866,33.601955206833431],[-101.85724845846254,33.601884733755021],[-101.85753255067115,33.60188484299362],[-101.85753658320847,33.601884844490002],[-101.85859484891881,33.60188524253752],[-101.85924989144084,33.601885484209163],[-101.8595492621958,33.601885593447768],[-101.85955644242986,33.601885596440596],[-101.85959276401174,33.601885410884613],[-101.85973251492048,33.601880948562915],[-101.85987180948509,33.601870549945836],[-101.86001028478611,33.601854239722122],[-101.86014757970089,33.601832062781014],[-101.86028333580155,33.601804075233787],[-101.86041719915194,33.601770350399349],[-101.86054882120568,33.601730976559978],[-101.86067785700972,33.601686056960951],[-101.86080397059415,33.60163570756648],[-101.86092683317555,33.601580060800579],[-101.86104612405539,33.601519261058137],[-101.86116153241659,33.601453467697517],[-101.86127275642517,33.601382851300173],[-101.86137950682365,33.601307597411498],[-101.86148150423594,33.601227901303396],[-101.86157848276076,33.601143970967669],[-101.86167018997149,33.601056026367665],[-101.86175638601793,33.600964295697395],[-101.861836845423,33.600869019122918],[-101.86191135977751,33.60077044429304],[-101.86197724850865,33.60067252329479],[-101.86200526426741,33.600716772268747],[-101.86207673243479,33.600816900462185],[-101.86215424446739,33.600913857591799],[-101.86223760004093,33.601007391519026],[-101.86232658086475,33.60109725833648],[-101.86242095427524,33.601183223864155],[-101.8625204750323,33.601265063649272],[-101.86262488262453,33.601342564462513],[-101.86273390486235,33.601415523549605],[-101.86284725787816,33.601483750127898],[-101.86290867569414,33.601516878000616],[-101.86283731083302,33.601606144969402],[-101.86276584266565,33.601706272130151],[-101.86270060700971,33.601809306719517],[-101.8626417727485,33.601914981616297],[-101.86258949259559,33.60202302072193],[-101.86254390489157,33.602133142701518],[-101.86250512731569,33.602245058739484],[-101.8624732613776,33.602358478525076],[-101.86244838972235,33.60247310501525],[-101.86243057792687,33.602588639671957],[-101.8624231551477,33.602669170264875],[-101.86240422764465,33.602714891424689],[-101.86236545006878,33.602826806707562],[-101.86233358413071,33.602940225727963],[-101.86230871247544,33.603054851444803],[-101.86229090067999,33.603170385322045],[-101.86228019545675,33.603286525832608],[-101.86227662375516,33.603402969954409],[-101.86228019545675,33.603519413918967],[-101.86229090067999,33.603635553959414],[-101.86230871247544,33.603751087058576],[-101.86233358413071,33.603865711697495],[-101.8623561300477,33.60394595828128],[-101.86224175443711,33.603949743042342],[-101.86212759624895,33.603957743841661],[-101.86201381083903,33.603969949791114],[-101.86166263873322,33.604013730949966],[-101.86154667161992,33.604030317595907],[-101.86141010164559,33.604055407426245],[-101.86127524745345,33.604086273279563],[-101.86114246118309,33.604122832848731],[-101.86101209048255,33.604164992602776],[-101.86088447401666,33.604212641053344],[-101.86075994506039,33.604265654740125],[-101.8606388288039,33.604323895238352],[-101.86052144055583,33.604387210655304],[-101.86040808754002,33.604455434882318],[-101.86029906530219,33.604528391335606],[-101.86019465770997,33.604605889215847],[-101.86009513695292,33.604687725752527],[-101.86009202788371,33.604690557633482],[-101.85830118965242,33.604674993135717]],[[-101.84479415787135,33.603765795790096],[-101.8449186868276,33.603818809751566],[-101.84498552238306,33.603843764220592],[-101.84498544063635,33.603970247571333],[-101.84492080534088,33.603897246027081],[-101.84485303624338,33.603827143984986],[-101.84478226327866,33.603760075852847],[-101.84479415787135,33.603765795790096]],[[-101.85269055942452,33.598482545200113],[-101.85263879007275,33.598390655386162],[-101.852582114272,33.59830170788873],[-101.85252069878408,33.598215964425229],[-101.8525858922192,33.598227942272089],[-101.85269000965556,33.59824247386431],[-101.85269055942452,33.598482545200113]]],[[[-101.7760687545706,33.611127268701701],[-101.77592918691818,33.611134700618067],[-101.77579025617129,33.611148057716775],[-101.77565232614759,33.611167305581219],[-101.77551575617326,33.611192393334605],[-101.77538090198112,33.611223256632819],[-101.7752481157108,33.611259813175579],[-101.77511774501023,33.611301969439609],[-101.77499012854435,33.611349613945798],[-101.77486559958807,33.611402623244068],[-101.77474448333157,33.61146085892107],[-101.7746270950835,33.611524169096704],[-101.7745137420677,33.611592387676026],[-101.77440471982986,33.611665338089864],[-101.77430031223766,33.6117428295547],[-101.77426484046204,33.611771043549716],[-101.77353235328107,33.61236420188601],[-101.77284866797619,33.612917829557894],[-101.77278460552003,33.612971455833339],[-101.77269023210953,33.613057409521865],[-101.77260125128569,33.613147263779624],[-101.77251789571216,33.613240784435718],[-101.77244038367955,33.61333772759432],[-101.77236891551217,33.613437841131024],[-101.77230367985626,33.613540861700564],[-101.77224484559503,33.613646522218282],[-101.77219256544214,33.613754546623106],[-101.7721469777381,33.613864653618485],[-101.77210820016222,33.613976554427978],[-101.77207633422415,33.61408995878049],[-101.77205146256888,33.614204569673355],[-101.77203365077342,33.614320088609155],[-101.77202294555018,33.614436214099683],[-101.77201956249482,33.614525865681259],[-101.77201401000805,33.614919568025066],[-101.77176751588735,33.615125874064994],[-101.77078767130467,33.615763098704129],[-101.77070400132079,33.615819755212435],[-101.77059959372859,33.61589724294226],[-101.77050007297152,33.615979068760304],[-101.77040569956102,33.616065019449493],[-101.77031671873719,33.616154870571862],[-101.77023336316365,33.616248387964532],[-101.77015585113105,33.616345327740305],[-101.77008438296369,33.616445437783554],[-101.77001914730775,33.616548454758188],[-101.76996031304652,33.616654111588858],[-101.76990803289362,33.616762132224139],[-101.76986244518959,33.616872235377301],[-101.76982366761371,33.616984132281956],[-101.76979180167564,33.617097532677164],[-101.76976693002037,33.61721213957059],[-101.76974911822492,33.617327654475275],[-101.76973841300168,33.617443775913493],[-101.76973485567316,33.617552732147125],[-101.76973318121347,33.617978436563632],[-101.76973316684041,33.617985905292784],[-101.76973673854199,33.618102329559989],[-101.76974744376524,33.618218449954391],[-101.76976525556067,33.618333963510217],[-101.76979012721596,33.618448568759369],[-101.76982199315403,33.618561967227585],[-101.76986077072989,33.618673861938284],[-101.76990635843393,33.618783962649026],[-101.76995863858683,33.618891980614691],[-101.77001747284805,33.618997634572217],[-101.77008270850399,33.619100648496044],[-101.77015417667137,33.619200755338618],[-101.77023168870397,33.619297691793442],[-101.77031504427751,33.61939120577572],[-101.77040402510133,33.619481053430242],[-101.77049839851182,33.619567000626816],[-101.77059791926889,33.619648822960542],[-101.77070232686111,33.619726307247539],[-101.77081134909893,33.619799250776964],[-101.77092470211474,33.619867462806575],[-101.77104209036281,33.619930766807279],[-101.77116320661931,33.619988996722107],[-101.77118809624089,33.61999959063958],[-101.77118821122524,33.620034195532568],[-101.77118838190515,33.620085546295627],[-101.77118842232933,33.620097886901355],[-101.77118929818674,33.620360504178542],[-101.77118934040755,33.620372850729346],[-101.77119021446833,33.62063518964311],[-101.77119025489252,33.620647534658495],[-101.7711911298516,33.620910082188409],[-101.7711911711741,33.620922434644875],[-101.77119204703151,33.621184982833306],[-101.77119208925231,33.62119732253359],[-101.77119325526556,33.621547605164452],[-101.77119329568976,33.621559960521601],[-101.7711936792704,33.62167463029985],[-101.77119724019217,33.621784709971671],[-101.77120794541541,33.621900825404062],[-101.77122575721084,33.622016334023733],[-101.77125062886613,33.622130934375491],[-101.7712824948042,33.622244327997905],[-101.77132127238006,33.622356217927106],[-101.7713668600841,33.62246631393289],[-101.77141914023701,33.622574327282642],[-101.77147797449823,33.622679976725259],[-101.77154321015416,33.622782986247046],[-101.77161467832154,33.622883088811733],[-101.77169219035414,33.622980021124093],[-101.77177554592768,33.623073531110258],[-101.7718645267515,33.623163374925227],[-101.77195890016199,33.623249318449012],[-101.77205842091907,33.623331137286122],[-101.77216282851128,33.623408618261983],[-101.77219270557931,33.623428606922708],[-101.77924989021429,33.623358188051697],[-101.77926193752056,33.623349697240471],[-101.77936393493287,33.623270021509484],[-101.77946091345768,33.623186112633462],[-101.7795526206684,33.623098190519485],[-101.77963881671486,33.6230064833033],[-101.77971927611992,33.622911231089404],[-101.77979379047443,33.622812681463309],[-101.77986216484396,33.622711092483698],[-101.7799242204638,33.622606728194249],[-101.77997979563716,33.622499862364052],[-101.78002874573529,33.622390771755569],[-101.78007094229913,33.622279742856641],[-101.78010627573421,33.622167064400855],[-101.78013465351403,33.622053030359275],[-101.78015600197676,33.621937938444582],[-101.78017026542685,33.62182208861514],[-101.78017740613504,33.621705783075186],[-101.78017818317777,33.621626599529272],[-101.78010995972519,33.61544527695844],[-101.78010828796045,33.615129075161754],[-101.7801074210862,33.615080879154405],[-101.78010028037801,33.614964564516029],[-101.78008601692792,33.614848705311779],[-101.7800646684652,33.6147336037751],[-101.78003629068536,33.614619559896674],[-101.78000095725029,33.614506871424581],[-101.77995876068645,33.614395832367762],[-101.77990981058832,33.614286731499931],[-101.77985423541493,33.614179855351878],[-101.77979217979511,33.614075480730143],[-101.77972380542559,33.613973881450242],[-101.77964929107108,33.613875321603167],[-101.77956883166601,33.613780059295983],[-101.77948263561957,33.613688342163158],[-101.77939092840884,33.613600410358494],[-101.77929394988402,33.613516492066829],[-101.77919195247172,33.613436807244007],[-101.77908520207326,33.613361563876232],[-101.77897397806467,33.613290957232053],[-101.77890491109406,33.61325158865381],[-101.77890366692738,33.613231316342684],[-101.77888940347729,33.61311545480855],[-101.77886805501457,33.613000350957194],[-101.77883967723476,33.612886304785476],[-101.77880434379968,33.612773614047285],[-101.77876214723584,33.612662572757557],[-101.77871319713768,33.612553469695783],[-101.77865762196431,33.612446591398466],[-101.77859556634449,33.612342214677916],[-101.77852719197496,33.612240613354942],[-101.77845267762046,33.612142051525929],[-101.77837221821541,33.612046787303129],[-101.77828602216894,33.611955068325898],[-101.77819431495823,33.611867134753076],[-101.7780973364334,33.611783214773915],[-101.7779953390211,33.611703528348677],[-101.77788858862262,33.611628283467901],[-101.77777736461404,33.611557675403922],[-101.77766195625287,33.611491889703416],[-101.77754266537302,33.611431096950433],[-101.77741980279163,33.611375456506465],[-101.7772936892072,33.61132511277021],[-101.77716465340315,33.611280198169588],[-101.77703303134939,33.611240828672962],[-101.77689916799903,33.611207107529729],[-101.77676341189834,33.611179123025678],[-101.77662611698358,33.611156948483035],[-101.77648764168252,33.611140640016032],[-101.77634834711796,33.61113024251565],[-101.7762085962092,33.611125780672424],[-101.7760687545706,33.611127268701701]]],[[[-101.80114205287721,33.638283133851679],[-101.80136155981016,33.638281231210463],[-101.80146016608225,33.638280373376546],[-101.80146653513762,33.63828031204924],[-101.80160628604636,33.638275851611823],[-101.80174558061097,33.6382654573857],[-101.801884055912,33.638249154049227],[-101.80202135082678,33.638226986472645],[-101.80215710692744,33.638199010743563],[-101.80229097027782,33.638165300149957],[-101.80242259233157,33.638125942936661],[-101.8025516281356,33.638081042305522],[-101.80267774172003,33.638030714171713],[-101.80280060430144,33.637975090903318],[-101.80291989518128,33.637914316834234],[-101.80303530354247,33.637848551255566],[-101.80314652755106,33.637777964676687],[-101.80325327794952,33.637702742564642],[-101.80335527536182,33.63762308010886],[-101.80345225388665,33.637539185213335],[-101.80354396109738,33.637451277748482],[-101.80363015714381,33.63735958581195],[-101.80371061654888,33.63726434946841],[-101.80378513090339,33.637165816262076],[-101.80385350527291,33.637064244208503],[-101.80391556089273,33.63695989730747],[-101.80397113606612,33.636853049282401],[-101.80402008616426,33.636743976849637],[-101.8040622827281,33.636632966449426],[-101.80409761616316,33.636520306767082],[-101.80412599394299,33.636406291724668],[-101.80414734240573,33.636291218985413],[-101.80416160585581,33.636175388457666],[-101.804168746564,33.636059102295171],[-101.80416954875955,33.635982302079974],[-101.80416901066869,33.635927337896582],[-101.80409849561384,33.628726927040837],[-101.80405526149583,33.624269169966361],[-101.80403927417873,33.622620272766561],[-101.80403847018655,33.622580452151752],[-101.80403132947836,33.622464147635384],[-101.80401706602828,33.622348298513494],[-101.80399571756556,33.622233206993201],[-101.80396733978571,33.622119173039096],[-101.80393200635065,33.622006494373338],[-101.80388980978681,33.621895464979303],[-101.80384085968866,33.621786373605552],[-101.80378528451529,33.621679506757943],[-101.80372322889546,33.621575141218955],[-101.80365485452594,33.621473550780273],[-101.80358034017144,33.621374999509896],[-101.80349988076637,33.62127974549243],[-101.80341368471993,33.621188036340797],[-101.8033219775092,33.621100112187925],[-101.80322499898438,33.621016201198778],[-101.80312300157208,33.620936523310064],[-101.8030162511736,33.620861286489891],[-101.80290502716502,33.620790685989824],[-101.80278961880383,33.620724907336687],[-101.80267032792399,33.620664121096063],[-101.80254746534258,33.620608486612561],[-101.80242135175816,33.620558148269374],[-101.80240793182614,33.620553477460916],[-101.8024010588159,33.620540260956609],[-101.80233900319608,33.620435894037833],[-101.80227062882653,33.620334302255998],[-101.80219611447203,33.6202357496826],[-101.80211565506698,33.620140494405824],[-101.80202945902052,33.620048784041636],[-101.80193775180982,33.619960858726365],[-101.80184077328499,33.619876946627826],[-101.80173877587268,33.619797267685627],[-101.80163202547421,33.619722029870751],[-101.80152080146561,33.619651428437329],[-101.80140539310445,33.61958564891448],[-101.80128610222461,33.619524861870204],[-101.80116323964319,33.619469226651233],[-101.80103712605877,33.619418887642517],[-101.80090809025474,33.619373977259592],[-101.80077646820098,33.619334611459976],[-101.80064260485061,33.61930089348332],[-101.80050684874992,33.619272911607155],[-101.80036955383517,33.619250739146807],[-101.8002310785341,33.619234432211243],[-101.80009178396953,33.619224035687239],[-101.79995203306078,33.619219574262978],[-101.79989305327248,33.619219476267254],[-101.7998860014975,33.619219529379464],[-101.79945494850168,33.619222504410359],[-101.79937279217904,33.619224099272273],[-101.79923322452662,33.619231530490488],[-101.79909429377973,33.619244886334485],[-101.79895636375605,33.619264132390725],[-101.79881979378172,33.619289217787369],[-101.79868493958958,33.619320078186291],[-101.79855215331924,33.619356631294913],[-101.79842178261868,33.619398783598832],[-101.79830091339888,33.619443740348366],[-101.79631049017273,33.620232661731066],[-101.78359773349449,33.625270435663118],[-101.78379762481488,33.637786410687788],[-101.80114548174666,33.637718933819798],[-101.80114205287721,33.638283133851679]]],[[[-101.82636502128993,33.6835760726442],[-101.82644052918116,33.686687013956671],[-101.83562079485357,33.686644410980939],[-101.83561199226209,33.683607677683618],[-101.83549897252125,33.681600088391804],[-101.83541447249405,33.68019174785826],[-101.83536940581288,33.679521378842836],[-101.83537002654874,33.679514286976044],[-101.83536180786221,33.679389298989001],[-101.8354734441975,33.677617112743754],[-101.83554403920242,33.676028694114628],[-101.83554239887873,33.675813777715895],[-101.83211888070339,33.67580810293132],[-101.83209923814138,33.668494829666379],[-101.82893564030698,33.668509220815402],[-101.82882815239167,33.650600476920538],[-101.83581217014506,33.650556706718703],[-101.83577500684177,33.650391267672561],[-101.83551516914582,33.649569854114034],[-101.83539193915348,33.648689641200022],[-101.83533032460643,33.647739012868833],[-101.8352246980004,33.64571452296245],[-101.83509266631488,33.643417167585383],[-101.83086778083752,33.643457705476727],[-101.82345625484041,33.643522793708073],[-101.82085962779925,33.643478781343674],[-101.81906399436097,33.643390761782378],[-101.81906399436097,33.643778055554925],[-101.81909920293023,33.644332589676367],[-101.81930165085592,33.645520876162628],[-101.81930322829754,33.649886820867174],[-101.81894002146188,33.64988995262317],[-101.81743002443618,33.649899947620241],[-101.81733002128382,33.649909946355187],[-101.81724001817717,33.649919948827872],[-101.81715001596886,33.649939951526363],[-101.81706002454034,33.649969947713601],[-101.81698000890303,33.650009948596036],[-101.81697001784043,33.650009953830548],[-101.81694002129649,33.650029950525855],[-101.81691001576935,33.650039947750038],[-101.81634002124686,33.650359948046244],[-101.81626001189777,33.650399947999631],[-101.81617001507932,33.65042994776551],[-101.81608002454912,33.650449945111042],[-101.81599001605258,33.650469946938564],[-101.81590001653923,33.650479949346185],[-101.81589002457831,33.650479944111694],[-101.81585001720883,33.650479947850634],[-101.81582001437665,33.650479950841778],[-101.8137705134458,33.650492895044287],[-101.81377053231044,33.650696980217646],[-101.81772669844867,33.650674643107472],[-101.81785991052047,33.66226033636903],[-101.80339494945636,33.662328601500164],[-101.80337508141722,33.659802050486334],[-101.79092359704441,33.659841935390652],[-101.79098521159146,33.661681581181774],[-101.78798368600398,33.661725591715424],[-101.78800129028861,33.663107524628863],[-101.79100281497776,33.663098721469019],[-101.79097640899998,33.664999981956292],[-101.80151852423637,33.664960407479775],[-101.8017776738228,33.664807039482326],[-101.80204807480816,33.664790139303705],[-101.80989534839678,33.66478996210752],[-101.81952276128163,33.664767606225446],[-101.81952986156564,33.66497440445476],[-101.8195833203082,33.666531552771517],[-101.82055155326751,33.666505145835771],[-101.82051634559659,33.665536911097163],[-101.82567439110962,33.665475295933106],[-101.82608437142552,33.665833307149832],[-101.82627293588848,33.666065039263962],[-101.82632880211601,33.679445265522318],[-101.82637457666961,33.679444998652009],[-101.82636502128993,33.6835760726442]]],[[[-101.82799967842593,33.708422210348616],[-101.83477917404366,33.708400910515003],[-101.83475867179392,33.708229178498428],[-101.83474789201053,33.70795131114172],[-101.83476358917179,33.707683203991927],[-101.8347896214504,33.70749750664546],[-101.83485763290057,33.707200945594693],[-101.83488437394995,33.707112637763473],[-101.83493067850959,33.70697909824505],[-101.83503009416376,33.706744088903449],[-101.83519282038422,33.706438992567804],[-101.83596855515795,33.705053565891383],[-101.83603265803831,33.704927334147058],[-101.83614147186697,33.70467984573461],[-101.83622770564266,33.704437195496475],[-101.83628439113373,33.704237047674908],[-101.83634942107545,33.703914675536893],[-101.83638914996722,33.703282718160246],[-101.83640344845158,33.702111854107279],[-101.83646396256239,33.701525298069797],[-101.83658605079603,33.700880812486496],[-101.83667136379856,33.700462870494505],[-101.83675399353334,33.70001870097088],[-101.83681395607856,33.699495493467282],[-101.83683250539086,33.69893310434567],[-101.83678225902376,33.693768117505726],[-101.83545215322697,33.693776003442117],[-101.83558092043474,33.693641119524152],[-101.8353244154885,33.692744521154822],[-101.8351983917356,33.692256057486581],[-101.83512995268738,33.691692120142143],[-101.8351307288318,33.691638370984641],[-101.83199735301849,33.691655842155249],[-101.83191408188659,33.691656304066818],[-101.83183373926254,33.691656751029754],[-101.83174717760176,33.691658372204699],[-101.83160760994933,33.691665797170621],[-101.83146867920242,33.691679141777612],[-101.83133074917876,33.691698371641102],[-101.83119417920442,33.691723435932076],[-101.83105932501229,33.691754270366424],[-101.83092653874193,33.691790792720852],[-101.83089976265826,33.691799442710519],[-101.83082000124418,33.691800936072518],[-101.83069327321211,33.691807292203578],[-101.83068047581257,33.691807431225271],[-101.83055349265895,33.691802449615061],[-101.83050280072747,33.691802301624229],[-101.82952042918389,33.69180699696939],[-101.82949191036857,33.691807153929325],[-101.82940975404594,33.691807609113219],[-101.82935704629497,33.69180789986288],[-101.8280560288454,33.691815096102793],[-101.82796935579353,33.691816718022189],[-101.82782978814109,33.69182414297444],[-101.8276908573942,33.691837487556846],[-101.82755292737052,33.691856717384901],[-101.82741635739619,33.69188178162964],[-101.82728150320405,33.691912616007173],[-101.82714871693371,33.691949138294362],[-101.82701834623315,33.69199125505547],[-101.82689072976726,33.692038854915872],[-101.82676620081098,33.692091814541101],[-101.82664508455449,33.692149995647661],[-101.82652769630644,33.692213246497573],[-101.82641434329062,33.692281401151519],[-101.82630532105279,33.692354283205916],[-101.82620091346058,33.692431702055792],[-101.8261175614803,33.692499594191304],[-101.82601993167692,33.692582578211827],[-101.82600376290011,33.692596439144729],[-101.82590938948962,33.692682313347888],[-101.82582040866579,33.692772084513038],[-101.82573705309227,33.692865518685835],[-101.82565954105966,33.69296237219595],[-101.82558807289229,33.693062393152047],[-101.82552283723635,33.693165318452557],[-101.82546400297514,33.693270881259593],[-101.82541172282222,33.693378805767438],[-101.82536613511819,33.693488810939641],[-101.82532735754232,33.693600608266792],[-101.82529549160425,33.693713907746222],[-101.82527584185571,33.693804372178597],[-101.82790977054073,33.693797235898096],[-101.82799967842593,33.708422210348616]]]]},"properties":{"OBJECTID":1,"Shape_Length":143713.48272728405,"Shape_Area":68865998.123607099,"AREA_SQFT":513013783.44166088,"AREA_ACRES":11777.175928412784,"AREA_SQMILES":18.401837388144976}}]
}