{
  "type" : "FeatureCollection",
  "features" : [{"type":"Feature","id":1,"geometry":{"type":"MultiPolygon","coordinates":[[[[-96.532102000499947,32.702112315003667],[-96.532478020904847,32.702146680062818],[-96.533507068012256,32.702240711644265],[-96.534536070203913,32.702334735567383],[-96.535565025683169,32.70242876770655],[-96.536593950619704,32.702522811841405],[-96.53762286208152,32.702616867971884],[-96.538651789713015,32.702710936097944],[-96.539680802684444,32.702805002612962],[-96.540709870453099,32.702899031988863],[-96.541654993353418,32.702985372837183],[-96.541947932170942,32.70302762630353],[-96.54333217044676,32.703240382486612],[-96.544826746992285,32.703475157898055],[-96.546504401091042,32.703736932301545],[-96.548312827437272,32.704021414926153],[-96.548334995163557,32.70402482255902],[-96.549019323662151,32.704127576084922],[-96.549038074197071,32.704130335145578],[-96.549809267088719,32.704241482131366],[-96.549888126594226,32.704251854673814],[-96.549961331205054,32.704259719875203],[-96.550312040678492,32.704293366752928],[-96.550377766814577,32.704298997493815],[-96.550421637838113,32.704302007509767],[-96.552001542657521,32.704399656091994],[-96.553108891416684,32.704470466195303],[-96.553194018467948,32.704476678215229],[-96.553232391801956,32.704483159336547],[-96.553255248536033,32.704486974384047],[-96.553393178559688,32.704506422279785],[-96.553532109306602,32.704519918185611],[-96.553671676959041,32.704527427332764],[-96.553811518597627,32.704528930825091],[-96.553951269506385,32.704524422615705],[-96.554090564070947,32.704513917065874],[-96.554229039372018,32.704497439118271],[-96.554366334286783,32.704475034123831],[-96.554502090387459,32.704446758770921],[-96.554635953737829,32.704412687132645],[-96.554767575791587,32.704372908399122],[-96.554896611595623,32.704327526877719],[-96.555022725180052,32.704276659725167],[-96.555145587761459,32.704220440727525],[-96.555264878641296,32.704159015764724],[-96.555380287002464,32.704092545834285],[-96.555491511011056,32.704021203271907],[-96.555598261409529,32.703945175531217],[-96.555700258821844,32.703864659892645],[-96.555797237346667,32.703779866486904],[-96.555888944557367,32.703691017539569],[-96.555975140603834,32.703598343591636],[-96.556055600008875,32.703502087278956],[-96.556130114363384,32.70340249879726],[-96.556198488732932,32.703299838925702],[-96.556260544352753,32.703194374491609],[-96.556316119526102,32.703086382150353],[-96.556365069624263,32.702976141581871],[-96.556407266188103,32.702863942294385],[-96.556442599623182,32.702750076065101],[-96.556470977402995,32.702634839964041],[-96.556492325865719,32.702518534842412],[-96.556506589315802,32.70240146382055],[-96.556513730024008,32.702283932288189],[-96.556513730024008,32.702166247148604],[-96.556506589315802,32.702048715306461],[-96.556492325865719,32.701931643668253],[-96.556470977402995,32.701815337630158],[-96.556442599623182,32.701700100322057],[-96.556407266188103,32.701586232607745],[-96.556365069624263,32.701474031572744],[-96.556316119526102,32.701363789012447],[-96.556260544352753,32.701255794455861],[-96.556198488732932,32.701150327606122],[-96.556130114363384,32.701047665143655],[-96.556055600008875,32.700948073922881],[-96.555975140603834,32.700851814751502],[-96.555888944557367,32.700759137854995],[-96.555797237346667,32.700670285900166],[-96.555700258821844,32.700585489459158],[-96.555642406419238,32.700538811090773],[-96.555612288602688,32.700515212988826],[-96.555347781463908,32.700301794153255],[-96.55512456448885,32.700110983495243],[-96.554899358643752,32.699907112006812],[-96.554880952163572,32.699890613554061],[-96.554607601110831,32.699647980491861],[-96.55432613916939,32.699396837829795],[-96.554286587245727,32.69936227440953],[-96.553833378201745,32.698974393932552],[-96.553805618462846,32.698950974577308],[-96.553581257932422,32.698764389073567],[-96.553348717343027,32.698562918443344],[-96.55332708860594,32.698544389248781],[-96.553063587580269,32.698321184383452],[-96.552813573860291,32.698103797569203],[-96.552790203289845,32.698083723100751],[-96.552536724767819,32.697868635338651],[-96.552252926308313,32.697621610687349],[-96.552208129121723,32.697583514723057],[-96.552201242636755,32.697577814009904],[-96.551934575948039,32.69735781050445],[-96.551909219202514,32.697337158311264],[-96.551785411593443,32.697237615867486],[-96.55171565741162,32.697183447150714],[-96.551696927537932,32.697169529062322],[-96.551685018572215,32.697160759856658],[-96.55149250781021,32.697015404855023],[-96.551442867805903,32.696976145953798],[-96.551432277567031,32.696967814434402],[-96.551195834696045,32.696782791909087],[-96.551091297746439,32.696696135868301],[-96.551114932421555,32.696600154844099],[-96.551136280884279,32.696483841858083],[-96.551150544334362,32.696366762920043],[-96.551157685042568,32.696249223440418],[-96.551157685042568,32.696131530343109],[-96.551150544334362,32.696013990553766],[-96.551136280884279,32.695896910999451],[-96.551114932421555,32.695780597096984],[-96.551086554641728,32.695665351996908],[-96.551051221206663,32.695551476583212],[-96.551009024642809,32.695439267961532],[-96.55096007454469,32.695329017947032],[-96.550904499371299,32.695221016088233],[-96.550842443751478,32.695115542107224],[-96.550774069381944,32.695012872703145],[-96.55069955502745,32.694913274748359],[-96.55061909562238,32.694817009068416],[-96.550532899575927,32.694724325905526],[-96.550441192365213,32.694635467942945],[-96.55034421384039,32.694550665768418],[-96.550311353467293,32.694523816089202],[-96.550059479336355,32.694321426431152],[-96.54993395953835,32.69421180175258],[-96.549928528324131,32.694207072272604],[-96.549661145678144,32.693974878388303],[-96.549396523555004,32.693745081160095],[-96.549376138086259,32.693727566266851],[-96.549096068533501,32.693489475869789],[-96.549092139302431,32.693486141922349],[-96.548824179938023,32.693259272176604],[-96.548697385430629,32.693151172557677],[-96.548762478254417,32.693097798185512],[-96.548659295964271,32.693010096041675],[-96.548167999250538,32.69259656998895],[-96.547907936975776,32.692376052217895],[-96.547616439954282,32.692130149403276],[-96.547358061122381,32.691909569243215],[-96.547044936262111,32.691647528809341],[-96.546892762551295,32.6915181772045],[-96.546838528562645,32.691459216422317],[-96.547124085923485,32.691208365222799],[-96.547605864088453,32.690783792932265],[-96.547639244586108,32.690732899159975],[-96.547639643438089,32.690669549913309],[-96.547637395853243,32.690666553045972],[-96.547637676127593,32.690653761168988],[-96.547604469903121,32.69062266979374],[-96.547534865739976,32.690559446724478],[-96.547531382971613,32.69055642414871],[-96.54737657989196,32.690422181005601],[-96.547370598908813,32.690416931937001],[-96.545374782197669,32.688737380455258],[-96.544789261193813,32.688241945518101],[-96.544753888232862,32.688197378368258],[-96.544721596493332,32.688148695301649],[-96.544717925078771,32.688142925942145],[-96.544665626959556,32.688060724436966],[-96.544738493803848,32.687999758611959],[-96.544729929265912,32.687919604342937],[-96.544721534509577,32.687841077766812],[-96.544712132741822,32.687762461152182],[-96.544703230437364,32.687683798349518],[-96.544694834782703,32.68760511582034],[-96.544669893957149,32.687383049429187],[-96.544659338752581,32.687289100481934],[-96.544701665572134,32.687203806700822],[-96.544741098918152,32.687140679497254],[-96.544725172686483,32.686968535614248],[-96.544690141983665,32.686971200698757],[-96.54468991021831,32.686967980671767],[-96.543481726466823,32.687059909787131],[-96.543060997808581,32.686704339531843],[-96.542864713224049,32.686538244011878],[-96.542861392152446,32.686535648471541],[-96.542844325060358,32.68655046868048],[-96.54283145938885,32.68653959659602],[-96.542829327686704,32.686537793402479],[-96.542826129684286,32.686535092014353],[-96.542050871915976,32.687208277226489],[-96.541702772946749,32.686748709340684],[-96.54169905122653,32.68674394241873],[-96.541677484473198,32.686761480607608],[-96.541669867657887,32.686751421307115],[-96.541667437715063,32.686748210344895],[-96.541663786961735,32.686743386718859],[-96.541649366306487,32.686755114631779],[-96.541196013532044,32.687123738663161],[-96.541077106232834,32.686973697183532],[-96.540486557358321,32.686227438678074],[-96.540474310626038,32.686211961400481],[-96.540468555120029,32.686204687358838],[-96.540461971367321,32.686196367687145],[-96.54045573166934,32.686188483504687],[-96.540432911766175,32.686203648534054],[-96.540426708899147,32.686195811227833],[-96.540420468302869,32.686187927045268],[-96.540373769382811,32.686218956455882],[-96.540359157386405,32.686228665761263],[-96.540344542695053,32.686238374309454],[-96.540061802450936,32.686426236513356],[-96.539679262073719,32.685938490747041],[-96.537783016425323,32.683520796216818],[-96.537774848942746,32.683510226196141],[-96.53776596011302,32.683499046772383],[-96.537759653041405,32.683491005086701],[-96.537753277697831,32.683504156372557],[-96.537746395704445,32.683518351049074],[-96.537739588271222,32.683509668964],[-96.537730696746536,32.683498491052305],[-96.537724389674921,32.683490447854389],[-96.53709494644356,32.684788864503354],[-96.537045596595107,32.68489065803908],[-96.536996248543289,32.684992454483044],[-96.536946786405423,32.685094480655692],[-96.536898011478755,32.685195090597588],[-96.536848667020209,32.685296884426322],[-96.536614774466301,32.685779332187657],[-96.536627320337573,32.685790426647003],[-96.538749359329273,32.687588976484285],[-96.538831925283674,32.687659311518622],[-96.538142627304907,32.688226530585091],[-96.537977590617544,32.688362338253228],[-96.536036231575579,32.689959803632931],[-96.535368026039677,32.690509623352007],[-96.534699810622328,32.691059439685176],[-96.534173459849598,32.691492518847383],[-96.534081521771824,32.69156816784907],[-96.534086035806141,32.691572273757778],[-96.534089059535376,32.691575028670535],[-96.534245829027185,32.691717733636395],[-96.534591965177526,32.692010997068571],[-96.533636643703787,32.692817859850273],[-96.533632434198367,32.692821496223779],[-96.53364301006421,32.692843384770001],[-96.532880720375346,32.693501930165816],[-96.531578195552726,32.694441565271767],[-96.530898590395893,32.694205253358128],[-96.529771727533813,32.694488028348232],[-96.529398090359379,32.694577680244883],[-96.529185677422234,32.694891286919649],[-96.529298295616158,32.695176522728673],[-96.528709978156797,32.695374441843398],[-96.527725352740177,32.695186017116818],[-96.527721219591555,32.695200881248759],[-96.527696347936285,32.695316699226666],[-96.527678536140826,32.695433434814838],[-96.527667830917579,32.695550783349844],[-96.527664259216024,32.695668438657911],[-96.527667830917579,32.695786093810923],[-96.527677861506064,32.69589783480302],[-96.527706150352671,32.696135775897268],[-96.527706824987433,32.696141382961642],[-96.527724636782892,32.696258117471309],[-96.527749508438177,32.696373934077457],[-96.527781374376247,32.696488531150912],[-96.527820151952099,32.696601608575932],[-96.52786573965615,32.696712873042109],[-96.52791801980905,32.696822032752138],[-96.527935445328922,32.696853655682176],[-96.527931032804247,32.696861663657664],[-96.527878752651361,32.696970823185723],[-96.527833164947324,32.697082087191603],[-96.527794387371443,32.697195163864741],[-96.527783685741468,32.697230813690645],[-96.527581094085335,32.69792913177708],[-96.52755992977724,32.698008077352654],[-96.52753505812197,32.698123891688084],[-96.527517246326511,32.69824062360496],[-96.527506541103278,32.698357968449379],[-96.527502969401695,32.69847562005728],[-96.527506541103278,32.69859327151002],[-96.527517246326511,32.698710615890775],[-96.52753505812197,32.6988273470403],[-96.527546326588904,32.698884042661049],[-96.527595139244795,32.699112111410024],[-96.527608742433131,32.699171228910622],[-96.527640608371229,32.699285822392525],[-96.527679385947081,32.699398896273735],[-96.527724973651132,32.699510157252853],[-96.527777253804032,32.699619313541788],[-96.527836088065257,32.69972608091318],[-96.527901323721181,32.699830180432485],[-96.527972791888558,32.699931342237612],[-96.528050303921162,32.700029300246932],[-96.528133659494699,32.700123799719002],[-96.528222640318518,32.700214594228306],[-96.528317013729023,32.700301447177026],[-96.528416534486084,32.70038413179509],[-96.528520942078302,32.700462432651712],[-96.52862996431611,32.700536144899438],[-96.52874331733193,32.700605075785646],[-96.528793725395786,32.700633424925741],[-96.529014737006833,32.700754764767673],[-96.529056004712658,32.700776711843332],[-96.529082194196448,32.700824238246369],[-96.529147429852387,32.700928336484814],[-96.529218898019764,32.701029497045099],[-96.529296410052368,32.701127453849139],[-96.52937976562589,32.701221952158399],[-96.529468746449723,32.701312745550439],[-96.529563119860214,32.701399597430438],[-96.529662640617289,32.701482281031083],[-96.529767048209507,32.70156058092428],[-96.529876070447315,32.70163429226492],[-96.529989423463135,32.701703222302989],[-96.530106811711207,32.701767192650678],[-96.530227927967701,32.701826035502997],[-96.530352456923978,32.701879597417161],[-96.530480073389867,32.7019277385563],[-96.530610444090399,32.701970334201647],[-96.530743230360756,32.702007271728235],[-96.530878084552896,32.70203845665251],[-96.531014654527226,32.702063805828821],[-96.531152584550895,32.70208325425267],[-96.531291515297795,32.702096750524987],[-96.53143108295022,32.702104259876023],[-96.531571910040682,32.702105752826306],[-96.531886293440678,32.702102183352366],[-96.532102000499947,32.702112315003667]]],[[[-96.559701032602121,32.702181532679333],[-96.559604476285472,32.702223567308529],[-96.559554559600102,32.702245849652826],[-96.559433443343607,32.702304692189585],[-96.559316055095536,32.702368662106132],[-96.559202702079716,32.702437591576903],[-96.559093679841908,32.702511302193209],[-96.55898927224969,32.70258960118349],[-96.558889751492615,32.702672283681565],[-96.558795378082124,32.702759134238434],[-96.558706397258291,32.702849926066605],[-96.558623041684768,32.70294442255193],[-96.558545529652164,32.703042377253972],[-96.558474061484787,32.703143535417929],[-96.558408825828849,32.703247630950898],[-96.558349991567638,32.703354393981577],[-96.558297711414724,32.703463545568525],[-96.558252123710687,32.703574801480251],[-96.558213346134806,32.703687869927279],[-96.558181480196737,32.703802457609704],[-96.558156608541481,32.703918264425866],[-96.558138796746022,32.70403498876388],[-96.558128091522775,32.704152325989583],[-96.558124519821206,32.704269969958801],[-96.558128091522775,32.70438761377298],[-96.558138796746022,32.704504950535011],[-96.558156608541481,32.704621674105582],[-96.558181480196737,32.704737479858565],[-96.558213346134806,32.704852066193148],[-96.558252123710687,32.70496513302173],[-96.558297711414724,32.705076387061226],[-96.558349991567638,32.705185536541826],[-96.558389231775877,32.705258298504639],[-96.55866141142549,32.70574059152532],[-96.558667481341857,32.705768852862185],[-96.558699347279955,32.705883437872252],[-96.558738124855793,32.705996503393933],[-96.558783712559844,32.706107756147539],[-96.558835992712744,32.706216904366514],[-96.558894826973969,32.706323663844557],[-96.558960062629893,32.706427755667704],[-96.559031530797284,32.706528909993857],[-96.559109042829888,32.706626860761041],[-96.559192398403411,32.70672135324665],[-96.559281379227244,32.706812141043379],[-96.559336843907829,32.70686425622651],[-96.5596440731249,32.707144256330032],[-96.559682981854806,32.707178987565449],[-96.559711559060631,32.707203602832799],[-96.559725538643065,32.707215465628011],[-96.559997765005079,32.70744647537429],[-96.560102517550362,32.707535366690713],[-96.561034074991582,32.708326056344156],[-96.56123897441968,32.708501348811836],[-96.56129968256657,32.708578063534944],[-96.561383038140093,32.708672553954095],[-96.56147201896394,32.708763339765383],[-96.561566392374445,32.708850184393661],[-96.561590172576629,32.708870718274909],[-96.562220686599829,32.709408418412515],[-96.562892186257855,32.709985188610951],[-96.564341634138472,32.711284792815668],[-96.564365398170992,32.711305832553549],[-96.564380795294952,32.7113191860877],[-96.565291913368497,32.712102980696059],[-96.565376037001599,32.712172300974061],[-96.565480444593817,32.712250591486551],[-96.565589466831653,32.712324293996325],[-96.565702819847459,32.712393215776196],[-96.565820208095502,32.712457178459942],[-96.565941324352025,32.712516014262654],[-96.566065853308274,32.712569569759765],[-96.566193469774163,32.7126177051314],[-96.566323840474723,32.712660295673558],[-96.566456626745079,32.712697228774815],[-96.56659148093722,32.71272840996297],[-96.56672805091155,32.712753756102309],[-96.566865980935219,32.712773202196054],[-96.567004911682119,32.712786696851488],[-96.567144479334544,32.712794205302878],[-96.56728432097313,32.712795708655904],[-96.567424071881888,32.712791200864224],[-96.567563366446478,32.712780696287773],[-96.567701841747507,32.712764219866877],[-96.567839136662272,32.712741816948409],[-96.567974892762962,32.712713544215312],[-96.568108756113347,32.712679475733914],[-96.56824037816709,32.71263970068604],[-96.568369413971126,32.712594323369402],[-96.568495527555555,32.712543460929837],[-96.568618390136947,32.712487247141134],[-96.568737681016799,32.712425827869566],[-96.568853089377981,32.712359364097786],[-96.568964313386573,32.712288028145494],[-96.569071063785032,32.712212007448997],[-96.569148768955429,32.712151430748484],[-96.57253765527993,32.709405114538356],[-96.572543879706529,32.709400054039953],[-96.573285224276219,32.708795452801404],[-96.573303292091538,32.708780581107312],[-96.573400270616361,32.70869579237317],[-96.573491977827075,32.708606948320899],[-96.573578173873528,32.708514279478699],[-96.573658633278583,32.708418028469097],[-96.573733147633092,32.708318445473999],[-96.573801522002611,32.70821579125829],[-96.573863577622433,32.708110332634583],[-96.573919152795824,32.708002346242864],[-96.573968102893957,32.707892111747888],[-96.574010299457797,32.707779918641677],[-96.574045632892862,32.707666058685547],[-96.574074010672689,32.707550828933137],[-96.574095359135427,32.707434530218983],[-96.57410962258551,32.70731746564671],[-96.574116763293716,32.707199940589405],[-96.574116763293716,32.707082261933188],[-96.57410962258551,32.706964736566015],[-96.574095359135427,32.70684767137741],[-96.574074010672689,32.706731371746706],[-96.574045632892862,32.706616140787169],[-96.574010299457797,32.706502279345834],[-96.573968102893957,32.706390084492021],[-96.573919152795824,32.706279848005018],[-96.573863577622433,32.706171859397912],[-96.573801522002611,32.706066398358324],[-96.573733147633092,32.70596374155145],[-96.573658633278583,32.705864155817089],[-96.573578173873528,32.705767901948569],[-96.573491977827075,32.705675230157645],[-96.573400270616361,32.705586383097575],[-96.573326868376157,32.705521417705967],[-96.572418967169654,32.704748557599771],[-96.572408446999361,32.704739650808733],[-96.571020586716301,32.703571016630178],[-96.571007530601989,32.703560096728445],[-96.570949706945441,32.703513442593305],[-96.570794432250281,32.703391779947793],[-96.570683562484589,32.703309498482206],[-96.570568611059215,32.703233022902246],[-96.570481524782309,32.703178206981462],[-96.570363045604324,32.703107701350035],[-96.570241301133095,32.703042997073503],[-96.570116575214982,32.702984245009446],[-96.570031351145673,32.702946505103391],[-96.570009745764764,32.702923276525652],[-96.569923714110004,32.70283966599289],[-96.569895026411416,32.702813101520597],[-96.569889350855448,32.702807862251589],[-96.569792372330625,32.702723067841653],[-96.569690374918338,32.702642551100396],[-96.569583624519851,32.702566522185101],[-96.569472400511259,32.702495178402685],[-96.569356992150091,32.702428707232883],[-96.569237701270239,32.70236728103675],[-96.569114838688833,32.702311060836166],[-96.568988725104404,32.702260192534169],[-96.568859689300368,32.702214809938312],[-96.568728067246624,32.702175030225028],[-96.568594203896254,32.702140957719379],[-96.568468880829286,32.702114636446588],[-96.568357968536091,32.702093667109978],[-96.568229524961026,32.702072085471492],[-96.568100311949678,32.702055729530962],[-96.567889779186416,32.7020333896889],[-96.567098004095016,32.701949367098933],[-96.56682426317343,32.702173758005621],[-96.566496813777633,32.701891510055376],[-96.561784239220714,32.701608043411824],[-96.561634238184368,32.701602493513406],[-96.561484140830387,32.701603870687137],[-96.561344573177962,32.701611380079669],[-96.561205642431062,32.701624876423338],[-96.561067712407379,32.701644324942848],[-96.560931142433063,32.701669674231105],[-96.560796288240923,32.701700859273352],[-96.560663501970566,32.701737796911488],[-96.56053313127002,32.701780392647493],[-96.560405514804131,32.701828533840143],[-96.560280985847868,32.701882095752801],[-96.560159869591374,32.701940938529361],[-96.560042481343302,32.702004908706648],[-96.559929128327482,32.702073838458453],[-96.559901695575334,32.702092385818332],[-96.559701032602121,32.702181532679333]]],[[[-96.570515975173464,32.773863205855946],[-96.570567657946697,32.773863761013018],[-96.570707408855469,32.773859256309883],[-96.570846703420031,32.773848758930768],[-96.570985178721088,32.77383229379884],[-96.571122473635839,32.773809906229943],[-96.571258229736543,32.773781652868166],[-96.571380927926242,32.773750447719891],[-96.571837438278905,32.773746716455342],[-96.571914872158075,32.773757626249392],[-96.571921028312715,32.773758352108693],[-96.572053129168523,32.773773801353578],[-96.572164231006226,32.77379058901635],[-96.572286846550909,32.773810710641676],[-96.572426383660641,32.773830406264153],[-96.572565314407527,32.773843891675241],[-96.57270488205998,32.773851394983062],[-96.572844723698566,32.773852897306227],[-96.57298447460731,32.773848392602567],[-96.5731237691719,32.773837895222094],[-96.573262244472943,32.773821430088212],[-96.573399539387708,32.773799042516522],[-96.573535295488384,32.773770789151357],[-96.573669158838754,32.773736744008119],[-96.573800780892498,32.773696996207569],[-96.573929816696548,32.773651649975925],[-96.574055930280991,32.77360082237891],[-96.574178792862384,32.773544647098511],[-96.574298083742235,32.773483269901106],[-96.574413492103417,32.77341685165905],[-96.574524716111981,32.773345564574008],[-96.574631466510468,32.77326959595382],[-96.574733463922769,32.773189142925432],[-96.574811115194251,32.773121301437186],[-96.574919196895991,32.773098807188944],[-96.575053060246347,32.773064761788639],[-96.575184682300076,32.773025013687963],[-96.575313718104141,32.772979667113923],[-96.575439831688556,32.772928839133122],[-96.575562694269976,32.772872663428572],[-96.575681985149799,32.77281128576773],[-96.575797393510996,32.772744867024173],[-96.575908617519573,32.772673579400866],[-96.576015367918046,32.772597610207079],[-96.576117365330347,32.772517156571212],[-96.576214343855156,32.772432428462295],[-96.576287653568869,32.77236145858204],[-96.576374178398723,32.772394072904433],[-96.576504549099283,32.772436634883157],[-96.576637335369639,32.772473543215135],[-96.57677218956178,32.772504703491506],[-96.576908759536096,32.772530032632353],[-96.577046689559765,32.772549465684548],[-96.577185620306651,32.772562951289672],[-96.57732518795909,32.772570454705487],[-96.57746502959769,32.772571957050332],[-96.577604780506434,32.772567452281827],[-96.577723702178687,32.772558867237777],[-96.577830485814829,32.772549182436961],[-96.577973582796744,32.772532984110867],[-96.578115812308639,32.772510403190871],[-96.578237525944786,32.772488263036749],[-96.578315073910005,32.772476419502311],[-96.578350793620672,32.77247199479369],[-96.578381275254884,32.772469894983068],[-96.578456471430698,32.772466736203214],[-96.578553556855013,32.772465261048382],[-96.580032903363204,32.772462581901358],[-96.581692082709836,32.772459556058841],[-96.582380498542975,32.772458293906368],[-96.582716340000161,32.772458843784911],[-96.582728346882234,32.77245884151889],[-96.584278885775035,32.772455660834112],[-96.584349383761889,32.772455425171884],[-96.584405922827557,32.772455403267401],[-96.584414398432259,32.772455533939052],[-96.584437908241568,32.772455054305951],[-96.584497542003376,32.772454951581395],[-96.584552967158103,32.772454345808633],[-96.584691928447725,32.772455485598094],[-96.587043124973462,32.772475307660201],[-96.587058418791173,32.772475400565476],[-96.587176367587972,32.772475840921445],[-96.587223491411152,32.772475676260015],[-96.587363242319896,32.772471171486636],[-96.587502536884486,32.772460673943769],[-96.587641012185529,32.772444208555108],[-96.587778307100308,32.772421820636971],[-96.587795867367475,32.772418512300405],[-96.587842429743603,32.772409606227576],[-96.587960625577082,32.772384660759251],[-96.588094488927496,32.772350615085692],[-96.588226110981211,32.772310866666132],[-96.588355146785247,32.772265519728229],[-96.588418781643355,32.772239872518341],[-96.58846188191238,32.77222811354774],[-96.589241216235422,32.772219662919653],[-96.589843474649683,32.772216723176513],[-96.590504266389516,32.772213108168444],[-96.590521417923256,32.772212969187784],[-96.590661168832,32.772208464401103],[-96.590800463396576,32.7721979668272],[-96.590938938697633,32.77218150138993],[-96.591076233612384,32.772159113405699],[-96.591211989713074,32.772130859519919],[-96.591345853063444,32.772096813749336],[-96.591477475117202,32.772057065216366],[-96.591606510921238,32.772011718149145],[-96.591732624505653,32.771960889615535],[-96.591855487087059,32.771904713300025],[-96.591974777966911,32.771843334971635],[-96.592090186328079,32.771776915505725],[-96.592201410336671,32.771705627107089],[-96.592308160735158,32.771629657087068],[-96.592410158147459,32.77154920257621],[-96.592507136672268,32.771464473545805],[-96.592598843882982,32.771375692052658],[-96.592685039929449,32.771283088462638],[-96.59276549933449,32.771186905227403],[-96.592840013688999,32.771087392352655],[-96.592908388058547,32.770984810419669],[-96.592970443678368,32.770879426053199],[-96.593026018851731,32.770771515698364],[-96.593074968949892,32.770661358823013],[-96.593117165513732,32.770549244715305],[-96.593152498948797,32.770435464931111],[-96.593180876728624,32.770320316314915],[-96.593202225191334,32.77020409948932],[-96.593216488641417,32.770087117344723],[-96.593223629349609,32.769969675039022],[-96.593223952743116,32.769957829658708],[-96.593238041021706,32.769376071648182],[-96.59323818205722,32.76936459933372],[-96.593249905969998,32.768902656917994],[-96.593250064073473,32.768895860207998],[-96.593254144221504,32.768706228163111],[-96.593255565727844,32.768629603067396],[-96.593252562916888,32.768553023637381],[-96.593245145797297,32.768476745119365],[-96.593258777731748,32.768432845767343],[-96.593287155511575,32.768317694560352],[-96.593308503974299,32.768201475120058],[-96.593322767424368,32.76808449034349],[-96.59332990813256,32.767967045395409],[-96.59332990813256,32.767849446952972],[-96.593324838041099,32.767756378920005],[-96.593313353978502,32.767610306576856],[-96.593240795256378,32.766687256226341],[-96.593238723741337,32.766662865111606],[-96.593224460291268,32.766545878313011],[-96.593203111828515,32.76642965655936],[-96.593174734048702,32.766314502761091],[-96.593139400613637,32.766200717563791],[-96.593097204049783,32.76608859783768],[-96.59304825395165,32.765978435166922],[-96.592992678778273,32.7658705188705],[-96.592930623158452,32.765765128448955],[-96.592862248788919,32.765662540382252],[-96.592787734434424,32.765563021331324],[-96.592707275029355,32.765466831915148],[-96.592621078982901,32.765374222177691],[-96.592529371772187,32.765285434609957],[-96.592432393247364,32.765200699617054],[-96.592330395835049,32.7651202392952],[-96.59222364543659,32.765044263654566],[-96.592112421428013,32.764972969863742],[-96.591997013066816,32.764906545271145],[-96.591877722186979,32.764845162117055],[-96.591754859605572,32.764788981310623],[-96.591628746021144,32.76473814865254],[-96.591499710217107,32.764692797856597],[-96.591368088163364,32.764653046017266],[-96.591234224812979,32.764618997386457],[-96.591098468712318,32.764590741107249],[-96.590961173797538,32.764568351213775],[-96.590822698496495,32.764551884365147],[-96.590810228982036,32.76455069839534],[-96.587628522009808,32.764254243227867],[-96.587527061790055,32.764246351592206],[-96.58749550487245,32.764243675219326],[-96.587257736088105,32.764220005595156],[-96.58642681241659,32.764134008828421],[-96.586407948693932,32.764132112023248],[-96.585429584534864,32.764036646244108],[-96.585091760495843,32.763994749532714],[-96.585084472463947,32.76399385438436],[-96.584877580572538,32.763968673894325],[-96.58480673942924,32.763960844176097],[-96.583922761257057,32.763872991139969],[-96.583915406749824,32.763872268221711],[-96.583880508099341,32.763869071366635],[-96.582992666273128,32.76379256663288],[-96.582888270359021,32.763785264924628],[-96.582748519450263,32.76378075971143],[-96.582608677811677,32.763782262204586],[-96.582469110159238,32.763789766360595],[-96.582330179412324,32.763803253292878],[-96.582192249388669,32.76382268825035],[-96.582063843303644,32.763846505283361],[-96.581988373141684,32.763839262500795],[-96.580773479873329,32.763722656491126],[-96.580637693229946,32.763712496336517],[-96.580497942321188,32.763707991119638],[-96.580358100682588,32.763709493614023],[-96.580218533030163,32.763716997776164],[-96.580195856857443,32.763719199017082],[-96.580193836546371,32.763718488939404],[-96.580062214492628,32.763678736665021],[-96.579928351142243,32.763644687661596],[-96.579792595041553,32.763616431073096],[-96.579655300126802,32.763594040934649],[-96.579516824825745,32.763577573905749],[-96.579485284077819,32.76357466787028],[-96.577837025550096,32.763430911533639],[-96.577090604600741,32.763366199803997],[-96.576989841473633,32.763330785664031],[-96.576858219419904,32.763291033216554],[-96.576724356069519,32.763256984064839],[-96.576588599968829,32.763228727353287],[-96.576451305054064,32.763206337117346],[-96.576331738391431,32.763191762309511],[-96.57626414735283,32.763184799729451],[-96.576245238714421,32.763182907436516],[-96.576142162425455,32.763174558684966],[-96.57573205634543,32.763147912474352],[-96.575650504588978,32.763142613296459],[-96.575614280923475,32.763140462653489],[-96.575474530014716,32.763135957407655],[-96.575334688376131,32.763137459911746],[-96.575195120723691,32.763144964122112],[-96.575056189976806,32.763158451152066],[-96.574918259953122,32.763177886250304],[-96.574794959892188,32.763200756931788],[-96.574781221956542,32.763197121161575],[-96.574638473002622,32.763162904387919],[-96.574494298765188,32.763135302925861],[-96.574349005642418,32.76311437543383],[-96.574245958997864,32.763101915750724],[-96.574098079234105,32.763082919527498],[-96.574088437616155,32.763081695012438],[-96.574071242064988,32.763079539080167],[-96.573954515875286,32.763064914394754],[-96.572748471910813,32.76291378142524],[-96.572735021436074,32.762840555102244],[-96.572706643656232,32.762725396661402],[-96.572671310221168,32.762611606876767],[-96.572629113657342,32.762499482630552],[-96.572580163559181,32.762389315518469],[-96.572524588385818,32.762281394871422],[-96.572462532765982,32.762176000200981],[-96.572394158396449,32.762073407998429],[-96.572319644041954,32.761973884935458],[-96.572239184636899,32.761877691641352],[-96.572152988590446,32.761785078170412],[-96.572061281379703,32.761696287023227],[-96.571964302854909,32.761611548614226],[-96.571862305442608,32.761531085048702],[-96.57175555504412,32.761455106345153],[-96.571644331035543,32.761383809680154],[-96.571528922674347,32.761317382409707],[-96.571409631794523,32.76125599678101],[-96.571286769213103,32.761199813709702],[-96.571160655628688,32.761148979002336],[-96.571031619824652,32.761103626378123],[-96.570899997770894,32.761063872936234],[-96.570766134420523,32.761029822932798],[-96.570630378319834,32.761001565514412],[-96.570493083405083,32.760979174718379],[-96.570354608104026,32.760962707205849],[-96.570276896645424,32.760956849638639],[-96.570266915464302,32.760902508106476],[-96.570238537684489,32.760787347158939],[-96.57020320424941,32.760673554897423],[-96.57016100768557,32.760561428210579],[-96.570112057587409,32.760451258700485],[-96.57005648241406,32.76034333570427],[-96.569994426794224,32.760237938739763],[-96.569926052424691,32.760135344304096],[-96.569851538070196,32.760035819074822],[-96.569771078665141,32.759939623686897],[-96.569684882618674,32.759847008200005],[-96.56959317540796,32.759758215120144],[-96.569496196883136,32.759673474866723],[-96.569394199470835,32.759593009549725],[-96.569287449072348,32.759517029192445],[-96.569176225063785,32.759445730975578],[-96.569060816702603,32.759379302259191],[-96.568941525822751,32.759317915294396],[-96.568818663241359,32.759261731000137],[-96.56869254965693,32.759210895186278],[-96.56856351385288,32.759165541574909],[-96.568431891799136,32.759125787267806],[-96.568298028448766,32.75909173652316],[-96.568162272348076,32.759063478489772],[-96.568103299746312,32.759053110057074],[-96.567683796390085,32.758983396386114],[-96.567271959256502,32.758913123632986],[-96.566483632797471,32.758778605646221],[-96.566357032990098,32.758759607343841],[-96.566229781318484,32.758745626686029],[-96.566102076572491,32.758736685513085],[-96.565974118249784,32.758732797792725],[-96.565903998453649,32.758722566056989],[-96.565600199902647,32.758667549304576],[-96.565582954045837,32.758664473133791],[-96.565548544078865,32.758658005771466],[-96.565336164379403,32.758622212791714],[-96.565267410022514,32.758611391795995],[-96.564870955639847,32.758553392475584],[-96.564854168822123,32.758550981848501],[-96.564803138225784,32.75854420625604],[-96.564405095621694,32.758494590833536],[-96.564336977272035,32.758486833912208],[-96.563937587195014,32.758445637910043],[-96.563918260839998,32.758443702455935],[-96.563869288283968,32.758439323132023],[-96.56346881034716,32.758406569227276],[-96.563400329976403,32.758401697350131],[-96.562999006724922,32.758377406706167],[-96.562977165087105,32.758376158707527],[-96.562930401488373,32.75837398150879],[-96.562528484450468,32.758358169242769],[-96.562459804653727,32.758356192992586],[-96.562057545357703,32.758348868175112],[-96.561971784034995,32.75834763956032],[-96.561886058766603,32.758350413065017],[-96.561749057356764,32.758333455215848],[-96.561611448069627,32.758322471635516],[-96.561473491302692,32.758317483108208],[-96.560580480570337,32.758303749068972],[-96.560577469417495,32.758254223410766],[-96.560563205967412,32.75813722556304],[-96.560541857504674,32.75802099283262],[-96.560513479724847,32.757905828158407],[-96.560478146289782,32.757792032214411],[-96.560435949725942,32.757679901899053],[-96.560386999627795,32.757569728823782],[-96.560331424454446,32.757461802335158],[-96.560269368834625,32.757356401959953],[-96.560200994465077,32.757253804204225],[-96.560126480110569,32.757154275754274],[-96.560046020705514,32.75705807725344],[-96.55995982465906,32.756965458769542],[-96.559868117448332,32.756876662816325],[-96.559771138923537,32.756791919820699],[-96.559669141511208,32.756711451899847],[-96.559562391112749,32.756635469083776],[-96.559451167104157,32.756564168559713],[-96.559335758742975,32.756497737693763],[-96.559216467863138,32.756436348742447],[-96.559093605281731,32.756380162630144],[-96.558967491697317,32.756329325171251],[-96.558838455893266,32.756283970092255],[-96.558706833839523,32.756244214498665],[-96.558572970489138,32.756210162652209],[-96.558437214388462,32.756181903704345],[-96.558299919473697,32.756159511696374],[-96.55816144417264,32.756143043292518],[-96.55802214960805,32.756132543824172],[-96.557882398699306,32.756128038223743],[-96.557860674740809,32.756127878064895],[-96.557179833502119,32.756125108525694],[-96.556591560958523,32.756122275527233],[-96.556392686531055,32.756120797835237],[-96.556285361751222,32.756111867531331],[-96.556177793430166,32.756106631597753],[-96.556070108699032,32.756105096222676],[-96.555749236767753,32.756105940834111],[-96.555652931081084,32.756107619480446],[-96.555513363428659,32.756115124283276],[-96.555374432681774,32.756128612378063],[-96.55523650265809,32.756148049010726],[-96.55509993268376,32.756173382805628],[-96.55496507849162,32.756204548787707],[-96.554832292221278,32.756241463849683],[-96.554701921520717,32.75628403355131],[-96.554608600935751,32.756319215544551],[-96.55448763617575,32.756277807357719],[-96.554365028702435,32.756241551067397],[-96.554240997827321,32.756210511526241],[-96.554115765407943,32.756184744255584],[-96.553999259305499,32.756163083539285],[-96.553815162164426,32.75612885110543],[-96.553677196208127,32.756106334432069],[-96.553538720907085,32.756089866018442],[-96.553399426342509,32.756079366543823],[-96.553259675433765,32.756074860940714],[-96.553221465593154,32.756074675095917],[-96.551883327061077,32.756076120303625],[-96.551845122610374,32.756076380184162],[-96.551743485422477,32.75607773473584],[-96.551603917770052,32.756085239541186],[-96.551464987023166,32.756098727640548],[-96.551327056999483,32.756118164279748],[-96.551190487025167,32.756143498083148],[-96.551055632833027,32.756174664075694],[-96.550922846562671,32.756211579150047],[-96.55079247586211,32.756254148865906],[-96.550664859396221,32.756302260650969],[-96.550540330439972,32.756355789844633],[-96.550419214183478,32.756414596676258],[-96.550334687206814,32.756460630850277],[-96.550244331960585,32.75640862095748],[-96.550125041080733,32.75634723194473],[-96.550002178499341,32.756291045776194],[-96.549876064914912,32.756240208266441],[-96.549747029110875,32.756194853142055],[-96.549615407057118,32.756155097508682],[-96.549481543706747,32.756121045628149],[-96.549345787606072,32.756092786652069],[-96.549208492691292,32.756070394621638],[-96.549070017390264,32.756053926201353],[-96.548930722825673,32.756043426722442],[-96.548790971916929,32.756038921117515],[-96.548740440783874,32.756038770779568],[-96.548580817344401,32.756039545888697],[-96.548656754630329,32.749990810537618],[-96.548655511280671,32.749889666591216],[-96.54864873781186,32.749788742045475],[-96.548636454501533,32.74968833903705],[-96.548631472833435,32.749572929456626],[-96.548619478385291,32.749458036804626],[-96.548600515601962,32.749344086810687],[-96.548577951718642,32.74922905899902],[-96.548570825383493,32.749194378895716],[-96.548545504570583,32.749090315838963],[-96.548514592643357,32.74897668164671],[-96.548494538470194,32.748907844868015],[-96.54847204393991,32.748839766471512],[-96.548432897156474,32.748727959584258],[-96.548394858894071,32.74862781264946],[-96.548380443628702,32.74859353123199],[-96.548333215600962,32.748483976273818],[-96.548298680768184,32.748408073324782],[-96.548270987504594,32.748352398176252],[-96.548215854302356,32.748245513731007],[-96.548187972392554,32.748193251225885],[-96.548144134606702,32.748117411494022],[-96.548081308232355,32.74801359952793],[-96.548063090398401,32.747984027881273],[-96.548000290075194,32.74788934036966],[-96.547930009480623,32.747789002096738],[-96.547885990461978,32.747728318594305],[-96.547840008170638,32.747669108879272],[-96.547762539257164,32.747572623606182],[-96.547691992761273,32.747488847914994],[-96.547663909628866,32.747457586707199],[-96.547579548840517,32.747365320143572],[-96.54752143592647,32.747303952852697],[-96.547472580151435,32.747255504524205],[-96.547381647288503,32.747167811048399],[-96.547338795852795,32.747127453751546],[-96.547298523480293,32.74709120130094],[-96.542532474909464,32.742892483388445],[-96.542358898837008,32.74273740908226],[-96.542195677644827,32.742587080311047],[-96.542021334411118,32.742421540656721],[-96.54199246076125,32.742394556535821],[-96.541969401007918,32.74237440287618],[-96.541901272047625,32.742304374070713],[-96.541830132494468,32.742237405773714],[-96.541630685840147,32.742057451165188],[-96.5414502978429,32.741889103521324],[-96.541302471978057,32.741746394181696],[-96.539335872971535,32.739647294067197],[-96.539017463322452,32.739303221412193],[-96.538982476637074,32.73926649503337],[-96.538938228321129,32.739177302875838],[-96.538767141480335,32.738832438035018],[-96.538764426771536,32.738826987043353],[-96.538725712077735,32.738749509480037],[-96.538195913570931,32.737689220111974],[-96.53815659224955,32.737612859713153],[-96.538113441949633,32.737538595802398],[-96.538066574136323,32.737466620216964],[-96.537607680553208,32.736551438654637],[-96.537433967038524,32.736189489318313],[-96.536796039219297,32.734772246991518],[-96.536313928677657,32.733677997198647],[-96.536298141684867,32.73364303900582],[-96.536134782152132,32.733289959129451],[-96.535922574030877,32.732826023550736],[-96.535909455932781,32.732797897738507],[-96.535754060863368,32.732471026333869],[-96.535719094114143,32.732400859306367],[-96.535681575803082,32.732332022821595],[-96.535587170951544,32.732166076458959],[-96.53557344828728,32.732141752968161],[-96.535538733791427,32.732082435905028],[-96.535510038906324,32.732035129430713],[-96.53543191601932,32.731903296562962],[-96.535403368457892,32.731856469089664],[-96.535354849551084,32.731782401107289],[-96.535207558183856,32.731567002395543],[-96.535187702721117,32.731538443184469],[-96.535122479641601,32.731450702502201],[-96.535112546969501,32.731437989016825],[-96.535019133858057,32.731318812094358],[-96.534881671856652,32.731129744629214],[-96.534824888449222,32.731054921875462],[-96.534785219744606,32.731006173775533],[-96.534764225218083,32.730981073885417],[-96.534691734767918,32.730894672475529],[-96.534684856367775,32.730886511128965],[-96.534526888523388,32.73069995992325],[-96.53444809549319,32.730591967631078],[-96.534443661408957,32.730585911589166],[-96.534277107467062,32.73035920872163],[-96.534201645608135,32.730262054154188],[-96.534121175205115,32.730169005691735],[-96.533414655624028,32.729393517736661],[-96.533374103875474,32.729350095610393],[-96.533219129217613,32.729188183640289],[-96.533198858733229,32.729167256941068],[-96.533107151522515,32.729078433280137],[-96.533010172997692,32.728993663841607],[-96.532908175585376,32.72891317081195],[-96.532801425186918,32.728837164286574],[-96.532690201178312,32.728765841514281],[-96.532574792817144,32.72869938991964],[-96.532455501937307,32.72863798181293],[-96.532332639355886,32.728581778168632],[-96.532206525771471,32.728530924846822],[-96.532077489967435,32.728485555615649],[-96.531945867913691,32.728445787617048],[-96.531812004563307,32.728411725145349],[-96.531676248462617,32.72838345737982],[-96.531538953547866,32.728361058384799],[-96.531400478246809,32.728344584842347],[-96.531261183682233,32.728334082097838],[-96.531121432773489,32.728329575091529],[-96.530981591134875,32.728331078182691],[-96.53084202348245,32.728338585325396],[-96.53070309273555,32.728352077625559],[-96.530565162711881,32.728371520318269],[-96.53042859273755,32.728396862011863],[-96.53029373854541,32.728428037711033],[-96.530160952275068,32.728464964282587],[-96.530030581574522,32.728507547256825],[-96.529902965108619,32.728555674026325],[-96.529778436152355,32.728609219891638],[-96.529657319895861,32.728668045038724],[-96.52953993164779,32.728731996050364],[-96.52942657863197,32.728800905150472],[-96.529317556394162,32.728874593983093],[-96.529213148801944,32.72895286983362],[-96.529154400778992,32.729000637406997],[-96.52766871665645,32.730245238542942],[-96.527545784006463,32.730348026853797],[-96.52715794446739,32.730673253366817],[-96.52702555615069,32.730784336296388],[-96.52686892679607,32.730914957952592],[-96.525520197126809,32.732016275448885],[-96.525506736770595,32.732027342245544],[-96.525115719890337,32.732351049028956],[-96.52507739416707,32.732383412766033],[-96.524934796497178,32.732506240401676],[-96.524920846559127,32.732518345423166],[-96.52482647314865,32.732605166920699],[-96.524814523758735,32.732617355807704],[-96.526712236356005,32.734098643035836],[-96.526786668065512,32.734158477134883],[-96.526999100765579,32.734329255955259],[-96.527600960327845,32.734806862433345],[-96.528012322252636,32.735133294554728],[-96.52917329594267,32.736054728458797],[-96.530149761063257,32.736922326369339],[-96.529309484133023,32.737576596003713],[-96.528906445997649,32.737899454472803],[-96.526790517346484,32.739594062364475],[-96.52481757533576,32.741253490903006],[-96.523687168619887,32.742214102047903],[-96.52399369176112,32.742543153839236],[-96.52092938830836,32.746501898579162],[-96.521375292252458,32.74687313247302],[-96.521206361368328,32.747299736177915],[-96.521074063781498,32.747633825249103],[-96.52103739006003,32.747726432282079],[-96.520877015628969,32.748131413052121],[-96.520641912146061,32.748725102173566],[-96.51979829797456,32.748688641091498],[-96.519704917202446,32.748684016496355],[-96.519690068050807,32.74905051019168],[-96.519685933105549,32.749152500133256],[-96.519683580417819,32.749442145430407],[-96.519672815905778,32.749838419348549],[-96.519637073737258,32.753232039060158],[-96.519631988374414,32.753693433464058],[-96.519636592240261,32.754047538522698],[-96.519647154631357,32.754301889935292],[-96.519646520420778,32.754328582611052],[-96.51964531937324,32.754379133373781],[-96.519645212473719,32.754383651905854],[-96.520291390420525,32.75457895562225],[-96.525668491912228,32.756162454991689],[-96.527313187721532,32.756643116624417],[-96.532297774841396,32.758099692573794],[-96.534120847320025,32.75860117817696],[-96.537337719742354,32.759560192612618],[-96.545960704748481,32.762102145520899],[-96.545995317734693,32.762111894913289],[-96.546302476883156,32.762198413358533],[-96.546337434822448,32.762208259433464],[-96.546396454136598,32.762221157382037],[-96.546727605489679,32.762293527575096],[-96.546999399762043,32.762338576672377],[-96.547322313563967,32.762392100726558],[-96.547361925674736,32.762395951822306],[-96.55891963844212,32.763519683576689],[-96.561546954628298,32.763775931186217],[-96.565253321743896,32.764130252987968],[-96.569073901563016,32.764493373734688],[-96.570451008113793,32.764623383960384],[-96.570461400723318,32.764647771856993],[-96.570460932701039,32.764760242389244],[-96.570463816293113,32.766793357120193],[-96.57053397471681,32.771650534535439],[-96.570515975173464,32.773863205855946]]],[[[-96.603872337779308,32.772139262570605],[-96.603894692355169,32.772139585096667],[-96.603906196180702,32.772150868220891],[-96.603914245983958,32.772158626973095],[-96.603917998246899,32.772162226876752],[-96.603950390597717,32.772192752029675],[-96.60395421831916,32.772196295282207],[-96.603986187563478,32.772225382275842],[-96.603990088048448,32.772228870388041],[-96.604012050060518,32.772248282356756],[-96.60402345237641,32.772258185480474],[-96.604027423828285,32.772261613920371],[-96.604061198686338,32.772290263557096],[-96.604065240206793,32.772293632324761],[-96.604098941403009,32.772321245640057],[-96.604103052093748,32.772324556246218],[-96.604123694480649,32.772341008061098],[-96.604138038779112,32.772352242063448],[-96.604142215945188,32.772355489976171],[-96.604177024764127,32.772382092643035],[-96.604181270202147,32.772385281639089],[-96.604218436200398,32.772412695519336],[-96.604222746317134,32.772415817290096],[-96.6042408347937,32.772428804399063],[-96.604258321399016,32.772441144190282],[-96.604262694397818,32.772444204023117],[-96.604300023889451,32.77246985948269],[-96.604304460668658,32.772472854356408],[-96.604342277047166,32.772497923673768],[-96.604346774013464,32.772500851322391],[-96.60436316377583,32.772511439499795],[-96.604384571527376,32.772525021037261],[-96.604389128680793,32.772527882971566],[-96.604427844272919,32.772551755080286],[-96.604432459816849,32.772554549034332],[-96.604470878066607,32.772577386338391],[-96.604475551102709,32.772580113822897],[-96.604490362525112,32.772588698109566],[-96.604515993256797,32.772603270623478],[-96.604520720191829,32.772605925595855],[-96.604560336794179,32.772627762834837],[-96.60456512122137,32.772630350582446],[-96.604605868802665,32.772651965749596],[-96.604610702637203,32.772654480229875],[-96.604622095969958,32.772660374793723],[-96.604651623593341,32.772675352905871],[-96.604656511326809,32.772677797140183],[-96.604697667641531,32.772697972645169],[-96.604702603884036,32.772700344367621],[-96.604744813922608,32.772720211694747],[-96.604749796877485,32.772722508639362],[-96.604758019157273,32.772726283755681],[-96.60479162333543,32.77274139403869],[-96.604796655697641,32.772743619226873],[-96.604839313995541,32.772762082395019],[-96.604844389476895,32.772764232050193],[-96.604887090893925,32.772781928559297],[-96.604892211291059,32.772784004192083],[-96.604897776354235,32.772786253549626],[-96.604936529675584,32.772801560206823],[-96.604941692293536,32.772803558040806],[-96.604984134995775,32.772819616243019],[-96.604989335342935,32.772821539299429],[-96.605034145105947,32.772837710797063],[-96.605040193462756,32.772839840056655],[-96.605084246844285,32.772854958628919],[-96.605089525344894,32.772856725332453],[-96.605132700174067,32.772870821948302],[-96.60513801281067,32.772872513119054],[-96.605183329223479,32.772886555349068],[-96.605190048621822,32.772888578106802],[-96.605234252022001,32.772901525114605],[-96.605239632032223,32.772903057666767],[-96.605286065050947,32.772915897416539],[-96.605291477400542,32.772917349148805],[-96.605330890085312,32.77292764572173],[-96.605336243146098,32.77292900228305],[-96.605341682445143,32.772930375461449],[-96.605388752369407,32.772941873752622],[-96.605394222211174,32.772943165355926],[-96.605440435142654,32.772953711937951],[-96.60544593013725,32.772954922721389],[-96.605482148412861,32.772962681403499],[-96.605492156543448,32.772964747212868],[-96.605497674894238,32.772965877176595],[-96.60554350155013,32.772974910843423],[-96.605549041460506,32.772975960742755],[-96.605597377110996,32.772984736088034],[-96.605602941275862,32.772985702146372],[-96.605635340813208,32.772991156334861],[-96.605650192659809,32.772993542400663],[-96.605655772096028,32.772994425373362],[-96.605702401845789,32.773001454409929],[-96.605708001943285,32.773002256562961],[-96.605754182535406,32.773008530275924],[-96.60575979610762,32.773009251609373],[-96.605790063942806,32.773012995745333],[-96.60580952145186,32.773015249628983],[-96.605815148498792,32.773015884100225],[-96.605862060319552,32.773020826933305],[-96.605867701739541,32.773021379829672],[-96.605913973959829,32.773025580180125],[-96.605919624362969,32.773026052256895],[-96.605945913559765,32.773028140724477],[-96.605969065839574,32.773029802434721],[-96.605974727022499,32.773030188404675],[-96.606021877795143,32.773033058631256],[-96.606027544367947,32.773033362271022],[-96.606075645558136,32.77303558291996],[-96.606081318419172,32.773035802718887],[-96.606102481828941,32.773036553509691],[-96.606129369303716,32.77303730883245],[-96.606135043961359,32.773037444790539],[-96.606183145151562,32.773038242411353],[-96.606188823402491,32.773038294528597],[-96.606212745538485,32.773038425954788],[-96.607157448027252,32.773040156399126],[-96.608433435718055,32.773042483548394],[-96.608745037035618,32.77304791733976],[-96.60879956746831,32.773048411320744],[-96.609722866697126,32.773049048057764],[-96.609738310533473,32.773049282963086],[-96.609786380282657,32.773049658358424],[-96.610041389533919,32.773049766369596],[-96.610053094582057,32.773049944625726],[-96.6101000396405,32.773050320021063],[-96.611030086115406,32.773051045130792],[-96.611034897492061,32.773051118397099],[-96.611046867543237,32.773051301185163],[-96.611098252974102,32.773051413728219],[-96.611106673781578,32.77305164863354],[-96.61111487001024,32.773052306519538],[-96.611136116065012,32.773056558230486],[-96.611148394238327,32.773059763064147],[-96.611267298842606,32.773091808372953],[-96.611310310178382,32.77310307249342],[-96.611324149623655,32.773106559060544],[-96.611329101137514,32.77310779401229],[-96.611339750665195,32.773122856645223],[-96.611417262697799,32.773220734239707],[-96.611500618271336,32.773315156135823],[-96.611589599095183,32.773405876110388],[-96.611683972505674,32.773492657759945],[-96.611730024638703,32.773531939620199],[-96.61210493203096,32.773844153769851],[-96.612158502164604,32.773887391062459],[-96.612343058344777,32.774042228345181],[-96.612482497538139,32.774161729548027],[-96.612499685004479,32.774176754992283],[-96.612580394141162,32.774247647893716],[-96.612797937356888,32.774430647076947],[-96.612833279775117,32.774460128367807],[-96.612908936332005,32.774522269848575],[-96.612987300919499,32.774580959452926],[-96.613068216171371,32.774636079324544],[-96.613559688954894,32.775059526544126],[-96.613645970341281,32.775130655152793],[-96.613750377933513,32.775208890363146],[-96.613859400171336,32.775282540811524],[-96.613972753187142,32.775351413906876],[-96.614090141435213,32.775415331408993],[-96.614211257691707,32.775474125651513],[-96.61433578664797,32.775527643318242],[-96.614463403113859,32.775575744688105],[-96.614593773814406,32.775618305145152],[-96.614726560084762,32.775655212157666],[-96.614861414276902,32.775686371320042],[-96.614997984251232,32.775711699555345],[-96.615135914274902,32.775731131912757],[-96.615274845021801,32.775744617035812],[-96.615414412674241,32.775752120183363],[-96.61555425431284,32.775753622474454],[-96.615694005221584,32.775749117866994],[-96.615833299786161,32.775738620710783],[-96.615971775087203,32.77572215592852],[-96.616109070001968,32.775699768835047],[-96.616244826102658,32.77567151607326],[-96.616378689453029,32.775637471657163],[-96.616510311506786,32.775597724705563],[-96.616639347310823,32.775552379442424],[-96.616765460895238,32.775501552930997],[-96.616888323476644,32.775445378850407],[-96.617007614356496,32.775384002963889],[-96.617123022717664,32.775317586140403],[-96.617234246726255,32.775246300577905],[-96.617324435784141,32.77518264277915],[-96.617393859385956,32.775131461818482],[-96.617410420726529,32.775119152612554],[-96.61751241813883,32.775038701256207],[-96.617609396663639,32.774953975547895],[-96.617701103874353,32.774865197535725],[-96.61778729992082,32.774772597576487],[-96.61786775932589,32.774676418112414],[-96.61794227368037,32.774576909139441],[-96.618010648049918,32.77447433122849],[-96.618072703669739,32.774368950993903],[-96.618098322723327,32.774319207679099],[-96.618160204968305,32.774236568214405],[-96.618228579337838,32.774133989911164],[-96.618290634957674,32.774028609273508],[-96.618346210131023,32.773920702736987],[-96.618395160229184,32.773810549759304],[-96.618437356793024,32.773698439618634],[-96.618472690228089,32.773584663860341],[-96.618501068007916,32.773469519318397],[-96.618522416470654,32.773353306604967],[-96.618534187095818,32.773261779138792],[-96.61855256033833,32.773086111732155],[-96.618555053163234,32.773060661142608],[-96.618562193871426,32.772943222760532],[-96.618562193871426,32.772825630892541],[-96.618555053163234,32.772708192200284],[-96.618540789713151,32.772591213346921],[-96.618519441250413,32.77247499948659],[-96.618494882208864,32.77237534982698],[-96.618503599460396,32.772303858724257],[-96.618510740168574,32.772186419343477],[-96.618510740168574,32.772068826475554],[-96.618503599460396,32.7719513867847],[-96.618489336010313,32.771834406936563],[-96.618467987547589,32.771718192088017],[-96.618439609767748,32.771603045131322],[-96.618404276332697,32.77148926669426],[-96.618362079768858,32.771377153629416],[-96.618313129670696,32.771266997503623],[-96.618257554497333,32.771159087618699],[-96.618234594456993,32.771120097027321],[-96.618257947959421,32.771088909073953],[-96.618326322328954,32.77098632714273],[-96.618388377948776,32.770880942778042],[-96.618443953122153,32.770773032425048],[-96.618492903220286,32.770662875551515],[-96.61853509978414,32.770550761445769],[-96.618570433219205,32.770436981663522],[-96.618598810999018,32.770321833049223],[-96.61862015946177,32.77020561622566],[-96.618634422911853,32.770088634083066],[-96.618641563620045,32.769971191779312],[-96.618641563620045,32.769853595984635],[-96.618634422911853,32.769736153370744],[-96.61862015946177,32.769619170611143],[-96.618598810999018,32.769502952870134],[-96.618570433219205,32.769387803047479],[-96.61853509978414,32.7692740217786],[-96.618492903220286,32.769161905923461],[-96.618443953122153,32.769051747055968],[-96.618388377948776,32.768943834485363],[-96.618326322328954,32.768838447702308],[-96.618257947959421,32.768735863177383],[-96.618183433604926,32.768636347562357],[-96.618102974199857,32.768540161466987],[-96.618016778153404,32.768447554926844],[-96.61792507094269,32.768358770424356],[-96.617828092417867,32.76827403835685],[-96.617726095005565,32.768193580812849],[-96.617619344607107,32.768117607795169],[-96.617508120598515,32.768046316465664],[-96.617392712237319,32.767979894166295],[-96.617273421357481,32.767918513131377],[-96.617150558776075,32.76786233426445],[-96.617024445191646,32.76781150336128],[-96.61689540938761,32.767766154131067],[-96.61676378733388,32.767726403664099],[-96.616707288692396,32.767711267602529],[-96.616690298855417,32.767706885712983],[-96.61661194869464,32.767687746952468],[-96.616074326760042,32.767563877821537],[-96.615969389161833,32.767515895246781],[-96.615843275577404,32.767465064145725],[-96.615714239773354,32.76741971473902],[-96.615582617719596,32.767379964117346],[-96.615488811146079,32.767355449311509],[-96.613621788592155,32.766898240978662],[-96.61358173181533,32.766888708147647],[-96.61344597571464,32.766860452588851],[-96.613308680799875,32.766838063266228],[-96.613170205498847,32.766821596837417],[-96.613030910934242,32.766811098628182],[-96.612891160025484,32.766806593568106],[-96.612751318386898,32.766808096010188],[-96.612611750734473,32.766815599911155],[-96.612475487983971,32.766828827291313],[-96.612195581924581,32.766788588433059],[-96.611859948876557,32.766740335015655],[-96.61154132812338,32.766694528992275],[-96.610911654923285,32.766603999330471],[-96.610834061415744,32.766593801053375],[-96.610756242785882,32.766585493339136],[-96.610594450813323,32.766570190900538],[-96.610579281861433,32.766568791941182],[-96.610448329950898,32.766557027689068],[-96.610163317867432,32.766525900833223],[-96.60951045914986,32.766454600675218],[-96.60947181811791,32.766450615297565],[-96.609451332936189,32.766448692858944],[-96.60915985208436,32.766422265177319],[-96.60914917470889,32.766421314910694],[-96.608874816644729,32.766397957081679],[-96.608833332444888,32.766393965658473],[-96.608740572408664,32.766384495469971],[-96.608475883810186,32.766361798588186],[-96.608174441540186,32.766334439497747],[-96.608161549817538,32.766333295852988],[-96.607111686050061,32.766242525612896],[-96.607050907834548,32.766236676702221],[-96.60684764603522,32.766214886994952],[-96.606821306532765,32.766212220501245],[-96.606819940195237,32.766212076978917],[-96.606819310476212,32.766212029389919],[-96.60600960411341,32.76613272042789],[-96.605868947702845,32.766122089190347],[-96.605823296218418,32.766120617707337],[-96.605774224847707,32.766114725731903],[-96.605414386694349,32.766078968231142],[-96.604529939601591,32.765991071962297],[-96.604522591382562,32.765990349816583],[-96.60450415705462,32.765988613947471],[-96.604088460758589,32.765950657476488],[-96.604077504007051,32.765949675478772],[-96.6038314886884,32.765928054151665],[-96.603591923273484,32.765906998601395],[-96.60334764709323,32.76588453274524],[-96.603224675815667,32.765875576918702],[-96.603084924906909,32.765871071811283],[-96.602945083268324,32.76587257426916],[-96.602805515615898,32.765880078248976],[-96.602666584868999,32.765893564864591],[-96.602528654845329,32.765912999365732],[-96.602392084870985,32.765938330382411],[-96.602257230678845,32.765969492946667],[-96.602124444408489,32.766006403960347],[-96.601994073707942,32.766048968993559],[-96.601866457242053,32.766097075486279],[-96.60174192828579,32.766150598791604],[-96.601620812029296,32.766209399154405],[-96.601503423781239,32.766273323222087],[-96.601390070765419,32.766342203289206],[-96.601281048527596,32.766415861074982],[-96.601176640935378,32.766494103945988],[-96.601077120178303,32.76657672718288],[-96.600982746767826,32.766663515491032],[-96.600893765943979,32.766754242245433],[-96.600810410370457,32.766848671001625],[-96.600732898337867,32.766946555495778],[-96.600661430170476,32.767047641155528],[-96.600596194514537,32.767151662078767],[-96.600537360253327,32.767258348587561],[-96.600485080100412,32.767367421940456],[-96.60043949239639,32.767478598109591],[-96.600400714820509,32.767591585514587],[-96.600368848882439,32.767706091065875],[-96.600343977227169,32.767821814876875],[-96.60032616543171,32.767938455551771],[-96.600315460208478,32.768055708674815],[-96.600311888506894,32.768172445729832],[-96.600311756454573,32.768482674706497],[-96.600311515706053,32.768760748484333],[-96.600313885461773,32.76880899778503],[-96.600313862105594,32.768879119964865],[-96.600311245313151,32.768923868874118],[-96.600311048582114,32.769066629089821],[-96.600282867533338,32.769135354413656],[-96.600244089957471,32.769248339715766],[-96.600212224019401,32.769362843135845],[-96.600187352364117,32.769478564792891],[-96.600169540568672,32.769595203296831],[-96.600158835345425,32.76971245423757],[-96.600155263643856,32.769830011695888],[-96.600158835345425,32.769947568998951],[-96.600169540568672,32.770064819475451],[-96.600187352364117,32.770181457211152],[-96.600212224019401,32.770297177803982],[-96.600244089957471,32.770411679874805],[-96.600282867533338,32.770524663556728],[-96.600328455237374,32.770635835782507],[-96.600380735390274,32.770744904996747],[-96.600439569651499,32.770851587198869],[-96.600504805307438,32.770955603676818],[-96.600576273474815,32.771056684783815],[-96.600653785507404,32.771154564650516],[-96.600737141080941,32.771248988738705],[-96.600826121904774,32.771339710819426],[-96.600920495315265,32.771426494483684],[-96.60102001607234,32.771509113142301],[-96.601124423664558,32.771587351536368],[-96.60123344590238,32.771661004981858],[-96.601346798918186,32.771729880879946],[-96.601464187166258,32.771793800983119],[-96.601585303422752,32.771852597618221],[-96.601709832379001,32.771906117462819],[-96.60183744884489,32.771954220790136],[-96.60196781954545,32.771996782979208],[-96.602100605815806,32.77203369149359],[-96.602235460007947,32.77206485192395],[-96.602372029982277,32.772090181189981],[-96.602509960005946,32.772109614338177],[-96.602648890752846,32.772123100010006],[-96.602788458405271,32.772130603462898],[-96.602912416931332,32.772132237242644],[-96.602954261355578,32.772131991760212],[-96.603872337779308,32.772139262570605]]],[[[-96.659288710563985,32.794393900989895],[-96.65941374244332,32.794406303441654],[-96.659539160375161,32.794413862147366],[-96.659664776782961,32.794416565802123],[-96.661355001007479,32.794420358121378],[-96.661248534476627,32.79467816220253],[-96.661228112176971,32.794727945483885],[-96.661203285437438,32.794789403172786],[-96.661164507861599,32.794902355899758],[-96.661132641923501,32.795016826306906],[-96.661107770268245,32.795132514599693],[-96.661089958472786,32.795249119474903],[-96.66107925324954,32.795366336610172],[-96.661075681547985,32.79548386017462],[-96.66107925324954,32.795601383583779],[-96.661089958472786,32.795718600254709],[-96.661107770268245,32.795835204361367],[-96.661132641923501,32.795950891589428],[-96.661164507861599,32.796065360646772],[-96.661203285437438,32.796178311752961],[-96.661248873141503,32.79628945192507],[-96.661301153294403,32.796398489691953],[-96.661359987555613,32.796505141134858],[-96.661425223211552,32.796609127622169],[-96.661496691378929,32.796710179584728],[-96.661574203411533,32.796808031229922],[-96.661657558985056,32.79690242809292],[-96.661746539808888,32.796993124015806],[-96.661840913219393,32.797079882657712],[-96.661940433976454,32.797162477494815],[-96.662044841568672,32.797240693330281],[-96.662153863806481,32.79731432553907],[-96.662267216822286,32.797383181578041],[-96.662384605070372,32.797447083250944],[-96.662505721326866,32.797505862932944],[-96.662630250283129,32.797559367346004],[-96.662757866749033,32.797607456803462],[-96.66284431522206,32.79763597897044],[-96.662888165584349,32.797650165294264],[-96.664224276618825,32.798075620301134],[-96.666729237771733,32.798874400946019],[-96.666860618311503,32.798913152679226],[-96.666993631555016,32.79894586384102],[-96.66712799992635,32.798972466168777],[-96.667104369742802,32.798982618522068],[-96.666983253486308,32.799041397188937],[-96.66686586523825,32.799105297670074],[-96.666752512222445,32.799174152322074],[-96.666643489984594,32.79924778292969],[-96.666539082392404,32.799325996930783],[-96.666439561635329,32.799408589681335],[-96.666345188224852,32.799495345966335],[-96.666256207401005,32.799586039244254],[-96.666172851827483,32.79968043315791],[-96.666095339794865,32.799778281534252],[-96.666023871627502,32.799879329894985],[-96.665958635971563,32.799983312436098],[-96.665899801710353,32.80008995957904],[-96.665847521557438,32.800198992685218],[-96.665801933853402,32.800310127831565],[-96.665763156277521,32.800423073545446],[-96.665731290339465,32.800537536845233],[-96.665706418684195,32.800653217955023],[-96.665688606888722,32.800769815590321],[-96.665677901665489,32.800887025447686],[-96.66567432996392,32.801004541715123],[-96.665674339845395,32.80101080892284],[-96.665678605944677,32.80232604366762],[-96.665678713742508,32.802332308516974],[-96.665682183036125,32.802443558032834],[-96.665692888259372,32.802560765683445],[-96.665710700054817,32.802677360816894],[-96.665735571710101,32.80279303914233],[-96.665767437648185,32.802907499390713],[-96.665806215224038,32.803020441804669],[-96.665808357705998,32.803025807318974],[-96.665939133546743,32.803370497516035],[-96.665982681176772,32.803476233763448],[-96.666034961329672,32.803585262716531],[-96.666093795590911,32.803691905538521],[-96.666159031246821,32.803795883620275],[-96.666230499414198,32.803896927414428],[-96.666308011446802,32.803994771149988],[-96.666391367020324,32.804089160382532],[-96.666480347844171,32.804179848974066],[-96.666574721254676,32.804266600602908],[-96.666674242011723,32.804349188763538],[-96.666778649603941,32.80442739827653],[-96.666887671841778,32.804501024533288],[-96.667001024857584,32.804569875006294],[-96.667118413105641,32.804633771513707],[-96.667239529362135,32.804692546444244],[-96.667364058318412,32.804746046532273],[-96.667491674784301,32.804794132102423],[-96.667622045484862,32.804836678579733],[-96.667754831755218,32.804873573469436],[-96.66788968594733,32.804904722397012],[-96.66802625592166,32.80493004231279],[-96.668164185945344,32.804949468287326],[-96.668303116692229,32.804962948980943],[-96.668442684344669,32.804970449663948],[-96.668553864335806,32.804972132673946],[-96.669600570525077,32.804970106870506],[-96.669629232172539,32.804969925658099],[-96.669768983081283,32.804965422530159],[-96.669908277645874,32.804954928821701],[-96.670046752946917,32.804938469447279],[-96.670184047861682,32.804916089706701],[-96.670319803962357,32.80488784622441],[-96.670453667312742,32.804853812990025],[-96.670585289366485,32.804814079093113],[-96.670714325170522,32.804768748723433],[-96.670840438754951,32.804717938905675],[-96.670939013586022,32.804673430740834],[-96.671184301269307,32.804557190081191],[-96.671606878660413,32.804356932626632],[-96.671631173597277,32.804345281344077],[-96.671750464477114,32.804283925397591],[-96.671865872838282,32.80421753015181],[-96.671977096846874,32.804146267748742],[-96.672083847245361,32.80407032543139],[-96.672185844657662,32.803989900258479],[-96.672282823182485,32.803905202124604],[-96.672374530393199,32.803816453005595],[-96.672460726439652,32.803723883183416],[-96.672541185844707,32.803627735021252],[-96.672615700199202,32.803528258433687],[-96.67268407456875,32.803425713906833],[-96.672746130188571,32.803320367968233],[-96.672801705361934,32.803212496962367],[-96.672850655460095,32.803102380254913],[-96.672892852023935,32.8029903070288],[-96.672928185459,32.802876568733403],[-96.672956563238827,32.802761462104932],[-96.672977911701551,32.80264528765656],[-96.67299217515162,32.80252834816806],[-96.672999315859826,32.802410948686052],[-96.673000201598697,32.802346899566068],[-96.672999452403744,32.802072009204473],[-96.672996579591469,32.801018369591048],[-96.672995693852613,32.800964866504508],[-96.672988553144407,32.800847464957776],[-96.672974289694324,32.800730523104392],[-96.6729529412316,32.80061434600195],[-96.672924563451772,32.800499236444338],[-96.672889230016693,32.800385494961823],[-96.672847033452854,32.800273418310567],[-96.672798083354706,32.800163297962534],[-96.672742508181344,32.800055423125762],[-96.672680452561522,32.799950073193358],[-96.672612078191989,32.799847524539054],[-96.67253756383748,32.799748043721436],[-96.672457104432425,32.79965189125916],[-96.672370908385972,32.799559317100339],[-96.672279201175257,32.799470563642771],[-96.672182222650434,32.799385861203049],[-96.672080225238119,32.799305431792071],[-96.671973474839646,32.79922948533941],[-96.671862250831069,32.799158218937784],[-96.671746842469886,32.799091819863683],[-96.671627551590049,32.79903046029137],[-96.671504689008643,32.798974301067972],[-96.671378575424214,32.798923487938318],[-96.671249539620177,32.798878154564839],[-96.671117917566434,32.798838417997054],[-96.670984054216049,32.79880438244664],[-96.670848298115374,32.798776137022635],[-96.670711003200609,32.798753755730679],[-96.67057252789958,32.798737295208099],[-96.670433233334975,32.798726800764442],[-96.670292850910585,32.798722291279375],[-96.669080989456333,32.798709751255139],[-96.669188734289804,32.798654330322115],[-96.669304142650986,32.798587930871705],[-96.669415366659592,32.798516663955894],[-96.669522117058051,32.798440716829397],[-96.669624114470352,32.798360286563423],[-96.669721092995175,32.798275583065951],[-96.669812800205889,32.798186828326891],[-96.669898996252357,32.798094252642606],[-96.669979455657398,32.797998098391851],[-96.670053970011907,32.797898615504842],[-96.67012234438144,32.797796064484345],[-96.670184400001276,32.797690711874758],[-96.670239975174653,32.797582834037932],[-96.670288925272786,32.797472710357368],[-96.670331121836625,32.797360630034291],[-96.67036645527169,32.797246884536492],[-96.670394833051517,32.797131770619053],[-96.670416181514256,32.797015588814013],[-96.670430444964325,32.796898641920478],[-96.670433921444484,32.79684147779529],[-96.67046043791504,32.796806076221792],[-96.670528812284559,32.79670352394119],[-96.670590867904394,32.796598170037079],[-96.670646443077771,32.796490290874708],[-96.670695393175905,32.796380165841065],[-96.670737589739744,32.796268084140749],[-96.670772923174809,32.796154337245319],[-96.670801300954651,32.796039221913432],[-96.670822649417374,32.795923038680883],[-96.670836912867458,32.795806090350339],[-96.67084408860994,32.795687507008637],[-96.670893256100399,32.794002237714345],[-96.670997559044025,32.79400856955354],[-96.671102012894337,32.794011500319513],[-96.671525720366077,32.794016548461578],[-96.671685693250183,32.794021586031377],[-96.671757448878452,32.794023054032451],[-96.672017779749467,32.794025510517756],[-96.672069725729088,32.794026000606607],[-96.672420250149585,32.79403151618228],[-96.672506463264028,32.794031732153613],[-96.672646214172786,32.794027228471627],[-96.672785508737363,32.794016733472063],[-96.672923984038405,32.79400027207253],[-96.67306127895317,32.793977889578422],[-96.673087815186662,32.793972367958212],[-96.673084317146959,32.794434242901801],[-96.673084224620482,32.794448895658363],[-96.673070493871364,32.796259453055626],[-96.673053864258819,32.79820792834149],[-96.673053794190224,32.798224440309497],[-96.673057365891808,32.798341960096351],[-96.673068071115054,32.798459173154512],[-96.673085882910485,32.798575773667174],[-96.673110754565769,32.798691457329596],[-96.673142620503839,32.798805922858783],[-96.673181398079706,32.798918870483575],[-96.673226985783757,32.799030007230108],[-96.673279265936657,32.799139041636195],[-96.673338100197881,32.799245689791881],[-96.673403335853806,32.799349673074069],[-96.673474804021168,32.799450721921893],[-96.673552316053787,32.799548570551103],[-96.673635671627309,32.799642964504542],[-96.673724652451142,32.799733657631869],[-96.673819025861633,32.799820413599619],[-96.673918546618708,32.799903005890918],[-96.674022954210912,32.799981219315612],[-96.674131976448749,32.800054849254835],[-96.674245329464554,32.800123703171444],[-96.674362717712626,32.800187602874686],[-96.674483833969134,32.800246380744909],[-96.674499252652666,32.800253005164464],[-96.67450286747335,32.800240051565801],[-96.674503541209816,32.800207290392308],[-96.674504399999222,32.800165617606488],[-96.674498684019071,32.800113988147245],[-96.674497827924611,32.800106263546937],[-96.674490102413174,32.800036538994057],[-96.674467850245279,32.799964624613487],[-96.674465856883643,32.799960109150462],[-96.674444477878211,32.7999116924994],[-96.674432212281317,32.799883915585902],[-96.674382777092916,32.799814460427704],[-96.674346657631972,32.799769227936267],[-96.674336497686099,32.799756504571334],[-96.674293316568736,32.799712917405195],[-96.67421416151744,32.799651676056584],[-96.674206543803834,32.799645782525971],[-96.67421458642059,32.799631711295326],[-96.674227017307501,32.799609965255456],[-96.674248753842406,32.79957194384103],[-96.674247828577663,32.799571653883582],[-96.674135390046814,32.799536420273817],[-96.674016433340256,32.799499143354645],[-96.673918922114495,32.799468586040227],[-96.673912874655997,32.799466691498473],[-96.673912899808812,32.799466202194786],[-96.673920925357564,32.799310338429976],[-96.673936542568796,32.7990070377774],[-96.673945499670481,32.798833096781159],[-96.673963706724649,32.798479465140254],[-96.673966314533928,32.798479101178835],[-96.674175442332086,32.798449806052737],[-96.674589110232219,32.798391856102747],[-96.675073958838823,32.798323934913647],[-96.677017249258654,32.798054613133658],[-96.679299715682006,32.797745260497791],[-96.679338563326482,32.797739995849959],[-96.679353111542497,32.79773802273963],[-96.679357752239255,32.797737314443594],[-96.679550086033174,32.797708001705516],[-96.681279378887709,32.797444420713617],[-96.68128162018435,32.797444079401409],[-96.681706047206617,32.797155505490693],[-96.681729770814982,32.797103118409964],[-96.681771749088185,32.797010419268034],[-96.681803889910739,32.796930870443347],[-96.681839613214635,32.796842454166267],[-96.681925421188907,32.796626071062015],[-96.682000532024745,32.796435298223891],[-96.682138241961169,32.796168124343673],[-96.682189503424553,32.796093011891898],[-96.682315493939782,32.795908392963327],[-96.682354963218415,32.795850559157138],[-96.682549469138678,32.795624310118697],[-96.682731607952419,32.795443715828569],[-96.682854021376187,32.795322343295418],[-96.683059568489625,32.795085058872701],[-96.683486035585915,32.794592741590328],[-96.683610653475398,32.794435791696166],[-96.683701812713792,32.794320982992531],[-96.683806416138736,32.794171160416852],[-96.683820568197717,32.794150893122762],[-96.683985613868231,32.793872664595462],[-96.684103386595254,32.793585150649712],[-96.684209119202492,32.793223002684421],[-96.68423832163576,32.793008198859688],[-96.684253024362022,32.792900047262293],[-96.684260097696566,32.792282811591363],[-96.682027018850903,32.792260806244791],[-96.680901936449729,32.792249704643545],[-96.680893981867868,32.792249626862073],[-96.680000235415292,32.792232341256124],[-96.679584981988683,32.792224307865879],[-96.678787826887017,32.792208881458897],[-96.678324137198629,32.792199906381931],[-96.677649413487032,32.792186844377269],[-96.677649586861875,32.792104774286322],[-96.677649665015295,32.792068107442461],[-96.677650416905209,32.791711544535374],[-96.674063562553329,32.791674320973101],[-96.673138234928629,32.791664700931605],[-96.673128048931616,32.791021325540441],[-96.673094770841914,32.788919777932051],[-96.673081690473069,32.788093636270595],[-96.673076276326853,32.787751733190163],[-96.673070357327447,32.78737784830399],[-96.673065397728749,32.787064607742558],[-96.673063868796149,32.787063268766452],[-96.670531650960868,32.784841644757762],[-96.670608081421875,32.784842892385406],[-96.671119690840783,32.784851248922337],[-96.671119178801078,32.78479431872443],[-96.671119136580273,32.784789628789824],[-96.671113489770391,32.784162916116131],[-96.66950145400989,32.784145927253782],[-96.669501707334788,32.784128557752943],[-96.669504252262001,32.783953486529008],[-96.6695089369762,32.783631033663205],[-96.669513584859487,32.783311342280257],[-96.669505844076667,32.783311175373179],[-96.668064971513786,32.783279985650523],[-96.668063105712946,32.783277429177303],[-96.668026273887961,32.783226993759499],[-96.667987211546162,32.783173503380638],[-96.667939494834897,32.783108161032118],[-96.667887267682602,32.783047746562211],[-96.667739732871908,32.782877083053215],[-96.667734457066246,32.782871694421189],[-96.667540534152593,32.782673688590627],[-96.667530451461857,32.782664023016402],[-96.667389689948394,32.782529071915278],[-96.667255055843512,32.782416804339668],[-96.667251574871784,32.782413900429809],[-96.667225585712316,32.782392681115603],[-96.667008537468305,32.782215475174652],[-96.667001536897288,32.782209759481567],[-96.666839695517382,32.782066685019828],[-96.666759184908358,32.781995509843526],[-96.666699284346905,32.781942553439265],[-96.666638820541749,32.781888436943142],[-96.666556153077735,32.781814446058782],[-96.666443272575776,32.781697562253449],[-96.666329932136378,32.781580197200178],[-96.666301551661604,32.781550808143074],[-96.666300788991919,32.781549839911932],[-96.66621170126858,32.781436719177023],[-96.666092586458532,32.781285470882693],[-96.665976224984817,32.781093618355555],[-96.665790693234257,32.780787720176512],[-96.665790533334118,32.780787584230218],[-96.665737056625261,32.780741579251163],[-96.664647039961196,32.779803852070266],[-96.663705040503132,32.77899343888307],[-96.663256859329778,32.778607854978901],[-96.663137003409631,32.778606500769968],[-96.66211379894483,32.778594937501744],[-96.661961266806202,32.778466842672508],[-96.655811933970398,32.773302252996736],[-96.654288673319542,32.771995777632853],[-96.652061277216362,32.770084444924251],[-96.650317214261918,32.768591368123587],[-96.650272992895438,32.768556121486206],[-96.649766592806841,32.768152492031362],[-96.649292926428885,32.767773242499182],[-96.649134619021311,32.767646490245724],[-96.649043374442954,32.767573432485939],[-96.64838438202861,32.76702420342118],[-96.647558340700698,32.766335733463045],[-96.646930257518633,32.766332882660372],[-96.646805006441497,32.766334634806178],[-96.646679924557247,32.766341374581302],[-96.646555210399598,32.766353091288188],[-96.646431061918619,32.76636976632971],[-96.64485405686095,32.76634976237218],[-96.644847722839884,32.766349687589567],[-96.644707881201271,32.766351190039373],[-96.644568313548845,32.766358693978844],[-96.64442938280196,32.766372180521998],[-96.644291452778276,32.766391614918618],[-96.64415488280396,32.766416945799094],[-96.64402002861182,32.766448108195817],[-96.643887242341464,32.766485019011093],[-96.643756871640917,32.766527583815396],[-96.643629255175028,32.766575690049478],[-96.643504726218765,32.766629213067041],[-96.643383609962271,32.76668801311375],[-96.6432662217142,32.7667519368377],[-96.64315286869838,32.766820816534491],[-96.643043846460557,32.766894473924253],[-96.642939438868339,32.766972716374575],[-96.642839918111278,32.76705533916725],[-96.642745544700787,32.767142127008782],[-96.642656563876969,32.767232853275445],[-96.642573208303418,32.767327281523933],[-96.642495696270814,32.767425165491744],[-96.642424228103437,32.767526250608014],[-96.642358992447512,32.767630270972028],[-96.642300158186288,32.767736956907214],[-96.642247878033373,32.767846029673649],[-96.642202290329351,32.767957205244976],[-96.64216351275347,32.768070192042536],[-96.6421316468154,32.76818469697816],[-96.64210677516013,32.768300420166902],[-96.642088963364685,32.768417060214645],[-96.642078258141439,32.768534312707274],[-96.642077540387518,32.768581169245913],[-96.642075395210625,32.768651552959682],[-96.642074678355044,32.768698505367269],[-96.642074396284031,32.770137962055387],[-96.642076454682723,32.770229068792929],[-96.642082884977384,32.770319971630848],[-96.642093672336273,32.770410460898269],[-96.642108791877945,32.770500327878246],[-96.642106329595748,32.770686682445678],[-96.642105426788888,32.770691938120009],[-96.642102408449531,32.770703520543414],[-96.642098127078896,32.770721428958105],[-96.641936857925842,32.771392011103678],[-96.641740076572944,32.772204518558262],[-96.641709472767857,32.772318571775983],[-96.641690064666136,32.772349517593334],[-96.641664347696192,32.772396148546321],[-96.640768130876566,32.77372025241938],[-96.640691818094879,32.773818704152404],[-96.640636072241605,32.773896513007628],[-96.640613612562859,32.773930718216562],[-96.638584976801127,32.773587153388746],[-96.634396889911073,32.772857686860256],[-96.634293974420544,32.772841480621302],[-96.634154434615894,32.772824912578898],[-96.634039116984553,32.772813795711542],[-96.633807387573853,32.772768968693512],[-96.633457684213525,32.772694390135698],[-96.633110064944674,32.772613286251371],[-96.632750126180014,32.772522003505458],[-96.631628418749344,32.772225908740616],[-96.631620127299257,32.772176088694934],[-96.631609197497212,32.772115437937074],[-96.631596453098282,32.772050919842599],[-96.631591986674678,32.77203065883851],[-96.631578585607272,32.771971346429481],[-96.631563363654791,32.771908728646714],[-96.63154755420409,32.77184800217335],[-96.631517265707643,32.771744287361109],[-96.631514073993458,32.771733815413853],[-96.631493604346446,32.77166746758359],[-96.631470803942861,32.771601884181536],[-96.631468649782803,32.771595192669189],[-96.631460810185317,32.771567060213329],[-96.631456306930801,32.771548961624255],[-96.631453284099862,32.77153868528589],[-96.631451597063773,32.771530722539083],[-96.631446617702139,32.77150073193684],[-96.631444192250882,32.771486347321016],[-96.631441770392868,32.771471026086154],[-96.631439805777347,32.771458784354166],[-96.631439223669034,32.771431692708717],[-96.631437695634745,32.771404687163376],[-96.631437310257468,32.771391091858931],[-96.631437735160617,32.771388779773197],[-96.631448552673277,32.771306163268918],[-96.631448319111286,32.771287032080281],[-96.631451968067964,32.771269031628201],[-96.631462945480749,32.771242517003188],[-96.631493171880663,32.771148856487869],[-96.631517590897801,32.77105351688968],[-96.631526247962185,32.77103564177677],[-96.631554441657144,32.770974989893816],[-96.631580671495357,32.770913463225391],[-96.632267942874833,32.769226503158315],[-96.632308357181159,32.769118748668951],[-96.632343690616224,32.769004967056141],[-96.632372068396037,32.768889816589272],[-96.632393416858761,32.768773597895958],[-96.632407680308845,32.7686566138713],[-96.632414821017051,32.768539169678078],[-96.632414821017051,32.768421571991489],[-96.632407680308845,32.76830412748815],[-96.632393416858761,32.768187142846493],[-96.632372068396037,32.768070923235747],[-96.632343690616224,32.767955771560565],[-96.632308357181159,32.76784198846115],[-96.632266160617306,32.767729870802299],[-96.632217210519158,32.767619710162563],[-96.632161635345796,32.767511795855867],[-96.632099579725974,32.767406407377365],[-96.632031205356427,32.767303821202077],[-96.631956691001918,32.767204303986063],[-96.63194091838217,32.767184606897217],[-96.63189645536886,32.767129694327494],[-96.631831768583581,32.767053203726306],[-96.631745572537113,32.766960595639212],[-96.631653865326399,32.766871809653679],[-96.631556886801576,32.766787076170758],[-96.631454889389289,32.766706617282694],[-96.631348138990802,32.766630642995935],[-96.63123691498221,32.766559350475553],[-96.631121506621042,32.766492927066636],[-96.631002215741191,32.766431545006384],[-96.630879353159784,32.766375365201093],[-96.63075323957537,32.766324533448817],[-96.630624203771319,32.766279183461023],[-96.630492581717576,32.76623943233006],[-96.630358718367205,32.766205384305984],[-96.630222962266501,32.766177128530288],[-96.63008566735175,32.766154739035805],[-96.629947192050707,32.766138272480603],[-96.629809207229812,32.766127844441257],[-96.628143775608805,32.766037626175972],[-96.627731443503507,32.766015284990893],[-96.627716843185212,32.766014494860997],[-96.627593968027369,32.766010192958468],[-96.627440251909221,32.766007717570361],[-96.627422791355045,32.766007482646444],[-96.627348756700897,32.766007529480156],[-96.627269057270581,32.766008906542268],[-96.627195036989477,32.766009826598008],[-96.62712922281851,32.766010829745781],[-96.627103639697523,32.766012045156039],[-96.626989598572209,32.766017332832376],[-96.62695004664856,32.766017916742932],[-96.626907967764026,32.766020345297008],[-96.626860099237476,32.766020451805915],[-96.62669463315541,32.766022963452016],[-96.626639175661339,32.766024278572509],[-96.626597107556577,32.766025906421241],[-96.626431849883659,32.766033374885183],[-96.626334449150661,32.766039243449157],[-96.626204948917618,32.766048999964234],[-96.626134596457831,32.766052758745211],[-96.626079469543782,32.766056173827245],[-96.625998417250642,32.766061887536374],[-96.625868962963764,32.766073620402061],[-96.625740087469055,32.76609056677021],[-96.625612000642974,32.766112699043319],[-96.625194124135746,32.766193715183867],[-96.625080413317022,32.766217921906502],[-96.624967677079923,32.766246323606403],[-96.624856070128004,32.766278881308999],[-96.624851010816343,32.766280460808765],[-96.624643034658376,32.766311688971292],[-96.624603035373724,32.766317953335921],[-96.624466465399408,32.766343284237358],[-96.624331611207282,32.766374446659874],[-96.624198824936926,32.766411357505625],[-96.624178098108359,32.766418124945623],[-96.624030424701928,32.766427474425626],[-96.62388337164343,32.76644391357803],[-96.623707189558331,32.766467849259584],[-96.623622599699587,32.766480489762394],[-96.623486029725271,32.766505820617589],[-96.623351175533131,32.76653698298319],[-96.623218389262789,32.76657389376156],[-96.623088018562228,32.76661645852343],[-96.622960402096339,32.766664564709437],[-96.622835873140076,32.766718087673617],[-96.622714756883582,32.766776887661571],[-96.62259736863551,32.766840811321678],[-96.62248401561969,32.766909690949767],[-96.622374993381868,32.766983348265931],[-96.62227058578965,32.767061590638207],[-96.622171065032603,32.767144213348381],[-96.622076691622127,32.767231001103269],[-96.62198771079828,32.767321727279295],[-96.621904355224729,32.767416155433509],[-96.621826843192125,32.767514039303649],[-96.621755375024748,32.767615124318937],[-96.621690139368823,32.76771914457909],[-96.621631305107599,32.767825830407759],[-96.621579024954713,32.767934903065303],[-96.621533437250676,32.768046078525693],[-96.621494659674795,32.768159065210384],[-96.621462793736725,32.768273570031695],[-96.621442433420825,32.768365555089638],[-96.621338814549418,32.768893077469485],[-96.62131255859029,32.769026741728652],[-96.621134741571382,32.769877002004655],[-96.621125452093025,32.76992429971569],[-96.621107640297566,32.770040937635521],[-96.62109693507432,32.77015818798904],[-96.621093363372765,32.770275744858658],[-96.62109693507432,32.770393301573073],[-96.621107640297566,32.770510551462415],[-96.621125452093025,32.770627188614014],[-96.621149927591247,32.770741299748344],[-96.621467878201244,32.772036077584993],[-96.621500320857706,32.772152598682553],[-96.621634462685847,32.772582575432345],[-96.621633228356572,32.772680708553239],[-96.621637289089477,32.772778765391003],[-96.621646633061303,32.772876460442951],[-96.621955652620727,32.775433354436885],[-96.621973589281993,32.775551010080981],[-96.621998460937277,32.775666723692204],[-96.622030326875347,32.775781218854931],[-96.622069104451214,32.775894195720333],[-96.622114692155236,32.776005361238845],[-96.62216697230815,32.776114423872684],[-96.622225806569375,32.776221099638413],[-96.622291042225299,32.776325109840833],[-96.622362510392691,32.776426184849271],[-96.62244002242528,32.776524058810637],[-96.622523377998832,32.776618477201914],[-96.62261235882265,32.77670919380904],[-96.622706732233141,32.776795972237331],[-96.622806252990202,32.77687858591127],[-96.622910660582434,32.776956819584967],[-96.623019682820257,32.777030468586609],[-96.623133035836062,32.777099340329201],[-96.623250424084134,32.777163256575825],[-96.623371540340628,32.777222049663422],[-96.623496069296891,32.777275566279002],[-96.62362368576278,32.777323666703971],[-96.623723006195533,32.777356671201346],[-96.62453694182669,32.77761182837753],[-96.624607427237166,32.77766464310033],[-96.624716449474988,32.777738291516194],[-96.624829802490808,32.777807162710872],[-96.624947190738851,32.777871078449067],[-96.625068306995345,32.777929871069048],[-96.625192835951623,32.777983387258857],[-96.625320452417512,32.77803148730127],[-96.625419792613201,32.778064497578335],[-96.625633325749504,32.778131435005037],[-96.625664356254362,32.778140984003358],[-96.625797142524718,32.778177889969527],[-96.625931996716858,32.77820904824857],[-96.626068566691174,32.778234375765827],[-96.626206496714843,32.778253807572348],[-96.626345427461743,32.778267292313103],[-96.626484995114168,32.778274795247945],[-96.626573562712991,32.778275746898608],[-96.626669110008535,32.778287100404363],[-96.626765059277034,32.778294306349878],[-96.626875755076256,32.778301028324925],[-96.62715748830891,32.778320352867404],[-96.627193138849293,32.778368851514173],[-96.627218507272914,32.77840615541696],[-96.627255497201361,32.778466418207032],[-96.627288248878301,32.77852619304786],[-96.627317810637692,32.778587186108219],[-96.627344124987289,32.77864928787055],[-96.627367132638355,32.778712372201824],[-96.627386768912146,32.778776272184331],[-96.627415647951892,32.778891227083726],[-96.627445368713083,32.778997097421509],[-96.62748414628895,32.779110070203949],[-96.627529733992986,32.779221231704952],[-96.627582014145887,32.779330290397247],[-96.627640848407111,32.779436962307699],[-96.627706084063036,32.779540968751149],[-96.627777552230398,32.779642040106694],[-96.627855064263017,32.779739910530857],[-96.627938419836539,32.779834325509789],[-96.628027400660386,32.77992503883835],[-96.628121774070877,32.780011814130397],[-96.628221294827938,32.780094424818607],[-96.628325702420142,32.780172655664884],[-96.628434724657978,32.780246302004784],[-96.628456182715169,32.780259914082727],[-96.628570177128097,32.780331493956808],[-96.628662072086726,32.780386751087882],[-96.628779460334783,32.780450664973081],[-96.628900576591278,32.780509455888527],[-96.629025105547541,32.780562970526901],[-96.62915272201343,32.780611069174817],[-96.62928309271399,32.780653627223472],[-96.629415878984346,32.78069053214746],[-96.629550733176472,32.780721689546596],[-96.629687303150817,32.780747016348641],[-96.629825233174472,32.780766447606453],[-96.629964163921358,32.780779931966364],[-96.630103731573797,32.78078743468933],[-96.630243573212397,32.780788936895469],[-96.630383324121155,32.780784432542916],[-96.630421073126001,32.780782183387544],[-96.630507177544317,32.780776549170106],[-96.630512385078021,32.780776468357594],[-96.630517581831938,32.780776646598284],[-96.63052277589091,32.780777085402626],[-96.630527983424614,32.780777789302185],[-96.630612313670227,32.780793540186437],[-96.630684814001853,32.780806219438546],[-96.630822883264386,32.780825184690023],[-96.63269002798917,32.781218591717511],[-96.632698075097494,32.781220359010263],[-96.636055893187887,32.781920418652895],[-96.636067956663837,32.781922907192829],[-96.639983663579983,32.782722683323151],[-96.6433231210043,32.78343082574834],[-96.643334887137883,32.783433297630921],[-96.643419326079652,32.783449680931412],[-96.643538424720006,32.783471126563718],[-96.643590555752581,32.783480069291194],[-96.643727858752172,32.783499425183905],[-96.6438487531248,32.783513822207325],[-96.643987997383718,32.783527343157282],[-96.64403975292052,32.783530827805528],[-96.644161228503123,32.783538032734498],[-96.644249040618774,32.783542050577203],[-96.644353573076813,32.783543740034709],[-96.644475346900094,32.783543752873676],[-96.644571541263204,32.783542341215878],[-96.644667651947913,32.783538088621782],[-96.64468386833542,32.7835371302303],[-96.646843040087717,32.785390312243791],[-96.646913598261705,32.785448719265474],[-96.647172510692897,32.785655425045768],[-96.649161564886555,32.787365794539873],[-96.649661358764561,32.787799635376082],[-96.649022216423063,32.78833620908383],[-96.648926612611362,32.788405323176114],[-96.648834451460701,32.788478965343884],[-96.647461462787177,32.789629669112919],[-96.647421768031393,32.789663633412061],[-96.647405307302137,32.789678137428737],[-96.647107301986424,32.789943024490483],[-96.646828674229681,32.790161343517639],[-96.646821313434259,32.790166949199104],[-96.646721792677184,32.790249550457133],[-96.646627419266679,32.790336315678395],[-96.64653843844286,32.790427018298239],[-96.646455082869323,32.790521421934969],[-96.646377570836719,32.790619280390231],[-96.646306102669357,32.790720339159549],[-96.646240867013418,32.790824332411482],[-96.646182032752193,32.790930990539763],[-96.646129752599293,32.791040034877099],[-96.646084164895257,32.791151181471136],[-96.646045387319376,32.791264138819237],[-96.646013521381306,32.791378613909636],[-96.645988649726036,32.791494306935505],[-96.645970837930591,32.79161091658132],[-96.645960132707344,32.791728138512262],[-96.645956561005775,32.791845666884981],[-96.645960132707344,32.791963195102319],[-96.645970837930591,32.792080416568922],[-96.645978019961277,32.79212966363017],[-96.645980903553351,32.79214894590045],[-96.645995433803066,32.792234847631441],[-96.645998421599685,32.792249999155771],[-96.646001553126766,32.792265721578168],[-96.646005294609935,32.792296242099624],[-96.646030166265206,32.792411933931817],[-96.646062032203275,32.79252640754477],[-96.646100809779142,32.792639363146115],[-96.646146397483193,32.792750507741431],[-96.646198677636107,32.792859549847819],[-96.646257511897318,32.792966205535272],[-96.646322747553256,32.793070196161004],[-96.646394215720633,32.793171252145278],[-96.646471727753237,32.793269107684885],[-96.64655508332676,32.793363508304751],[-96.646644064150593,32.793454207837165],[-96.646738437561083,32.793540969931954],[-96.646837958318145,32.793623568056262],[-96.646942365910377,32.793701787004636],[-96.647051388148185,32.793775422143987],[-96.647164741163991,32.793844280923309],[-96.647282129412076,32.7939081851395],[-96.647403245668571,32.793966967160891],[-96.64752777462482,32.794020473703341],[-96.647655391090709,32.794068565074738],[-96.647785761791269,32.794111116685123],[-96.647918548061625,32.794148016025986],[-96.648053402253765,32.794179168711523],[-96.648189972228096,32.794204491682031],[-96.648327902251751,32.794223920000206],[-96.648466832998665,32.794237402320149],[-96.64860640065109,32.79424490390808],[-96.648709161631388,32.794246592407141],[-96.648894505634075,32.794246712474838],[-96.648943197915727,32.794249868216099],[-96.64904878050433,32.794254988083154],[-96.649071082079558,32.794255227463367],[-96.649200390971458,32.79426217779573],[-96.64928432146678,32.794263799841922],[-96.650158927515605,32.794269424143408],[-96.650190101750908,32.794269475493074],[-96.650844791235016,32.794267419240057],[-96.651008130106518,32.794268193261111],[-96.651017089004824,32.794268366188753],[-96.651087843909863,32.794269680891816],[-96.651242362223584,32.794274618768476],[-96.651432074733492,32.794284341982099],[-96.651621371323415,32.794298179209783],[-96.651845408460332,32.794319473463538],[-96.651900094301567,32.794324131934872],[-96.652268643418225,32.794379350923514],[-96.652308568142729,32.794385119449686],[-96.652414346974382,32.794399665699672],[-96.65252059640649,32.794410239856454],[-96.652627167336334,32.794416827081029],[-96.652685079926059,32.794419896730098],[-96.65298394223457,32.794435123396305],[-96.653041906028278,32.7944375081318],[-96.653181747666878,32.794439010107361],[-96.653321498575622,32.794434506445995],[-96.653460793140212,32.794424011494499],[-96.653513278109003,32.794417772517825],[-96.653991689388292,32.794422659036634],[-96.654005906125974,32.794422773062969],[-96.654104538449232,32.794423349990808],[-96.654118089535274,32.794423401340445],[-96.654487396830064,32.794424025087039],[-96.655107734737712,32.794425511204878],[-96.655150504426715,32.79442533299153],[-96.655290255335458,32.794420829329475],[-96.655429549900035,32.794410334376359],[-96.655568025201092,32.7943938730497],[-96.655705320115842,32.794371490654662],[-96.655749958300632,32.794362202412117],[-96.655872698671075,32.794374391870285],[-96.655995813728325,32.794381906130418],[-96.656119125458218,32.794384734327515],[-96.657422154235718,32.794389940272985],[-96.657562436986396,32.794405593261466],[-96.657703287970065,32.794414827252297],[-96.657844413623224,32.794417622999859],[-96.65889435015427,32.794416555985286],[-96.659022925898242,32.794413938160424],[-96.659151278991573,32.794405934512639],[-96.659279183930394,32.794392559103571],[-96.659288710563985,32.794393900989895]]],[[[-96.614786703191356,32.829947604800886],[-96.614651848999216,32.829978744938913],[-96.614519062728874,32.830015629389436],[-96.614388692028314,32.830058163790454],[-96.614261075562425,32.830106235663088],[-96.614136546606161,32.830159720450069],[-96.614015430349667,32.830218478496739],[-96.613918852473461,32.830270505626572],[-96.613827907932404,32.830321787702644],[-96.613807097560539,32.830333638630073],[-96.613796891800604,32.830339536919062],[-96.613393346117093,32.830573892065317],[-96.612987541170639,32.830805390308548],[-96.612978951479889,32.830810310303917],[-96.612865598464083,32.830879140391588],[-96.612756576226261,32.8309527447311],[-96.612652168634042,32.83103093082876],[-96.612552647876967,32.831113494113779],[-96.612458274466491,32.831200219447709],[-96.612369293642658,32.831290880370005],[-96.612285938069135,32.83138524060768],[-96.612208426036531,32.831483054075534],[-96.612136957869154,32.831584066386071],[-96.612071722213216,32.831688011829989],[-96.612012887952005,32.831794620925066],[-96.611960607799091,32.831903615132049],[-96.61191502009504,32.832014710629203],[-96.611876242519202,32.832127616047693],[-96.611844376581104,32.832242038510614],[-96.611819504925833,32.832357678348984],[-96.611801693130388,32.832474234385671],[-96.611790987907142,32.832591402425834],[-96.611787416205573,32.832708876766652],[-96.611790987907142,32.832826350952068],[-96.611801693130388,32.832943518527649],[-96.611819504925833,32.833060073795345],[-96.611844376581104,32.833175712568313],[-96.611876242519202,32.833290133680634],[-96.61191502009504,32.833403037477439],[-96.611960607799091,32.833514131098539],[-96.612012887952005,32.833623123194869],[-96.612071722213216,32.833729729966613],[-96.612136957869154,32.833833672898841],[-96.612208426036531,32.833934682535343],[-96.612285938069135,32.83403249319484],[-96.612369293642658,32.834126850519091],[-96.612458274466491,32.834217508453229],[-96.612552647876967,32.834304230755585],[-96.612652168634042,32.834386790996994],[-96.612756576226261,32.834464974070997],[-96.612865598464083,32.834538575438103],[-96.612978951479889,32.834607402635882],[-96.613096339727974,32.834671277542732],[-96.613217455984469,32.834730032604064],[-96.613267127429793,32.834752175376543],[-96.617463928876418,32.836576623938804],[-96.617513750340393,32.83659855793065],[-96.617588297034246,32.836630365228395],[-96.618343985004074,32.836959517746436],[-96.621746566145077,32.838438686578733],[-96.621821289807045,32.838469966389866],[-96.621948906272934,32.838518033708404],[-96.622079276973494,32.838560564036548],[-96.62221206324385,32.838597444922215],[-96.622346917435991,32.838628582026701],[-96.622483487410307,32.838653892331891],[-96.62262141743399,32.838673310932961],[-96.62276034818089,32.838686786509754],[-96.622899915833315,32.838694284345756],[-96.623039757471901,32.83869578557335],[-96.623179508380659,32.838691284154748],[-96.623318802945249,32.838680794429543],[-96.623457278246278,32.838664341302938],[-96.623594573161043,32.838641970057473],[-96.623730329261733,32.83861373729615],[-96.623864192612118,32.838579716980419],[-96.623995814665847,32.838539998166027],[-96.624124850469912,32.838494685003162],[-96.624250964054326,32.838443894472178],[-96.624373826635718,32.838387760157545],[-96.62449311751557,32.838326427719323],[-96.624608525876752,32.838260057912493],[-96.624719749885344,32.838188822813258],[-96.624826500283802,32.838112909592716],[-96.624928497696118,32.838032515234076],[-96.625025476220927,32.83794784955159],[-96.625117183431655,32.837859134436059],[-96.625203379478108,32.837766600081025],[-96.625283838883163,32.837670488757027],[-96.625358353237672,32.837571050282669],[-96.625426727607206,32.837468545044423],[-96.625488783227041,32.837363239467685],[-96.625544358400404,32.837255409790885],[-96.625593308498537,32.837145335272865],[-96.625606670938396,32.837111945389211],[-96.625983336333661,32.836146352796973],[-96.626012170457656,32.836067711538099],[-96.626047503892721,32.835954015582836],[-96.626075881672548,32.835838951803758],[-96.626097230135258,32.835722820602136],[-96.626111493585341,32.835605924645058],[-96.626118634293547,32.83548856886555],[-96.626118614530611,32.835370417378854],[-96.626091898634058,32.83451054592279],[-96.626090209801305,32.834469932358417],[-96.626072931605151,32.834138423925694],[-96.626039319342155,32.83241915304226],[-96.626205266022907,32.831519925069202],[-96.626249526016963,32.831467051001269],[-96.626324040371472,32.83136760557916],[-96.626392414741005,32.8312650931788],[-96.626454470360827,32.831159780244356],[-96.626510045534204,32.8310519430336],[-96.626558995632337,32.830941860824709],[-96.626601192196176,32.830829822710008],[-96.626636525631255,32.830716120047498],[-96.626664903411069,32.830601049480606],[-96.626686251873807,32.830484911428179],[-96.62670051532389,32.830368008575199],[-96.626707656032082,32.830250645872674],[-96.626707656032082,32.830133129782986],[-96.62670051532389,32.830015766770117],[-96.626686251873807,32.829898863299476],[-96.626664903411069,32.829782724328709],[-96.626636525631255,32.829667652552317],[-96.626601192196176,32.829553948401824],[-96.626558995632337,32.829441908535998],[-96.626510045534204,32.829331824331298],[-96.626454470360827,32.829223984900679],[-96.626392414741005,32.829118669545629],[-96.626324040371472,32.829016154549151],[-96.626249526016963,32.828916706382337],[-96.626219798069272,32.828879965651453],[-96.625481823080207,32.827986566316056],[-96.625431091622858,32.827927185545647],[-96.625344895576404,32.827834640839747],[-96.625253188365662,32.827745915619388],[-96.625156209840867,32.827661240127924],[-96.625054212428566,32.827580836305778],[-96.624947462030079,32.827504914015513],[-96.624836238021501,32.827433670287348],[-96.624720829660305,32.827367292338181],[-96.624601538780482,32.827305952287325],[-96.624478676199061,32.827249810930986],[-96.624352562614646,32.827199013967459],[-96.624223526810596,32.827153695016705],[-96.624091904756853,32.827113971090959],[-96.623958041406482,32.827079946368933],[-96.623856830918356,32.827058895481123],[-96.623835297402678,32.827033689816162],[-96.623749101356225,32.826941144179195],[-96.623657394145511,32.826852418066167],[-96.623560415620688,32.826767741722875],[-96.623458418208386,32.826687337091826],[-96.623351667809914,32.82661141403775],[-96.623240443801336,32.826540169592839],[-96.62312503544014,32.826473790975875],[-96.623005744560302,32.82641245030792],[-96.622882881978896,32.826356308386728],[-96.622756768394467,32.826305510912171],[-96.622627732590431,32.82626019150554],[-96.622496110536687,32.82622046718015],[-96.622362247186302,32.826186442115826],[-96.622226491085641,32.826158205393902],[-96.622089196170862,32.826135830997401],[-96.621950720869819,32.826119375546128],[-96.621811426305229,32.826108884335703],[-96.621671675396485,32.826104382278977],[-96.621531833757885,32.826105883719435],[-96.621392266105445,32.826113382617841],[-96.62125333535856,32.826126860100807],[-96.621115405334891,32.826146281441602],[-96.620978835360546,32.826171595305013],[-96.620843981168434,32.82620273676708],[-96.620711194898078,32.826239622785884],[-96.620580824197518,32.826282158995475],[-96.620453207731629,32.826330232912063],[-96.620328678775351,32.826383719973116],[-96.620207562518857,32.826442480518111],[-96.6200901742708,32.8265063612983],[-96.620064533657626,32.826521290333758],[-96.619451185541209,32.826882757622471],[-96.618601643387123,32.827383413154749],[-96.617315293629503,32.82814146943435],[-96.617268200349045,32.82816985121265],[-96.61713691965511,32.828250751950229],[-96.617096265498617,32.82827629468931],[-96.616987243260809,32.828349901186122],[-96.616882835668591,32.828428089575432],[-96.616783314911515,32.828510655280397],[-96.616688941501025,32.828597383156279],[-96.616599960677178,32.828688046735898],[-96.616516605103669,32.828782409739311],[-96.616439093071065,32.828880226074133],[-96.616367624903688,32.828981241345403],[-96.61630238924775,32.829085189836093],[-96.616243554986539,32.829191802055966],[-96.616191274833625,32.82930079945767],[-96.616145687129588,32.829411898211092],[-96.616106909553721,32.829524806939006],[-96.616075043615638,32.829639232755781],[-96.616050171960381,32.829754875983646],[-96.616032360164922,32.829871435436743],[-96.616026737609559,32.829932973748122],[-96.615897064001672,32.829911842013857],[-96.615758588700615,32.829895387262226],[-96.615619294136025,32.829884896497802],[-96.615479543227281,32.829880394632475],[-96.615339701588695,32.829881896009113],[-96.615200133936241,32.829889394588669],[-96.615061203189342,32.829902871498675],[-96.614923273165672,32.829922292013748],[-96.614786703191356,32.829947604800886]]]]},"properties":{"OBJECTID":1,"Shape_Length":76450.673350555851,"Shape_Area":36856211.220257498,"AREA_SQFT":279771226.93680626,"AREA_ACRES":6422.6636119560662,"AREA_SQMILES":10.035411893681355}}]
}