{
  "type" : "FeatureCollection",
  "features" : [{"type":"Feature","id":1,"geometry":{"type":"MultiPolygon","coordinates":[[[[-96.839731517729874,33.016396684638806],[-96.839797395828313,33.016402367431056],[-96.839850614612629,33.016406907124775],[-96.839903836591432,33.016411384528737],[-96.839957061184109,33.016415785171958],[-96.840011784220039,33.016420212010345],[-96.840065030699989,33.016424410741756],[-96.840117923657971,33.01642847171351],[-96.840170105700224,33.016432370942496],[-96.840221221667775,33.0164360817895],[-96.84027091425871,33.016439577564107],[-96.840318829354885,33.016442832556706],[-96.840364607480211,33.016445820928944],[-96.84047803924679,33.01645255217511],[-96.840540619430186,33.016455776877073],[-96.840598254966523,33.016458448556705],[-96.840683125226136,33.016462032022268],[-96.840687310812157,33.016390063830045],[-96.840677937442976,33.016389429302109],[-96.840559276867751,33.016381388429217],[-96.840347018784939,33.016367004343635],[-96.840264087225705,33.016361382936651],[-96.840263229089771,33.016361324283096],[-96.839737383844252,33.016325685861482],[-96.839731517729874,33.016396684638806]]],[[[-96.699344138475865,33.019334690596786],[-96.699343748183907,33.019583751145291],[-96.699425415074458,33.019582961258138],[-96.699575289130294,33.019581507478676],[-96.699641058068522,33.019580610475948],[-96.699700890292249,33.019580290316469],[-96.699740090741173,33.019579911042662],[-96.699798805111271,33.019579325929648],[-96.699863034310056,33.019578718016277],[-96.699947366377884,33.01957790099069],[-96.700028835955692,33.019577109370076],[-96.700028365382181,33.019335266691918],[-96.700028289922983,33.019302287569786],[-96.70002818210817,33.019255567724827],[-96.699959597661646,33.01925623132518],[-96.699960403724177,33.019302949790408],[-96.699860126163856,33.019303919810255],[-96.699794325838042,33.019304558605597],[-96.699735611146792,33.019305127439722],[-96.699695621125272,33.01930551482306],[-96.69969479718722,33.019274467674414],[-96.699693677350425,33.019232240244136],[-96.699634959457413,33.019232809854927],[-96.699571635531512,33.019233423296505],[-96.699344210180655,33.019235625183299],[-96.699344138475865,33.019334690596786]]],[[[-96.69865473172635,33.019112049054122],[-96.698568577218893,33.019111583191538],[-96.698568296639749,33.019124072699086],[-96.698565470653719,33.019249415437827],[-96.698563943270614,33.019321407108315],[-96.698556611151218,33.019641408444649],[-96.698556609708277,33.019641449069582],[-96.698556604342969,33.019641720913327],[-96.69864848076368,33.019642809909897],[-96.699105062908103,33.019644133487617],[-96.699107005561871,33.019549896111975],[-96.699110560302643,33.019329805616522],[-96.699111696835331,33.019258992313432],[-96.699113277783098,33.019135495850868],[-96.699113483337769,33.019119438907204],[-96.69865473172635,33.019112049054122]]],[[[-96.698547677970637,33.020080557559766],[-96.699156724164453,33.020080035277985],[-96.699155328317858,33.019935800692068],[-96.699095465224019,33.019935654484108],[-96.699094643897169,33.019795087553163],[-96.698547320636962,33.019796318819608],[-96.698547677970637,33.020080557559766]]],[[[-96.700546466298647,33.020244473623002],[-96.700550213763293,33.020288287936694],[-96.700550008147133,33.020332030668548],[-96.700546775634862,33.020375716116476],[-96.700541447642948,33.020419362324496],[-96.700534948056074,33.020462988050461],[-96.700528207286794,33.020506609505738],[-96.700522151462707,33.020550242794293],[-96.700516972173673,33.020604625508959],[-96.700515631348551,33.020648893528254],[-96.700516821207799,33.020693208135093],[-96.700520239496029,33.020737563521543],[-96.700525578567408,33.020781954647511],[-96.70053253295049,33.020826375623884],[-96.700540798245072,33.020870820588733],[-96.700550066803402,33.020915284501889],[-96.700561503481964,33.020966141671849],[-96.700571816489514,33.021010068960514],[-96.700582406359572,33.021053630041898],[-96.700593207971281,33.021096453709745],[-96.700604156267531,33.021138166952476],[-96.700615185023253,33.021178399439741],[-96.70062623129175,33.021216779116827],[-96.70063722897568,33.021252932042394],[-96.700650652269744,33.02129396578524],[-96.70067433638566,33.021355048294744],[-96.700700821117849,33.021399720898415],[-96.700733833239795,33.02142618266636],[-96.700765939843336,33.0214330111517],[-96.70079749538246,33.021429438156829],[-96.700832914067135,33.021418076901746],[-96.700870888084964,33.021399571222432],[-96.700910109431973,33.021374570372856],[-96.700949271305618,33.021343720024127],[-96.700987092546754,33.021307638483819],[-96.700997055386694,33.021296436530143],[-96.70124304403123,33.021298326203485],[-96.702705740442696,33.021309081865596],[-96.702744980945909,33.021277417942457],[-96.702763702118773,33.019837379964017],[-96.70270138105154,33.01978380245226],[-96.701757744984505,33.019770054525537],[-96.701341332015005,33.019763986208609],[-96.701334331884837,33.019731907054592],[-96.701325323365936,33.019690142396918],[-96.701317528163187,33.019648401069155],[-96.70131205144699,33.019606700969028],[-96.701310002512116,33.019565064616117],[-96.701311100547187,33.019537176947161],[-96.701316628668721,33.019497097660754],[-96.701326222351014,33.019457092764334],[-96.701339017656849,33.019417146821667],[-96.701354158183506,33.019377243682669],[-96.701370782075657,33.01933736977108],[-96.701388030918608,33.01929750527237],[-96.701405043899541,33.019257637540697],[-96.7014209625425,33.019217748568003],[-96.701434629074342,33.019178758860939],[-96.701447267917942,33.019133910630806],[-96.701456839078077,33.01908900681925],[-96.701463794899823,33.019044055205562],[-96.701468585616325,33.018999062612039],[-96.701471660259941,33.018954039444942],[-96.701473473348358,33.018908992634223],[-96.701474471865296,33.018863929823645],[-96.701475107802423,33.018818808182289],[-96.701475692747778,33.018773733145224],[-96.701475976543762,33.01872865142532],[-96.701475572186752,33.018683557793175],[-96.70147408958745,33.018638443327205],[-96.701471140640265,33.018593303673633],[-96.701466336392755,33.018548128132302],[-96.701459286629785,33.01850291139246],[-96.701449602400658,33.018457642753553],[-96.70143830863978,33.018416474701603],[-96.701425007482555,33.018375658181697],[-96.701410194350828,33.018335588791444],[-96.701394365672684,33.018296663961337],[-96.701378015763794,33.018259280165303],[-96.701361641050113,33.018223834834274],[-96.701345736916551,33.018190724469768],[-96.701330797675993,33.018160345546569],[-96.701319976164015,33.018138482714676],[-96.701281718223882,33.018057650282266],[-96.701248834593528,33.017968362821414],[-96.701239095537929,33.017936006803374],[-96.701229115514295,33.017899379792205],[-96.701219443875203,33.017858808265679],[-96.701210632147138,33.017814617852714],[-96.701203230719585,33.017767135961165],[-96.70119768601414,33.017715418746377],[-96.701195202164257,33.017675643608143],[-96.701193988340094,33.01763456496068],[-96.701193888830545,33.0175923695382],[-96.701194742631031,33.017549242134336],[-96.701196390751932,33.017505371207946],[-96.701198676411465,33.017460943466205],[-96.701201436430495,33.017416144551675],[-96.701204524718364,33.017371041264013],[-96.701207774579672,33.017326069450455],[-96.701211115521502,33.017281099929711],[-96.701214479027271,33.017236129168772],[-96.701217798531232,33.017191159105202],[-96.701221004413341,33.017146187081785],[-96.701224031339976,33.017101210549221],[-96.701226808523558,33.017056229531619],[-96.701229294806268,33.017010802042378],[-96.701231302152664,33.016965753740386],[-96.701232430618163,33.016920688720219],[-96.701232187122486,33.016875599079547],[-96.701230076539005,33.016830474153608],[-96.701225606828856,33.016785306969673],[-96.70121828179569,33.016740086835746],[-96.701207609498823,33.016694804070177],[-96.701193089713854,33.016649440650291],[-96.701177783131953,33.016611469523291],[-96.701159971289812,33.016573464200889],[-96.701140181208046,33.016535443379148],[-96.701118936627736,33.01649742747901],[-96.701096761256807,33.016459437824203],[-96.701074183152855,33.016421494041531],[-96.701051728197427,33.016383616606639],[-96.701029919088384,33.016345825012102],[-96.701009282745034,33.016308140664052],[-96.700998243363173,33.016286713231842],[-96.700977100687268,33.01624214254111],[-96.700958411896863,33.016199114639953],[-96.700941775311065,33.016158974790066],[-96.700926793567334,33.016123067458253],[-96.700913061738433,33.0160927387277],[-96.700900180383144,33.016069331205294],[-96.700887748828507,33.016054191984665],[-96.700875314055367,33.01604866232254],[-96.700862610289946,33.016053642724437],[-96.700849166026373,33.016068064115856],[-96.700834597859128,33.016090460256294],[-96.700818520271469,33.016119363948228],[-96.70080054342823,33.016153308788638],[-96.700780285091369,33.016190825854999],[-96.700757356497448,33.016230448770948],[-96.700730725359392,33.01627164823087],[-96.700704815075071,33.016306921151596],[-96.700676888034081,33.01634126858611],[-96.700647661798541,33.016374447474817],[-96.700617852860546,33.016406214731902],[-96.700588177681468,33.016436328174919],[-96.700559352755988,33.016464544719234],[-96.700532093476269,33.016490622156745],[-96.700507117378578,33.016514318333819],[-96.700484785593801,33.01653573270913],[-96.700426607301821,33.016599494971693],[-96.700413582983586,33.016631601041837],[-96.700421025033563,33.016660612040937],[-96.700447973987835,33.016722471034448],[-96.700458922616846,33.016748960821651],[-96.700471080511278,33.016779847202343],[-96.700483931662617,33.0168145596625],[-96.700496964315462,33.016852528699062],[-96.700509665770255,33.016893181171149],[-96.700521521054583,33.016935947495092],[-96.70053201633057,33.01698025630904],[-96.70053695196529,33.017004704287501],[-96.700544104483427,33.017047705423821],[-96.700549631015662,33.017091221297896],[-96.700553816106947,33.017135182274146],[-96.700556943455382,33.017179512370362],[-96.700559299782114,33.017224141101863],[-96.700561166546976,33.017268995140903],[-96.700562830536242,33.017314002197097],[-96.700564581533442,33.017359247279813],[-96.700566560462519,33.017404174619934],[-96.7005684407101,33.017448890744141],[-96.700569758217156,33.017493174329054],[-96.700570051003083,33.017536805910929],[-96.700568855982624,33.017579566901787],[-96.70056570906246,33.017621236881141],[-96.700560148195549,33.017661598190607],[-96.700551421026802,33.017701511063748],[-96.700536668798009,33.01774672889082],[-96.700518052851805,33.01778920909485],[-96.700496755432724,33.017828852247987],[-96.700473960835183,33.017865561685035],[-96.700450854363098,33.017899242574359],[-96.700428619339732,33.017929795517091],[-96.700417323397346,33.017945052582178],[-96.700377398248662,33.01800293873228],[-96.700353657381285,33.018058265268124],[-96.700347067281996,33.018108400912375],[-96.700347677046608,33.018140411323884],[-96.700350673124802,33.018175234179566],[-96.700355465535708,33.018211482068324],[-96.700361457964348,33.018247764708747],[-96.700368057244972,33.018282693706382],[-96.700374670210692,33.018314880666786],[-96.700379455562413,33.018337187862748],[-96.700393395382676,33.018402057761456],[-96.700397233607845,33.018432796840536],[-96.700389055753391,33.018457865877423],[-96.700354489603427,33.018511952817768],[-96.700128109509421,33.018508781629734],[-96.700128026272907,33.018510008407972],[-96.700117043777055,33.019041686533861],[-96.70011402660252,33.019187790624152],[-96.700111417720009,33.019314085765117],[-96.70011119008835,33.019325059484792],[-96.700106221821343,33.019565636539632],[-96.700170948464333,33.019566303316978],[-96.700237221123558,33.01956698732976],[-96.700325235179889,33.019567894705851],[-96.700334558836644,33.019605029289394],[-96.70034578848778,33.019654580154089],[-96.700352485662918,33.019687146902598],[-96.700360677018267,33.019728744669202],[-96.700368397791721,33.019763506710078],[-96.7003020691172,33.019763883067384],[-96.700218747717074,33.019764354417205],[-96.700088647915521,33.019765090970566],[-96.700022706567538,33.019765463392183],[-96.69994304222854,33.019765914671325],[-96.699859918223879,33.019766384441908],[-96.699769596959086,33.019766895074177],[-96.699665081756393,33.019767487095159],[-96.699585477519733,33.019767936960818],[-96.699509855426314,33.01976836424668],[-96.699344211327983,33.019769301237744],[-96.699342052826054,33.020175048345372],[-96.699344825423452,33.020175108282793],[-96.699344873335733,33.020200670982206],[-96.699363453951264,33.020216904997355],[-96.699515339410226,33.02021764525513],[-96.699948543289381,33.020219758235456],[-96.700026035600729,33.020220135918926],[-96.700089102274077,33.020220442836411],[-96.700220850561493,33.020221085106201],[-96.700305558941352,33.020221497155532],[-96.700391605616758,33.020221916664035],[-96.7004764437267,33.020222330064172],[-96.700542383288976,33.020222651313496],[-96.700546466298647,33.020244473623002]]],[[[-96.705099484192743,33.021456068457255],[-96.705099159299152,33.021456065705017],[-96.70510192640883,33.021995823026373],[-96.705240441037247,33.021996185849289],[-96.705408857620455,33.02199662666483],[-96.705571820588887,33.021997053871345],[-96.705569765460368,33.0214587991236],[-96.705099484192743,33.021456068457255]]],[[[-96.704557252427151,33.021428040668404],[-96.704143254404642,33.021426953191543],[-96.703894351504545,33.021426299498721],[-96.703606287029956,33.021425543355889],[-96.703273902416541,33.021424669407004],[-96.702920854354531,33.021423740663167],[-96.702916768060817,33.021649029197818],[-96.702910951177557,33.0219752620891],[-96.702905266152143,33.022287314700762],[-96.702902478107646,33.022560272617234],[-96.703357403071465,33.022565586432663],[-96.703590243036018,33.022567380090358],[-96.703869079641251,33.022570424026632],[-96.704066138104977,33.022572425000476],[-96.704066493129488,33.022549679042093],[-96.70487062643393,33.022558330293208],[-96.704891298267512,33.022544691270618],[-96.704893169446237,33.021998632678084],[-96.704891204048778,33.021428912835951],[-96.704557252427151,33.021428040668404]]],[[[-96.702371011068564,33.02141705540074],[-96.702116948630675,33.021415444349522],[-96.701895010183577,33.021414037284828],[-96.701894675613588,33.021414035184463],[-96.701728479431779,33.021412980705932],[-96.701679533687908,33.021412669697625],[-96.701128966866335,33.021409174137297],[-96.701122713237325,33.021709760614073],[-96.701109228241691,33.022531494881541],[-96.701709047630288,33.022541307060209],[-96.701900197157741,33.022543762463052],[-96.702090971652396,33.022546267779461],[-96.702413471191164,33.022550524522032],[-96.702741132664855,33.022554854404952],[-96.702751390391157,33.022007609731915],[-96.702765810389209,33.02200772609244],[-96.702770723166935,33.021752558877864],[-96.702777666001523,33.021419634334023],[-96.702371011068564,33.02141705540074]]],[[[-96.702894279955572,33.023244144345064],[-96.702889697134921,33.023534162593748],[-96.702886068515383,33.023823435858674],[-96.703304138686434,33.023826324657627],[-96.703304848470424,33.023826332584456],[-96.703566765707492,33.023828941243053],[-96.70378054276091,33.023831202535163],[-96.703781253616654,33.023831210486406],[-96.703813179827236,33.023831540515552],[-96.703813889643413,33.023831547536822],[-96.704213261754447,33.023835202561848],[-96.704783800671521,33.023840540853612],[-96.704849753955543,33.023786178232044],[-96.704853453978316,33.023653890608593],[-96.704861673668944,33.023521806763348],[-96.704874403420746,33.023390081067653],[-96.704891628356009,33.023258867474254],[-96.70487615938795,33.023258865919821],[-96.704889285997325,33.022690038614421],[-96.704579383940541,33.022686833246148],[-96.70427295690331,33.022683663086482],[-96.70404170710367,33.022681270932473],[-96.703612688090189,33.022676830213527],[-96.703431294551308,33.022674951786797],[-96.702900697577832,33.022669458176267],[-96.702898126767721,33.022997278827702],[-96.702894279955572,33.023244144345064]]],[[[-96.835518528202257,33.025547515517985],[-96.835492797110291,33.025643087368202],[-96.835411548622389,33.025911703493101],[-96.835279597354614,33.026341499909186],[-96.835257543136549,33.026525291641683],[-96.835246514518985,33.026797304676172],[-96.835259600809593,33.027393379237502],[-96.835369640410519,33.027399316066699],[-96.835371178412316,33.026148503021176],[-96.835398131984903,33.026024217095539],[-96.835439700459204,33.025897289913551],[-96.835475494445674,33.025768616683898],[-96.835505448221099,33.025638458754827],[-96.835529492664008,33.025507082813185],[-96.835547582323699,33.025374753406375],[-96.835559680047609,33.025241743413467],[-96.835565761697623,33.025108321509549],[-96.835566459142186,33.025039131070528],[-96.835560884305792,33.023982634940403],[-96.835589928892631,33.0239839131454],[-96.837590805139754,33.023972651370038],[-96.837345209961597,33.023153350006098],[-96.83616014933618,33.019093216830058],[-96.83529081467529,33.01908279161173],[-96.835430307738875,33.019489718464754],[-96.835514851635239,33.019897737947453],[-96.835522202909146,33.020210184799396],[-96.835533231753871,33.021496731209091],[-96.835518528202257,33.025547515517985]]],[[[-96.704451668046602,33.02400199656558],[-96.704158053449362,33.023999365501233],[-96.703862675448079,33.023996493321768],[-96.703568511278604,33.02399363114835],[-96.702887937348009,33.023987005755991],[-96.702875377481831,33.024559613051458],[-96.703554030551089,33.024566774670852],[-96.703850483259586,33.024569699847085],[-96.704146614698118,33.024572580124129],[-96.704444563704016,33.024575474744054],[-96.70476755092497,33.02457630688356],[-96.704770635266257,33.02430924011221],[-96.704770915528442,33.024279522084505],[-96.704773014574627,33.024059789827795],[-96.704773264042984,33.024036143984091],[-96.704773594987174,33.024005782973134],[-96.704451668046602,33.02400199656558]]],[[[-96.700557308544703,33.023980417639777],[-96.700546272341199,33.024023145571434],[-96.700534852412389,33.024065865641347],[-96.700523731527937,33.024108591435784],[-96.700513598920978,33.024151335800411],[-96.700502364568052,33.024211307196602],[-96.700497099766736,33.02425600665309],[-96.70049452898806,33.024300746870331],[-96.700494481123798,33.02434551359832],[-96.700496780682471,33.024390295187217],[-96.700501255515533,33.024435076456903],[-96.700507732210269,33.024479847617101],[-96.700516037545654,33.024524593460399],[-96.700526552583383,33.024571602417808],[-96.70053761600083,33.024614645816484],[-96.700549676497886,33.024657037549026],[-96.700562354330629,33.02469817439605],[-96.700575271929736,33.024737452289351],[-96.700588050684928,33.024774266231383],[-96.700600312960773,33.024808013959969],[-96.7006116790417,33.024838091353622],[-96.700624792594496,33.024871457525961],[-96.700663510286788,33.024994938560816],[-96.700667793667961,33.025020248236089],[-96.700672751435221,33.025050340384183],[-96.700678427890367,33.025084541145958],[-96.700684859801854,33.025122177375913],[-96.700692088128491,33.025162578745039],[-96.700700150806568,33.02520506942659],[-96.700709091945797,33.025248980978155],[-96.700719817745622,33.025297400268933],[-96.700730378224279,33.02534080774889],[-96.700741924992641,33.025383807256439],[-96.700754541732593,33.025425975312942],[-96.700768313261165,33.025466886661128],[-96.700783322124039,33.025506119600713],[-96.70079965317008,33.025543247971726],[-96.700817389072355,33.025577846462774],[-96.700843372082574,33.025619313886672],[-96.70087955150521,33.025662685371834],[-96.70091800470783,33.025696332862516],[-96.700956528141191,33.025720357172403],[-96.700992918221232,33.025734860020314],[-96.701024568191414,33.025739939297154],[-96.701067489489631,33.025725885431889],[-96.701095747317041,33.025681326909755],[-96.701111709507757,33.025624259446573],[-96.701117814416591,33.025592904465505],[-96.701123510970291,33.025558186011509],[-96.70112884008843,33.025520583109071],[-96.701133839475489,33.025480574701675],[-96.701138546836077,33.025438639732947],[-96.701143001954165,33.025395259005961],[-96.70114724155907,33.025350908729067],[-96.701151369392079,33.025305355680629],[-96.701155292195395,33.025260381179564],[-96.701159096008155,33.02521540458357],[-96.701162796873334,33.025170427200393],[-96.701166414177237,33.025125446807458],[-96.701169962827066,33.02508046649114],[-96.701173464352436,33.025035484082821],[-96.701176933692437,33.024990501766041],[-96.701180414532104,33.024945195352011],[-96.701183861296528,33.024900214270893],[-96.701187242718206,33.024855230639012],[-96.7011904879718,33.024810245383158],[-96.701193526295867,33.024765257624736],[-96.701196288128955,33.024720262900807],[-96.701198703685549,33.02467526306809],[-96.701200702300781,33.024630254539524],[-96.701202221854217,33.024584902329174],[-96.701203130939774,33.024542153319082],[-96.701399096428545,33.024545724585842],[-96.70171328647038,33.024546790871227],[-96.702027687906124,33.024550544457327],[-96.70271276582983,33.024557498138925],[-96.702714769152635,33.024361252005654],[-96.702722131822696,33.023984304419542],[-96.702401491278309,33.023981596220835],[-96.702039820117847,33.023978075430207],[-96.701724294643384,33.023974707356089],[-96.701410977255463,33.023971683279903],[-96.701168052671704,33.023968003577487],[-96.701167031050474,33.023955808411905],[-96.70116408077746,33.023911128808301],[-96.701162066558396,33.023862771710832],[-96.701161462424452,33.023817750007815],[-96.701161587491114,33.023802712141567],[-96.701405623975347,33.023805665381026],[-96.701724252819915,33.023808857581358],[-96.70204296918304,33.023811608455141],[-96.70237632038868,33.023814655653574],[-96.702716979214713,33.023820425041578],[-96.702718674872528,33.023475961154922],[-96.702719128075003,33.02327403569403],[-96.702377836328751,33.02326820424031],[-96.702043295908268,33.023263208745853],[-96.701725058212844,33.023257933525336],[-96.701411603026742,33.02325411528404],[-96.701136013481687,33.023263785450332],[-96.701135480050652,33.023260894106315],[-96.701129436439345,33.023231475768661],[-96.701125964721328,33.023215934362973],[-96.701123883067808,33.023208130101523],[-96.701557276686643,33.023215258870692],[-96.701847876830897,33.023218410860039],[-96.702056114041966,33.023222686019544],[-96.702370102656474,33.0232270953476],[-96.702727123316265,33.023232641516024],[-96.702732448874286,33.023026223193163],[-96.702741261842135,33.022677414973025],[-96.702382115985017,33.022674056160582],[-96.70206665340902,33.02266916151995],[-96.701852812684876,33.02266607801586],[-96.701562601310272,33.022661902989725],[-96.701366348302884,33.022658868577842],[-96.701240255122912,33.022657242315788],[-96.701239544212214,33.022657236156306],[-96.701108059038788,33.02265564202245],[-96.701107682504627,33.022683476422266],[-96.701097657105933,33.022659810276686],[-96.701083982576066,33.022628866024057],[-96.701067957501238,33.022594249136525],[-96.701049581757715,33.022556507180511],[-96.701028858308646,33.022516191414503],[-96.701005788133983,33.022473848529046],[-96.700968478371337,33.022410470274245],[-96.700945683399368,33.022374608473726],[-96.700921707812569,33.022339222030837],[-96.700896870087831,33.022305219839104],[-96.700871490619406,33.022273517165765],[-96.700845887688644,33.02224502832162],[-96.700820379575703,33.022220667617809],[-96.700795288974021,33.022201345862527],[-96.700770930850197,33.022187979994804],[-96.700740959259676,33.022181007420244],[-96.700716374246781,33.022185636997953],[-96.700693758191861,33.022199612229969],[-96.700673148021096,33.022221650960219],[-96.700654573129313,33.022250471746275],[-96.700638068303618,33.022284792377846],[-96.700623665149948,33.022323329660779],[-96.700611398426645,33.022364802287662],[-96.700600475783347,33.022411951645438],[-96.700592660131363,33.022456117936578],[-96.700586827142047,33.022500511276476],[-96.700582706624161,33.022545098654625],[-96.700580029425566,33.022589847990155],[-96.700578524282619,33.022634726245357],[-96.700577920874281,33.022679704020661],[-96.700577946928362,33.022724746445732],[-96.700578335970988,33.022769927226236],[-96.70057883959069,33.02281499252247],[-96.700579330383391,33.022860056590631],[-96.700579704335922,33.022905118617416],[-96.700579860682126,33.022950176967953],[-96.700579696544381,33.022995229050451],[-96.700579107909064,33.023040274051752],[-96.70057799407347,33.02308530853135],[-96.700576239907164,33.02313058439897],[-96.700573838537409,33.023175509635301],[-96.700571020168582,33.023220427979261],[-96.700568099926983,33.023265345562628],[-96.700565387709389,33.023310264770913],[-96.700563197443415,33.023355195319837],[-96.70056184113831,33.023400140551772],[-96.700561631747419,33.023445107447323],[-96.700562925366867,33.02349103295564],[-96.700565768548884,33.023535336716343],[-96.700569714713325,33.023579661033587],[-96.700574144322061,33.023623993913944],[-96.700578438843507,33.023668325196716],[-96.700581977729584,33.023712641056115],[-96.700584143517901,33.023756931358484],[-96.700584317641244,33.023801186846043],[-96.700581244752456,33.023852066011706],[-96.700575480228139,33.023894890610435],[-96.700567272831904,33.023937669930881],[-96.700557308544703,33.023980417639777]]],[[[-96.700960858342086,33.026690231637559],[-96.700922110573003,33.026699380246711],[-96.700879229005722,33.026714386536867],[-96.700834423279659,33.026734766726413],[-96.700790666744751,33.026759553883863],[-96.700752237052598,33.026786089906921],[-96.700716404639465,33.026815423769747],[-96.700683753016065,33.026846739783579],[-96.700654864624269,33.026879222233134],[-96.700630326194499,33.026912055511318],[-96.700619764997413,33.026928521952037],[-96.700596039265676,33.02697538479368],[-96.700581789900525,33.027018150073474],[-96.700574921394093,33.02705466056932],[-96.700573385140885,33.027075364440613],[-96.700583109825786,33.027116182847713],[-96.700632575398529,33.02717853259194],[-96.70065089911644,33.027200084626983],[-96.700671251378822,33.027224623488387],[-96.700692541152549,33.027251519004125],[-96.70071368172195,33.027280140207935],[-96.700733580978834,33.027309856902271],[-96.700751152139361,33.027340039927871],[-96.700765304163212,33.027370059115306],[-96.700774950326888,33.027399283500628],[-96.700779023647669,33.027433234184755],[-96.700771591945795,33.027468387773787],[-96.700752947225254,33.027500023191564],[-96.700725660350685,33.027528994018468],[-96.700692304270049,33.027556155694356],[-96.700655448815084,33.027582360871229],[-96.70061766596298,33.027608462257326],[-96.700597489038927,33.027623036526769],[-96.700556867612875,33.027655975155305],[-96.70052151653546,33.027691288319176],[-96.700492380234962,33.027729626898001],[-96.700470403141736,33.027771641771373],[-96.700456533031883,33.027817980288397],[-96.700452908329368,33.027843245210818],[-96.700451696389337,33.027878198549729],[-96.700453937228772,33.027915178854258],[-96.700458934970456,33.02795390655551],[-96.700466000198574,33.027994101343864],[-96.700474434890424,33.028035483596476],[-96.700483548620326,33.028077771171347],[-96.700492645410591,33.028120687208293],[-96.700503647544664,33.028178974131571],[-96.70051033491157,33.028224163410862],[-96.700515212807218,33.028269319755296],[-96.700518262978107,33.028314443608856],[-96.700519464083584,33.028359531723446],[-96.700518795630543,33.028404587197151],[-96.70051720298062,33.028432619458727],[-96.700516239525513,33.028449605960049],[-96.700511772060096,33.028494591029066],[-96.700505350113218,33.028539699444103],[-96.700497364504798,33.028583168229041],[-96.700487942517384,33.028626608960089],[-96.700477476392749,33.028670031518168],[-96.700466354214754,33.028713442065118],[-96.700454968354919,33.028756846871083],[-96.700443708977673,33.028800253957755],[-96.700432966216468,33.028843672249799],[-96.700420682389364,33.028898833476291],[-96.700412215770939,33.02894373314404],[-96.70040504197658,33.02898865543952],[-96.70039895196102,33.029033596903815],[-96.700393743012583,33.029078556948136],[-96.700389207316931,33.029123527626545],[-96.700385137906935,33.029168507339513],[-96.700381331126167,33.029213491859998],[-96.700377555964181,33.029258733791906],[-96.700373706998732,33.029303667550025],[-96.700369807659044,33.029348600037743],[-96.700365956542598,33.029393533738805],[-96.700362256598154,33.029438469439732],[-96.700358808534915,33.029483410581037],[-96.700355712086605,33.029528357868202],[-96.700353070138576,33.02957331389306],[-96.700350952597049,33.029618938221589],[-96.700349547023436,33.029663875693871],[-96.700349015973032,33.029708291242095],[-96.70034957908895,33.029751648252841],[-96.700351455950837,33.029793411918213],[-96.700354864026821,33.029833046473676],[-96.700360020817428,33.029870015251817],[-96.700367146877909,33.029903786180128],[-96.7003765205462,33.02993398224973],[-96.700405924424061,33.02998759132096],[-96.700446679991373,33.030030035308094],[-96.70049807238567,33.030071569871232],[-96.700532215618239,33.030099069244066],[-96.700560047979451,33.030123012181413],[-96.70058860973873,33.030149645364652],[-96.70061681343374,33.030178750745087],[-96.700643573775849,33.030210109426051],[-96.700667805442663,33.030243503414496],[-96.700688421973936,33.030278716496753],[-96.700704337099211,33.030315527042831],[-96.700715634140224,33.030361045596749],[-96.700717872957725,33.030398208300269],[-96.700714681099882,33.030435875748246],[-96.700706903975245,33.030473560521614],[-96.700695388193523,33.030510771616932],[-96.700680977054645,33.030547020658034],[-96.700664516036184,33.030581818420153],[-96.700646850585201,33.0306146765816],[-96.700628826246657,33.030645104112914],[-96.700616517339228,33.030664588719951],[-96.700573037668704,33.030727450467531],[-96.700535517365864,33.030777936028393],[-96.700495367479903,33.030838947068077],[-96.700478017545748,33.030871918870297],[-96.700462041728215,33.030907700170481],[-96.700448282622801,33.030944976707929],[-96.700437582795303,33.030982435125054],[-96.700430783838158,33.031018759329214],[-96.700428765427318,33.03104391647571],[-96.700435833796476,33.031096446886053],[-96.700462860187727,33.031144126363209],[-96.700539146687873,33.03121017853956],[-96.700568427630515,33.031229434941885],[-96.700600935476317,33.031248835872759],[-96.70063590824239,33.031267576023865],[-96.700672581864325,33.031284848227934],[-96.7007101975382,33.031299848161865],[-96.700747990060009,33.031311770438585],[-96.700785199614501,33.031319808904271],[-96.700821060962312,33.031323159076351],[-96.70086204511729,33.031319690669335],[-96.70089642400967,33.031308082717821],[-96.700927075236081,33.031289012198812],[-96.700954249533225,33.031263483882455],[-96.700978193385765,33.031232501527676],[-96.700999155327338,33.031197071655228],[-96.701017382949786,33.031158197147448],[-96.701033123749596,33.03111688359477],[-96.701047511201665,33.03107105601913],[-96.701058968664256,33.031027417201365],[-96.701068698613724,33.03098345928089],[-96.701076974005346,33.030939228890013],[-96.701084069937721,33.030894772715094],[-96.701090258357496,33.030850135555774],[-96.701095813290365,33.030805364071163],[-96.701101008825617,33.030760503114855],[-96.70110619158369,33.030714944273775],[-96.70111144542723,33.030670132672626],[-96.701116955504645,33.030625324812817],[-96.701122786087026,33.030580523216607],[-96.701129004724748,33.030535728681741],[-96.701135675720664,33.030490942827647],[-96.701142865585311,33.030446165522299],[-96.701150639660995,33.030401399314947],[-96.701159342036362,33.030355230640922],[-96.70116831528459,33.030311161472305],[-96.70117775913883,33.030267100540215],[-96.701187446265052,33.030223045733223],[-96.701197150593785,33.030178989550507],[-96.70120664475975,33.030134930783632],[-96.70121570263025,33.030090863737357],[-96.701224099080463,33.030046784549036],[-96.701232669961456,33.029995886838385],[-96.701239021058143,33.029950923938642],[-96.701244212228602,33.02990594085994],[-96.701248281048649,33.029860936741635],[-96.701251262854669,33.029815913377327],[-96.701253193111,33.029770868949484],[-96.701254110304845,33.029725807138163],[-96.701254049900314,33.02968072612579],[-96.701253044021897,33.029635567085208],[-96.701251182799041,33.029590752450041],[-96.701248670951102,33.029545924137878],[-96.701245751758066,33.029501088275772],[-96.701242667459979,33.029456250060989],[-96.701239660328127,33.029411413788196],[-96.701236973737366,33.029366582876079],[-96.701234850997821,33.029321762549081],[-96.701233491378417,33.029274511840327],[-96.701233217407577,33.029229464288555],[-96.701233818209175,33.029184431538397],[-96.701235095355202,33.029139413110258],[-96.701236847459469,33.029094401221414],[-96.701238874991262,33.029049396267943],[-96.70124097864435,33.029004392326648],[-96.701242956905702,33.028959385225932],[-96.701244623845881,33.028914022405417],[-96.701245771915197,33.028868983550048],[-96.70124632502629,33.028823934226821],[-96.701246216734106,33.028778872762153],[-96.701245377378939,33.028733797401664],[-96.701243738340565,33.028688707320669],[-96.701241232070828,33.028643601721335],[-96.70123779001392,33.028598477973503],[-96.701233320097018,33.028553119609981],[-96.701227959476881,33.028508769794612],[-96.701221816359109,33.028464404787549],[-96.701215145809755,33.028420031012672],[-96.701208203022645,33.028375651282879],[-96.701201237736498,33.028331270984523],[-96.701194507191403,33.028286895692894],[-96.701188261189003,33.028242528988919],[-96.701182005723368,33.028191478273413],[-96.701177523876126,33.02814633645233],[-96.701173938164885,33.028101211778512],[-96.701171074973516,33.028056099879308],[-96.701168758478474,33.028010998133595],[-96.701166818247231,33.027965903152392],[-96.701165078456981,33.027920812314541],[-96.701163365492903,33.027875721247248],[-96.701161496379683,33.027830405772406],[-96.701159354381772,33.027785434915188],[-96.701156921892945,33.0277404585472],[-96.701154227849202,33.02769547739711],[-96.701151301218673,33.027650491290984],[-96.701148171945036,33.027605502790159],[-96.701144865845265,33.027560509834068],[-96.701141415006333,33.027515515038068],[-96.701137747777196,33.027469273272537],[-96.701134087146656,33.027424326500508],[-96.701130328963885,33.027379378173343],[-96.701126466766837,33.02733442903196],[-96.701122489966892,33.027289475195296],[-96.701118387655157,33.027244521810069],[-96.701114152490177,33.027199564173401],[-96.701109773659184,33.027154604723741],[-96.701105071135871,33.027107976340609],[-96.701100392405408,33.027063216253595],[-96.70109558363896,33.027018976965699],[-96.701090678764146,33.026975783407593],[-96.701085710668522,33.0269341595802],[-96.701080711135944,33.026894630360431],[-96.701075712046176,33.026857717916684],[-96.701070746190084,33.026823948958516],[-96.701065565289255,33.026792219383296],[-96.701043046235739,33.026713347068586],[-96.700993263777875,33.026687423617439],[-96.700960858342086,33.026690231637559]]],[[[-96.700865209496712,33.031564306236795],[-96.700838794613247,33.031575207586918],[-96.700812273269847,33.031592612905449],[-96.700786058470726,33.031615645282905],[-96.700760570820009,33.031643425290724],[-96.700736225596856,33.031675072463052],[-96.700713441201046,33.031709709123476],[-96.70069263502667,33.031746455763567],[-96.700671313905261,33.031791059580186],[-96.700654143785698,33.031835098403121],[-96.700640324112044,33.031879367094376],[-96.700629421602514,33.031923833054876],[-96.700621000831489,33.031968463631273],[-96.700614628419586,33.032013228932215],[-96.700609871082975,33.032058096357787],[-96.700606295568775,33.032103032405281],[-96.700603440809431,33.032148454659435],[-96.700600995366827,33.03219349687771],[-96.700598844747873,33.032238543810344],[-96.700596972877008,33.032283595052441],[-96.700595364653978,33.032328652934261],[-96.700594004131091,33.032373713439867],[-96.700592876176131,33.032418779802363],[-96.70059196477726,33.032463849811251],[-96.700591252722759,33.032508924840137],[-96.700590735199015,33.032553989406964],[-96.700590429945294,33.032599057512265],[-96.700590368042612,33.032644129938831],[-96.700590576285151,33.032689207361699],[-96.700591085786115,33.032734289660951],[-96.700591923275653,33.032779379317041],[-96.700593117755545,33.032824475253406],[-96.700594700876522,33.032869683082005],[-96.70059674188127,33.032914593419981],[-96.700599543499905,33.03295923015731],[-96.700603453496043,33.033003315620398],[-96.700608820865739,33.03304656764864],[-96.700615993437822,33.033088706762797],[-96.700625320145306,33.033129452607739],[-96.70063714771392,33.033168526579701],[-96.700652309588492,33.033206715903709],[-96.700674741101281,33.033249261049804],[-96.700701116890741,33.033287367784361],[-96.700730491681668,33.033320014747908],[-96.70076192025914,33.033346178776398],[-96.700794456205088,33.033364840290417],[-96.700827152154773,33.033374976073318],[-96.700843399065604,33.033376530121792],[-96.70087870505786,33.033370979600619],[-96.700911908992495,33.033353963063966],[-96.700942531278798,33.033326933129914],[-96.700970088106999,33.033291340503212],[-96.700994099926604,33.033248636899494],[-96.701009308296548,33.033213297082426],[-96.701021806222585,33.033176679109843],[-96.701032299385986,33.033138001994878],[-96.701041033683282,33.033097561075195],[-96.701048253027793,33.033055647120413],[-96.701054203380011,33.033012553662388],[-96.701059126445031,33.032968573222156],[-96.701063269350797,33.032923996650283],[-96.701066929639609,33.032878389592057],[-96.701070207497978,33.032833371971222],[-96.701073219462629,33.032788350362956],[-96.701075987032922,33.032743323501585],[-96.701078533755776,33.032698292883786],[-96.701080882170302,33.032653258173575],[-96.701083053647736,33.032608221716387],[-96.701085072934632,33.032563181424763],[-96.701086965165644,33.032518063838502],[-96.701088741450278,33.032473009291692],[-96.701090400848528,33.032427953606735],[-96.701091931571455,33.032382896486794],[-96.701093325109255,33.032337835910305],[-96.70109456856926,33.032292772456188],[-96.701095655553104,33.032247705059696],[-96.701096572032341,33.032202636078217],[-96.701097309625482,33.032157559879217],[-96.701097798875892,33.032112499109957],[-96.701097745901933,33.032067452693767],[-96.70109679827533,33.032022437054572],[-96.701094600289238,33.031977470340806],[-96.701090799484902,33.031932569879146],[-96.70108504230015,33.031887753871835],[-96.701076976309594,33.031843038742458],[-96.701066219453409,33.031798338967519],[-96.701053622394397,33.03175718998007],[-96.701038597318586,33.031717234001192],[-96.701021323849375,33.031679545388727],[-96.701001977129849,33.031645203809241],[-96.700980740059777,33.031615281896215],[-96.700957787874941,33.031590856608183],[-96.700933299024442,33.03157300498453],[-96.700907452083769,33.031562800453777],[-96.700891097222737,33.031560790992494],[-96.700865209496712,33.031564306236795]]],[[[-96.859036649103302,33.047094724508483],[-96.859030257338333,33.04713842404324],[-96.859024306925164,33.047181761904092],[-96.85901335492396,33.047274200488872],[-96.859008809689442,33.047320591628328],[-96.859004837958253,33.047366551980055],[-96.859001329727235,33.047412162031343],[-96.858998180322217,33.047457503300826],[-96.858995279678624,33.047502658081399],[-96.858991736076106,33.04756061309655],[-96.859117813325213,33.047561319146403],[-96.859189028385913,33.047066861754317],[-96.859265842866733,33.047074261797938],[-96.859311760156203,33.046759571056576],[-96.859316283521267,33.046759751778424],[-96.859565948894343,33.045080853770884],[-96.859894326814938,33.045082591083549],[-96.859940430773761,33.044786253122801],[-96.859779053125948,33.044785399145603],[-96.859620504004738,33.044784558561602],[-96.859621333029295,33.044778820235706],[-96.859612947362479,33.044778775530062],[-96.859876203138811,33.042957446295794],[-96.859922745492113,33.042666423065356],[-96.859976382541319,33.042376267347862],[-96.860035774559947,33.042093385593489],[-96.859874478376469,33.042092386297085],[-96.85987126836136,33.042101823543923],[-96.859856247718255,33.042146831641276],[-96.859837540540454,33.042204361962789],[-96.859824473980808,33.042245701571147],[-96.859811552501043,33.042287636468352],[-96.859798822855794,33.042330084650139],[-96.859786327482013,33.042372964912381],[-96.859774116319812,33.04241619623081],[-96.859762232939389,33.042459695621524],[-96.859750724034939,33.042503382885911],[-96.859737506324493,33.042555796154424],[-96.859726823502754,33.042600211585302],[-96.859716556663727,33.042644634275177],[-96.859706641462665,33.0426890635853],[-96.859697005040658,33.042733496865594],[-96.859687580878457,33.042777934328726],[-96.859678297158425,33.042822374253035],[-96.85966908849386,33.042866815071221],[-96.859659069901852,33.042915159606068],[-96.859649829388857,33.042959526470874],[-96.859640597442421,33.043003893539272],[-96.859631454486632,33.043048261835573],[-96.85962248305907,33.043092633338354],[-96.859613760368575,33.043137008995032],[-96.859605368922459,33.043181391686979],[-96.859597389237166,33.043225779730264],[-96.859589173722142,33.043274669836151],[-96.8595822337778,33.043319527338092],[-96.859575840627443,33.043364394332087],[-96.85956995350837,33.043409270744604],[-96.859564528533525,33.043454153716496],[-96.859559519519635,33.043499044851366],[-96.859554884692756,33.043543942244263],[-96.859550580074199,33.043588845744409],[-96.859546485418022,33.043634646965174],[-96.859542712934598,33.043679644536716],[-96.859539167756139,33.04372464574881],[-96.859535836989579,33.043769651195859],[-96.859532704586641,33.043814659589685],[-96.859529754438412,33.04385967144762],[-96.859526974753834,33.043904686487011],[-96.859524349484929,33.043949703419621],[-96.859521852167163,33.043994933940809],[-96.85951948026856,33.044039976822191],[-96.859517159850668,33.044085020032725],[-96.859514817992022,33.044130062727866],[-96.859512381770827,33.044175104063015],[-96.859509778265434,33.044220143193634],[-96.859506935686838,33.044265177495163],[-96.859503778969014,33.044310206071707],[-96.85950023369476,33.044355272315705],[-96.859496279208315,33.044400035101063],[-96.859491989004511,33.044444192603301],[-96.859487488269707,33.044487151493314],[-96.859482898055134,33.044528313825289],[-96.8594783393211,33.044567084361979],[-96.859473934160988,33.044602866086144],[-96.85946980463801,33.044635062883565],[-96.859465974168614,33.044663807231316],[-96.859454471935678,33.044739726211802],[-96.85944086674327,33.044809208621466],[-96.859435127264547,33.044837681318313],[-96.859428471606336,33.044870883716925],[-96.859421035394945,33.044908199246443],[-96.859412952204437,33.04494900857626],[-96.859404355548378,33.04499269418141],[-96.859395381114865,33.045038637685721],[-96.859386731854542,33.04508327615418],[-96.859378707279589,33.045125016615309],[-96.859370597213484,33.045167445322413],[-96.859362407186723,33.045210462116209],[-96.859354140433283,33.045253971299935],[-96.859345800248391,33.045297875371276],[-96.859337388824727,33.045342077705058],[-96.859328908385521,33.04538648077326],[-96.859319725544907,33.045434303125234],[-96.859311143109736,33.045478771509451],[-96.85930259604045,33.045523240739634],[-96.859294177687786,33.045567710343406],[-96.859285985507427,33.045612185367567],[-96.859278116066207,33.045656665416779],[-96.859270663695909,33.045701152752379],[-96.859263721686816,33.045745648707666],[-96.859256883298329,33.045793934742299],[-96.859251211924388,33.045838893947106],[-96.859246029444719,33.045883862160508],[-96.859241099970305,33.045928835534461],[-96.859236187703317,33.045973807512389],[-96.859231053416082,33.046018777780198],[-96.859225463514647,33.04606373802708],[-96.859219179842341,33.046108687964669],[-96.859211921639641,33.046153872043014],[-96.859203799103966,33.04619783912495],[-96.859194781297674,33.046241790162981],[-96.859185095503975,33.046285729702277],[-96.859174963646652,33.046329662159771],[-96.85916461411216,33.046373591203697],[-96.859154271030164,33.046417519496856],[-96.859144157367183,33.046461452384833],[-96.859132843224302,33.046513224423208],[-96.859123809307661,33.046557935833562],[-96.859115409060905,33.046602657916544],[-96.859107527724561,33.046647389727937],[-96.85910005384639,33.046692127692282],[-96.859092873738376,33.046736870890996],[-96.859085874814895,33.046781617528495],[-96.859078945561976,33.046826365834676],[-96.859071691503857,33.046872883593785],[-96.859064604796245,33.04691749710998],[-96.859057456911245,33.046962047717848],[-96.859050347472277,33.047006476365887],[-96.859043378308016,33.047050722248429],[-96.859036649103302,33.047094724508483]]],[[[-96.838435383220613,33.047641585668245],[-96.838431353320331,33.047975770459225],[-96.839401970577228,33.047984146313098],[-96.840389479347749,33.047992659426036],[-96.840393708759805,33.047640694416863],[-96.840412695750118,33.046060713222985],[-96.841258624466249,33.046066492306096],[-96.841394970360184,33.046071393421606],[-96.841615825597898,33.046079330225346],[-96.841833779369466,33.046105371289883],[-96.842049136701547,33.046146795307045],[-96.842258804589576,33.046204427652604],[-96.842378549428147,33.046245110491562],[-96.842543087925335,33.046310329445127],[-96.844271840917614,33.047049682318111],[-96.844628692345907,33.047173844878067],[-96.845021226538904,33.047277995068278],[-96.845021462093342,33.047278040496373],[-96.84531473236531,33.047334929848311],[-96.845636198066586,33.047377696654557],[-96.846014545224108,33.047402688041643],[-96.846349229936692,33.047402493057852],[-96.846727632801432,33.047377162426848],[-96.847048260209561,33.047334307697568],[-96.847365386436692,33.047272454309251],[-96.847735186454088,33.047174099963001],[-96.848101196767743,33.047046225386673],[-96.848432695900868,33.046900774444467],[-96.850063880769397,33.046066862413127],[-96.850204384640222,33.045999171523519],[-96.850405614123517,33.045915497751501],[-96.850598886415412,33.045850649919863],[-96.850830482657159,33.045789538458358],[-96.851838062171453,33.045595168167516],[-96.85221934930874,33.045525902735982],[-96.852326351602912,33.045514063289403],[-96.852348925792398,33.046775090364434],[-96.852360957952229,33.047447211330031],[-96.853452722723759,33.047425491819169],[-96.854319215709381,33.047408248030578],[-96.854310350122461,33.046913635259422],[-96.854284490372137,33.045470947752939],[-96.856613301831175,33.045428983171583],[-96.856603085521371,33.04493550691538],[-96.856579216616737,33.043782575794225],[-96.854292721517254,33.043823824686946],[-96.854341763701328,33.042057990460236],[-96.853751055193626,33.042054304717098],[-96.853461150318523,33.042052518098373],[-96.853379507986872,33.042002808053226],[-96.85337723973042,33.042001426279299],[-96.85336515598037,33.04200126884826],[-96.852385596919433,33.041988476530719],[-96.85233380774352,33.043851762374899],[-96.852161225588247,33.043866474108889],[-96.85189494139982,33.043899101681987],[-96.851719244711887,33.043927303632991],[-96.85169551672324,33.043931796797438],[-96.851408491500337,33.043986152744601],[-96.850347846377446,33.04419074481094],[-96.850183141436119,33.04422955353639],[-96.849952744005165,33.044293030102956],[-96.849737634916067,33.044362165901084],[-96.849594024743311,33.044414239946924],[-96.84958444705299,33.044417712299314],[-96.849283944342361,33.044542664153674],[-96.84906951325226,33.04464596871788],[-96.847471256251183,33.045463045021819],[-96.847272085301682,33.045550434043946],[-96.847063893090009,33.045623170813322],[-96.846848850138471,33.045680366047876],[-96.846673433537887,33.045714579260839],[-96.846496239252971,33.045738262145029],[-96.846270850560131,33.045753349440275],[-96.846090537308754,33.045753454903121],[-96.845865876765728,33.045738615953049],[-96.845687718023086,33.045714914945108],[-96.845510785758279,33.045680590570015],[-96.845297326383246,33.045623859687112],[-96.845089537795914,33.045551561605564],[-96.843402819488389,33.044830188598183],[-96.843161684987919,33.044734609348467],[-96.842943363281577,33.044660434778692],[-96.842720971235394,33.044595998514652],[-96.842570990996833,33.044558672956065],[-96.842419909300972,33.044525793169505],[-96.842189033716366,33.044484605453142],[-96.841957863169398,33.044453838810455],[-96.841801955198846,33.044438922588519],[-96.841645673093424,33.044428639521286],[-96.841414945233083,33.044418628647485],[-96.841406429007179,33.044418258872959],[-96.840440041591435,33.044411656953201],[-96.840463085710653,33.04331447958306],[-96.840480058083514,33.042506364267084],[-96.839432146864738,33.042490747833028],[-96.838522257773278,33.042477181816075],[-96.838508646843181,33.04312456704416],[-96.838481865971218,33.044398254233414],[-96.836195981535781,33.044382570802924],[-96.836179838476255,33.04524097182712],[-96.836164969482184,33.046031600034858],[-96.838454608758482,33.046047310376387],[-96.838435383220613,33.047641585668245]]],[[[-96.85889469734407,33.048668965936869],[-96.858889599791169,33.048695194209486],[-96.858884736183342,33.048717738985772],[-96.858875160418421,33.048762093082161],[-96.8588655674927,33.048806446765283],[-96.858855951004742,33.04885079897803],[-96.858846300173681,33.048895151269072],[-96.858836607526044,33.048939502555612],[-96.858826864455423,33.048983853534835],[-96.858816054660451,33.049032751690241],[-96.85880620901834,33.049077026116905],[-96.858796370870692,33.049121300721403],[-96.858786612071185,33.049165576322935],[-96.858777005514852,33.049209854669343],[-96.858767627343553,33.049254136682769],[-96.858758551494176,33.049298425039545],[-96.858749848809893,33.049342718727665],[-96.858745799387776,33.04936453489082],[-96.858740668262598,33.049392166423672],[-96.858732901921769,33.049436943357826],[-96.858725609514565,33.049481728039659],[-96.858718726722515,33.049526518927038],[-96.858712184847235,33.049571317083476],[-96.858705917486745,33.049616119109778],[-96.858699858147631,33.049660924315234],[-96.85869393923349,33.049705732886125],[-96.858687908721663,33.049751969967005],[-96.858682072247944,33.04979678322205],[-96.858676190775284,33.049841594493031],[-96.858670211715122,33.049886404326152],[-96.85866408575535,33.049931211538961],[-96.858657759235129,33.049976016651918],[-96.858651184005922,33.050020815799904],[-96.858644307417421,33.050065611334617],[-96.858636846139277,33.050111802350706],[-96.858629271599156,33.050156265815971],[-96.858621337902079,33.050200721571407],[-96.858613083548036,33.050245173250715],[-96.858604546117476,33.050289619947826],[-96.858595766376467,33.050334061736692],[-96.858586781814168,33.050378500419669],[-96.858577632094182,33.050422936947726],[-96.858567527069425,33.050471321568807],[-96.858558188373053,33.05051566682323],[-96.858548876437254,33.050560013621016],[-96.858539701800481,33.050604360998591],[-96.85853077588996,33.050648713434761],[-96.858522208081027,33.050693072648748],[-96.858514111026068,33.050737438631181],[-96.858506594009114,33.050781815809621],[-96.858499097440742,33.050830855674754],[-96.858493065077042,33.050875809661797],[-96.858487786541218,33.050920775398176],[-96.858483186702216,33.050965753792987],[-96.858479185221626,33.051010741112847],[-96.858475706968306,33.051055738266854],[-96.85847267047032,33.05110074330139],[-96.858470000687745,33.051145754417227],[-96.858467604324929,33.051191024171807],[-96.85846543277377,33.051236022836363],[-96.858463407957274,33.051280711494357],[-96.85846146426293,33.051324777759348],[-96.858459541438179,33.051367909373582],[-96.858457575033995,33.051409791268114],[-96.858455501520396,33.051450112913642],[-96.858453258622788,33.051488558389913],[-96.85845078265848,33.051524821681717],[-96.858445684094647,33.051583629217589],[-96.858439857527117,33.051635790122546],[-96.858433514755404,33.051682624106455],[-96.858423619404078,33.051745077994745],[-96.858415038938375,33.051794630335927],[-96.858405617509376,33.05184623971634],[-96.858394491042063,33.051905185500097],[-96.858386964041969,33.051944554154531],[-96.858380528898962,33.051978125763782],[-96.858373583355103,33.052014385772445],[-96.858366219558874,33.052052956908945],[-96.858358527667335,33.052093457336426],[-96.858350599920925,33.052135507075036],[-96.858342528468896,33.052178728853328],[-96.85833440343859,33.052222741737459],[-96.858325676720668,33.052270714802226],[-96.858317707953631,33.052315341309843],[-96.858309935358946,33.052359972519845],[-96.858302417989862,33.052404607137767],[-96.8582952147773,33.05244924748029],[-96.858288385785784,33.052493894084151],[-96.858281988905006,33.052538548337665],[-96.858280773616102,33.052547741482471],[-96.858276083096996,33.052583211654728],[-96.858265672443636,33.052675464064301],[-96.858261453654833,33.052720463283613],[-96.85825769917173,33.052765470021264],[-96.858254334994484,33.052810483406297],[-96.858251279619026,33.052855502387807],[-96.858248457973446,33.052900526069081],[-96.85824579186081,33.05294555076803],[-96.858236729057182,33.05313609385783],[-96.858247440488313,33.05313610585867],[-96.858386619106582,33.053136269147366],[-96.858488773443597,33.052399512776439],[-96.858657394759788,33.051244006643145],[-96.858908195659325,33.049525281819335],[-96.859049779908631,33.048554986911917],[-96.858984354518753,33.048546162105595],[-96.858985027483243,33.048541488025784],[-96.858976797640778,33.048540378149845],[-96.858917371044726,33.048533347878148],[-96.85889469734407,33.048668965936869]]],[[[-96.857065273451454,33.060906074394921],[-96.857054291980788,33.060950177465017],[-96.857043433387005,33.060994200356554],[-96.857032823712927,33.061038064776056],[-96.857022584865945,33.061081687813378],[-96.857012841817294,33.061124991149349],[-96.857003718527366,33.061167894633648],[-96.856995338957049,33.06121031811599],[-96.856979493784863,33.061305701266363],[-96.856973308206648,33.061352604620957],[-96.856968092371162,33.061398880700509],[-96.856963653126712,33.061444656785987],[-96.856959796432278,33.061490054715819],[-96.856956332351601,33.061535201847981],[-96.857157297902887,33.06155691178715],[-96.857193290331196,33.061328154439238],[-96.857180030050316,33.060896169531873],[-96.857065273451454,33.060906074394921]]],[[[-96.679965837066746,33.056864626133056],[-96.67981805219182,33.057170838521074],[-96.679538998460373,33.057689108680016],[-96.679274260689184,33.058005344202606],[-96.680074608054369,33.058480456679199],[-96.680874962530652,33.058955564081579],[-96.681192992504222,33.058575661358041],[-96.681284480760908,33.058441058928409],[-96.681487693960207,33.058063631462311],[-96.681609740470734,33.057836950650582],[-96.68162507275791,33.057806905108507],[-96.681788819204982,33.05746760546085],[-96.681805119858211,33.057431413069523],[-96.681911795027204,33.057176703471768],[-96.68192004324753,33.057156150241447],[-96.68198824569231,33.05697853424487],[-96.681994729993022,33.056960982255411],[-96.682056443844701,33.056787119743824],[-96.682693079923922,33.056866168322507],[-96.682931905822386,33.056897721726905],[-96.683155458461215,33.056930639147964],[-96.683378337987804,33.056966906729805],[-96.683600547656326,33.057006464018464],[-96.683823189722958,33.057049544024395],[-96.684043561398511,33.057095062733495],[-96.684175180422272,33.05711998627406],[-96.684257997757669,33.057139971848287],[-96.68452594597224,33.056350113074345],[-96.684794913552764,33.055557237820146],[-96.684774846991104,33.055552539327152],[-96.68453919587472,33.055499543879755],[-96.684519817913525,33.055495364251115],[-96.684282752952285,33.055446395888978],[-96.684268761380864,33.055443598555321],[-96.684030750414294,33.055397543279611],[-96.684013987873357,33.055394430920273],[-96.68377502651002,33.055351892192114],[-96.683758283682508,33.055349039621845],[-96.683518474903977,33.055310017332964],[-96.68350135058229,33.055307361989094],[-96.683260794308595,33.055271941792448],[-96.683243909401753,33.055269583423637],[-96.68299216341606,33.055236322696871],[-96.682983219251085,33.055235176423253],[-96.682392818829143,33.055161869912361],[-96.682481830397535,33.054518264534728],[-96.682484264886071,33.054498163091466],[-96.682524539849496,33.054119615321575],[-96.682527274514712,33.054086358311601],[-96.682544014590036,33.053798451274858],[-96.68254508947571,33.053769698979011],[-96.682555724470916,33.053131937760192],[-96.681578037022462,33.053120371625056],[-96.681398531032968,33.053118247290072],[-96.680597575249834,33.053108765848584],[-96.680587165904271,33.053732146373996],[-96.680572224357661,33.053989033345736],[-96.680534779506488,33.054340911385495],[-96.680462522112464,33.054868468787944],[-96.680444252905559,33.054863265790935],[-96.680269731451318,33.054804843957506],[-96.680099003387781,33.054738728355701],[-96.679932386556999,33.054665093309232],[-96.679767158024049,33.054582581339687],[-96.679665888223795,33.05452676225817],[-96.679566856749872,33.054468000880824],[-96.679414758891127,33.054369032936648],[-96.679268937929308,33.054263497739456],[-96.679184353740084,33.054196650259811],[-96.678884066936291,33.053936900735927],[-96.678850473215505,33.05390920596512],[-96.678675583153449,33.0537717853543],[-96.678643909282073,33.053747956768788],[-96.67852266354727,33.053660655100401],[-96.678489343303227,33.05363771179573],[-96.678300890417574,33.05351366385203],[-96.678252530480862,33.053483792816429],[-96.677989775714892,33.053331697689146],[-96.677947304617575,33.053308450822136],[-96.677811366049866,33.053238192161068],[-96.677774098679194,33.053219871522657],[-96.677564961393443,33.053122189031583],[-96.677511853710115,33.0530991394211],[-96.677224081467415,33.052983456345331],[-96.677161200006339,33.05296041892997],[-96.676864542337839,33.052861988312308],[-96.676816663653071,33.052847302554589],[-96.676665459591661,33.052804641674548],[-96.676637481516551,33.052797138934757],[-96.676284865629256,33.05270745805511],[-96.6761094643268,33.0526537166024],[-96.675940264807565,33.052593348260643],[-96.675712417844451,33.052497755925394],[-96.675492748942887,33.052388829803768],[-96.675336903286706,33.05230038856687],[-96.675246444957395,33.052244036032377],[-96.675043111254283,33.052103008689528],[-96.67490566662822,33.051995130961345],[-96.674826737438693,33.051927539359788],[-96.674654977534672,33.051764170472268],[-96.674502452107646,33.051596891884515],[-96.674361712428222,33.05141788935105],[-96.674269797313613,33.051283961887833],[-96.674182550415395,33.051139853044475],[-96.674134368694169,33.051050848899067],[-96.673993523813181,33.050756432775565],[-96.673723810821883,33.050138129421782],[-96.673709638461077,33.050107534278581],[-96.673557263691677,33.049797021206786],[-96.673543714621701,33.049770716659793],[-96.673378604065405,33.049464828764322],[-96.673361490700984,33.049434753434319],[-96.673125280100706,33.049040308595536],[-96.673107480358794,33.049011967815893],[-96.672929619297747,33.048741637999179],[-96.67291751412867,33.048723768736508],[-96.672816628411709,33.048579068268999],[-96.672803386983517,33.048560632509222],[-96.672592705689325,33.048275768583558],[-96.672574084021178,33.048251543389647],[-96.672351682267305,33.047973044238269],[-96.672332203313701,33.047949542673869],[-96.672120598614399,33.047703480891684],[-96.672098479453524,33.047677760808426],[-96.67207794695301,33.047654741146957],[-96.671833049395588,33.047389937793199],[-96.671811886115123,33.047367848098865],[-96.671562403301735,33.047116437896314],[-96.671540183683291,33.047094818277856],[-96.67127581690329,33.046846440274201],[-96.671258491451212,33.046830583261297],[-96.671122520697807,33.046709362694905],[-96.671104709300295,33.046693894497686],[-96.670825293942272,33.046457479502834],[-96.670800704565664,33.046437389809491],[-96.670511651943769,33.046209361000521],[-96.670486257040181,33.046190017903562],[-96.670187916004139,33.045970639794604],[-96.670159303708814,33.045950398016359],[-96.669606080282634,33.045573936179665],[-96.669416246988945,33.045426974869628],[-96.669291794237907,33.045318125810816],[-96.669126576230127,33.045154684275964],[-96.668975363092443,33.044982077628177],[-96.668877933704493,33.044855237426589],[-96.668752724840118,33.044668162222834],[-96.668645197533721,33.044477633961122],[-96.668552196164967,33.044277824785603],[-96.668513921139194,33.044178115793862],[-96.668681366838243,33.04418396794312],[-96.668917729907591,33.044200008125635],[-96.669146259363941,33.044225647985577],[-96.66937683452953,33.044261952862222],[-96.669522082803567,33.044290412686472],[-96.669669759739676,33.044324001344627],[-96.670472222231524,33.044532872651551],[-96.670761294580359,33.043745086059609],[-96.671050394074257,33.042957212465318],[-96.670231107216267,33.042743962452697],[-96.670197265285637,33.042735711879658],[-96.670015957848562,33.042694475737363],[-96.669982561690844,33.04268740837886],[-96.669799673704887,33.042651573094993],[-96.669757740322893,33.042644166663038],[-96.669480888590158,33.042600574883018],[-96.669430243356132,33.04259375103566],[-96.669151032905049,33.042562426087123],[-96.669100386882945,33.042557870070411],[-96.668819634889061,33.042538817360033],[-96.668781589399799,33.04253686227193],[-96.66856335270154,33.042529235082462],[-96.668623442271581,33.042318883295827],[-96.668881898209378,33.041767810029341],[-96.668933568542442,33.041606229606032],[-96.66893937532376,33.041588074386652],[-96.669041552733376,33.04101859006802],[-96.669044521700215,33.041000708748243],[-96.669147048371656,33.040330217429869],[-96.669330502084691,33.039374302456345],[-96.669332450558059,33.039364147876363],[-96.669333148333322,33.039360513350175],[-96.669342279483587,33.039297729890102],[-96.669365504494522,33.039064078259159],[-96.669423230966089,33.038483339732707],[-96.669444450628319,33.038320326758566],[-96.669448393014207,33.038281656182534],[-96.669461772854206,33.03810049965125],[-96.66946361612527,33.038057389719199],[-96.66946572866631,33.037875899693894],[-96.669465211011982,33.03783978668951],[-96.669460329662158,33.037718893633567],[-96.669457965783138,33.037683169208989],[-96.66944130929005,33.03750224193589],[-96.669435976998557,33.037459095919601],[-96.669408043727387,33.03727912340586],[-96.669400082471824,33.037236535813392],[-96.669361019180698,33.037058035014084],[-96.669349449690046,33.037012439809253],[-96.669323076670238,33.036921210530856],[-96.669311985829864,33.036886206614703],[-96.669265623201724,33.036751810064999],[-96.669247180028833,33.036703866041172],[-96.669172496834179,33.036528220069016],[-96.669150547429595,33.036481188935511],[-96.669085059254556,33.036352591247052],[-96.669063704762479,33.036313506856963],[-96.668990337841549,33.036187949895464],[-96.668960827462215,33.036141287563467],[-96.668862999596456,33.035997869928707],[-96.668824981697838,33.035946588048489],[-96.668724533838969,33.035821535816353],[-96.668694039889701,33.035785679627665],[-96.668464129824329,33.035530056018118],[-96.668428066297722,33.035492315991448],[-96.668313836716294,33.035379712993276],[-96.668279544775146,33.035347648200492],[-96.668165775972142,33.035246708467191],[-96.668158484718049,33.035240239491593],[-96.668120705490367,33.035208500691212],[-96.666756701324019,33.034123351603697],[-96.666668345617794,33.034049923350693],[-96.666561434739336,33.033952486275517],[-96.666424855300789,33.033811662053374],[-96.666297831544128,33.033660268584718],[-96.666248250863262,33.033594065213499],[-96.666169464829721,33.033477933696602],[-96.666070207204214,33.033308392473145],[-96.666033527109661,33.033236487737469],[-96.665975838784675,33.033108159758115],[-96.665960207357628,33.033067006613777],[-96.665927454660846,33.032980779690376],[-96.665915851798729,33.032943650636092],[-96.665923921592622,33.032664022273671],[-96.665984366766509,33.031882310097281],[-96.665986286810693,33.031843111755386],[-96.665988049741074,33.031758087711196],[-96.666234439090275,33.031761047466375],[-96.667248319476059,33.031768930080119],[-96.667721009670231,33.03177260204729],[-96.668241965803176,33.03177664797294],[-96.668260000782197,33.030127525523987],[-96.667778130616341,33.030123786190835],[-96.66625988845982,33.030111992004471],[-96.66617790158665,33.030111009387376],[-96.665983638481578,33.030108680515134],[-96.665993721542634,33.029551912371247],[-96.665996168778548,33.029416743004639],[-96.66599613783437,33.029388361466758],[-96.665990925442159,33.02914652116597],[-96.665988297899489,33.029099291572443],[-96.665968345426393,33.028877110340687],[-96.665961444694375,33.028800268945496],[-96.665958891647151,33.028776439620223],[-96.665955717990386,33.028750952679161],[-96.665947427177315,33.028668068844475],[-96.665938212092399,33.028576384031332],[-96.665917484018806,33.028374125131883],[-96.665906210014867,33.028264424569606],[-96.665888656898929,33.028097815254391],[-96.664913626825012,33.02817075044296],[-96.664540068430057,33.028198691558451],[-96.663940686134438,33.028243521092854],[-96.663944458929535,33.02829987546761],[-96.66395202749986,33.028371720944925],[-96.663955801422006,33.028407544023374],[-96.663966961990212,33.028516157606241],[-96.663987456656997,33.028716165541681],[-96.663996567422302,33.028806848506989],[-96.664005665595482,33.028897823003483],[-96.664007549500425,33.028914609942639],[-96.664010285586315,33.028936583491927],[-96.664033942862375,33.029200091079026],[-96.664038336110778,33.029404094693973],[-96.664024379969675,33.030125965335422],[-96.663891653575661,33.030141751658405],[-96.663807497258134,33.030154944693983],[-96.663482511327601,33.030218388684119],[-96.66342527161099,33.03023111235602],[-96.663247413308966,33.030275528737278],[-96.663198865458867,33.030288822525236],[-96.663023993904915,33.030340989762422],[-96.66298840786952,33.030352267088709],[-96.66144718928561,33.030869602135745],[-96.661329476366944,33.030909113639716],[-96.661320677430723,33.030911550417869],[-96.66184299446823,33.032500978600389],[-96.661868891058617,33.032494883381254],[-96.661911234521938,33.032484040605013],[-96.661969669677973,33.032467855680842],[-96.662021405872821,33.03245202409294],[-96.662026254219057,33.032450540170359],[-96.663695520867535,33.031890223475166],[-96.663828404616766,33.031850581233762],[-96.663852295670125,33.031844614359002],[-96.663953396322398,33.031819366190305],[-96.664028343974422,33.031804734926574],[-96.664022600790403,33.031878994401588],[-96.663968877391127,33.032573580136514],[-96.663967095849884,33.032607132764824],[-96.663955157960174,33.033020441997344],[-96.663987116213576,33.033250407738493],[-96.664040568665172,33.033421447830285],[-96.664054874671891,33.033462805099909],[-96.66411885381271,33.033631252476937],[-96.664135726252056,33.033671971199333],[-96.664210084534616,33.03383739559262],[-96.664226169703895,33.033870940570125],[-96.664281437741494,33.033979286346181],[-96.664302873744674,33.034018450524727],[-96.664333181549225,33.034070219729905],[-96.664426666410151,33.034229903513932],[-96.664454696058272,33.034274314611771],[-96.664523377757973,33.034375557194849],[-96.664558896478539,33.034427913524908],[-96.664580890085517,33.034458750857745],[-96.664655564556128,33.034558464382485],[-96.664684084483312,33.034594421321607],[-96.66484563864428,33.034786972740129],[-96.664886958311271,33.034832744964547],[-96.665064055983208,33.035015351215293],[-96.665103256402162,33.035053342862263],[-96.66517962910001,33.035122949398392],[-96.665245772076801,33.035183231605799],[-96.665277150543702,33.035210539780515],[-96.665389165003475,33.035303631390654],[-96.665404519644483,33.035316117644854],[-96.666405093303524,33.036112148447707],[-96.666756881443675,33.036392017354494],[-96.666841922829349,33.03646746908872],[-96.666920814755159,33.036545238290699],[-96.667117533540008,33.036763961626747],[-96.667183180164798,33.036845688351185],[-96.667247473205123,33.036939944896581],[-96.667295692306169,33.037022466949423],[-96.667339275514792,33.037108055250918],[-96.667393745760947,33.037236168363428],[-96.667425753220428,33.037328956412935],[-96.667440484897895,33.037379920911604],[-96.667469886013862,33.03751427964599],[-96.667491160012958,33.037651356489512],[-96.667504178666761,33.037792811676333],[-96.66750760735944,33.037877768640818],[-96.66750595227532,33.038019621246995],[-96.667495589039007,33.03815986891567],[-96.667475508718056,33.038314110693271],[-96.667473091332894,33.038335182135],[-96.667394208066611,33.03912858074527],[-96.667211570355832,33.040080133874113],[-96.667207044592203,33.040106386081504],[-96.667182165637158,33.040269066952995],[-96.667103862067876,33.040781079364265],[-96.667019893680731,33.041249018143681],[-96.666892572814731,33.041520477383685],[-96.666777049064237,33.041766782839886],[-96.666735739918352,33.041876847476793],[-96.66663827792928,33.042218005572209],[-96.666633621125527,33.042235102951814],[-96.666575396259432,33.042459831247925],[-96.664832854589392,33.042395972462899],[-96.664120635610189,33.042369863451498],[-96.664078630326898,33.043192783336153],[-96.664036530770218,33.044017530998907],[-96.664817259400664,33.044045797290025],[-96.666481884771954,33.044106046288839],[-96.666513841632806,33.04425253147059],[-96.666528533539619,33.044308748193892],[-96.666607915189942,33.044568905605033],[-96.666624572932079,33.044617309399094],[-96.666698162953267,33.044809031511896],[-96.666718221929131,33.044856323684954],[-96.666834637132496,33.045106445584196],[-96.666861907777744,33.045159487244298],[-96.666998800967136,33.045402057404708],[-96.667030162486398,33.045452979394938],[-96.667186751769876,33.04568694867482],[-96.667217606394914,33.045729933348191],[-96.667347582658223,33.045899147333444],[-96.667381789110365,33.045940814877639],[-96.667571107094844,33.04615692299371],[-96.667613454156708,33.046201896808178],[-96.667820212512908,33.046406435100444],[-96.667860444695663,33.046443852641687],[-96.668026397054092,33.046589002446254],[-96.668069081620956,33.046624126668512],[-96.668303869920649,33.0468058921766],[-96.668351120172559,33.046840198114552],[-96.66891408736295,33.047223292749621],[-96.669185453475265,33.047422838250007],[-96.669443228028996,33.047626192225835],[-96.669449508155097,33.047631147154164],[-96.66970781087926,33.047849701249419],[-96.669826209882856,33.047955258525739],[-96.670070703322821,33.048184969595169],[-96.670298490009642,33.048414522071212],[-96.670522524774412,33.048656770618805],[-96.67073623362981,33.048905287327898],[-96.670939572628853,33.049159920233194],[-96.67113442904116,33.049423392814411],[-96.671222650979033,33.049549933529491],[-96.671385358753724,33.049797242487067],[-96.67160407436576,33.050162483412045],[-96.671753940210095,33.050440136334281],[-96.671892356730382,33.050722221124438],[-96.672160554057868,33.051337078778737],[-96.672171432212821,33.051360873246722],[-96.67232611919691,33.051684240934229],[-96.672343400903884,33.051718156283926],[-96.672409561840723,33.05184037760219],[-96.672428185134379,33.05187287497256],[-96.672536852295423,33.052052368874435],[-96.672561417667552,33.052090437656446],[-96.672681105482184,33.05226483957351],[-96.672712441467709,33.052307456263257],[-96.672888540388769,33.052531435527115],[-96.672928338811687,33.052578399085249],[-96.673122573221463,33.052791425522493],[-96.673166081087587,33.052835841151058],[-96.673377511538604,33.053036944776743],[-96.673412480032965,33.053068503445466],[-96.673524332997928,33.05316428917417],[-96.673554874060343,33.053189329076972],[-96.673729859323686,33.053326672472025],[-96.673774960358571,33.053359958390914],[-96.674021129233282,33.053530698262996],[-96.674061304678105,33.053557115692811],[-96.674189553842453,33.05363701031029],[-96.674224685614902,33.053657906247146],[-96.6744230686826,33.053770486616095],[-96.674473429073515,33.053797228397059],[-96.674748285929937,33.053933522647377],[-96.674808477549007,33.05396102794613],[-96.675093934419536,33.054080792216475],[-96.675148589315029,33.054101982755164],[-96.675368861295354,33.054180573666343],[-96.675416056215809,33.054196210298564],[-96.675640906321505,33.054265103251673],[-96.67569259983236,33.054279582606803],[-96.676057253320621,33.054372325225451],[-96.676170368611167,33.054404239279471],[-96.67641139747505,33.054484213366251],[-96.676641242007193,33.054576609264963],[-96.676805373508486,33.054653270311228],[-96.676901326866172,33.054702864033771],[-96.677118481194412,33.05482856435529],[-96.67726633784271,33.054925890444508],[-96.677355078342984,33.054989789590373],[-96.677497246162574,33.055101499584275],[-96.677796547231964,33.055360399412358],[-96.677828077973558,33.055386469902203],[-96.67794439068075,33.055478393422995],[-96.677976245411728,33.05550248695117],[-96.678157647847883,33.055633775526026],[-96.678197167950046,33.055660903255131],[-96.678386516697159,33.055784110859292],[-96.678421221548845,33.055805681482234],[-96.678551593853157,33.055883040252432],[-96.678579326701424,33.055898903350268],[-96.678712773009693,33.055972459962277],[-96.678749579872687,33.055991782393441],[-96.678955360723663,33.056094545018787],[-96.678999789812252,33.056115438522156],[-96.679211610836191,33.056209050707444],[-96.679257525483791,33.05622807072924],[-96.679474934854994,33.056312263474837],[-96.679522323017636,33.056329356391721],[-96.679744617736631,33.056403773014345],[-96.679792697736758,33.056418653361433],[-96.68001937051551,33.056483195141915],[-96.680068185747714,33.056495909193188],[-96.680111380776566,33.056506127929786],[-96.68006058530483,33.056638405012748],[-96.679965837066746,33.056864626133056]]],[[[-96.856771562044031,33.063786693600541],[-96.856757912805492,33.063830281717223],[-96.856744310759424,33.063873870059993],[-96.856730804122492,33.063917460688984],[-96.85671743902796,33.063961053807411],[-96.856704262650808,33.064004650546899],[-96.856691324371738,33.064048250285083],[-96.856678668088449,33.064091855882147],[-96.856663547096474,33.06414554525243],[-96.856651533920314,33.064189710189929],[-96.856639882141906,33.064233881084164],[-96.856628547742034,33.064278058686284],[-96.856617496503787,33.064322239465035],[-96.856606684377212,33.064366425074219],[-96.856596073867706,33.064410613710976],[-96.856585627388853,33.064454806280679],[-96.85657397352702,33.064504713551074],[-96.856563730960801,33.064548999553118],[-96.856553595631695,33.064593287222209],[-96.85654359752985,33.064637578181419],[-96.85653376676764,33.064681870442506],[-96.856524132202082,33.064726167408359],[-96.856514723915282,33.064770467993661],[-96.856505571928096,33.064814772918595],[-96.856495723933705,33.064864076574523],[-96.856487156686413,33.064908700009113],[-96.856478973419314,33.0649533281359],[-96.85647124158794,33.064997965283865],[-96.856464021326033,33.06504261018506],[-96.856457376933832,33.065087265285648],[-96.856451371670133,33.065131932103256],[-96.85644606992723,33.065176610375723],[-96.85644129957484,33.065223850219112],[-96.856437604052147,33.065268848919494],[-96.85643471555008,33.065313717898412],[-96.856432600389908,33.065358310881649],[-96.856431221737282,33.06540247971207],[-96.856430543646809,33.06544608167512],[-96.856430528150554,33.065488970393588],[-96.856431141569431,33.0655309995932],[-96.85643462493546,33.06562184694436],[-96.856437636025106,33.065670140826981],[-96.856441245885421,33.065717197700209],[-96.856445317397487,33.065763296172193],[-96.856449714300211,33.065808721196142],[-96.856519147857028,33.065817381911117],[-96.856519647056459,33.065814140319603],[-96.856577534793857,33.065432941632174],[-96.856788305531637,33.063968233596626],[-96.856816353237505,33.063783618179073],[-96.856771562044031,33.063786693600541]]],[[[-96.856293092790168,33.066664134756344],[-96.856279938263853,33.066707829487719],[-96.856266853447906,33.066751524985619],[-96.856253905859816,33.066795223773411],[-96.856241168469509,33.066838925794649],[-96.856228707722607,33.066882633547145],[-96.856216594475683,33.066926346020274],[-96.856204897318733,33.066970065763222],[-96.856191372134589,33.067023093950873],[-96.856180658770128,33.067067548359674],[-96.856170501954594,33.067112013408376],[-96.856160865295351,33.067156486417012],[-96.856151716566231,33.067200968419478],[-96.856143021488322,33.067245457689914],[-96.856134746793714,33.067289954333802],[-96.856126858172871,33.067334457528055],[-96.856118728875671,33.067382552749919],[-96.856111525609194,33.067427319043716],[-96.856104783502104,33.067472092785962],[-96.856098648374029,33.067516877475171],[-96.856093260713948,33.067561675578553],[-96.856088766433643,33.067606487886316],[-96.85608530485888,33.067651319548332],[-96.856083021963045,33.067696169549222],[-96.856082053817133,33.06774262953568],[-96.856082491806447,33.067787365013693],[-96.856083844627292,33.067832115210891],[-96.85608557066692,33.067876871650292],[-96.856087127269888,33.067921624926647],[-96.85608796957419,33.067966367388649],[-96.856087556086223,33.068011086948403],[-96.856085344086296,33.068055776006069],[-96.856080400345775,33.068103309748324],[-96.85607327194711,33.068146178623955],[-96.856063924632153,33.068189009621335],[-96.856052837795303,33.068231810627744],[-96.85604048976009,33.068274589504796],[-96.856027358820086,33.06831735501698],[-96.856013922197519,33.068360115903353],[-96.856000662537838,33.068402879226078],[-96.855983418591038,33.068462350544685],[-96.85597198828799,33.068507022610312],[-96.855961994027567,33.068551718286315],[-96.855953431461884,33.068596439275652],[-96.855946302706741,33.06864118653283],[-96.855940604700521,33.068685955467025],[-96.855936334045225,33.068730751417959],[-96.855933490865183,33.068775570774612],[-96.855932044532722,33.068822174658024],[-96.855932071711862,33.068866966203998],[-96.855933322621482,33.068911777170719],[-96.855935603040095,33.068956607415863],[-96.855938718929039,33.069001451380146],[-96.855942477230059,33.069046306238583],[-96.855946683842575,33.069091168237534],[-96.855951144574121,33.069136036331862],[-96.855955902160488,33.069183294117501],[-96.855960289476499,33.069228239052798],[-96.855964365964766,33.069273046422616],[-96.855967966675294,33.069317580356149],[-96.855970924452123,33.069361706736764],[-96.855973077622508,33.069405287965374],[-96.855973584544344,33.069423729132453],[-96.856028393813276,33.069051853355042],[-96.856160509791536,33.068216854815802],[-96.856280865845989,33.067426978904294],[-96.856369322234286,33.066848647462464],[-96.856401554633621,33.066646933509382],[-96.856293092790168,33.066664134756344]]],[[[-96.855822820229278,33.070263129481908],[-96.855810656033867,33.070307028536469],[-96.855798527210482,33.070350928437513],[-96.855786466998367,33.070394829982597],[-96.85577450973949,33.070438733092175],[-96.855762689745376,33.070482638589581],[-96.855751041358218,33.070526546395264],[-96.855739597786766,33.070570458209637],[-96.855726431539026,33.070622179327572],[-96.855715453170774,33.070666454670267],[-96.855704712888965,33.070710733916528],[-96.855694159196119,33.070755016734331],[-96.855683743872547,33.070799301063175],[-96.855673417534518,33.070843587525196],[-96.855663133003816,33.070887874988422],[-96.855652839885451,33.070932162243587],[-96.855641321410033,33.0709814228548],[-96.855630897508206,33.07102557866866],[-96.855620410365006,33.071069732059563],[-96.855609902808723,33.071113885862175],[-96.855599423151219,33.071158039428717],[-96.85558901746829,33.07120219476829],[-96.855578731896756,33.071246352084444],[-96.855568610398791,33.071290512432093],[-96.855557372073292,33.071340687779674],[-96.855547681528364,33.071385145781541],[-96.855538216205971,33.071429607378747],[-96.855528933155682,33.071474073347744],[-96.855519790590819,33.071518541782417],[-96.855510747796913,33.071563010802244],[-96.855501760750997,33.071607481157976],[-96.855492788738403,33.071651950969105],[-96.855483038093055,33.071700116441136],[-96.855473999853061,33.071744513281708],[-96.855464986296639,33.071788909809236],[-96.85545609603993,33.071833309293623],[-96.855447429965977,33.07187771144509],[-96.855439084546632,33.071922119482181],[-96.855431159532131,33.071966534895026],[-96.855427106441581,33.07199084787338],[-96.855423752497543,33.072010960024976],[-96.855416345051268,33.072059676834421],[-96.855410253600127,33.072104610585107],[-96.855404828068515,33.072149526883678],[-96.855399993244603,33.07219439681991],[-96.85539567299675,33.072239186944081],[-96.855391793093148,33.072283871080103],[-96.855388276329833,33.072328415752402],[-96.855385048566291,33.072372792076486],[-96.855379023446972,33.072463190408271],[-96.855376166749508,33.072508841454855],[-96.855373419342243,33.072554307191652],[-96.855370765021831,33.072599622466953],[-96.85536818020158,33.0726448183377],[-96.85536564876962,33.072689926943831],[-96.855493130066407,33.072757382064957],[-96.855508481122357,33.072638530008405],[-96.855798331598209,33.070612793959846],[-96.855850623813154,33.070258005050654],[-96.855822820229278,33.070263129481908]]],[[[-96.85529934605546,33.073500495842666],[-96.855293170620115,33.073545274836491],[-96.855286905047308,33.073590053472749],[-96.855280464719442,33.073634827010423],[-96.855273759413194,33.07367959780192],[-96.85526670233547,33.073724361957495],[-96.855259204457013,33.073769118244186],[-96.855251178862204,33.073813866383297],[-96.855242211389879,33.073860220952099],[-96.855233025067363,33.073904259081615],[-96.855223292797731,33.073948288625822],[-96.855213154067087,33.073992310221321],[-96.855202752528584,33.074036328218853],[-96.855192227669022,33.074080343254991],[-96.855181718853061,33.07412435957766],[-96.855171365567742,33.07416837782371],[-96.855159726218218,33.074219509279388],[-96.85515004729119,33.074264053285141],[-96.85514074368146,33.074308605392126],[-96.855131716832105,33.074353160524751],[-96.855122872260893,33.07439772002985],[-96.855114111379834,33.074442279734448],[-96.855105338664799,33.074486840056792],[-96.855096456538519,33.074531398655218],[-96.855086745102994,33.074578961405997],[-96.855077434972387,33.0746231971142],[-96.855067946742807,33.07466743125709],[-96.855058407034903,33.07471166416272],[-96.855048943480242,33.074755897990549],[-96.855039682638747,33.074800134874188],[-96.855030753184224,33.074844377901634],[-96.855022280635296,33.074888628278224],[-96.855013456689505,33.074938407845984],[-96.855006246675828,33.07498327670401],[-96.854999673713394,33.075028157234506],[-96.854993626316229,33.075073045858559],[-96.854987991834292,33.075117941679835],[-96.854982662978415,33.075162843930606],[-96.854977527189774,33.075207749006125],[-96.854972472920537,33.075252655133013],[-96.854967302777425,33.075298321041593],[-96.854962115252107,33.075343137230284],[-96.854956847506756,33.075387850299002],[-96.854951560898556,33.075432359623328],[-96.854946317735042,33.075476568215826],[-96.854941176218006,33.075520373569461],[-96.854936198746998,33.075563675988413],[-96.854931447721484,33.075606375776957],[-96.85492204745357,33.075697865654334],[-96.854917651184834,33.075745174633639],[-96.854913595899177,33.075791699414808],[-96.854909808540924,33.075837600876817],[-96.854906221354739,33.075883041832725],[-96.854902763429166,33.075928183212909],[-96.854911867585969,33.076141042218659],[-96.854991501703864,33.076141682975667],[-96.85508188366083,33.075612707339815],[-96.855223893482318,33.074711593993506],[-96.855365354049596,33.07374661013138],[-96.855403547328436,33.073450922296914],[-96.85529934605546,33.073500495842666]]],[[[-96.68306724649301,33.072338198305758],[-96.682967935944646,33.072371115635363],[-96.682863232850664,33.072418271947654],[-96.682727192015122,33.072500766241937],[-96.682678486646992,33.072551896103825],[-96.682624115862055,33.072625235572289],[-96.682609255245922,33.072650668515806],[-96.682592773990734,33.072679410811908],[-96.682574860883847,33.072710713674397],[-96.682520377130615,33.072799862446359],[-96.68247467597962,33.072872218694528],[-96.682426760459947,33.072918201023853],[-96.682427134499832,33.072918215011057],[-96.682713727530626,33.072929165796445],[-96.682907805835612,33.07267736787793],[-96.683190685024229,33.072309490465756],[-96.68306724649301,33.072338198305758]]],[[[-96.734483947862358,33.120757224425518],[-96.734401684557696,33.120783338939752],[-96.734359283502343,33.12079731912096],[-96.73431295954498,33.120813453131589],[-96.734262230342409,33.120832571929618],[-96.734206614589439,33.120855507401139],[-96.734124688959099,33.120893139981618],[-96.734088415242894,33.120911187610147],[-96.734051006603849,33.12093048633097],[-96.734013083583861,33.120950610686776],[-96.733975260321074,33.120971134157891],[-96.733938156255235,33.120991632164596],[-96.733902389754519,33.121011680100928],[-96.733868578210746,33.121030850626973],[-96.733837337912462,33.12104871727918],[-96.733809288240053,33.121064857285603],[-96.73378821835054,33.121077012296048],[-96.733636028859223,33.121180298868275],[-96.733614403358942,33.121197471662306],[-96.733589971481663,33.121216923668463],[-96.733563359721714,33.121238151877328],[-96.733535192587382,33.121260648712763],[-96.733506101938843,33.121283911299933],[-96.733476712191234,33.121307434771907],[-96.733447651074869,33.121330711634435],[-96.733419547235158,33.121353238934155],[-96.733393027268306,33.121374510956635],[-96.733368716698976,33.121394021961322],[-96.733348589989546,33.121410188496696],[-96.733218085389439,33.121534594104219],[-96.733200376525005,33.121555402560297],[-96.733180121313779,33.121579460745501],[-96.733157819802472,33.121606350142685],[-96.733133974279539,33.121635649580341],[-96.733109083593149,33.121666944126062],[-96.733083651074367,33.12169981353847],[-96.733058175700549,33.121733839275137],[-96.733033161782515,33.121768603830361],[-96.733009108363575,33.121803686857014],[-96.732993937346251,33.121826915776957],[-96.732975806164205,33.12185654910926],[-96.73180784662145,33.122312591464691],[-96.731778177342136,33.122500812152133],[-96.731913743254452,33.123792270366401],[-96.732254177635966,33.12464799100335],[-96.732439474470539,33.125113756910217],[-96.732429516426592,33.125134499974465],[-96.732514684474879,33.125302814594953],[-96.732514716644843,33.125302876835185],[-96.733400095155829,33.125002294776579],[-96.733400195126293,33.125002261126745],[-96.733432982902812,33.12499099081073],[-96.733861422051987,33.124843721174344],[-96.734330866490922,33.124682356625328],[-96.734473469282904,33.124633339303927],[-96.734709184643762,33.124552313611161],[-96.734875251487125,33.124497537543284],[-96.735191945179224,33.124393079220937],[-96.736068217817149,33.124095754655372],[-96.736167261653137,33.124063084418516],[-96.737046392013113,33.123764065404323],[-96.737609782023739,33.123571481612977],[-96.737645570727068,33.12355927028284],[-96.737659772034675,33.123554444707381],[-96.737800309333167,33.123506749372055],[-96.737805182045051,33.123505097918233],[-96.737940782672837,33.123459128191556],[-96.737947188683364,33.123456957413659],[-96.737990471603283,33.123442283346563],[-96.737992140752041,33.123441717713796],[-96.738145799664025,33.1233896601452],[-96.738431884997595,33.123292750359454],[-96.738577077416849,33.123243582532261],[-96.738998188655529,33.123104871768888],[-96.739744733074573,33.122848539512098],[-96.741191919597171,33.122358978969153],[-96.741599168555084,33.12222120835149],[-96.741877815694664,33.122126087695186],[-96.74378736315002,33.121474209923669],[-96.744659839745012,33.121180077404013],[-96.745205734423536,33.121001882517696],[-96.745336410725258,33.120957970397313],[-96.745701462616694,33.120835737206697],[-96.746465191697268,33.120576635042347],[-96.746756419096755,33.120477830945852],[-96.747166154128877,33.120338425326317],[-96.748325627699188,33.119939638047242],[-96.749483126901154,33.119535153810801],[-96.750638652778349,33.119124968177225],[-96.750792858549005,33.11906784627439],[-96.751932449484016,33.11864824290555],[-96.752039536103069,33.118608365767741],[-96.752819298244574,33.118317996040318],[-96.752890861932627,33.118292683012768],[-96.752960924283542,33.118267869449788],[-96.753175056221096,33.118183561436297],[-96.753680500911884,33.11800454959009],[-96.753705023511216,33.117995804547064],[-96.754348021619876,33.117757044239269],[-96.754502154805706,33.117694584632453],[-96.754528182191521,33.117684037143583],[-96.755216333958046,33.117405170477618],[-96.757538961896216,33.1164773588537],[-96.759295211790061,33.11579586784886],[-96.759991975255346,33.115525365149828],[-96.761116855446886,33.115088645217433],[-96.761583144042902,33.114912170520846],[-96.761847280264632,33.114807221448643],[-96.761964362329337,33.114763673700494],[-96.761995903269238,33.114750971428791],[-96.762092046981607,33.114713214743254],[-96.764043900791492,33.113922687434687],[-96.764333565155454,33.113797902645338],[-96.764551043077745,33.113717281037452],[-96.767004673462651,33.112723449044232],[-96.76811852994517,33.112258339524033],[-96.770098313953895,33.111457927440682],[-96.771616620086689,33.110847204975876],[-96.771969683707965,33.110704185104872],[-96.772246938122237,33.110592509956859],[-96.77315173881243,33.110226892488647],[-96.774541992369294,33.109662190703006],[-96.774589668719045,33.109642877514567],[-96.775001419310939,33.109476093658508],[-96.775066070431151,33.109449311140374],[-96.77625554654351,33.108968212466351],[-96.776814214431454,33.108742247170916],[-96.779610820760468,33.107612568692844],[-96.78197301728693,33.106650547418745],[-96.784305075466804,33.105695071405272],[-96.784352570293734,33.105675546969785],[-96.786571240122939,33.104790470156551],[-96.787372591218983,33.104470779950915],[-96.788075609845194,33.104185844242473],[-96.788499344388484,33.104014098908898],[-96.790192156756689,33.103327962739478],[-96.790227530992709,33.103313512595193],[-96.791183177339107,33.102922959114252],[-96.792273528953601,33.102479130816064],[-96.793054783855283,33.102157591836175],[-96.793638440616135,33.101921711672098],[-96.795309743757201,33.1012462445929],[-96.79564975570409,33.10110895854686],[-96.796886527003721,33.100610359817722],[-96.798242580725642,33.100063801811622],[-96.798513479352522,33.099952905928426],[-96.800708685985668,33.09905424243766],[-96.801075981691781,33.09891569836622],[-96.803625470158309,33.097881942246353],[-96.803673374372906,33.097862195908718],[-96.803766284840108,33.097823503503179],[-96.804079756018254,33.097692960206849],[-96.804731317262892,33.097427400104955],[-96.805537227786587,33.097098922978553],[-96.806731378714787,33.096612190870481],[-96.807175071776939,33.096442419853624],[-96.807175191460772,33.096442373075796],[-96.807531468164171,33.096294779612919],[-96.807955528518661,33.096100997736706],[-96.808387613022816,33.095912023200469],[-96.809131285533098,33.095563703739728],[-96.809164130001349,33.095548694555667],[-96.811038533837348,33.094671639727508],[-96.812051306593915,33.09423737350626],[-96.812353706596269,33.094116414963608],[-96.81276017252344,33.093953828963073],[-96.813056156127644,33.093835434173293],[-96.813092207015714,33.09382419733074],[-96.813894227796879,33.093574206449532],[-96.814078340435216,33.093516817336919],[-96.815117443636069,33.093223925484949],[-96.815122104356107,33.093222575947905],[-96.815652300276028,33.093086708140916],[-96.815837466582735,33.093035341489532],[-96.816633445038278,33.092809949761268],[-96.817256209347136,33.092639582440341],[-96.818625168304948,33.092251763305974],[-96.818793945061543,33.092206386158182],[-96.820109594330091,33.091845020909489],[-96.822027342249257,33.091311852758125],[-96.822886180735068,33.091073961256924],[-96.822946159034245,33.09105734307056],[-96.824361333582786,33.090665337363504],[-96.826563012926343,33.090054609117921],[-96.826566557255518,33.090053567351383],[-96.826970151521067,33.089941603979035],[-96.82804079873776,33.089644585031941],[-96.828232245141493,33.089591415033645],[-96.828802079048174,33.089433358352075],[-96.828806380966768,33.089432163188455],[-96.829808220028752,33.089151216430878],[-96.8298414903946,33.089141892795432],[-96.830840245269087,33.088861745473309],[-96.830844544071738,33.088860545650661],[-96.831649498603198,33.088641066032515],[-96.832949807120002,33.088286472244398],[-96.832999833343308,33.088272774934346],[-96.833028417341382,33.088264982553689],[-96.833942674977905,33.088011200895011],[-96.834556542581097,33.087838719595304],[-96.834719582856039,33.087792974030037],[-96.835631888716861,33.087536655270874],[-96.835666131658016,33.087527039234324],[-96.835670427303796,33.087525833758086],[-96.836331083470498,33.087340579676614],[-96.836335391695201,33.087339350991208],[-96.836825183864562,33.087201954381712],[-96.836829492530114,33.087200775383891],[-96.836896098894556,33.087183234771679],[-96.837565147991896,33.087005593089806],[-96.83917467213314,33.086558741746877],[-96.8397376100408,33.086402448663129],[-96.840544638681919,33.086167929795423],[-96.840614148442427,33.086147689858514],[-96.84061843584162,33.086146470470617],[-96.841559571799394,33.085884182275606],[-96.841563870356509,33.085882981196221],[-96.841901787467165,33.085788746455101],[-96.841906082002097,33.085787537136127],[-96.841991879555877,33.085762932869464],[-96.842741747053168,33.08554787992599],[-96.842746054341049,33.085546705220338],[-96.842955161281623,33.085492425118389],[-96.842968678403381,33.085488912607929],[-96.843751074179337,33.085285803930859],[-96.843755388703727,33.085284636594757],[-96.844219450526268,33.085154394850861],[-96.844687373117111,33.08502306444759],[-96.845123727908813,33.084900594887976],[-96.845128024321511,33.084899390930978],[-96.845257144304412,33.084863300221329],[-96.845946133019041,33.084670732959403],[-96.846862664745444,33.084414562437317],[-96.846868913692788,33.084412811793044],[-96.847015728665994,33.084371776429876],[-96.847019989733241,33.084370505605172],[-96.847499605280305,33.084221989899021],[-96.848104806684987,33.084034575328879],[-96.848302117877793,33.083971572494043],[-96.848589132274185,33.083876446306014],[-96.848875233214358,33.08378162189473],[-96.849160806607898,33.083683474634832],[-96.849445472630862,33.083585639246685],[-96.849729563673421,33.083484486202828],[-96.850012749142081,33.083383655022729],[-96.850070817733837,33.08336225242499],[-96.850295309010832,33.083279510400359],[-96.850576970434062,33.083175698665436],[-96.850857957691801,33.083068580461997],[-96.851138049435292,33.082961803358501],[-96.851417420531845,33.08285172861784],[-96.851695898984829,33.082742004995232],[-96.851784402365524,33.082705988458258],[-96.851811782936508,33.082694051258862],[-96.852217735609131,33.082517068468086],[-96.852228428562356,33.082512405685613],[-96.852346038599549,33.082461131889403],[-96.851914204760064,33.081901317696222],[-96.851572197156031,33.081377742702792],[-96.851485069521118,33.081258401281524],[-96.851404949662168,33.081135626755909],[-96.851332030411285,33.081009713797506],[-96.851266483058211,33.080880959270303],[-96.851208460231277,33.080749672238269],[-96.851158103924305,33.080616158798549],[-96.851115533119398,33.080480738950662],[-96.8510808474025,33.080343734937422],[-96.851054130119564,33.08020547312799],[-96.851035443198597,33.080066278472209],[-96.851024833370133,33.079926480974414],[-96.851022321413694,33.079786416338749],[-96.851027918610399,33.079646415522205],[-96.851039304316672,33.078547678033033],[-96.851039391598491,33.078539278383822],[-96.850869089027256,33.07860006831568],[-96.850820220229224,33.07861794546961],[-96.850771724940486,33.078635599378607],[-96.850723792622134,33.078652918042891],[-96.850676609518203,33.078669789385792],[-96.850630362915211,33.078686102259262],[-96.850585240130243,33.0787017446129],[-96.850541426336306,33.078716604344891],[-96.850507156495453,33.078727950174709],[-96.850447293370777,33.078747071841981],[-96.850391252688937,33.078764175647692],[-96.850339267398795,33.078779386458514],[-96.850291569437601,33.078792827309748],[-96.850248393866821,33.078804624022474],[-96.850211037187663,33.078814616216668],[-96.850136151330588,33.078837439775938],[-96.850049837227346,33.078903801657816],[-96.850031374836988,33.078929123326901],[-96.85001246168153,33.078958749326027],[-96.849993127217147,33.078992127414288],[-96.84997340203428,33.079028703570934],[-96.849953309278604,33.079067921789445],[-96.849932881593986,33.079109230809024],[-96.849912142096443,33.079152075526039],[-96.84989659337306,33.079184485677111],[-96.849877423478446,33.079224495854255],[-96.84985813975257,33.079264729169417],[-96.849838840659871,33.079304940427306],[-96.849819626840301,33.079344883581733],[-96.849800597739346,33.07938431617162],[-96.849781850780801,33.079422992073575],[-96.849763487616912,33.079460667072716],[-96.84974560781653,33.079497095097423],[-96.849735929611199,33.079516683671301],[-96.849711109893818,33.079566481265964],[-96.849687892105393,33.079612713258584],[-96.849666481250509,33.079655379157025],[-96.849647083436906,33.079694477592241],[-96.84962990369975,33.079730007169395],[-96.84961815412457,33.079755292266199],[-96.849594102072686,33.079815044188919],[-96.849580576806915,33.079873096667413],[-96.849576761369491,33.079923223854799],[-96.849576722713323,33.079956670872555],[-96.849577949595158,33.079992769393961],[-96.849580146418617,33.080030077539028],[-96.849583017586838,33.080067153427862],[-96.84958626633815,33.080102557863285],[-96.849591191954246,33.080149307324362],[-96.849600821494477,33.080222573130193],[-96.849614885617157,33.080304571339241],[-96.84961991338082,33.080333279250809],[-96.849625412389258,33.080365876353781],[-96.849631085715174,33.080401814307876],[-96.849636633336218,33.0804405410844],[-96.849641756271339,33.08048150558345],[-96.84964615667198,33.080524154925385],[-96.849649533288471,33.080567941569896],[-96.84965172591815,33.08061733584632],[-96.849652038688731,33.080662192683327],[-96.84965085721133,33.080706584433592],[-96.849648377591208,33.080750076705357],[-96.849644796025785,33.080792232398728],[-96.849640305373654,33.080832617947358],[-96.849635105080992,33.080870795425959],[-96.849629384759595,33.080906332093775],[-96.849623164273325,33.080939686507854],[-96.849606124739978,33.08100898357619],[-96.849583751154981,33.081065341558883],[-96.849547381416656,33.081125375578289],[-96.849525352362591,33.081155309662194],[-96.849499985034754,33.081186841311471],[-96.849471700264587,33.081219175613604],[-96.849440922010089,33.081251520442038],[-96.849408067949966,33.081283079001906],[-96.84936746437171,33.081318014698802],[-96.84932541550269,33.081349490434455],[-96.84928082874967,33.081378045538152],[-96.849232734285451,33.081404143683663],[-96.84918015679699,33.081428252025361],[-96.849102494904542,33.08145773218591],[-96.84906110479227,33.081471334190496],[-96.849017752314452,33.081484634212877],[-96.84897319394176,33.081497700131621],[-96.848928192579393,33.081510599981051],[-96.848883502676514,33.081523397979097],[-96.84883988603589,33.081536163039061],[-96.848798099190674,33.08154896123802],[-96.848745494158436,33.081566567995694],[-96.848679392751521,33.081593457230056],[-96.848623228910256,33.081624189481644],[-96.84857253210447,33.081661848461316],[-96.848512969330528,33.081720130057818],[-96.848489183004858,33.081747024770578],[-96.848464908547371,33.081776001172003],[-96.848440556601261,33.081806311995599],[-96.848416537903134,33.081837207266759],[-96.848393262087754,33.081867937888433],[-96.848371139832963,33.081897755692388],[-96.848350583012646,33.081925908925314],[-96.848332002245783,33.081951651225246],[-96.848312635866748,33.081978658516789],[-96.84820361494836,33.082102184737558],[-96.848183745908628,33.082120977865081],[-96.848161079633513,33.082142343773462],[-96.848136221847582,33.082165669089413],[-96.848109778184337,33.082190343148227],[-96.848082355504232,33.082215750797651],[-96.848054559473852,33.082241280471166],[-96.848026993616585,33.082266320551362],[-96.848000266972107,33.082290255036277],[-96.847974984077482,33.082312474140878],[-96.847946607527732,33.082336670706482],[-96.847860337336613,33.082396092300364],[-96.84776582278208,33.082426976988515],[-96.847733639280023,33.082435679827171],[-96.847697023346157,33.082445582522887],[-96.847656568731608,33.082456551177664],[-96.84761286799278,33.08246845547913],[-96.847566517117869,33.082481158873492],[-96.847518109767108,33.082494530172461],[-96.847468238589926,33.082508436357408],[-96.847394350340068,33.082529331698375],[-96.847344038442486,33.082543794639051],[-96.847294081942223,33.082558347425568],[-96.847244842105098,33.082572875871527],[-96.847196678052768,33.082587265739519],[-96.847149952063035,33.082601404675536],[-96.847105022185943,33.082615178417257],[-96.847062249689159,33.08262847278035],[-96.847021996851709,33.082641175412022],[-96.847000460245326,33.082648062460386],[-96.846930070628133,33.082671073702329],[-96.846869265495314,33.082691479379129],[-96.846814646728902,33.082709918749757],[-96.846753827455061,33.082729917454415],[-96.846704543620717,33.082745262317012],[-96.846652133748634,33.082760786738568],[-96.846594524600746,33.082777178095775],[-96.846496775137737,33.082804090826322],[-96.846456472349118,33.082815035662954],[-96.846413656640337,33.082826688908277],[-96.8463686823209,33.082839046436156],[-96.846321906886786,33.082852105100997],[-96.846273689029175,33.082865858172369],[-96.846224384068918,33.082880303356809],[-96.846174347449718,33.082895434750114],[-96.846101343792981,33.082918548895023],[-96.846052284963292,33.082934878333695],[-96.846003975974696,33.08295153389578],[-96.845957033967579,33.08296819884572],[-96.845912076144927,33.082984554643446],[-96.845869716370785,33.083000286283415],[-96.845830569766576,33.083015073369857],[-96.845795254548875,33.083028599195991],[-96.845764383542317,33.083040547829285],[-96.845746822743692,33.083047383086608],[-96.845597031588767,33.083100188597236],[-96.84556844604505,33.083108991962163],[-96.845534817151602,33.083119158401026],[-96.845496815974442,33.083130331816008],[-96.845455111435555,33.083142156057924],[-96.845410371323808,33.083154276757668],[-96.845363269894065,33.083166338799181],[-96.845314473956904,33.083177985080766],[-96.845264654521543,33.083188861313324],[-96.845235772591522,33.083194634330951],[-96.845182330137192,33.08320420629726],[-96.845128918131422,33.083212470693745],[-96.845075533108826,33.083219624401934],[-96.845022171450253,33.08322586881733],[-96.844968826319132,33.083231405257827],[-96.844915494156723,33.08323643331326],[-96.844862168217446,33.08324115159337],[-96.844806048362656,33.083246003170366],[-96.844752884341901,33.083250693681421],[-96.844699972867943,33.083255626970406],[-96.844647567844063,33.083260942869771],[-96.844595922008637,33.083266783894864],[-96.844545289264389,33.083273289878861],[-96.844495926669509,33.083280602538316],[-96.84444808490916,33.083288861629782],[-96.844398846048392,33.083298913058066],[-96.844341631588634,33.083313015315511],[-96.84428805992529,33.083328501794782],[-96.844238246779213,33.08334461995301],[-96.844192304532967,33.083360620780702],[-96.844150350014061,33.083375750857748],[-96.844107220853076,33.083391084838972],[-96.844031980691838,33.083414198202334],[-96.843954669662864,33.083432810065716],[-96.843895372043136,33.083445959361626],[-96.84385934123226,33.083453999402771],[-96.843819578288631,33.08346293619136],[-96.843776591951325,33.083472642834799],[-96.843730890959833,33.083482992441112],[-96.843682985126364,33.083493858144536],[-96.843633381077112,33.083505112099722],[-96.843582588625054,33.0835166274424],[-96.843513641679792,33.083532227603087],[-96.843461877217877,33.083543889349571],[-96.843410115536258,33.083555437300596],[-96.84335835715963,33.083566792863515],[-96.843306606902345,33.083577877549018],[-96.843254865258629,33.083588613667132],[-96.843203132784339,33.083598921722519],[-96.84315141423302,33.083608725031326],[-96.843083006082594,33.083620783539835],[-96.843029867613211,33.083629354546218],[-96.84297674681612,33.083637247421386],[-96.842923640778821,33.083644516305768],[-96.842870548948625,33.083651209072102],[-96.84281746960805,33.083657376275454],[-96.842764403092261,33.083663071231051],[-96.842711345600222,33.083668342636741],[-96.842653238962782,33.083673692965121],[-96.842599820748447,33.083678240960097],[-96.842546412940791,33.083682324780341],[-96.842493021431324,33.083685802716687],[-96.842439646872435,33.083688529319893],[-96.842386292980862,33.083690363732075],[-96.84233296678255,33.083691162464412],[-96.842279668900346,33.083690780970464],[-96.842224390566273,33.083688987439473],[-96.842171632928313,33.083685847854269],[-96.842118905947558,33.083681427809914],[-96.842066205143041,33.083675890733673],[-96.842013529220011,33.083669401032978],[-96.841960871521252,33.08366212298624],[-96.841908229709631,33.083654220072255],[-96.84185559930269,33.083645855718288],[-96.841797205338864,33.083636233914937],[-96.841744775973226,33.083627449710811],[-96.84169234701848,33.083618622126842],[-96.841639917336963,33.083609816188378],[-96.841587485545205,33.083601104142758],[-96.841535049309996,33.083592554600536],[-96.841482608473342,33.083584235321162],[-96.841430159568006,33.08357621669483],[-96.841370411305689,33.083567539658276],[-96.841317319704928,33.08356030510339],[-96.841264218582253,33.083553540122409],[-96.84121110324817,33.083547256347863],[-96.841157977653722,33.08354146381371],[-96.841104839254129,33.083536174204184],[-96.841051688783196,33.083531397475568],[-96.840998525810207,33.083527146266682],[-96.840943019789592,33.083523277666657],[-96.840889539110123,33.083520100256926],[-96.84083604764534,33.083517397811505],[-96.840782545890406,33.083515092640475],[-96.840729036454562,33.083513108008496],[-96.840675520905648,33.083511366251393],[-96.840622001853404,33.083509790633819],[-96.840568479824341,33.083508302563004],[-96.840514947746399,33.083506825973743],[-96.840461461973888,33.083505250189226],[-96.84040812967207,33.083503327520738],[-96.840355108441571,33.083500778969182],[-96.840302551686449,33.083497322724092],[-96.840250613791341,33.083492679709266],[-96.840199445985959,33.083486568965824],[-96.840149207006988,33.083478709715806],[-96.840099981996957,33.083468807661745],[-96.840048563075769,33.083455756363954],[-96.839999045323964,33.083440673713987],[-96.839951905010864,33.083424198233224],[-96.839907617331519,33.083406968417783],[-96.839866653251278,33.08338962085535],[-96.839829492189921,33.083372795951938],[-96.839783542258942,33.083350734697738],[-96.839700754990957,33.083304859506718],[-96.83961893186374,33.08323907245569],[-96.839595834091,33.08321842051005],[-96.839570424131637,33.08319532030832],[-96.839543310100964,33.083170320487838],[-96.839515099898136,33.083143976005687],[-96.839486404730295,33.083116839188804],[-96.839457828265935,33.08308946308636],[-96.839429984957434,33.083062399201282],[-96.839403479512214,33.083036201512549],[-96.839378920987372,33.083011422297439],[-96.839366240507019,33.082998365256607],[-96.839306483112708,33.082933168837442],[-96.839259515002041,33.082878464286964],[-96.839213536881161,33.08282734342388],[-96.839189085267535,33.082801917121095],[-96.83916197946894,33.082774694771452],[-96.839132939875512,33.082746363248496],[-96.839102688040199,33.082717606744026],[-96.839071947597674,33.082689111307644],[-96.839041437983383,33.082661560177954],[-96.839011881756107,33.082635639380257],[-96.838996431831745,33.082622441415324],[-96.83894126554442,33.082578805784642],[-96.838886725931033,33.08254539220696],[-96.838824358057835,33.082520620705964],[-96.838779635817687,33.08250924017409],[-96.838741409301434,33.082502167036317],[-96.838699403853965,33.082496135739426],[-96.838654159384006,33.082490955109677],[-96.838606215922795,33.082486430362394],[-96.838556114482131,33.082482369447867],[-96.838504396135576,33.082478578511477],[-96.8384516018032,33.082474868213211],[-96.838397933265,33.082471017541678],[-96.838344828567799,33.08246699794055],[-96.838292435519065,33.082463070476933],[-96.838241456386413,33.082459634278614],[-96.838192595612227,33.082457087623439],[-96.838146554359327,33.082455830518143],[-96.8381040370992,33.082456260339519],[-96.838065748272186,33.082458775367897],[-96.838031301637173,33.08246400236056],[-96.837974311344254,33.082487235440908],[-96.837941313053122,33.082527062079762],[-96.837921799877222,33.082614309582965],[-96.837919691759296,33.082647514257062],[-96.837918667560828,33.082683652580585],[-96.837918562242592,33.082722307666877],[-96.837919203382029,33.082763058837166],[-96.837920422722519,33.082805489127153],[-96.837922052038124,33.082849180669896],[-96.837923920988644,33.082893714644044],[-96.8379258942078,33.082939410336849],[-96.837927688193744,33.082984475570768],[-96.83792893193251,33.083029531141669],[-96.837929171656739,33.083074570619416],[-96.837927960186022,33.083119583215002],[-96.83792484800999,33.083164563504546],[-96.837919384668098,33.083209502426925],[-96.837911116358669,33.083254394454315],[-96.837899468608128,33.083299657604272],[-96.837886141015261,33.083339629922165],[-96.837870210279689,33.083379427396835],[-96.837852029437954,33.083418925729205],[-96.837831954682954,33.083458002503214],[-96.837810342331068,33.083496531691949],[-96.837787543184263,33.083534391653153],[-96.837763913498989,33.083571458165885],[-96.837739807357153,33.083607607860351],[-96.837716374147305,33.083641581869713],[-96.837685708106932,33.083684795939725],[-96.837655713177384,33.083725887585331],[-96.837626694278981,33.083764632865687],[-96.837598962828409,33.083800806189927],[-96.83757282601519,33.08383418005846],[-96.83754859305067,33.083864530634713],[-96.837526223933153,33.083892055726814],[-96.837475153842007,33.083952483500674],[-96.837420025519734,33.084012506134634],[-96.837377809084686,33.084056530144899],[-96.837355481573354,33.084079583834068],[-96.837331184844132,33.084104584951497],[-96.837305484656085,33.084130961673715],[-96.83727895102821,33.084158143183814],[-96.83725215296981,33.084185556834043],[-96.837225660440794,33.084212633614079],[-96.837200041503664,33.084238797240289],[-96.837175863914879,33.084263480457075],[-96.837153698864014,33.084286109767447],[-96.837130432577183,33.08430987531645],[-96.83700760581732,33.084432666252049],[-96.836988031320729,33.08445164643183],[-96.836965665628412,33.084473325795777],[-96.836941104007394,33.084497148593428],[-96.836914943993023,33.084522555515406],[-96.836887780792836,33.084548992617457],[-96.836860212955415,33.084575902422621],[-96.83683283584439,33.084602726473911],[-96.83680624366005,33.084628908997324],[-96.836781037069201,33.084653893471945],[-96.836754389493592,33.084680567060772],[-96.836686330760287,33.084750069543226],[-96.836628524616088,33.084806124039773],[-96.83658257367054,33.084845794890441],[-96.836556040238008,33.084867317571607],[-96.836526751323674,33.084890363916955],[-96.836495531884111,33.08491431505481],[-96.836463197102859,33.084938555492641],[-96.836430567588593,33.084962468062308],[-96.836398463890177,33.084985437402231],[-96.836367703433268,33.085006845365584],[-96.836339107872831,33.085026075715525],[-96.836323503219802,33.085036199641621],[-96.836234587115626,33.08508776791097],[-96.836137019415148,33.085148594252381],[-96.83611201037661,33.08516638329472],[-96.836084729622215,33.085186397048872],[-96.836055767793383,33.08520815284097],[-96.836025720894597,33.085231168127329],[-96.835995178496987,33.085254960209269],[-96.835964735504078,33.085279047420975],[-96.835934984768329,33.085302945337176],[-96.835906521195639,33.085326172293207],[-96.835879933351123,33.085348243761189],[-96.835855818226221,33.085368679934859],[-96.835841644079963,33.085380948034135],[-96.835764545252545,33.085447543846279],[-96.835685635862291,33.085477747698931],[-96.835654595807327,33.0854833156382],[-96.835618081906489,33.085488634860006],[-96.835576870887166,33.085493683454985],[-96.835531737424347,33.085498436754058],[-96.835483460452153,33.085502871095215],[-96.835432812470771,33.085506962661889],[-96.835380573456519,33.085510688722628],[-96.835324070287101,33.085514225968282],[-96.835270511945964,33.085517172023081],[-96.835216959884846,33.085519870645982],[-96.83516341040459,33.085522493414551],[-96.835109857599107,33.085525213660084],[-96.835056297706672,33.085528204765659],[-96.835002728037765,33.08553164014031],[-96.834949141704868,33.085535690381015],[-96.834894942603412,33.085540588654254],[-96.834842546867563,33.085546235193178],[-96.834790173330347,33.085552836353983],[-96.83473786163384,33.085560425620422],[-96.83468565672041,33.085569038411336],[-96.83463359930434,33.085578708236618],[-96.834581732213934,33.08558946956061],[-96.834530098215808,33.085601358653292],[-96.834468579684597,33.085617140744723],[-96.834418667005352,33.085631271414648],[-96.834369689796915,33.085646170055988],[-96.83432226872894,33.085661449598966],[-96.834277023523086,33.085676719337847],[-96.834234574882402,33.085691591301767],[-96.83419554458311,33.085705677546407],[-96.834160553391825,33.085718588296686],[-96.834120647128785,33.085733528862065],[-96.833964425647309,33.085790731356994],[-96.833935907639784,33.08580095777836],[-96.833902713556967,33.085812531308548],[-96.833865455271805,33.085824882153908],[-96.833824738285358,33.085837438560105],[-96.833781178823898,33.085849629032275],[-96.833735384535842,33.085860881869003],[-96.833687964082245,33.085870627201004],[-96.833639530507483,33.085878292555179],[-96.833601106580517,33.085882488996482],[-96.833548629690341,33.085885249962104],[-96.833496303110181,33.085884829665105],[-96.833444186226544,33.085881627084696],[-96.83339234369484,33.085876044038088],[-96.833340834868821,33.085868480407534],[-96.833289722257149,33.085859337958567],[-96.833239068398157,33.085849017554146],[-96.833180275420432,33.085835939021464],[-96.833127097658405,33.085823496683666],[-96.833075316535258,33.085810951640411],[-96.833025639215734,33.085798559507474],[-96.83297877614234,33.085786574173767],[-96.832935433405552,33.085775251230942],[-96.832896320281847,33.085764847251838],[-96.832862142983615,33.0857556142183],[-96.832844822531356,33.085750886837701],[-96.832766646145842,33.085728020013363],[-96.832683775547665,33.085697527916196],[-96.832654828990698,33.085686389236947],[-96.832621569555997,33.08567343778666],[-96.832584746551831,33.085658857916059],[-96.832545109563185,33.08564282585143],[-96.832503410134436,33.085625523288257],[-96.832460400912652,33.085607131045947],[-96.832416828232809,33.085587826178326],[-96.832373444709447,33.085567790409442],[-96.832342465422002,33.085552875549617],[-96.83229295646872,33.085527780226819],[-96.832245819126726,33.085502412422748],[-96.83220128366132,33.085477101162255],[-96.832159579048692,33.085452181763777],[-96.832120937666303,33.085427984207072],[-96.832085587509098,33.085404841076524],[-96.832045855657427,33.085377529842461],[-96.831985744550991,33.085332183439284],[-96.831937084457721,33.085287934183455],[-96.831887529412313,33.085233203328421],[-96.831864424087428,33.085205381382195],[-96.831839670647327,33.085175249972643],[-96.831813471749115,33.085143884657818],[-96.831786027842099,33.08511236274979],[-96.831757539497374,33.085081757949617],[-96.831728208172123,33.085053149401226],[-96.831699519114736,33.085028618556969],[-96.831650640618861,33.084995562918948],[-96.831598448514356,33.084970354563865],[-96.831540759731439,33.084950508461311],[-96.831447842680902,33.084927270004847],[-96.831406621127329,33.084918343331111],[-96.831362687858814,33.08490908906726],[-96.831316427158825,33.084899348448033],[-96.831268224629838,33.084888955512369],[-96.831218465689659,33.084877749716313],[-96.831167531559274,33.084865567704334],[-96.83111580876033,33.084852248056684],[-96.831055921960171,33.084835331082154],[-96.831007856956262,33.084820405746761],[-96.830960320430634,33.084804524607172],[-96.830913809521277,33.084787996036255],[-96.830868821180488,33.084771133824063],[-96.830825850368683,33.084754247195782],[-96.830785398449038,33.084737646435407],[-96.830747959215202,33.084721643451488],[-96.830714030873111,33.084706546645656],[-96.830688840225349,33.084694904726199],[-96.83059500817302,33.084641438227763],[-96.830519536869176,33.084564030793615],[-96.830500110193995,33.084540266665975],[-96.830479024132686,33.084513895529192],[-96.830456737664178,33.084485620571812],[-96.830433713045139,33.084456143254826],[-96.830410409221457,33.084426167670387],[-96.830387289458002,33.084396397111611],[-96.830364810676627,33.084367532008343],[-96.830343438253664,33.084340276609282],[-96.830323630057848,33.084315334981923],[-96.83031282119434,33.084301936515054],[-96.830243020415324,33.084225851435825],[-96.830154889781866,33.084158153019587],[-96.830129762689978,33.084140126496948],[-96.830101936857105,33.084120229480313],[-96.830072106212299,33.084098947674164],[-96.830040959444858,33.08407676304266],[-96.830009191584722,33.084054160414468],[-96.829977493401941,33.084031623612404],[-96.829946555665146,33.084009636460202],[-96.829917071286502,33.08398868283389],[-96.82988973210459,33.083969246584282],[-96.829858984109833,33.083947361578112],[-96.829780022376227,33.083893231342429],[-96.829704202303276,33.083855762824385],[-96.829675918627572,33.083843436006255],[-96.829642834699698,33.083829209532659],[-96.829605556349179,33.083813288695758],[-96.829564689282435,33.083795882399144],[-96.829520840370094,33.083777196864418],[-96.829474613203303,33.083757440041452],[-96.82942661569308,33.083736819081906],[-96.829364928007834,33.083710088954007],[-96.829319256355532,33.083690095239582],[-96.829273835701983,33.08367004343134],[-96.829229260857133,33.08365020993832],[-96.829186123351221,33.083630872897956],[-96.829145022281566,33.083612308824584],[-96.829106549268857,33.083594793148848],[-96.829071298996368,33.083578605893649],[-96.829039866331186,33.08356402166563],[-96.829013123767481,33.083551450991209],[-96.828940589080077,33.083509814082817],[-96.828896250993253,33.08344667812203],[-96.828882898329525,33.083423076945927],[-96.828867547954403,33.083395683275057],[-96.82885045868521,33.083365089750565],[-96.828831891637464,33.08333188455159],[-96.828812107710647,33.083296662176956],[-96.828791366915851,33.083260011682924],[-96.828769931254001,33.083222526691785],[-96.828748058589937,33.083184796208421],[-96.828728532287457,33.083151649094326],[-96.828702420851613,33.083108275694336],[-96.828676539338375,33.083066498937185],[-96.828651041448808,33.083026689368644],[-96.828626078646138,33.082989220191152],[-96.828601805641071,33.082954463782158],[-96.828578372946623,33.082922789707325],[-96.828545399434333,33.082882177600418],[-96.828491312681507,33.082828905935116],[-96.8284351202728,33.082789212787397],[-96.828380006677122,33.082756524457054],[-96.82834697910225,33.082737395627909],[-96.828310335217083,33.082717025488627],[-96.828270205119424,33.082696444479105],[-96.828226710172203,33.082676687345533],[-96.82817998144894,33.082658787261963],[-96.828130140369737,33.082643777168926],[-96.828089501412933,33.082634799355631],[-96.828043537546066,33.082628131238671],[-96.827995826276265,33.082624516251315],[-96.827946653949326,33.08262367761894],[-96.827896301395185,33.082625342951296],[-96.827845056063552,33.082629234597611],[-96.827793201971701,33.082635081149135],[-96.827741024302313,33.082642608515101],[-96.82768497749548,33.082652243167978],[-96.82763328219076,33.082662332785802],[-96.827582555487197,33.082673192131217],[-96.827533508343521,33.082684493272573],[-96.827498759295224,33.082692989947383],[-96.827479948693593,33.082635479535206],[-96.827456312113284,33.082547195174499],[-96.827427793247736,33.082414861068358],[-96.827407462485894,33.082281263265948],[-96.827395980136842,33.082154656899554],[-96.827390156087503,33.082030874542532],[-96.827389231316019,33.081907157464819],[-96.827398427593366,33.0817230993297],[-96.827410560249106,33.081599558264557],[-96.827427563411717,33.081477456930592],[-96.827449463649018,33.081355419917337],[-96.827477077213473,33.081233460657074],[-96.827509560154439,33.081112941095022],[-96.827546098236994,33.080993850553789],[-96.82761147689385,33.080817418127772],[-96.827661022244143,33.080701249931195],[-96.827715435791887,33.080586522290567],[-96.827805984787986,33.080417299158327],[-96.827950114542517,33.080177319280203],[-96.828018584620537,33.080053158379755],[-96.828111967767612,33.079863355558473],[-96.828167484162577,33.079733523207182],[-96.828217286014223,33.079603613962334],[-96.828262218351853,33.079472264998337],[-96.828319058340753,33.079272350877815],[-96.828362891879181,33.079069513496684],[-96.828395482232267,33.078856903517767],[-96.828450597589793,33.072356300052007],[-96.828444078809625,33.072206260052184],[-96.828436377066041,33.07202898008692],[-96.82843793291805,33.072024113433827],[-96.828487563453805,33.071868851073773],[-96.828545223620978,33.071711556735018],[-96.828609388302695,33.071555724456388],[-96.828644326450359,33.071477846241528],[-96.828718229786119,33.071324893274131],[-96.828757221502812,33.071248444003238],[-96.828840841189049,33.071099744944462],[-96.828884702755118,33.071024734421904],[-96.828977219278812,33.07088027754817],[-96.829025108875385,33.070808071391745],[-96.829126548691079,33.070666483062915],[-96.829180098904686,33.070597100886381],[-96.829289621376205,33.070459743120331],[-96.829328832683473,33.070414910457373],[-96.83051743393537,33.069152544022707],[-96.832050799087767,33.067525038121524],[-96.832161970457264,33.067386326284918],[-96.832246616757061,33.067269251279271],[-96.832325600000871,33.067149351338401],[-96.832398924492068,33.067026626575462],[-96.832465771801537,33.066901068057575],[-96.832526934009493,33.06677405654829],[-96.832571334409309,33.066670189254616],[-96.832621964710853,33.06653891417956],[-96.832665252005469,33.066407542000086],[-96.832702062318603,33.066273333392822],[-96.832733185403541,33.066137674481183],[-96.83275318439587,33.066029356532439],[-96.832772068223619,33.065893535480669],[-96.832785267102679,33.065756262379928],[-96.832789033429748,33.065486898365968],[-96.832822821670987,33.0630710047405],[-96.832825929096884,33.062819514089171],[-96.832825943700385,33.062819180137843],[-96.83284929398846,33.062272777443823],[-96.83284901355502,33.059213151910321],[-96.832849005242466,33.059212451475659],[-96.832831915265572,33.057782075428442],[-96.832879432981102,33.057457504755739],[-96.83288981276182,33.057449289594516],[-96.832924006767513,33.057423165680689],[-96.832957642630888,33.057398400726626],[-96.832995366650266,33.057371835362865],[-96.833052347498537,33.057333954334609],[-96.833103500921681,33.057299225791922],[-96.833149671821189,33.057262315852526],[-96.833202289363257,33.057204146275886],[-96.833221865080802,33.057175068607734],[-96.83323995964723,33.057142762067578],[-96.833255888423821,33.057107701628098],[-96.833268967660942,33.057070367704945],[-96.833278511682011,33.057031234342503],[-96.833283836802352,33.056990780151018],[-96.833284258297937,33.056949482811746],[-96.833275645290968,33.056892484245239],[-96.833264051561528,33.05685620202452],[-96.833248314600965,33.056820472009676],[-96.833229298604181,33.056785626803951],[-96.833207868897944,33.05675199723116],[-96.83318488532376,33.056719917597007],[-96.833161213235812,33.056689717823389],[-96.833137714678017,33.056661730463588],[-96.833115255919736,33.056636289980617],[-96.833094696950639,33.056613726168692],[-96.833084432258971,33.056602576985824],[-96.833052413956722,33.05656522641172],[-96.833058409684824,33.05654668273985],[-96.833109823404115,33.056416793565155],[-96.833168529364073,33.056289749642517],[-96.833212535886048,33.056206493227286],[-96.833284217181742,33.056083746513984],[-96.833337119489471,33.056004732989315],[-96.833392471207048,33.055925751534105],[-96.83356210288413,33.055701182355108],[-96.833568236831539,33.055693060591238],[-96.833667452058549,33.05558167775834],[-96.833688990400518,33.055546093225622],[-96.833749155204544,33.055446695213483],[-96.83393584800281,33.055153671685289],[-96.834014315541538,33.055017270830561],[-96.834031980509565,33.054983224411686],[-96.83405326960991,33.054942193634943],[-96.834092507974191,33.054852000915211],[-96.834116569793963,33.054787721535064],[-96.834145227032721,33.054696011788067],[-96.834157398103002,33.054650830311907],[-96.834177691989979,33.05457549011026],[-96.834202866765452,33.054452122333302],[-96.834224245228114,33.05431358379775],[-96.834238255342257,33.054176320988248],[-96.834244132744971,33.054037576837118],[-96.834243456981696,33.053900117268725],[-96.834237342230793,33.053791450989273],[-96.834224168957434,33.053667570361981],[-96.834208031545941,33.053571140547362],[-96.834191608757422,33.053489826221735],[-96.834167284983863,33.05339465958852],[-96.834147340958438,33.053327043523566],[-96.834120286679763,33.053246961296011],[-96.834089942596762,33.053168210877537],[-96.834055467313632,33.053092153433127],[-96.834018544869096,33.053016062138269],[-96.833995435234485,33.052975546844081],[-96.833941124808192,33.052880328629904],[-96.833856311477959,33.05274724354144],[-96.833774502689309,33.052627943885305],[-96.833720248536991,33.052551142683875],[-96.833712561968326,33.05252319320725],[-96.833700656158058,33.052479582046466],[-96.833688991586371,33.052436637194582],[-96.833677632034082,33.052394690885819],[-96.833666642415068,33.05235407357457],[-96.833656085468505,33.052315116566398],[-96.833646024851319,33.052278155706709],[-96.833634359463815,33.052235677045289],[-96.833616928083458,33.052174189673131],[-96.833600246211617,33.052121090727745],[-96.833582409715575,33.05207341307274],[-96.833560518246017,33.052026254523206],[-96.83353950506185,33.051988364843261],[-96.8335154876914,33.051948589162521],[-96.833488950878589,33.051905485412043],[-96.833460380440343,33.051857611548684],[-96.833434469567948,33.051811379523876],[-96.833417106630904,33.051778270082387],[-96.833399875025307,33.051743070328065],[-96.833383268386072,33.05170606054083],[-96.833367781203521,33.051667527346424],[-96.833353907079797,33.051627751928166],[-96.833342139430854,33.051587020886203],[-96.83333296974331,33.051545614449495],[-96.833326894708563,33.051503817490556],[-96.833324909716339,33.05147807034588],[-96.83332475531418,33.051434592256975],[-96.833328168331079,33.05139117509367],[-96.833334522496799,33.051347810043573],[-96.833343192736933,33.051304484708595],[-96.833353551742334,33.051261189347343],[-96.833364974441068,33.051217911562048],[-96.83337683352606,33.05117464161156],[-96.833391839396768,33.05111852629944],[-96.833402659209199,33.051073954533614],[-96.833411904543297,33.05102958776115],[-96.833419067880996,33.050985647730592],[-96.833423633037143,33.050942358691671],[-96.833425093567797,33.050899942419001],[-96.833422937577438,33.050858623265761],[-96.833416654335423,33.050818622902362],[-96.833405029073504,33.050778217843614],[-96.833387578112422,33.050739008299637],[-96.833365335347978,33.050701855025352],[-96.833339458939648,33.050666774265721],[-96.833311112435439,33.050633781493026],[-96.833281451969924,33.050602889290623],[-96.833251638973877,33.050574112177948],[-96.833222833712526,33.050547467357987],[-96.833208935234737,33.05053473042301],[-96.833157661757767,33.050486932909074],[-96.833111355556127,33.050442761150514],[-96.833074075440848,33.050407121867771],[-96.833064026476976,33.047619868263766],[-96.833056746142503,33.045600522911968],[-96.833084674413101,33.045595783157296],[-96.833137259882349,33.045586430563482],[-96.83318985941608,33.045576570501488],[-96.833242472505162,33.045566123447877],[-96.8333045813783,33.045552929659884],[-96.833355245235694,33.045541409027393],[-96.833405482044398,33.045529323282025],[-96.833454843956446,33.045516812489886],[-96.83350288949427,33.045504018678706],[-96.833549170780273,33.0454910828186],[-96.833593244255752,33.045478145081113],[-96.833634665136728,33.045465350126477],[-96.83369044637557,33.045446867522145],[-96.833763378225512,33.045418072624663],[-96.833815644349002,33.04538505837516],[-96.833848236029738,33.045340772261277],[-96.833857972914757,33.045309821134033],[-96.833862054586447,33.045280329878693],[-96.833863103443875,33.045247279483533],[-96.833861526977401,33.04521130504358],[-96.833857733687665,33.045173043485086],[-96.833852134310874,33.045133129077826],[-96.833845136305442,33.045092197819486],[-96.833837149303676,33.045050884856828],[-96.833827492917536,33.045004757260699],[-96.833816928682168,33.044956716619438],[-96.833806383830677,33.044910626275261],[-96.833796048809276,33.044867036567076],[-96.83378611942284,33.044826497963498],[-96.833776786147155,33.04478955990092],[-96.833768242704039,33.044756770990695],[-96.833762428833936,33.044735086554176],[-96.833736486606355,33.044662499204215],[-96.833676859338325,33.044581315534707],[-96.833657723472371,33.044559218748283],[-96.833636154765514,33.044534878405521],[-96.833612710079706,33.044508859121727],[-96.833587939752235,33.044481728065612],[-96.833562395375893,33.044454047015179],[-96.833536630470491,33.04442638412052],[-96.833511197636696,33.044399302992176],[-96.833486650484147,33.044373369072602],[-96.833463538302894,33.044349148604027],[-96.833435175770944,33.044319735091236],[-96.833363859768042,33.044246703228886],[-96.833306769095245,33.044178587080964],[-96.833289027899681,33.044154983412653],[-96.833269227371417,33.044127746534059],[-96.83324786169851,33.044097296788671],[-96.833225420719046,33.044064056222147],[-96.83320239534244,33.044028446906367],[-96.833179278682152,33.043990889159886],[-96.833156561645183,33.043951805055293],[-96.833125460347205,33.043893528625517],[-96.833105444530403,33.043851930209101],[-96.83308697548506,33.043810117996792],[-96.833069953994709,33.043768390468735],[-96.833057552860865,33.043735671762924],[-96.833055966037804,33.042432180098899],[-96.833055702294445,33.0422157600849],[-96.833055390977975,33.04195927870957],[-96.833055268360511,33.041858776980504],[-96.833044303127721,33.041824476506164],[-96.832765802262458,33.040953242930819],[-96.832726011039242,33.04082876255935],[-96.832645337334782,33.040576387985958],[-96.832573200133766,33.039944529786212],[-96.832649033732096,33.038826787791976],[-96.832689567029888,33.038229336647639],[-96.833184535164222,33.035863568334157],[-96.833193026088964,33.035768957698906],[-96.833245830227909,33.035180549074497],[-96.833252981186277,33.035100861436305],[-96.833254759238727,33.0350810427475],[-96.83349340390977,33.034303086962581],[-96.833827079625209,33.033215309208707],[-96.834171833178516,33.032091389393521],[-96.834372635501936,33.03170656999967],[-96.834418988014292,33.031617739664803],[-96.835127747449448,33.030860704260434],[-96.835283238075846,33.030694619142224],[-96.836133302210456,33.030264750471829],[-96.83628593055063,33.030174695201609],[-96.836183179280255,33.030085356457235],[-96.835890750682736,33.029843665462856],[-96.835791314439973,33.029751621726042],[-96.835709666676649,33.029668061846479],[-96.835587586556741,33.029522110205697],[-96.835482555106537,33.029380509783692],[-96.835394525879252,33.029246008089146],[-96.835325075573621,33.029121376482124],[-96.835278864007378,33.029019045628651],[-96.835245497715178,33.028927883933179],[-96.835208012413247,33.028795430932817],[-96.835177894508931,33.028661703019935],[-96.835158731336747,33.028552861419243],[-96.835138451799935,33.02841651508264],[-96.835083622121218,33.027948453313101],[-96.835056299367409,33.027752908901626],[-96.835055596973419,33.027592449108916],[-96.8350522277576,33.026933876994825],[-96.835104075730897,33.026448743899302],[-96.835262865294141,33.025956041499867],[-96.83538928305012,33.025480900457268],[-96.835385984522119,33.020262730155849],[-96.835332753624954,33.019686225758157],[-96.835254278358988,33.019316310040217],[-96.835017350106966,33.018854311434922],[-96.834760992514063,33.018489888030999],[-96.834689500064414,33.018397423566448],[-96.834652320473182,33.018352042154184],[-96.834579667837019,33.018267985144561],[-96.834575196849215,33.01826281176313],[-96.834542012611038,33.018226527171343],[-96.834510159798683,33.018191458405283],[-96.834418155706686,33.018095387049023],[-96.834354890799887,33.018032690006827],[-96.834242551190229,33.017933599722951],[-96.834163843432961,33.017867946924802],[-96.834175124963465,33.016360006855372],[-96.834178268301784,33.015939929175097],[-96.833417408785635,33.015885109169041],[-96.833293293254428,33.015876164471642],[-96.83327788310298,33.015875054545184],[-96.833178744412479,33.015867907287117],[-96.833171523789716,33.015867172478501],[-96.833089392948821,33.015858814544394],[-96.832830879650729,33.015832504894391],[-96.832805812386681,33.01583027768713],[-96.832648909912777,33.01581926633601],[-96.832519970351854,33.015803779954716],[-96.832407250517505,33.01579233521587],[-96.83217942846801,33.015767949357858],[-96.83204094428767,33.015758087565956],[-96.831669767312036,33.015715589953786],[-96.831669088148814,33.015715503949131],[-96.831591711976813,33.015705537018171],[-96.831493748167816,33.015692498614229],[-96.831298057854681,33.015665188551665],[-96.831208341480107,33.015652086550233],[-96.831102698121441,33.015636238107625],[-96.83098706508919,33.015618270259147],[-96.83071305925327,33.015573421844252],[-96.830615885226564,33.015556697311503],[-96.83058805950057,33.015551612739216],[-96.830121590899878,33.01546638753657],[-96.829918481705903,33.015425627097905],[-96.828486462718544,33.015153099490931],[-96.828081940016759,33.015076277462391],[-96.826648442525993,33.014804032459466],[-96.826648414463961,33.014809001342677],[-96.825953845302649,33.014677551884759],[-96.825491042105682,33.014589964586797],[-96.825249192225471,33.014538009541788],[-96.825075723695164,33.01450490205491],[-96.824816444929809,33.014455416847127],[-96.824765343542623,33.014446142513393],[-96.82476207929264,33.01444550496965],[-96.823752311856737,33.014248497358096],[-96.823609660080763,33.014222053623158],[-96.822565563574344,33.014037060791608],[-96.822295131569817,33.013989144064979],[-96.822294946073441,33.013989111553578],[-96.822292945168329,33.013988757598803],[-96.822261314151248,33.013983578894134],[-96.821981201768111,33.013934364027406],[-96.821956053582639,33.01392994433963],[-96.821757836413951,33.013900117097698],[-96.821656044645678,33.013885170318545],[-96.821462072106812,33.013860935663423],[-96.821426428362287,33.013856562918612],[-96.821267576964118,33.013836775678307],[-96.821248696416632,33.013834421724347],[-96.821125599337975,33.013821890333382],[-96.820952516440215,33.013804270048382],[-96.820904131440329,33.013799159574233],[-96.820787702858425,33.013786537652642],[-96.820366122429832,33.013737463846709],[-96.820113165211538,33.01371229378816],[-96.81989009321029,33.013690100627926],[-96.819811407563478,33.013682658252179],[-96.819705498267169,33.01367350477188],[-96.819698885729451,33.013672933970923],[-96.819557933994304,33.013661240609366],[-96.819541910825905,33.013659912670974],[-96.819458809389815,33.013653018823327],[-96.819405593809904,33.013648609096634],[-96.819364266591023,33.013645040162302],[-96.819345884008271,33.01364371272323],[-96.818966736408285,33.013612223594173],[-96.818835025068239,33.013601283389818],[-96.818562351704742,33.013578769439746],[-96.818564430455154,33.013431888489514],[-96.818567695942704,33.012671338409646],[-96.818567702598713,33.012669827818719],[-96.817343949648077,33.01266632907069],[-96.814532191664824,33.012658249638029],[-96.812346900883597,33.012651594673137],[-96.810525403179085,33.01263838180995],[-96.807612847847139,33.012627518111174],[-96.803884802648739,33.012605489071774],[-96.801539864644027,33.01259361519989],[-96.801232211882535,33.012589424036157],[-96.800677854100286,33.012581868940401],[-96.800309826250555,33.012576852065251],[-96.800105962570242,33.01257080190576],[-96.799702199360212,33.012558816483939],[-96.799149800984623,33.012542417141091],[-96.797858136972437,33.012460362785916],[-96.796835190053415,33.012367643158498],[-96.795434287003843,33.012222501110671],[-96.793399809991243,33.011974172978107],[-96.792362047053189,33.011856875905906],[-96.791658785411656,33.011754176968132],[-96.791076177987065,33.011651694799646],[-96.790875558008608,33.01160371820297],[-96.790315165903195,33.011469703960607],[-96.790066315231044,33.011410193583217],[-96.789786859034464,33.011321074308313],[-96.789523983977844,33.011237242903718],[-96.789475180838792,33.011221679696725],[-96.789411195369496,33.011200088813524],[-96.789156304197917,33.011114083233117],[-96.788847109029049,33.011009749421071],[-96.788285658677651,33.010780116336392],[-96.787733180211291,33.010526261995764],[-96.787209947393364,33.010254198374746],[-96.786746037787339,33.009990101138207],[-96.785920548827406,33.009443264095758],[-96.785778968400123,33.009337529307977],[-96.78576998825821,33.0093308221577],[-96.785752558794826,33.009319641859534],[-96.785685739928212,33.009267905100188],[-96.785449842630769,33.009091731009534],[-96.785195328822908,33.008896371113352],[-96.785089973561213,33.008806553006607],[-96.784710533289669,33.008483077113972],[-96.783232507318829,33.007261366777648],[-96.781375027666741,33.005732292147698],[-96.780896561188001,33.005369379284041],[-96.780511173867623,33.005089162090606],[-96.780459979402593,33.005052519416417],[-96.779646393231076,33.004470155510575],[-96.778693447753895,33.003841329512262],[-96.777999291240064,33.003392066040107],[-96.777924881436718,33.00334390783064],[-96.777639304981776,33.003170635034259],[-96.777108693943262,33.002848684012136],[-96.77652093159918,33.002491205594815],[-96.776396002648312,33.002413375335877],[-96.775909832815614,33.002110486218875],[-96.775151393989901,33.001676046153563],[-96.775132002290334,33.001664938875606],[-96.775118347252359,33.001657117331973],[-96.775050845691894,33.001622262808951],[-96.774632942083429,33.001406475064968],[-96.774531324792207,33.001354003163364],[-96.774312683963061,33.001251824024649],[-96.774128695573523,33.001164237129458],[-96.773536898713871,33.000909021284741],[-96.773424113532556,33.000861794149309],[-96.773389079512313,33.00084712415542],[-96.773352525322892,33.000833772058222],[-96.772623113561522,33.000567339262084],[-96.772072851613302,33.000379307542318],[-96.771463000189087,33.000197603824667],[-96.770962844595843,33.000058096107608],[-96.770857998443418,33.000028851230667],[-96.770521720198175,32.9999484365066],[-96.770393104354625,32.999917679711913],[-96.77004123682876,32.999840127577698],[-96.769660978124364,32.999756316118621],[-96.769432858886319,32.99970855762659],[-96.769297240690392,32.999684366767909],[-96.769066106889994,32.999643137511335],[-96.768609329255398,32.999561658995368],[-96.768402403175742,32.999526789915201],[-96.768301603637411,32.999510331799371],[-96.768155597640742,32.999491040989156],[-96.767712625124574,32.999432513054266],[-96.766770172070352,32.999316324362155],[-96.766106742546611,32.999268438795625],[-96.764957369578227,32.999210084107702],[-96.764812165893687,32.999202711334448],[-96.764657295310471,32.999200918599193],[-96.764337068809354,32.999206308971743],[-96.763183818918705,32.999225717156058],[-96.763071165175788,32.999227612765615],[-96.762307359120669,32.999272809979942],[-96.761685541513685,32.999322536481259],[-96.761447415574949,32.999346790369565],[-96.760756343091273,32.999430152161665],[-96.760618568668477,32.999453479736239],[-96.759670367160609,32.99961401482124],[-96.758802045580055,32.999789455273671],[-96.757621677724558,33.000058587592541],[-96.757493578025574,33.000091785485694],[-96.756499783474922,33.000378566694827],[-96.756376814665387,33.000414049268372],[-96.756369428228496,33.000418606482071],[-96.755655631680582,33.000657084048697],[-96.755102236051158,33.000867828042388],[-96.754409796524769,33.001142245911545],[-96.753414868476554,33.001555662735178],[-96.752531921938484,33.001919569068804],[-96.752382616796822,33.001980108915333],[-96.751293644154245,33.002421656004586],[-96.751128498236938,33.002481690276859],[-96.750476285388402,33.002718786477907],[-96.749654185457445,33.002970253662234],[-96.748925552732842,33.003165880061907],[-96.748011205048797,33.003362790640416],[-96.746770213215825,33.003574604927699],[-96.746517445520581,33.003601895481978],[-96.745524600472265,33.003709084242878],[-96.743974678190483,33.003776196768662],[-96.743856706958411,33.00377930546594],[-96.743693686540212,33.003782023855322],[-96.743543345867025,33.003784187232263],[-96.743328375895132,33.003787118561085],[-96.742994188138766,33.003791730416644],[-96.742608309573413,33.003797861157707],[-96.742288567768426,33.003802587518564],[-96.742053376342312,33.003805664241717],[-96.741869344848809,33.003805753137094],[-96.741682581010878,33.003805840647964],[-96.74143347953374,33.003805959667787],[-96.741195360343781,33.003806072329255],[-96.74099160883182,33.003806168888723],[-96.740750757201752,33.00380628230981],[-96.740555289592365,33.003807665975067],[-96.740521087503495,33.00380794407689],[-96.740394396357331,33.00380898024877],[-96.740173089192652,33.003810787232723],[-96.739895240154894,33.003813491147731],[-96.739697383527954,33.003815692337014],[-96.739558451653863,33.003817237951459],[-96.739402792901316,33.003818970493811],[-96.739274926740876,33.003820393780323],[-96.739087882666396,33.003822473860971],[-96.738909773621032,33.00382397020455],[-96.738776793954699,33.003824733441562],[-96.738606678390767,33.003825707398349],[-96.738332287611314,33.003827277910808],[-96.737425421649647,33.003832344883591],[-96.736966494804463,33.003834894074899],[-96.736536339775725,33.003837281365314],[-96.735034737262723,33.003845477326948],[-96.734473544710582,33.003848518293893],[-96.734051839880976,33.003850803658146],[-96.7328000156147,33.003856874521766],[-96.732114550836982,33.003859562266634],[-96.732077165063714,33.003859709915844],[-96.731517030108051,33.003861902593009],[-96.73045189227588,33.003866628217978],[-96.729755303490592,33.003870650505689],[-96.728897100680555,33.003875994614319],[-96.728245505385544,33.003879331121304],[-96.727721643573773,33.003880945577286],[-96.727158205345106,33.003882697320101],[-96.726348056615379,33.003885241909074],[-96.72603369239323,33.003886343894109],[-96.725532117803724,33.00388839932247],[-96.724920179425808,33.003891145981342],[-96.724147280563955,33.003894889662419],[-96.723787203062869,33.003896631707541],[-96.723385584888618,33.003898957922978],[-96.722870175930225,33.00390202591047],[-96.722286556732087,33.003905454569171],[-96.721898398386344,33.003907668586876],[-96.719686838346277,33.003918283452414],[-96.717384040642912,33.003917555007909],[-96.716916846160373,33.003918387288152],[-96.716236201075247,33.003919496279572],[-96.716219894709326,33.003919522873694],[-96.715667706805576,33.003920148338295],[-96.715121234569864,33.003920743180871],[-96.714832296107545,33.003921058281207],[-96.714223345337302,33.00392267875884],[-96.714176861612486,33.003922817993079],[-96.713447344561089,33.003924992055019],[-96.712728208942607,33.003927258228096],[-96.712031488302515,33.003929937826236],[-96.710977311498823,33.003940539852728],[-96.710124198394752,33.003950100486229],[-96.70934222558769,33.003958226621862],[-96.708365899566303,33.003964713633565],[-96.707722847751967,33.003968125799929],[-96.705578927333875,33.003970834749161],[-96.704847660866847,33.003957464570078],[-96.704598818489444,33.003952914454011],[-96.703345442317783,33.003888124914276],[-96.703041522941888,33.003869420998711],[-96.70265176607208,33.003845435630254],[-96.702437622221652,33.003832255694924],[-96.702331681903175,33.003825734756091],[-96.70229004882502,33.003823171816443],[-96.702166296595522,33.003815556081939],[-96.701950421538115,33.003802269396544],[-96.701689353502147,33.003786199433826],[-96.701545903020602,33.003777189651899],[-96.701054461254259,33.003745700731436],[-96.70088797842223,33.00373502833677],[-96.700216995458206,33.003692006018056],[-96.699693592739777,33.003658389985965],[-96.699465647448321,33.003643748595451],[-96.699223831536429,33.00362821770559],[-96.698756969979016,33.003596241878888],[-96.698537620878895,33.003580368032701],[-96.698234743725308,33.003559145508248],[-96.69792343760173,33.003542458106743],[-96.697349338624562,33.003511681798891],[-96.696768898526571,33.003480435773774],[-96.696552804312674,33.003468130383396],[-96.69641852021671,33.003458697434176],[-96.696234941045788,33.003445801349635],[-96.695897829619526,33.003421971099343],[-96.695530708276252,33.003399912698264],[-96.695522928143504,33.003399492261927],[-96.695281906543741,33.003386503269198],[-96.694791654982367,33.003357947521998],[-96.69435321305339,33.003332411127843],[-96.694003244226977,33.003312029317492],[-96.693544613114938,33.003285316316692],[-96.692030997760682,33.003187356431397],[-96.689637881976424,33.003048176482302],[-96.688905278677993,33.003005888308728],[-96.687159793455393,33.002902331765],[-96.685635740587998,33.002811463832643],[-96.685604622745657,33.002809594553696],[-96.685160547169602,33.00278292140996],[-96.684983018262145,33.002772257185711],[-96.684821798370578,33.002762574006645],[-96.684550352231327,33.002745664802788],[-96.684227669047658,33.002725460604196],[-96.683777475690704,33.002697269718276],[-96.683327604711465,33.002669096286546],[-96.683121475732861,33.002656187938641],[-96.68284948473287,33.002635658740786],[-96.682664045145515,33.002620553974069],[-96.682508175872002,33.002607860773935],[-96.68236465879059,33.002596171614584],[-96.682199915913117,33.002582752616128],[-96.68201887009036,33.002567675131381],[-96.681852239941037,33.002549208253228],[-96.68164973590487,33.00252575587799],[-96.681478999366647,33.002504867623209],[-96.681461912955442,33.002502745751748],[-96.681421977135031,33.002497183068321],[-96.681214106698548,33.002464882398606],[-96.681028361491855,33.002435644288752],[-96.680890152789232,33.002413388531153],[-96.680733697598953,33.002384261748304],[-96.68062146039297,33.002363094191473],[-96.680504991329443,33.002339684045147],[-96.680365341728972,33.002312259651887],[-96.680215217956089,33.002281575014855],[-96.680044618511616,33.002245186179806],[-96.679900739791634,33.002213016775592],[-96.679762502235576,33.002181585728529],[-96.679622700899358,33.002148153161073],[-96.679487347114872,33.00211525069269],[-96.679349982251495,33.002080260363719],[-96.679203481223837,33.00204238068909],[-96.679068842786904,33.002006151695255],[-96.678879063880288,33.001953255832852],[-96.678746047233219,33.001914891763768],[-96.678619478930329,33.001877094132546],[-96.678478849097132,33.001834037637749],[-96.678412736441672,33.001813795133629],[-96.678336667584261,33.001789333214155],[-96.678255893855535,33.001762963664596],[-96.678154628752864,33.001728633047726],[-96.678108416508522,33.00171296778435],[-96.677934158311174,33.001651866513555],[-96.677669101664677,33.00155892875037],[-96.67745714253229,33.001478522584115],[-96.677249823275062,33.001396901898531],[-96.67701161375831,33.001305541324299],[-96.676756843415475,33.001202567061767],[-96.67656766672124,33.001123905082792],[-96.676428796567777,33.001063988202162],[-96.67631775807601,33.001014728116395],[-96.676219222463217,33.000969990679849],[-96.67609307555594,33.000911290969476],[-96.675960833572717,33.000848002421165],[-96.675855326578656,33.000796197749168],[-96.675730093223521,33.000733164597648],[-96.675581268420174,33.000656036135133],[-96.675446615350225,33.000585102790915],[-96.67534189880989,33.000529801834844],[-96.675300280001139,33.000507822141536],[-96.675187242004299,33.000446800491048],[-96.675061943716287,33.000377782261097],[-96.674949718587641,33.000314639496061],[-96.674904975036313,33.000368309440255],[-96.674949553514509,33.000314547654604],[-96.674936022693814,33.000306931847831],[-96.674833898701962,33.000248360195982],[-96.674764187014304,33.0002082689142],[-96.674612871737509,33.000121245738548],[-96.674437117273868,33.000015239537923],[-96.674344503016783,32.999959376751974],[-96.674171415663423,32.999851552994905],[-96.673915664383529,32.999684141880564],[-96.673787346269606,32.999596867845177],[-96.673664440551633,32.99951327781725],[-96.673537919114068,32.999424204001343],[-96.673315634274942,32.999263717678943],[-96.673183421435581,32.99916358967544],[-96.673021795457103,32.999040102360567],[-96.673020300357024,32.999038911371677],[-96.67301428914574,32.999034319221487],[-96.67280709108168,32.998869353007692],[-96.67254202483916,32.998651439275733],[-96.672358184630113,32.998496062158402],[-96.672225495027419,32.99838142082379],[-96.672126062181846,32.998284079266362],[-96.67193275823314,32.998117402622171],[-96.671775688688555,32.99796833540767],[-96.671629809763161,32.997828209891736],[-96.671448666932079,32.99764660770267],[-96.67128662988209,32.997474986949534],[-96.671103636666246,32.99728107162143],[-96.668208730860044,32.99727418663732],[-96.666269308334321,32.99726435486177],[-96.665257822127387,32.997259249291858],[-96.665062136751516,32.9972581858353],[-96.665061683964709,32.99728542708624],[-96.665049426194884,32.998742263377125],[-96.665043546592557,32.999379964425763],[-96.665030089404269,33.00101272339564],[-96.665025478492836,33.001412428334589],[-96.665010164248017,33.002739855320733],[-96.665007575340624,33.002964242667836],[-96.664991071207993,33.004113744791439],[-96.664972671449121,33.00539529258262],[-96.664963518965564,33.00607280860298],[-96.664951370939846,33.006698045175668],[-96.664952393351228,33.006766788267157],[-96.664954201512842,33.006836915805309],[-96.664957669932491,33.006905694080103],[-96.664959181706664,33.006926090712462],[-96.664962768638787,33.006974496705055],[-96.664968654142413,33.007044684706273],[-96.664977015639906,33.007113534279981],[-96.664986190669026,33.007182396436924],[-96.664996182445805,33.007251271258809],[-96.665008620253104,33.007320181265634],[-96.665021902677836,33.007387729366236],[-96.665042797878982,33.007481505886666],[-96.665050883600045,33.007524235257833],[-96.665058942536703,33.007568339224882],[-96.665065369045479,33.007612418783268],[-96.665071824462501,33.007655124699816],[-96.665076620656762,33.007699180805631],[-96.665080602260019,33.007743224296163],[-96.665083767095709,33.00778725601964],[-96.665086089442809,33.007832650600818],[-96.665087623954548,33.007876658872298],[-96.665087528201994,33.007920641887715],[-96.665085990125078,33.007994845222107],[-96.665073241915195,33.008452380129043],[-96.66505230982078,33.008911168491053],[-96.665035426697614,33.009056621053787],[-96.665016628258144,33.009215791159519],[-96.664976129037271,33.009870851399072],[-96.664947690564148,33.01043054186664],[-96.66502892500192,33.010430789992711],[-96.665129217686342,33.010431081564661],[-96.665178415958152,33.010431885394766],[-96.665207794309666,33.010432143805694],[-96.665270085691361,33.010432216594637],[-96.665299475690802,33.010432030711122],[-96.6653617259105,33.010431158147725],[-96.665388462075086,33.01043059924762],[-96.665450669060405,33.010428868929552],[-96.665479983421989,33.010427831696823],[-96.665542200735828,33.010425155530662],[-96.66556907225123,33.010423813005985],[-96.665631144534643,33.010420276493257],[-96.665673715789751,33.010417380129844],[-96.665791763384973,33.010408034604922],[-96.66587467975998,33.010399661329629],[-96.665915099972409,33.010394692384487],[-96.665943536443052,33.010390980634853],[-96.665983860284129,33.010385409225577],[-96.666012187351143,33.010381279020429],[-96.666052414754859,33.010375106952701],[-96.666081010026687,33.010370495618048],[-96.666121090696763,33.010363719804232],[-96.666145713038631,33.010359392240304],[-96.666185644937741,33.010352099375432],[-96.666217898815063,33.010345920341088],[-96.666257683709176,33.010337941495081],[-96.666282603399651,33.010332768478719],[-96.666322190199807,33.010324272229894],[-96.666362688850086,33.010315110640704],[-96.666441369708735,33.010296395931476],[-96.666496498714054,33.010282392981367],[-96.666574335204032,33.010261353426181],[-96.666629455304431,33.010245533961324],[-96.666706343418056,33.010222168722137],[-96.666746665450532,33.010209406198143],[-96.666784760735965,33.010196861675539],[-96.666810024652136,33.01018833774318],[-96.666847818875695,33.010175275909681],[-96.666872215586068,33.010166650375091],[-96.666909760242859,33.01015307073488],[-96.666938116979082,33.010142546320935],[-96.66697536150329,33.010128363551523],[-96.666999337215543,33.010119036025166],[-96.667036332106548,33.010104337255314],[-96.667064979802362,33.010092666324731],[-96.667101623159951,33.010077362214467],[-96.667126796013974,33.010066620280838],[-96.667163087848451,33.010050800287999],[-96.667187212589994,33.010040066907287],[-96.667223202318425,33.010023728675911],[-96.667247961665396,33.010012255123634],[-96.667283598830025,33.00999540008057],[-96.667308124473792,33.009983564551419],[-96.66734341021025,33.009966190918796],[-96.667368026690752,33.009953825470888],[-96.667406085948954,33.009934323048981],[-96.667436709613881,33.009918237646154],[-96.667471856641399,33.009899317103205],[-96.667496878528468,33.009885574021482],[-96.667531572204652,33.009866135910251],[-96.667554446984553,33.009853081838017],[-96.667588789261728,33.009833124236089],[-96.667623580633546,33.009812335900115],[-96.667690953520463,33.009770954165745],[-96.667736430356598,33.009741980036665],[-96.667802088774721,33.009698610073293],[-96.667846555646435,33.00966815993052],[-96.667910345246156,33.009622889078116],[-96.667942906279649,33.009599154197076],[-96.667974069270628,33.009575825593942],[-96.667996121022853,33.009559010508823],[-96.668026829587561,33.009535164314975],[-96.668045291520286,33.009520601813058],[-96.668075492334935,33.009496409260315],[-96.668097779148695,33.009478211308178],[-96.668127476248557,33.009453499911494],[-96.668146415130195,33.009437478472478],[-96.668175553048769,33.009412419409067],[-96.668195994140433,33.009394520556029],[-96.668224679872452,33.009368941250337],[-96.668243013882417,33.009352320682481],[-96.668271140368574,33.009326395516673],[-96.668290942254558,33.009307808107849],[-96.668318512600194,33.009281450415649],[-96.668336233425549,33.009264223279978],[-96.668363246765736,33.009237517074986],[-96.668391599060541,33.009208700690898],[-96.668443955210208,33.009153989748363],[-96.668469816334536,33.009126245790199],[-96.668495159318567,33.009098325996739],[-96.668512406087444,33.009078973258653],[-96.66853714053903,33.009050706354166],[-96.668554380054317,33.009030627836054],[-96.668578558431761,33.00900192660287],[-96.668594645048941,33.008982476568313],[-96.668618161430132,33.008953513610415],[-96.668633285691755,33.008934552332001],[-96.668656245037553,33.008905241767692],[-96.668673002795884,33.008883402513611],[-96.668695354540972,33.008853659021952],[-96.668717710053272,33.008823031902359],[-96.66878908346952,33.008722320780542],[-96.668798403963308,33.008710232800148],[-96.668807506255561,33.008699056420966],[-96.668828625046388,33.008675226316335],[-96.668838296686502,33.00866519030285],[-96.668848548755236,33.008655087730297],[-96.668868353308028,33.008637017158513],[-96.668889483625591,33.008619089644966],[-96.668900004080413,33.008610804707899],[-96.668931232798045,33.00858843897683],[-96.668967007170494,33.008565964778839],[-96.668999424265749,33.008548473455477],[-96.669024683865644,33.008536070746487],[-96.669048630208636,33.008525629773146],[-96.669084378889735,33.008511982147652],[-96.669099583987403,33.008506802753338],[-96.669119899954168,33.008500496456371],[-96.669133905731883,33.008496553396725],[-96.669170243774047,33.008487617646722],[-96.669195513773118,33.008482556007216],[-96.669218412958173,33.008478711747202],[-96.669238020062721,33.008476026194103],[-96.669262119904943,33.008473452204178],[-96.669280238988705,33.00847203901403],[-96.669630921786933,33.008466841503378],[-96.672739864469804,33.008490092717892],[-96.676152804321831,33.008514609297102],[-96.678067084279178,33.008529159155977],[-96.680477774034756,33.008547440616809],[-96.682396753360422,33.008562717666941],[-96.684724261494708,33.008581156479522],[-96.687888531791828,33.00860475384021],[-96.691382380673446,33.008632471310342],[-96.693914409803796,33.008653010017348],[-96.695043188288849,33.008662201405336],[-96.69623461233418,33.008671376898548],[-96.696238033096321,33.008711821241143],[-96.696242772691619,33.00875643730781],[-96.696248340239393,33.008801052575492],[-96.696254597745337,33.008845657237423],[-96.696261407022078,33.008890246903462],[-96.696268630139031,33.008934809961254],[-96.696276864249882,33.008983667092053],[-96.696284608920578,33.0090283716142],[-96.696292746850247,33.009073055333815],[-96.696301549649249,33.009117740464362],[-96.696311286817888,33.009162448262302],[-96.696322228896108,33.009207200913977],[-96.696334649767309,33.009252017075418],[-96.696348814518956,33.009296921505808],[-96.696366008260696,33.00934456071667],[-96.696382311026881,33.009384559264277],[-96.69640019752056,33.009424595955885],[-96.696419441539447,33.009464608157948],[-96.696439817009079,33.009504529625694],[-96.696461097790362,33.009544295920165],[-96.696483057679671,33.00958384440812],[-96.696505473879739,33.009623107120802],[-96.696528115836017,33.00966202312258],[-96.696552832310473,33.009704036555881],[-96.696577850176539,33.009746411793635],[-96.696602281963564,33.009787715941791],[-96.696625846093951,33.009827482873206],[-96.696648262060521,33.009865246488012],[-96.696669250458967,33.009900539810836],[-96.696688528573873,33.009932898493652],[-96.696705818135285,33.009961853782904],[-96.696722602221286,33.00998988369102],[-96.696764311457954,33.010057651574392],[-96.69681354771933,33.010130143528336],[-96.696829618106449,33.010153300420221],[-96.696847877446103,33.010179563951972],[-96.696867903060294,33.010208334319209],[-96.696889271326995,33.010239008079736],[-96.696911557583917,33.010270980861669],[-96.696934337071454,33.010303651001841],[-96.696957185060967,33.010336415934631],[-96.696979681172664,33.010368671397352],[-96.697009872274336,33.010411970363755],[-96.697046924587312,33.01046505929866],[-96.697080252801669,33.010512339076534],[-96.697111108988011,33.010555092754714],[-96.697140741815048,33.010594608724418],[-96.697168646483561,33.010630002289822],[-96.697199507887944,33.010666966768113],[-96.697232105743225,33.010703867506223],[-96.697266960283571,33.010741396220332],[-96.697304589633859,33.010780243669011],[-96.697342031467713,33.010817668642261],[-96.697372223421368,33.01084721758896],[-96.697403664735148,33.010877553438299],[-96.697435797509328,33.010908199480802],[-96.697468061828033,33.010938675342423],[-96.697499898813646,33.010968501579399],[-96.697530752769381,33.010997199732564],[-96.697562971415309,33.01102697051865],[-96.697610539039047,33.011070630724952],[-96.697654961090862,33.011111455635707],[-96.697700020981998,33.011153466763538],[-96.697747637986438,33.011198880219553],[-96.697775062594303,33.011225337668414],[-96.69780457749097,33.011253092065054],[-96.697836244551368,33.011281156440646],[-96.697870126656341,33.011308545658849],[-96.697906287821098,33.011334272804632],[-96.697944787741292,33.011357351757582],[-96.697985690396266,33.011376796505225],[-96.698025040291839,33.011390500433457],[-96.698068922505712,33.011400247055228],[-96.698114323560816,33.011405277268658],[-96.69816041235498,33.011406011972255],[-96.698206362136645,33.01140287036818],[-96.698251341708911,33.011396276065454],[-96.698294522115177,33.011386650020022],[-96.698335074368359,33.01137441409157],[-96.698378930794817,33.011356956481109],[-96.698431704060738,33.011327499905001],[-96.698475549771103,33.011292587345928],[-96.698514585368102,33.011251698238858],[-96.698552922770133,33.011204316391805],[-96.698585301248897,33.011162106447337],[-96.698607891883853,33.011132806004909],[-96.698631696532388,33.011102206983608],[-96.698656238675895,33.011070892835235],[-96.698681042740105,33.011039450650209],[-96.698705633248238,33.011008464810963],[-96.698729533653434,33.010978519673316],[-96.69875226952081,33.010950200550333],[-96.698773362098407,33.010924093550024],[-96.698792340231961,33.010900782261544],[-96.698800927248996,33.010890307458055],[-96.698860674151518,33.010825279582761],[-96.698939306668464,33.010772731953182],[-96.698964604013824,33.010757534240717],[-96.698993312921829,33.010740401191207],[-96.699024700656636,33.010721762512397],[-96.699058037761858,33.010702046188158],[-96.699092592542897,33.010681682857225],[-96.69912763129183,33.010661099493994],[-96.699162425627236,33.010640724111504],[-96.699196241715384,33.010620987296818],[-96.699228350137901,33.010602316134722],[-96.699255440731051,33.010586629546005],[-96.699338209214545,33.010539912885243],[-96.699404234767854,33.010507323777809],[-96.699464831185111,33.010483715023881],[-96.699503621463791,33.010471038557526],[-96.699546291877979,33.010458965885093],[-96.699591804818795,33.010448358176824],[-96.699639119401184,33.010440078328848],[-96.699687199028403,33.010434989346798],[-96.699731086189558,33.010433864456672],[-96.699783811962121,33.010437769403353],[-96.699834606198081,33.010446811354448],[-96.69988310473488,33.010459950138149],[-96.699928944542506,33.010476143804603],[-96.699981482710982,33.01049886843483],[-96.700033141275924,33.010525405712833],[-96.700082859932238,33.010555413567033],[-96.70013492401246,33.010591072822486],[-96.700188056601547,33.010630348943437],[-96.700218272645969,33.010653381133416],[-96.700250121646519,33.01067793544749],[-96.700282938086744,33.010703394227264],[-96.700316055409331,33.010729138885203],[-96.700348807998409,33.010754554472626],[-96.7003805315005,33.010779020651832],[-96.700410560392953,33.010801919767175],[-96.70044793374403,33.010829766754313],[-96.700527876959271,33.010888410826112],[-96.700586861156992,33.010957330083748],[-96.700602102857999,33.010984163985114],[-96.700617648743233,33.011015330127812],[-96.700633201947795,33.011050278877995],[-96.70064846878843,33.0110884615858],[-96.700663149280075,33.011129325828364],[-96.700676950841014,33.011172322080434],[-96.700694799995276,33.011237343194964],[-96.700704529560255,33.011279852821012],[-96.700712948165872,33.011322948374278],[-96.700720118890615,33.01136654469969],[-96.700726103773704,33.011410555712359],[-96.700730968100984,33.011454894505498],[-96.700734772680093,33.011499479481039],[-96.700737581789554,33.011544221899712],[-96.700739531067455,33.011591343490352],[-96.700740507542321,33.011636442734513],[-96.700740723118955,33.011681526421157],[-96.700740288129523,33.01172659823375],[-96.700739320471243,33.011771660238985],[-96.700737932651904,33.011816715271451],[-96.70073623941866,33.011861763511419],[-96.700734354319223,33.011906808723261],[-96.700732391154048,33.011951907989342],[-96.70073041802668,33.01199695549856],[-96.700728310926308,33.012042000534521],[-96.700725894092443,33.012087039572762],[-96.700722994946943,33.012132070072383],[-96.700719440975206,33.01217708768695],[-96.70071505849485,33.012222090751415],[-96.700709674990676,33.012267074919293],[-96.700703112667853,33.012312063722227],[-96.700695479285514,33.01235601532651],[-96.700686898482871,33.012399948480805],[-96.700677713176049,33.012443870921089],[-96.700668265242584,33.012487789453509],[-96.700658897728232,33.012531708203163],[-96.700649952447421,33.012575635781914],[-96.700641771375814,33.01261957628806],[-96.700633564059771,33.012671477649945],[-96.700628041448795,33.012716451068584],[-96.700623878881046,33.012761450619777],[-96.70062085676058,33.012806468963646],[-96.700618755202669,33.012851506885355],[-96.700617355714343,33.012896556169274],[-96.700616439609675,33.012941614016263],[-96.700615788202484,33.012986677627353],[-96.700615178530299,33.013031834454573],[-96.700614430268061,33.013076907369275],[-96.700613498742342,33.013121976568861],[-96.700612379634592,33.013167042848053],[-96.70061106440447,33.013212105088165],[-96.700609548733453,33.013257164083946],[-96.700607824081175,33.013302218716682],[-96.700605885057584,33.013347269754142],[-96.700603725201177,33.013392317937026],[-96.70060132640964,33.013437329376643],[-96.700598618951318,33.013482334845143],[-96.700595523532584,33.013527332344729],[-96.7005919543342,33.013572322424011],[-96.700587834301388,33.013617300430759],[-96.700583082908409,33.013662268854034],[-96.700577614527802,33.013707222825623],[-96.700571313944423,33.013752416965154],[-96.700564326340086,33.013796631472417],[-96.700556742023863,33.013840162288879],[-96.700548815472089,33.013882336328066],[-96.700540806295152,33.013922486958066],[-96.700532971049682,33.013959942952262],[-96.700525564053876,33.013994035738527],[-96.700518843976582,33.014024095047162],[-96.700512482455466,33.014051999296399],[-96.700439607980314,33.014171152655123],[-96.700420789623507,33.014190016185367],[-96.70039919723142,33.014211614553375],[-96.700375403347849,33.014235317925916],[-96.700349983796343,33.014260494745521],[-96.700323515408755,33.014286515287566],[-96.700296571835892,33.014312748844212],[-96.70026973098382,33.014338565718838],[-96.700243563323369,33.014363334220839],[-96.700218647802799,33.014386425584455],[-96.700190256524479,33.014411867240931],[-96.700101385813156,33.014473506078602],[-96.700002996294089,33.014493129427024],[-96.699968397984961,33.014495924328919],[-96.699929225856025,33.014498406076655],[-96.699886237577473,33.014500440149703],[-96.699840192963165,33.014501892082031],[-96.699791848580674,33.014502628230311],[-96.699741964212578,33.014502515033143],[-96.699691296395017,33.014501419751937],[-96.699639603167356,33.014499149245147],[-96.699584371141057,33.014495265179193],[-96.699530812283513,33.014490019986809],[-96.699479686195403,33.014483587327931],[-96.69943174913368,33.014476144393669],[-96.699387757450765,33.014467865667498],[-96.699348469705285,33.014458923882422],[-96.699307223522908,33.014447114433516],[-96.699229078522734,33.014413605065798],[-96.699150601831306,33.014396656378679],[-96.699118564712393,33.014397395795818],[-96.699081925994463,33.014400326075588],[-96.699042404806576,33.014404905926234],[-96.699001719175101,33.014410594933736],[-96.698961588327379,33.014416849101821],[-96.698923731364005,33.014423128047589],[-96.698880059475471,33.014430549820752],[-96.698799553894915,33.014444578986428],[-96.698712969352968,33.014467154602116],[-96.69868276064436,33.014476203317244],[-96.698648064165553,33.014486955102228],[-96.698609559472345,33.014499300582841],[-96.698567928071355,33.014513135855879],[-96.698523850526243,33.01452835338074],[-96.6984780073049,33.01454484832577],[-96.698431080107383,33.014562511373356],[-96.698383746124009,33.014581239418256],[-96.698354121631738,33.014593495163652],[-96.698306357944745,33.014614204758679],[-96.698259792594158,33.014635417126094],[-96.698214881760791,33.01465669920357],[-96.698172087016502,33.014677617161603],[-96.698131863569358,33.01469773520369],[-96.698094668611049,33.014716622101581],[-96.698060963716671,33.014733844027177],[-96.698020213581373,33.014754476450804],[-96.697937765416157,33.01479108466431],[-96.697848782117006,33.014819066842513],[-96.697818175876563,33.01482843153223],[-96.697783561626153,33.014839367689675],[-96.697746027774144,33.014851789808915],[-96.697706658571747,33.014865608666007],[-96.697666540221206,33.014880740508666],[-96.697626761293137,33.014897095320642],[-96.69758840380149,33.01491458653593],[-96.697552558301624,33.014933128708783],[-96.697532532886555,33.014944830277869],[-96.697483244512668,33.01497991696818],[-96.697442413818649,33.01501729970181],[-96.697405849015794,33.015056568264804],[-96.697369362659813,33.015097310740202],[-96.697329138219885,33.015138757704136],[-96.697299088288347,33.015166057161146],[-96.697265812415367,33.015193321336092],[-96.697229521004644,33.015220242891552],[-96.69719042562852,33.015246511809046],[-96.697148735524621,33.015271823432528],[-96.69710466447431,33.015295865992321],[-96.697058422884908,33.015318332151274],[-96.697022939834568,33.015333759619267],[-96.696976929209541,33.015351596170085],[-96.696930070074316,33.015367716172747],[-96.696883081158802,33.015382236245848],[-96.696836681097409,33.01539527571741],[-96.696791588652545,33.015406950305156],[-96.696748520219316,33.015417381993309],[-96.696708194592446,33.015426685598698],[-96.696660948164705,33.015437313670169],[-96.696568271831666,33.015458577634156],[-96.6964538260533,33.015483088349413],[-96.696413912606289,33.015490539968418],[-96.696368960381918,33.015498899975249],[-96.696319212284422,33.015508606407458],[-96.696264911312895,33.015520094594173],[-96.696206298290221,33.015533800712987],[-96.696158638347242,33.015546071738981],[-96.696115743168491,33.015558022005621],[-96.696071726890338,33.015571127674271],[-96.696027164537497,33.015585233376818],[-96.695982634253667,33.015600186535274],[-96.695938709865075,33.015615835367178],[-96.69589596847716,33.015632026366355],[-96.695854985053245,33.015648605973304],[-96.695816337739814,33.015665421613065],[-96.695790290564773,33.015677583617283],[-96.69573004435658,33.015709169176475],[-96.695678159597136,33.015740870807441],[-96.695631375840776,33.015772899917536],[-96.695586435916027,33.015805466183899],[-96.695555997365972,33.01582750559578],[-96.695518806979024,33.015853446197426],[-96.695479064442068,33.015879222994428],[-96.695436344810119,33.015904148474327],[-96.695390222260116,33.015927529680297],[-96.695340273017138,33.01594867641699],[-96.69528325782197,33.015967716570202],[-96.695239371745799,33.015979051506122],[-96.695193175362448,33.015988790219133],[-96.695145009068014,33.015997403934023],[-96.695095216665351,33.016005358540362],[-96.695044138677531,33.016013121652513],[-96.694992115594658,33.016021161788174],[-96.694939492288427,33.016029944865487],[-96.694884010966518,33.016040470195797],[-96.694834111881022,33.016051423730183],[-96.694784962447415,33.01606349402519],[-96.694737223740475,33.016076277598223],[-96.694691556996659,33.016089366453841],[-96.694648622221749,33.016102357084058],[-96.694609080654644,33.016114841494989],[-96.694573593438804,33.016126414401576],[-96.694542822822214,33.016136669643409],[-96.694529255289183,33.016141228251875],[-96.694381004581871,33.016175745948125],[-96.694350903966125,33.016179585415323],[-96.694315208501067,33.016184134829089],[-96.694274703215882,33.016189335388873],[-96.69423017320436,33.016195126488917],[-96.69418240346377,33.01620145023255],[-96.694132181167163,33.016208247875078],[-96.694080290272922,33.016215460591965],[-96.69402142766522,33.016223918635262],[-96.693968993230968,33.016231727508881],[-96.69391655217332,33.01623972233358],[-96.693864108967304,33.016247807442085],[-96.693811667144786,33.01625588352875],[-96.69375922579124,33.0162638556939],[-96.693706792757467,33.016271623837348],[-96.693654366057672,33.016279093032331],[-96.693591643015154,33.016287500405269],[-96.693538382677957,33.016294102748368],[-96.693485134565094,33.016300270752758],[-96.69343189524119,33.016306101015665],[-96.69337866120631,33.016311691939769],[-96.693325432303453,33.016317138397902],[-96.693272203960674,33.016322538765692],[-96.693218974949033,33.016327987888843],[-96.693162301914654,33.01633395362235],[-96.693109412992243,33.016339731159064],[-96.693056521794517,33.01634560259027],[-96.693003632677815,33.016351415319569],[-96.692950747919866,33.01635701489095],[-96.692897872852754,33.01636225144339],[-96.692845010858719,33.016366969645198],[-96.692792167334702,33.01637101782979],[-96.692733114661451,33.016374562207965],[-96.692679543669215,33.016376749559441],[-96.692625996694204,33.016377990535183],[-96.692572473214923,33.016378360119838],[-96.692518970438329,33.0163779368551],[-96.692465486706794,33.016376797504002],[-96.692412018283676,33.01637501697008],[-96.692358565589942,33.016372673876013],[-96.69230510667208,33.016369842665227],[-96.69225185538393,33.016366601929803],[-96.692198613037775,33.016362959301723],[-96.692145381552578,33.016358921154506],[-96.69209215963248,33.016354493780582],[-96.692038949196558,33.016349683553557],[-96.69198574680567,33.016344496711582],[-96.691932556586167,33.016338937876938],[-96.691877941564314,33.016332850573122],[-96.691825151015109,33.016326609641723],[-96.691772367914268,33.016320039067224],[-96.691719594577378,33.016313164208611],[-96.691666826922713,33.016306009359631],[-96.691614066226379,33.016298598949398],[-96.691561311621172,33.016290957352837],[-96.691508562304122,33.016283107139479],[-96.691451336258567,33.016274383886262],[-96.69139882894568,33.016266213546665],[-96.691346327329825,33.016257883394509],[-96.691293829300207,33.016249392472886],[-96.691241335082054,33.016240734462343],[-96.691188845811595,33.016231907584363],[-96.691136361649683,33.016222907325179],[-96.691083880582113,33.016213730019423],[-96.691025063069802,33.016203226957771],[-96.690972917922423,33.016193742742225],[-96.690920775260338,33.016184188992057],[-96.690868632009327,33.016174682192549],[-96.690816483080226,33.016165335163663],[-96.690764328677375,33.016156262666371],[-96.690712162607383,33.016147578396335],[-96.690659985041862,33.016139398017344],[-96.690598827633153,33.016130604858688],[-96.69054561763852,33.016123769087677],[-96.690492386567058,33.016117706234219],[-96.690439136753369,33.016112410935818],[-96.690385867285357,33.016107878651567],[-96.69033257734722,33.016104102132054],[-96.690279268234335,33.016101075084975],[-96.69022593796295,33.016098792942202],[-96.690171569721244,33.01609722729421],[-96.690118286282484,33.016096401069461],[-96.690065646753609,33.016096135961746],[-96.690014314812842,33.016096257185623],[-96.689964956314171,33.016096589107967],[-96.689918230489567,33.01609696135079],[-96.68987480634425,33.01609720016944],[-96.689835343336085,33.01609712886799],[-96.689800018497664,33.016096564881849],[-96.689701215487418,33.016085458931776],[-96.689614154111126,33.016049517286419],[-96.689583734437562,33.016034001753866],[-96.689549273490115,33.01601628863245],[-96.689511140163532,33.015996981805785],[-96.689469708773643,33.015976683487516],[-96.689425352435336,33.015955999475423],[-96.689378441143518,33.015935532778123],[-96.689305481579694,33.015907056851319],[-96.689258464527057,33.015891066527558],[-96.689210255654189,33.015876318309367],[-96.689161020955794,33.015862638384988],[-96.689110926619662,33.015849847526276],[-96.689060136562176,33.015837770062184],[-96.68900881801116,33.015826227694916],[-96.688957134851165,33.01581504565668],[-96.688894893514089,33.015801855430844],[-96.688843107820006,33.015790902976782],[-96.688791780825582,33.015780050651664],[-96.688741373435533,33.015769426672982],[-96.68869234541836,33.01575916103755],[-96.688645155566775,33.015749381007204],[-96.688600263616266,33.015740217482644],[-96.688558128294659,33.01573179953256],[-96.688511506948529,33.015722800976199],[-96.688429810780747,33.015708362270672],[-96.688362392654881,33.0156981492282],[-96.688283673417516,33.015687756083345],[-96.688237555343704,33.015681400504583],[-96.688187128563953,33.015672046265728],[-96.688131673075404,33.015657204738829],[-96.68807047089706,33.015634390959029],[-96.688015029586481,33.015607744339206],[-96.687982654253531,33.015589754628515],[-96.687948954786194,33.015569887193656],[-96.687914053478039,33.015548833661974],[-96.687878078043752,33.015527283990721],[-96.687841148663807,33.015505928850523],[-96.687803392954066,33.015485460907378],[-96.6877649310603,33.015466571734905],[-96.687725892899735,33.015449949539757],[-96.687686399622876,33.015436287728605],[-96.687646574586154,33.015426277956891],[-96.687620434055361,33.015422038554831],[-96.687575218337216,33.015419319017546],[-96.687529870928429,33.015421709549543],[-96.687484414843937,33.015428233048567],[-96.687438876250994,33.015437914299298],[-96.687393280343883,33.01544977535103],[-96.687347654429459,33.01546283920991],[-96.687302021466024,33.015476130579522],[-96.687256407757303,33.015488670633594],[-96.687190179259531,33.015503557178839],[-96.687137070167083,33.015511149276556],[-96.687084112818965,33.01551472421589],[-96.687031346571018,33.015514562201759],[-96.686978810778371,33.015510943439232],[-96.686926546906236,33.015504149090368],[-96.686874593236695,33.015494459333212],[-96.686822990226659,33.01548215349726],[-96.686767176486441,33.015466087893472],[-96.686719557413426,33.015450335314583],[-96.686672862646503,33.015433294994097],[-96.686627630782056,33.015415473016752],[-96.686584404798054,33.015397372868101],[-96.686543726502705,33.015379500715639],[-96.686506135656543,33.015362359964811],[-96.686472171890117,33.015346457632702],[-96.686442379248334,33.015332297233911],[-96.68642652947004,33.015324750599248],[-96.686272477676567,33.015283152070751],[-96.686241285466465,33.015280634212566],[-96.686204612363994,33.015277765312241],[-96.68616323736093,33.015274595799447],[-96.686117941527868,33.015271177964017],[-96.686069508174853,33.015267561442343],[-96.686018716261273,33.015263797569034],[-96.6859663501684,33.015259936009407],[-96.685912275332313,33.015255960706071],[-96.685858973609427,33.015252020306576],[-96.685805677652681,33.015247918288502],[-96.685752389066593,33.015243489335326],[-96.685699112831685,33.015238563698098],[-96.685645854742958,33.015232978877144],[-96.685592618710018,33.015226565096434],[-96.685539408482072,33.015219157093618],[-96.68548534104761,33.015210433431228],[-96.685434352391084,33.015201029558668],[-96.685383387180366,33.015190757908741],[-96.685332434779653,33.015179976937667],[-96.685281486791965,33.015169042447695],[-96.685230532579951,33.015158312895053],[-96.685179564720045,33.015148146817417],[-96.685128571662673,33.015138898130019],[-96.685059361339739,33.015128465412744],[-96.685006043678527,33.015122478529975],[-96.684952684047929,33.015118119737188],[-96.684899288429733,33.01511510094037],[-96.684845866181888,33.015113129613006],[-96.684792424391162,33.015111916785436],[-96.68473897020948,33.015111171682442],[-96.684685510692603,33.015110606237059],[-96.684631722893997,33.015109923124498],[-96.684578308810714,33.015108835606434],[-96.684525184249367,33.015107028005765],[-96.684472627488972,33.015104185689822],[-96.684420916905694,33.015099991317996],[-96.684370332987172,33.015094128507229],[-96.684321151838788,33.015086283474595],[-96.684273653981336,33.015076138934994],[-96.684227931068918,33.015063320413205],[-96.684178744863047,33.015045425458069],[-96.6841324772587,33.015024726446178],[-96.684089133294265,33.015002224686938],[-96.684048725474483,33.014978922582479],[-96.684011260976646,33.014955821496265],[-96.683976748015752,33.014933923721543],[-96.683944409653236,33.014913752645569],[-96.683876071403802,33.014877589928972],[-96.68381459825639,33.014858775578503],[-96.683763650086675,33.014854018335988],[-96.683720787679988,33.014855089786558],[-96.683674644549001,33.014859345528635],[-96.683626916688254,33.014866083949414],[-96.683579300029393,33.014874605244081],[-96.68354355704173,33.014881985993597],[-96.683485306747528,33.014895158013061],[-96.683429334506755,33.014906494676509],[-96.683372299744448,33.014913192476257],[-96.683338758394612,33.014913875487665],[-96.683293782249564,33.014911003304782],[-96.683247018838031,33.014904777791834],[-96.683199818009186,33.014896353588561],[-96.683153530584789,33.014886888071743],[-96.683108299271069,33.014877281219761],[-96.68304482328152,33.014864946031338],[-96.682984138959554,33.014856340164293],[-96.682907608633172,33.014851633086046],[-96.682863217787215,33.01485165532582],[-96.682816414002261,33.014853024225388],[-96.682768879887078,33.014855323379443],[-96.682722297044151,33.014858134552668],[-96.682669225162371,33.014861646972534],[-96.68260107352117,33.014865918605835],[-96.68254792784623,33.014868342990319],[-96.682514768680718,33.014868655060106],[-96.682469574841761,33.014863469305155],[-96.682395855788215,33.014843069989361],[-96.682364740995936,33.014833911763482],[-96.682328399821628,33.014823432900762],[-96.682287500742362,33.014812105742465],[-96.682242712427893,33.014800397213662],[-96.682194705592991,33.014788777002465],[-96.682144149912176,33.014777713867751],[-96.682091715025948,33.014767677472179],[-96.682064344459903,33.014763085009086],[-96.682013579819895,33.014755803482089],[-96.681962144327031,33.014749889240441],[-96.681910136028677,33.014745179410411],[-96.68185764755043,33.014741512788106],[-96.681804774797229,33.014738726445799],[-96.681751610491901,33.014736656471648],[-96.681698252586528,33.014735142700744],[-96.681644705906251,33.014734019897908],[-96.681591226331079,33.014733090335049],[-96.681537752002228,33.014731983779292],[-96.68148429304054,33.014730296581412],[-96.681430859664474,33.014727622384058],[-96.681377462093167,33.014723554829708],[-96.681324112625617,33.014717689420785],[-96.681270820475859,33.014709617967313],[-96.681217504326042,33.01469891462358],[-96.681170240079794,33.014687047194691],[-96.681123020330404,33.014673453207976],[-96.681075829018809,33.014658792782235],[-96.681028648070154,33.014643722370792],[-96.680981460286418,33.014628903870801],[-96.680934249733411,33.014614993789891],[-96.680886997067233,33.01460265397094],[-96.68083968638328,33.014592540018725],[-96.680792359186981,33.014585321643651],[-96.680741009601178,33.014581210857763],[-96.680689922621966,33.014580288256184],[-96.680639474848462,33.014581588408959],[-96.680590037588928,33.01458414394552],[-96.680541985400637,33.014586986674416],[-96.680495690699843,33.014589148350495],[-96.680451527983237,33.014589662588783],[-96.680397505214657,33.014586226659311],[-96.680343150003594,33.014575221923153],[-96.680294192934497,33.014557424356433],[-96.680249670333893,33.014534291426891],[-96.680208624107934,33.014507274416964],[-96.680170094960019,33.014477828191517],[-96.680144007632848,33.014456469165559],[-96.680104681321382,33.014423849172097],[-96.68006461795386,33.014392377921332],[-96.680022060241697,33.014363151195845],[-96.679975249889054,33.014337262942931],[-96.679905257836083,33.014310431839604],[-96.6798645736488,33.014300278604615],[-96.679820709404211,33.014292319977322],[-96.679774121379637,33.014286182592542],[-96.679725263774102,33.014281491225731],[-96.679674594944387,33.014277874372517],[-96.679622568993949,33.014274959517778],[-96.679569642298731,33.014272370590248],[-96.679516270003091,33.014269736006206],[-96.679462990136429,33.014266765800301],[-96.67940972032045,33.014263454269432],[-96.679356456775139,33.01425987721948],[-96.679303198999577,33.014256108732432],[-96.679249943181105,33.014252225516962],[-96.679196687650105,33.014248304336107],[-96.679143433073349,33.014244416590593],[-96.679088917354875,33.014240555575377],[-96.679035546997298,33.014236936831118],[-96.678982173321657,33.014233411050917],[-96.678928800818383,33.01422988256779],[-96.678875430860202,33.014226252924949],[-96.678822068002276,33.014222424649923],[-96.678768710274255,33.014218302815372],[-96.678715363367772,33.014213788170501],[-96.678661632021559,33.014208746898262],[-96.678608834001281,33.014203248564101],[-96.678556046984184,33.014197292365921],[-96.678503267816936,33.014190996594408],[-96.67845049558548,33.01418447688625],[-96.678397727135675,33.014177851532125],[-96.678344957267058,33.014171236060108],[-96.678292183928804,33.014164747885232],[-96.678234846327172,33.0141579812665],[-96.678181655309771,33.014152077016199],[-96.678128455493891,33.014146569198253],[-96.678075244122681,33.014141474911135],[-96.67802202158947,33.014136813140176],[-96.677968788352061,33.014132601065349],[-96.677915541524513,33.01412885939601],[-96.677862281629061,33.014125603506592],[-96.677807651359032,33.014122789927661],[-96.677754219571881,33.014120532621881],[-96.677700885854719,33.014118592232713],[-96.677647766014161,33.014116759353946],[-96.677594971603597,33.01411482356788],[-96.67754261742347,33.014112573635998],[-96.677490814995664,33.014109800043848],[-96.677439680128629,33.014106293385829],[-96.677389286970651,33.014101839585202],[-96.677334011228069,33.014095571258132],[-96.677280570274235,33.014088170272295],[-96.677229677750589,33.014079954730356],[-96.677182044115355,33.014071241751608],[-96.677138385247659,33.014062346786723],[-96.677099412675275,33.014053586983671],[-96.6770616461461,33.014044181883797],[-96.676980711486635,33.014014765549135],[-96.676893629447818,33.013956514914511],[-96.676869190335324,33.013938876464067],[-96.676841685849212,33.013919353033302],[-96.676811430409103,33.013898569753401],[-96.676778738175557,33.013877158978111],[-96.676743925612413,33.013855748601614],[-96.676707307007135,33.013834967366925],[-96.676669196645733,33.013815444017226],[-96.676629908812927,33.013797807296136],[-96.676589759902782,33.013782686904861],[-96.676537548736803,33.013768283244282],[-96.676532637964399,33.013766927920138],[-96.676482770750098,33.013759228752576],[-96.676432777034321,33.013756387689916],[-96.676382685570701,33.013757300366763],[-96.676332522746549,33.013760868682809],[-96.676282320405747,33.01376599196535],[-96.676232106173131,33.013771567627458],[-96.676181908715193,33.013776494012212],[-96.676131757675364,33.013779672198297],[-96.676104171847584,33.013780274998069],[-96.676053296133063,33.013778794805937],[-96.676002498937251,33.013774369063661],[-96.675951762082278,33.013767626211241],[-96.675901069531648,33.013759194742846],[-96.675850405247857,33.013749703152861],[-96.675799752120241,33.01373977990815],[-96.675749093036799,33.013730053475875],[-96.675677692947104,33.013717897538548],[-96.675624436796028,33.013710766214217],[-96.675571537979948,33.013705189085144],[-96.675519405261696,33.013700832259659],[-96.675468445358447,33.013697359083949],[-96.675419067066628,33.013694434764638],[-96.675371677008215,33.013691725357383],[-96.675326685117113,33.013688894291782],[-96.675284473500497,33.013685603387522],[-96.675214448214703,33.013677591645155],[-96.675153110787491,33.013667163756843],[-96.675098177093517,33.013654611432059],[-96.675031177336919,33.013635146545859],[-96.674980524398691,33.013618175853068],[-96.674927712386747,33.013599800348871],[-96.674869423264937,33.013580162582628],[-96.674788426054647,33.013555372381674],[-96.674748793105863,33.0135443975553],[-96.674706267886805,33.013533445958352],[-96.674661240807438,33.013522786833242],[-96.67461410555606,33.013512687699034],[-96.674565254652052,33.013503418756223],[-96.674515078599953,33.013495246540323],[-96.674463971021069,33.013488440377365],[-96.674399537155523,33.013482278882229],[-96.674346490003899,33.013479324234595],[-96.674293407271264,33.013477753872159],[-96.674240306912012,33.01347688603709],[-96.674187204674794,33.01347604072263],[-96.674134120627954,33.013474537128111],[-96.674081070458413,33.013471697052559],[-96.674028074302484,33.013466837889759],[-96.673972042040447,33.01345873810827],[-96.673924326527057,33.013449002591052],[-96.67387666966674,33.013436998716173],[-96.673829060421426,33.013423244866459],[-96.673781482329815,33.013408261094312],[-96.673733924384038,33.013392564879844],[-96.673686370120606,33.013376676275321],[-96.673638807458175,33.013361112733818],[-96.673591224152617,33.013346396221905],[-96.67354720458809,33.013333992157087],[-96.673494347960741,33.013321041013654],[-96.673442126016056,33.013310104722677],[-96.673391234441127,33.01330092355397],[-96.673342370156433,33.013293233291741],[-96.673296227778707,33.0132867741805],[-96.67325350205418,33.013281282854514],[-96.673214888671907,33.013276499587072],[-96.673180143126018,33.013272034142453],[-96.673086870291101,33.013255080531145],[-96.673002709029333,33.013231874143045],[-96.672969099704119,33.013222782186986],[-96.672930195082557,33.013212682814476],[-96.67288663727976,33.013201854377392],[-96.67283906409223,33.013190576021842],[-96.672788114483936,33.013179124213224],[-96.672734428425017,33.013167777250523],[-96.672683682515611,33.013157766388645],[-96.6726348351322,33.013148828422906],[-96.672585013490689,33.013140442177253],[-96.67253434956389,33.013132695941948],[-96.672482976492887,33.013125675326364],[-96.672431029464562,33.013119468702705],[-96.672378641619332,33.013114161680733],[-96.672325943792913,33.013109844329811],[-96.672268850059297,33.013106389326374],[-96.672215520297556,33.013104325703566],[-96.672162168928921,33.013103135286556],[-96.672108801906347,33.013102501968191],[-96.672055429340091,33.013102113361569],[-96.672002058256183,33.013101653386798],[-96.671948696591087,33.013100810505264],[-96.671895354618869,33.01309926781601],[-96.671840993659856,33.013096650133456],[-96.671788316088197,33.013092876140867],[-96.671735667369816,33.013087996859582],[-96.671683044648844,33.013082211911559],[-96.671630438769554,33.013075717144218],[-96.671577845803625,33.013068712152368],[-96.671525261919641,33.013061393822362],[-96.671472681013256,33.013053962597262],[-96.671414219870229,33.013045806296013],[-96.671361256756171,33.013038656268421],[-96.671308461984594,33.01303156742474],[-96.67125601380971,33.013024294000388],[-96.671204089511647,33.013016587495365],[-96.671152864131187,33.013008202063943],[-96.671102517124666,33.01299888835829],[-96.671053223436701,33.012988403241515],[-96.67100277987322,33.012975856687966],[-96.67095060758524,33.012960551766078],[-96.670900642110141,33.012943790305414],[-96.670853303776767,33.012926233583116],[-96.6708090139836,33.012908542904128],[-96.670768192017022,33.012891378616345],[-96.670731258104055,33.012875404706563],[-96.670693590596883,33.012859132020473],[-96.670606352999954,33.012828686660569],[-96.670507472074092,33.012817956241868],[-96.670472657364428,33.012816687040953],[-96.670433209447793,33.012815389484295],[-96.670389800752318,33.012813674950436],[-96.670343102506081,33.01281115840203],[-96.670293786034961,33.012807452094343],[-96.670242524808955,33.012802168337622],[-96.67018999005866,33.012794922097164],[-96.670136739172349,33.012785302854461],[-96.670088467213432,33.012774384321148],[-96.670040235395675,33.012761866521906],[-96.669992028879321,33.012748403282806],[-96.669943831686737,33.012734650208287],[-96.669895622481789,33.012721262766448],[-96.669847387459512,33.012708895713423],[-96.669799108495511,33.012698204599147],[-96.669750768503008,33.012689845903473],[-96.669711264462535,33.012685207009106],[-96.669660025283534,33.012682453651351],[-96.669608706584356,33.012682698190417],[-96.66955733527827,33.012685009703119],[-96.669505933020091,33.012688454421735],[-96.66945452572044,33.012692099590367],[-96.66940313711649,33.012695013301567],[-96.669351794226856,33.012696261923899],[-96.669282931021115,33.012693683649573],[-96.669234230446463,33.012688056198229],[-96.66918559835544,33.012679769379474],[-96.669137016680963,33.012669656753083],[-96.669088458846915,33.012658549855232],[-96.669039905808305,33.012647279510027],[-96.668991335303758,33.012636676459856],[-96.668942726077049,33.012627573279914],[-96.668894054759747,33.012620801588064],[-96.668856821387422,33.012617714742476],[-96.668806523463957,33.012616859051576],[-96.668756139179976,33.012619311018113],[-96.668705685775592,33.012624350010782],[-96.668655182732621,33.012631252744313],[-96.668604650476283,33.012639299572101],[-96.668554106413467,33.012647765348973],[-96.66850356990102,33.012655930401024],[-96.668453061466153,33.012663072373179],[-96.668427440426328,33.012666075597089],[-96.668373908613432,33.012670674706293],[-96.668320430464718,33.012673177911587],[-96.668267002414538,33.012673864333586],[-96.668213613234201,33.012673017415921],[-96.668160258317641,33.012670915349048],[-96.668106929617039,33.012667842561108],[-96.668053617134973,33.012664078009053],[-96.66799949479983,33.012659838319962],[-96.667946304661768,33.012655443415746],[-96.667893239744203,33.012650607106494],[-96.66784042092732,33.012645008980648],[-96.667787971105369,33.012638332292433],[-96.667736012199157,33.012630257560538],[-96.6676846672012,33.012620465331345],[-96.667634055858116,33.012608636972203],[-96.667582907569795,33.012594016369206],[-96.667535557818397,33.012577726782517],[-96.667489569440335,33.01255942246523],[-96.66744537639309,33.012539623187202],[-96.667403411560841,33.012518848691684],[-96.667364109969427,33.012497618776784],[-96.66732790336404,33.012476454964954],[-96.667295226864979,33.012455874346685],[-96.66725979411639,33.012431613703328],[-96.667187718738276,33.012376665933814],[-96.667090188615191,33.012338123850952],[-96.667057175480082,33.012334143617679],[-96.667019098174066,33.012331416986726],[-96.666976684558477,33.01232953507796],[-96.666930663372298,33.012328094455746],[-96.666881760173055,33.012326690700426],[-96.66683070490194,33.012324916793958],[-96.666778224189628,33.012322368345892],[-96.666724160377356,33.012318566952956],[-96.666672023575245,33.012313456482332],[-96.666619921706513,33.012307042989349],[-96.666567847003776,33.012299543139555],[-96.666515795790772,33.012291179124254],[-96.666463761273576,33.012282170344641],[-96.666411737696691,33.012272737131816],[-96.666359720408011,33.012263098941531],[-96.666297816939704,33.012251667516793],[-96.666245288685531,33.01224222229267],[-96.666192754105253,33.012233043447225],[-96.666140212742093,33.012224113800585],[-96.66608766407461,33.012215417978332],[-96.666035110860633,33.012206938882237],[-96.665982551571901,33.012198659305206],[-96.665929988869252,33.012190564857306],[-96.665871551907188,33.012181760594849],[-96.665818763784031,33.012173971199836],[-96.66576597221065,33.012166338017884],[-96.665713176115474,33.01215886102154],[-96.665660375206684,33.012151548335886],[-96.665607570490707,33.012144401793655],[-96.665554760734025,33.012137425881455],[-96.665501946781006,33.012130626946039],[-96.665444982524505,33.012123493695626],[-96.665391942339554,33.012117052200828],[-96.66533889818966,33.012110841000755],[-96.665285846312216,33.012104905179484],[-96.665232785055025,33.012099290778387],[-96.665179715038249,33.012094040282378],[-96.665126633505722,33.012089200608379],[-96.665073539908832,33.012084816922304],[-96.665018003034149,33.012080766766701],[-96.664964579971112,33.012077405650579],[-96.664911146622657,33.012074450869498],[-96.664857707066602,33.01207175885542],[-96.664804263400114,33.012069181471645],[-96.664750820805395,33.012066574274591],[-96.664697383490989,33.01206379008493],[-96.664643954529225,33.012060683501751],[-96.664590520952771,33.012057107811913],[-96.664537484765006,33.012053008195657],[-96.664484457477698,33.012048511201506],[-96.664431435797184,33.012043828187416],[-96.664378414351276,33.012039168651228],[-96.664325386760467,33.012034740257945],[-96.664272346515375,33.012030754283671],[-96.664219290450035,33.012027418475284],[-96.664163266557921,33.012024837449943],[-96.664109952032234,33.012023414255147],[-96.664056638417009,33.012022802492751],[-96.664003352898391,33.012022722739985],[-96.663950125974708,33.012022892947762],[-96.66389698911955,33.012023033802507],[-96.663843968416955,33.012022866757107],[-96.663791094334854,33.012022110665413],[-96.663737154008842,33.012020433729084],[-96.663683695321239,33.012017648579835],[-96.663631257120798,33.012013921655083],[-96.663580642987853,33.01200951378685],[-96.663532659716878,33.012004685890403],[-96.663488112997342,33.01199969975746],[-96.663447808420841,33.011994819888919],[-96.663412550701437,33.011990305342422],[-96.663386915519283,33.011986919685675],[-96.663239444202304,33.011954257768778],[-96.663210944339966,33.01194540731192],[-96.663177359594187,33.011935010436915],[-96.663139369383003,33.011923351013856],[-96.663097650007018,33.011910710123075],[-96.663052881954883,33.011897371662791],[-96.663005745746773,33.011883618629206],[-96.662956918655198,33.011869734840246],[-96.662883572506914,33.011849697985056],[-96.66283182743615,33.011836256645623],[-96.662780067840018,33.011823399543225],[-96.662728294527724,33.011811104108631],[-96.662676505906475,33.011799354939917],[-96.662624702753064,33.011788130370732],[-96.66257288681895,33.01177741147],[-96.662521057647567,33.011767181057841],[-96.662457958127888,33.011755358582406],[-96.662405293397896,33.011745997775954],[-96.66235261769738,33.0117370622633],[-96.662299931121055,33.011728519517334],[-96.662247234932508,33.011720334329894],[-96.662194531401965,33.011712473325765],[-96.662141818610976,33.011704900312047],[-96.662089099739504,33.011697586454694],[-96.662031584577718,33.011689859358754],[-96.661978618328718,33.011682953902508],[-96.661925645607255,33.011676288616897],[-96.661872666902681,33.011669909597856],[-96.661819678126278,33.011663870957186],[-96.661766679702097,33.011658220596402],[-96.661713670820788,33.011653010903572],[-96.661660647587638,33.01164829057381],[-96.661604694357521,33.011643898531702],[-96.661551302047329,33.011640287403637],[-96.6614980375968,33.011637117758809],[-96.661445041785214,33.01163423234599],[-96.661392458736131,33.011631470384813],[-96.661340430398013,33.011628671943654],[-96.661289099823762,33.011625676215296],[-96.661238609936802,33.011622326003987],[-96.661189080314898,33.011618457193777],[-96.661132035224355,33.011613082909342],[-96.661077255701784,33.011607008246749],[-96.66102543530873,33.011600481310971],[-96.660977262248849,33.011593750071263],[-96.660933426997389,33.011587058941117],[-96.660894621003266,33.011580655070361],[-96.660868900384514,33.011576130008535],[-96.660784723868119,33.011558363940559],[-96.660691881302284,33.011533117314087],[-96.660659748571575,33.011524287503633],[-96.660623130008389,33.01151437372998],[-96.660582632318523,33.011503623686067],[-96.660538864188283,33.011492289633708],[-96.660492434530099,33.011480617515879],[-96.660443952093942,33.011468857790078],[-96.660394021375041,33.011457259902492],[-96.660325707875543,33.011442364005667],[-96.660273087517254,33.011431748362192],[-96.660220449240242,33.011421781024502],[-96.660167797064261,33.011412320230022],[-96.660115135171623,33.011403219702309],[-96.66006246868659,33.011394336803399],[-96.660009799486929,33.011385529716193],[-96.659957131723402,33.011376653066918],[-96.659899605430525,33.011366708210318],[-96.659847584561589,33.011357379048384],[-96.659795569863391,33.01134778888256],[-96.659743559684003,33.011338043391945],[-96.659691550520236,33.011328240075869],[-96.659639540849298,33.011318481002192],[-96.659587527005357,33.011308868184251],[-96.659535506361337,33.011299504565272],[-96.659473562413353,33.011288819728854],[-96.659420738910853,33.011280220810761],[-96.659367900205794,33.011272164546654],[-96.659315045195058,33.011264711449513],[-96.65926217296996,33.011257916615698],[-96.659209281323228,33.011251841433769],[-96.659156370352633,33.011246542833],[-96.659103436811307,33.011242081271689],[-96.65904679590291,33.011238301294433],[-96.658993398170438,33.0112356847428],[-96.658939980716752,33.011233766148706],[-96.658886552430587,33.011232268333892],[-96.658833119961045,33.011230916773648],[-96.658779691029267,33.011229436970673],[-96.658726273389576,33.011227553524876],[-96.658672872686225,33.011224990078738],[-96.658619141556457,33.011221445002498],[-96.658566712334974,33.011216857840864],[-96.658515097919903,33.011211353513097],[-96.658465080895525,33.011205209515701],[-96.658417445890834,33.011198706109454],[-96.658372975520791,33.011192119890275],[-96.658332452237332,33.011185731968808],[-96.658296661868491,33.011179819024683],[-96.658262997440403,33.011174076887279],[-96.658119169225827,33.011143555960373],[-96.658090283999783,33.011136405045882],[-96.658055947313187,33.011127943934014],[-96.658016906811511,33.011118377842664],[-96.657973909231075,33.01110790744896],[-96.657927704294707,33.011096739831864],[-96.657879037568762,33.011085078350838],[-96.657828658969649,33.011073124669984],[-96.657766601679739,33.011058591304568],[-96.657715039959754,33.011046703163913],[-96.657663423706339,33.01103498981265],[-96.657611757562577,33.011023471248443],[-96.657560050684623,33.011012161259004],[-96.657508307683017,33.011001080744741],[-96.657456535538373,33.01099024434135],[-96.657404742205486,33.010979669420365],[-96.657341566751072,33.010967155769116],[-96.657289160264781,33.010957110021067],[-96.657236747557491,33.010947356859404],[-96.657184327037768,33.010937880882295],[-96.657131899256925,33.010928666742601],[-96.657079464701468,33.010919700898739],[-96.657027025026991,33.010910967128211],[-96.656974579713406,33.010902450056498],[-96.656915426446517,33.01089308853043],[-96.656862686235613,33.010884958758126],[-96.656809938501468,33.010877098045164],[-96.656757182269686,33.01086959311229],[-96.656704413578524,33.010862524278927],[-96.65665163262203,33.010855975584725],[-96.656598834268991,33.01085003003007],[-96.656546017641759,33.010844771627347],[-96.65648873380006,33.010839941303061],[-96.656435321986777,33.010836292332428],[-96.656381904656214,33.010833273912276],[-96.656328494893074,33.010830641500903],[-96.65627511130262,33.010828146179676],[-96.656221769113813,33.010825543461749],[-96.656168484757657,33.010822585276536],[-96.656115274503136,33.010819028067303],[-96.656062131339652,33.010814619550587],[-96.65600939220316,33.010809205682335],[-96.655956726915434,33.010802782549398],[-96.655904107099445,33.010795423522318],[-96.655851501131224,33.010787202792343],[-96.655798877386218,33.010778194550724],[-96.655746206513172,33.010768469432207],[-96.655693457893818,33.010758103460901],[-96.655638310535309,33.010746684052016],[-96.655587446851442,33.010735705644947],[-96.655536477594197,33.010724353141462],[-96.655485425588964,33.010712707544805],[-96.655434312622049,33.010700848928217],[-96.655383163791569,33.010688854738675],[-96.655332001857545,33.010676807785224],[-96.655280849774513,33.010664785460165],[-96.65521033511861,33.010648388482288],[-96.655158234672015,33.010636494593179],[-96.655106192517167,33.010624828975729],[-96.655054198977837,33.010613392286452],[-96.655002246423223,33.010602187944954],[-96.654950325144725,33.010591217510473],[-96.654898427446639,33.010580486208077],[-96.654846541509684,33.01056999463944],[-96.654783814814252,33.010557633064337],[-96.654731453707456,33.010547591050859],[-96.65467908572306,33.010537800041547],[-96.654626710763324,33.01052826274465],[-96.654574328892807,33.010518977354693],[-96.654521939948637,33.010509948385511],[-96.654469545066704,33.01050117405893],[-96.654417143110265,33.010492656153083],[-96.654357686385126,33.010483306485916],[-96.654304878117415,33.010475291399167],[-96.654252063421467,33.010467604133915],[-96.654199236872799,33.010460305996453],[-96.654146398306594,33.010453461138276],[-96.654093545447552,33.010447132753342],[-96.654040679202154,33.010441385020577],[-96.653987794112695,33.010436280148959],[-96.653930960381331,33.010431587603918],[-96.653877555137001,33.010427943170249],[-96.653824200466616,33.010424860239944],[-96.653770964561488,33.010422112848026],[-96.653717917821226,33.010419473278894],[-96.653665130678476,33.010416712914314],[-96.653612672462486,33.010413604011426],[-96.653560615684853,33.010409919812496],[-96.65350902435091,33.010405431535311],[-96.653454904404768,33.010399625320751],[-96.653402160211854,33.010392961484733],[-96.653351556085184,33.010385747811235],[-96.653303854129135,33.010378293836268],[-96.653259820927786,33.010370903789514],[-96.653220222902007,33.010363886415384],[-96.653185822218589,33.010357549446454],[-96.653170026500675,33.010354583121156],[-96.653092931930928,33.010339283662304],[-96.653011842058348,33.0103200037805],[-96.652981447225372,33.010312560125442],[-96.652946016003725,33.010303897989196],[-96.652906241798192,33.01029420948646],[-96.652862812590755,33.010283688400776],[-96.652816420616588,33.01027252952867],[-96.652767757103462,33.010260925834451],[-96.652717512174888,33.010249071158668],[-96.652651912721225,33.010233823105104],[-96.652600088298826,33.01022199216353],[-96.652548258783057,33.01021036257405],[-96.652496425017645,33.010198940683445],[-96.652444584598967,33.010187733659073],[-96.652392738370807,33.010176747847773],[-96.652340885098582,33.010165987736009],[-96.652289027671287,33.01015546243363],[-96.652226224419621,33.010143038923047],[-96.652173870447783,33.010132960813266],[-96.652121510045362,33.010123150887587],[-96.652069142659215,33.010113624493101],[-96.652016765658104,33.010104395116691],[-96.651964381638308,33.010095479993055],[-96.651911989039931,33.01008689263643],[-96.651859588381313,33.010078648421306],[-96.651800073906387,33.010069724408119],[-96.651747115704595,33.010062191484252],[-96.651694147684907,33.010055050451001],[-96.65164116955394,33.01004830943338],[-96.65158818105084,33.010041975653508],[-96.651535179674269,33.010036058987062],[-96.651482168410325,33.010030565835642],[-96.651429145894184,33.010025504296742],[-96.65137328035523,33.010020649247195],[-96.651319989639589,33.010016453685239],[-96.651267151527549,33.010012585033131],[-96.651215229585333,33.010008916895146],[-96.651164689457588,33.010005324736738],[-96.651115994743748,33.010001681260967],[-96.651069610082246,33.009997860101485],[-96.651026000079227,33.009993735795398],[-96.650985438327623,33.00998915630867],[-96.650910945075623,33.00997772714387],[-96.650847911996308,33.00996412963071],[-96.650791063997687,33.009948711390578],[-96.650748359168972,33.009935865980474],[-96.650701718530598,33.009921499425374],[-96.650651629075185,33.009905817548137],[-96.650596671753704,33.009888289777408],[-96.650535426448386,33.009868385511567],[-96.650489601156295,33.009853268960939],[-96.650449864844902,33.00984004035174],[-96.650407840708453,33.009826015868782],[-96.650363829041979,33.009811373972056],[-96.650318127931911,33.009796294872871],[-96.650271041925947,33.009780958044409],[-96.65022286914197,33.009765542795819],[-96.650173913054928,33.009750228573729],[-96.650124472853264,33.00973519471561],[-96.650096790004667,33.009726995668899],[-96.650045496775661,33.009712255034245],[-96.649994350474373,33.009698109997636],[-96.649943517503033,33.009684555780424],[-96.64989316088689,33.009671592035637],[-96.649843443845924,33.009659213000148],[-96.649794531645753,33.009647415674131],[-96.649746588415226,33.00963619883602],[-96.64968697129089,33.009622696279287],[-96.649628871719131,33.009609967151526],[-96.649573592012331,33.00959815049751],[-96.649521703330649,33.009587199489793],[-96.649473777775583,33.009577070940132],[-96.649430386572476,33.009567716216708],[-96.649378520235246,33.009555878384653],[-96.649290412218093,33.009530060629601],[-96.649191071043902,33.009489345008802],[-96.649160119479831,33.009476029045636],[-96.649125453877375,33.009461199377384],[-96.64908754374369,33.009445189698432],[-96.649046850046616,33.00942833258113],[-96.649003843396201,33.009410960845081],[-96.64895898888156,33.009393411687178],[-96.648932401915857,33.009383407924112],[-96.648912751883898,33.009376014179892],[-96.648865598594469,33.009359104645803],[-96.648822666516153,33.009344544962751],[-96.648771134636718,33.009328224533547],[-96.648719883267503,33.009313107633382],[-96.648669223011552,33.009299086550691],[-96.64861946982937,33.009286053711492],[-96.648570935395583,33.009273901432607],[-96.648523933527883,33.009262522086118],[-96.648478778109322,33.009251806238893],[-96.648426231999565,33.009239376832888],[-96.648361146948488,33.009223611141579],[-96.648302337391328,33.00920872260162],[-96.648249059849078,33.009194421110188],[-96.648200571915254,33.009180416589984],[-96.648158002850721,33.009167037044826],[-96.648100843795916,33.009147004878237],[-96.648042812335248,33.009124488937516],[-96.647976672951046,33.009097517579328],[-96.647931059548796,33.00907877665643],[-96.647895596502252,33.009064300328255],[-96.647857228297923,33.009048839691104],[-96.647816322261662,33.009032677034],[-96.647773249939789,33.009016096561609],[-96.647728381903875,33.008999379743337],[-96.647682083334942,33.008982808814501],[-96.64763472788718,33.008966668938719],[-96.647586682948074,33.008951240601668],[-96.647549142027302,33.008939934134695],[-96.647497049589461,33.008925400623347],[-96.647445381244751,33.008912133054551],[-96.647394600267603,33.008899983352102],[-96.647345169834765,33.008888806148839],[-96.64729754987637,33.008878456898827],[-96.64725220467345,33.008868789360726],[-96.647209596397175,33.008859656336277],[-96.647164747657712,33.008849664434607],[-96.647089464846559,33.008830725571691],[-96.647026474416506,33.008811669497426],[-96.646969133553384,33.008791249036719],[-96.646933812677702,33.008777476372416],[-96.646891321821798,33.008760243629368],[-96.646845509990214,33.008741275850028],[-96.646795556163482,33.008720500500964],[-96.646740637147971,33.00869784589505],[-96.6466701041942,33.008669310152875],[-96.646630466310796,33.008653618738826],[-96.646588726904795,33.008637438860461],[-96.646545154435159,33.008620998773843],[-96.646500018334109,33.008604529471164],[-96.646453588195953,33.008588257430979],[-96.646406131373709,33.008572411785657],[-96.646357918466734,33.008557220847557],[-96.646309219034833,33.008542911999086],[-96.646275671818756,33.008533726995722],[-96.646223265104837,33.008520514116036],[-96.646171420482645,33.008508605958646],[-96.646120744185922,33.00849784546326],[-96.646071836961227,33.008488079044135],[-96.646025301763146,33.008479151365854],[-96.645981742585576,33.008470908023924],[-96.645941762383615,33.008463193684179],[-96.645902680109231,33.00845514450446],[-96.64581024668577,33.008430070161943],[-96.645706775466877,33.008386604770131],[-96.645672702721782,33.008371211935597],[-96.645634306897662,33.008354067403403],[-96.645591914177629,33.008335434341895],[-96.64554585084251,33.008315573211199],[-96.645496442003108,33.008294747152362],[-96.645444014004312,33.008273214820335],[-96.645408461005971,33.008258961389814],[-96.645364916334898,33.008241909868048],[-96.645320062230965,33.008224858218291],[-96.645274065497347,33.008207968843479],[-96.645227093910506,33.008191406882474],[-96.645179314338023,33.008175332933028],[-96.64513089669839,33.00815991218937],[-96.645082006721424,33.008145307027853],[-96.645032813383551,33.00813167900467],[-96.645002312844426,33.008123812374706],[-96.644949808135777,33.008111334705816],[-96.644897992482825,33.008100149657437],[-96.644847595038684,33.00809014127605],[-96.644799340703273,33.008081192596642],[-96.644753958760248,33.008073184056755],[-96.644712176285466,33.008065997845357],[-96.644674721393585,33.008059517082295],[-96.64463986713713,33.008053156260246],[-96.644554886526635,33.00803070448336],[-96.644475969125594,33.007994300032507],[-96.644447153499598,33.007980668975286],[-96.644413722762621,33.007965177493794],[-96.64437623094507,33.007948164176426],[-96.644335233115825,33.007929968541951],[-96.644291281291572,33.007910925513372],[-96.644244931545884,33.007891376443332],[-96.644196738003771,33.007871657213762],[-96.644145798275133,33.007851543191983],[-96.644098342059777,33.007833532563097],[-96.644050341853188,33.00781603477656],[-96.644001894468303,33.007799101107722],[-96.643953098795222,33.007782784692537],[-96.643904051581217,33.007767138612181],[-96.643854850709772,33.007752214169912],[-96.643805592960419,33.007738063544465],[-96.643756376151089,33.007724739844868],[-96.643731405278558,33.00771830047232],[-96.643678438721267,33.007705347796232],[-96.643626482568976,33.007693460143585],[-96.643576326996481,33.007682643311945],[-96.643528763445516,33.007672897711032],[-96.643484582188037,33.007664226432453],[-96.64344457245744,33.007656631638312],[-96.643409525629892,33.007650115546269],[-96.643384278928124,33.007645435584941],[-96.643235210258595,33.007596785500027],[-96.643208434606706,33.007584582645286],[-96.643177178025738,33.007570427883273],[-96.643141998075123,33.007554680681451],[-96.64310345107917,33.007537704994043],[-96.643062095667631,33.007519860316677],[-96.643018488261163,33.007501507896123],[-96.642973185312002,33.007483008076946],[-96.642926745348973,33.007464723064892],[-96.642879903744259,33.00744707743123],[-96.642829226800202,33.007428995500391],[-96.64277871284024,33.007411954164098],[-96.642728548721777,33.007395916647589],[-96.642678927828769,33.007380843632873],[-96.642630039357115,33.007366692984078],[-96.642582073378492,33.007353428009608],[-96.642535220095169,33.007341008407153],[-96.642473508540732,33.007325374099167],[-96.642414112208527,33.007310991887309],[-96.64235810808897,33.007297883969116],[-96.642305928481008,33.007285898785049],[-96.64225800672294,33.007274885706181],[-96.642214775081911,33.007264694076412],[-96.642174000407437,33.007254472365204],[-96.642093675286446,33.007229708529351],[-96.641977898896499,33.007182022751493],[-96.641946048146906,33.007168293406146],[-96.641910675696337,33.00715316441179],[-96.641872220008111,33.007136966886968],[-96.641831127175266,33.007120028531489],[-96.641787836731211,33.007102680491904],[-96.641742792559199,33.007085252219603],[-96.641696434288647,33.007068072153871],[-96.641649207943843,33.007051469802057],[-96.641606571171067,33.007037373376768],[-96.641554817572796,33.0070214988449],[-96.641503395053135,33.007006909579822],[-96.641452672921204,33.00699347589903],[-96.641403018441181,33.00698106535711],[-96.641354804104282,33.006969549257796],[-96.641308395064627,33.006958794199114],[-96.641264162807531,33.006948669652679],[-96.641214679648058,33.006937217640967],[-96.641146285602787,33.006920503155321],[-96.641086036172368,33.00690445568496],[-96.641031958913061,33.006888577358701],[-96.640960436804178,33.006864824759113],[-96.640909854539132,33.00684601076064],[-96.64085733713793,33.006825132959051],[-96.64079943936224,33.006801317733675],[-96.640719754494384,33.006768352954438],[-96.640682873479733,33.00675325358803],[-96.640643401165434,33.006737332315197],[-96.640601666372547,33.006720867748172],[-96.640557996947791,33.00670413576352],[-96.640512723951488,33.006687412320716],[-96.640466174157623,33.006670973269649],[-96.640418677553484,33.00665509454312],[-96.640370564125632,33.00664005207441],[-96.640333211627237,33.006629188365991],[-96.640280887058779,33.006615236902718],[-96.640229034993766,33.006602662892199],[-96.640178172283314,33.006591289839356],[-96.640128811329646,33.006580945653617],[-96.640081466776223,33.006571455591946],[-96.640036655344204,33.006562646772373],[-96.639994889632419,33.006554341689842],[-96.639952708988943,33.006545500046926],[-96.639872644405628,33.006525517056616],[-96.639807497585082,33.006504309312412],[-96.639733888401921,33.006475058228659],[-96.639694711381381,33.00645854062779],[-96.639651748044258,33.006440291221423],[-96.639604772823731,33.006420409035336],[-96.639553567718508,33.006398991481625],[-96.639497906091222,33.006376137557162],[-96.639458226097872,33.006360156367442],[-96.639417285046676,33.006343964789956],[-96.639374519356409,33.006327429986634],[-96.639330158830347,33.006310751225598],[-96.639284441809806,33.006294128898091],[-96.639237596960086,33.006277764050836],[-96.639189863660164,33.006261858005878],[-96.639141472847712,33.006246608254528],[-96.639092660653517,33.006232216939722],[-96.639059805744054,33.006223145393101],[-96.639007514506048,33.006209766245739],[-96.638955860060022,33.006197639557755],[-96.638905514374414,33.006186658784195],[-96.638857149613557,33.006176711964436],[-96.638811438719316,33.006167695291246],[-96.638769053856237,33.006159496805708],[-96.638730668096926,33.006152009090933],[-96.638693443772169,33.006144373168169],[-96.638600783179598,33.00611869408737],[-96.638517193400787,33.006082895164376],[-96.638486109335133,33.0060692514934],[-96.638450363245639,33.006053834528309],[-96.638410485211054,33.006036932570389],[-96.638366998005509,33.006018828311916],[-96.638320432941285,33.005999805568351],[-96.638271315940074,33.005980148920976],[-96.63819915284671,33.005952065384683],[-96.638153341402827,33.005934772457863],[-96.638106679707704,33.005917682682863],[-96.638059274449475,33.005900959640293],[-96.63801123221819,33.005884769619165],[-96.637962661844099,33.005869276255403],[-96.63791366881216,33.005854646713608],[-96.637864359808802,33.00584104457505],[-96.637814843663179,33.005828633476099],[-96.637786278278284,33.005822093412959],[-96.63773337548372,33.005811193806018],[-96.637681034161432,33.005801730874332],[-96.637629862925309,33.005793481694433],[-96.637580466979543,33.005786228677621],[-96.637533455977788,33.0057797498323],[-96.63748943301465,33.005773826613755],[-96.637449007809764,33.005768235226185],[-96.637411695931064,33.00576258190997],[-96.637319782823695,33.005742999667333],[-96.637212163757553,33.005706709292618],[-96.637175566316159,33.005693847194379],[-96.637134277358697,33.005679791110033],[-96.637088613750592,33.005664794050873],[-96.637038896805819,33.00564910462441],[-96.636985445662361,33.005632972286051],[-96.636916263006498,33.005613230779332],[-96.636870957449034,33.005600996133758],[-96.636824142300469,33.005588899806206],[-96.636776022738388,33.005577021160882],[-96.636726805207459,33.005565434173214],[-96.636676694982697,33.005554215499735],[-96.636625896300146,33.005543440866994],[-96.636574618687206,33.005533187944941],[-96.636510090630779,33.005521207598846],[-96.63645721570397,33.005512184073844],[-96.636404321613824,33.005503838645147],[-96.636351411194454,33.005496122590763],[-96.636298486143588,33.005488988966647],[-96.636245545009658,33.005482388940599],[-96.636192592704802,33.005476275651191],[-96.636139626706495,33.005470600238766],[-96.636083520708453,33.005465013112037],[-96.636030241703835,33.005460075091172],[-96.635976953498712,33.005455510002683],[-96.635923653877498,33.005451349415871],[-96.635870342898187,33.005447621344203],[-96.635817019383964,33.005444358287313],[-96.63576368225587,33.005441590036668],[-96.6357103326105,33.005439345535841],[-96.635656180772713,33.00543763521803],[-96.635602752498897,33.005436526296897],[-96.635549311345486,33.005435951056064],[-96.635495856057815,33.005435855246645],[-96.635442389634122,33.005436185632803],[-96.635388912897326,33.005436889826385],[-96.63533542777455,33.00543791456392],[-96.635281935121711,33.005439206554456],[-96.635228028910674,33.005440724641652],[-96.635174614248015,33.005442409855362],[-96.635121193132221,33.005444332530736],[-96.635067763857037,33.005446569430759],[-96.635014322540073,33.005449198165948],[-96.63496086958456,33.005452296457136],[-96.634907402212178,33.00545594103982],[-96.634853918617495,33.005460211385021],[-96.634799304280136,33.00546529300496],[-96.634746803175744,33.005470921380578],[-96.634694282192783,33.005477246810784],[-96.63464174543364,33.005484215184474],[-96.634589193819366,33.005491771405183],[-96.634536627069124,33.005499863959891],[-96.634484048279603,33.005508436904464],[-96.634431456196808,33.005517435990036],[-96.63436954513584,33.005528499729621],[-96.634317703403099,33.005538099980974],[-96.634266395869361,33.005547873882065],[-96.634216166524126,33.005557695357012],[-96.634167555202623,33.005567434609624],[-96.634121106901489,33.005576967398675],[-96.63407736252816,33.005586163957013],[-96.634036864904672,33.005594900892319],[-96.633990503361161,33.00560523556009],[-96.633897232216185,33.005627534423752],[-96.633785713171008,33.005653820711167],[-96.633746471483335,33.005661811837335],[-96.633702180564228,33.005670255068608],[-96.633653152692403,33.005679115054832],[-96.633599700016035,33.005688360057107],[-96.633542134912332,33.005697952017087],[-96.633488377189252,33.005706646966061],[-96.633442285926549,33.005713956781079],[-96.63339458398346,33.00572150076912],[-96.633345494519162,33.005729365087277],[-96.633295237445807,33.005737636713221],[-96.633244036993659,33.005746401832191],[-96.633192113074543,33.005755747422491],[-96.633139688879751,33.005765758739749],[-96.633078659300864,33.005778294834151],[-96.633028013148021,33.00578952019341],[-96.632977632887943,33.005801398451339],[-96.632927806508462,33.005813795146942],[-96.632878823003765,33.005826577652776],[-96.632830969356547,33.00583960967559],[-96.632784531347738,33.005852758506137],[-96.632739800115672,33.005865891573258],[-96.632676749386377,33.005885194145172],[-96.632614193387141,33.005905315429651],[-96.632557348629092,33.005924442302629],[-96.632505564714364,33.005942500213742],[-96.632458185756363,33.00595941808438],[-96.632404580409627,33.005978701395122],[-96.63234549542338,33.005999097061533],[-96.632285339000049,33.006016445281873],[-96.632216586473589,33.006030554329982],[-96.632173281611344,33.006036754351086],[-96.632133713308036,33.006041112220977],[-96.6320906980567,33.006045060639806],[-96.632044719194639,33.006048874986526],[-96.631996265317895,33.006052833486748],[-96.631945818626008,33.00605721329827],[-96.6318938666751,33.006062291717413],[-96.631840894877911,33.006068345986158],[-96.631786491465334,33.006075789304425],[-96.631735596454845,33.006084106277768],[-96.63168473255476,33.006093695410648],[-96.631633968169993,33.006104444607971],[-96.631583369661016,33.006116239011291],[-96.631533007478026,33.006128969289222],[-96.631482947916567,33.006142522388991],[-96.631433259448244,33.006156784410415],[-96.631362205408792,33.006178435875484],[-96.631311214675307,33.006194777892041],[-96.631261429948012,33.006211309951276],[-96.631213464753031,33.006227733382595],[-96.631167929174097,33.006243755753196],[-96.631125433459516,33.006259080116969],[-96.631086588864591,33.006273411361661],[-96.631052005540838,33.006286455250567],[-96.631021871612958,33.006298081085859],[-96.630942375763212,33.006328092192547],[-96.630858327319814,33.006345174734619],[-96.630826424939301,33.006349402350715],[-96.630789285804525,33.006354106055042],[-96.6307476425239,33.006359489030196],[-96.630702227574446,33.006365758070245],[-96.630653773498338,33.006373118164383],[-96.630603013908612,33.006381774330158],[-96.630550682385348,33.006391932488889],[-96.630493473899236,33.006404770837804],[-96.630445076230671,33.006417260292686],[-96.630396944800438,33.006431073140689],[-96.630349386274403,33.006445944383628],[-96.63030271157227,33.006461610036794],[-96.63025722736144,33.006477805102918],[-96.630213243557051,33.006494263765155],[-96.630171067834169,33.006510722860057],[-96.63013100796654,33.00652691651625],[-96.630097126753071,33.006540998401256],[-96.630032633821003,33.00656863816053],[-96.629975749702567,33.0065935866808],[-96.629924492238828,33.00661588241428],[-96.629876878359852,33.006635559267743],[-96.629843645942259,33.006648160505037],[-96.629791070411514,33.006665870780381],[-96.629735616959991,33.006683419311599],[-96.629674111590347,33.006703960226545],[-96.629592511172746,33.006735085627511],[-96.629557046693293,33.006750089870437],[-96.629519716870746,33.006766612949214],[-96.629481135483985,33.006784290241526],[-96.629441914136919,33.006802757973148],[-96.629402668687746,33.006821653383845],[-96.629364008632308,33.006840611743044],[-96.62932655086982,33.006859271222297],[-96.629290905936955,33.006877268022784],[-96.629244301542371,33.006901128144321],[-96.629165743666846,33.006942032759845],[-96.629102467402646,33.006974492520044],[-96.629029703851359,33.007008533303804],[-96.628991478779099,33.007024866922883],[-96.628949056064357,33.007042652999516],[-96.628902482798807,33.007062485510019],[-96.628851809286886,33.007084958513225],[-96.628797081643455,33.007110663248781],[-96.628738481261919,33.007140127572008],[-96.628701731310258,33.007159667142027],[-96.628663723294167,33.007180539665534],[-96.628624600560769,33.007202518411596],[-96.628584501133346,33.007225375608904],[-96.628543566184135,33.007248885374374],[-96.628501935945792,33.007272818186699],[-96.628459750520236,33.007296948135654],[-96.628417152152863,33.00732104936646],[-96.628374278902285,33.007344893205762],[-96.628327247391979,33.007370403746037],[-96.628279992036482,33.007395225376868],[-96.62823306894397,33.007419164587311],[-96.62818678909511,33.007442222156691],[-96.628141459152445,33.007464399657025],[-96.628097391103083,33.007485699701654],[-96.628054893720147,33.00750612482129],[-96.62801427580942,33.007525676644441],[-96.627975846144508,33.007544357702571],[-96.627933812339577,33.007565246526269],[-96.627869642945328,33.00759871100697],[-96.627814214313375,33.007629059911558],[-96.627764321111272,33.00765679082064],[-96.627693205427079,33.007694392869958],[-96.627648440383012,33.00771574348969],[-96.627600737014475,33.007737502754189],[-96.627549156119272,33.00776120067993],[-96.627492760502676,33.007788370947836],[-96.627432284484939,33.007819642401337],[-96.627397238089785,33.007838856813748],[-96.627360989449343,33.007859401991389],[-96.627324181610504,33.007880816486328],[-96.627287450022791,33.007902641366634],[-96.627251435691178,33.007924412422376],[-96.627216779457768,33.007945669958296],[-96.627184116841761,33.00796595323893],[-96.627154089824742,33.007984800792364],[-96.627116101848031,33.008008914636477],[-96.627038142418726,33.00805783487106],[-96.626956875943407,33.008098318712399],[-96.626929178155805,33.008110842211984],[-96.626897419883335,33.008125055677581],[-96.626862421136153,33.008140674809731],[-96.626825006112767,33.008157418128206],[-96.626785997000439,33.008175000487284],[-96.626746215889227,33.008193139450519],[-96.626706484903082,33.008211551679608],[-96.62666762727109,33.008229952962132],[-96.626626974632089,33.008249794428615],[-96.626566833446049,33.008280688272279],[-96.626513386395629,33.008309662691047],[-96.62646501457813,33.008336733816172],[-96.626420100225587,33.008361915998002],[-96.626373373223117,33.008387132789039],[-96.626324807140278,33.008411487125642],[-96.62627438431231,33.008435879449543],[-96.62622014688074,33.008462720747211],[-96.626127693092613,33.008512655849522],[-96.626094195038661,33.008532276677066],[-96.626059321284728,33.008553367463364],[-96.626023715969907,33.008575436975846],[-96.625988026678385,33.008597987746121],[-96.62595289875425,33.00862052495944],[-96.625918977510537,33.008642554704807],[-96.625886908392388,33.008663579460574],[-96.625857339929595,33.008683105399726],[-96.625823099503563,33.008705831711396],[-96.625742236619104,33.008758920622107],[-96.625655999964934,33.008811230347618],[-96.625629919450574,33.008826638007335],[-96.625600599921015,33.008843912183693],[-96.62556879780503,33.008862629598852],[-96.625535272975682,33.00888236073893],[-96.625500782902378,33.008902683257709],[-96.6254660841809,33.008923169365552],[-96.625431936491438,33.008943394967467],[-96.625399095328007,33.008962933150606],[-96.625368320438966,33.008981358016101],[-96.62534328317669,33.008996474434667],[-96.625336026185266,33.009000985277687],[-96.625251965661647,33.009053249617736],[-96.625151884322477,33.009115862089445],[-96.625121873653612,33.009133882800874],[-96.625088522275718,33.009153705044739],[-96.625052637451617,33.009174952940022],[-96.625015031835233,33.009197249841634],[-96.624976519087681,33.00922022093863],[-96.62493790644281,33.009243491255141],[-96.624900008734031,33.009266683301419],[-96.624872483192846,33.009283838195543],[-96.624821627497539,33.009316436234386],[-96.624774488569955,33.009347685184174],[-96.624730121876127,33.00937784262873],[-96.624687588302962,33.009407164482994],[-96.6245940863774,33.00947123647925],[-96.624552279415084,33.009499300219638],[-96.624510296956231,33.009527204905716],[-96.624468194083491,33.009554998944878],[-96.624343744343605,33.00965027070194],[-96.624540490783588,33.00965270932209],[-96.624871781782815,33.009424026858341],[-96.624870885226414,33.009435605189935],[-96.624879275190679,33.009429813341136],[-96.624877523558112,33.009452447883518],[-96.624850545899363,33.009800755330396],[-96.624842813750845,33.00990061357124],[-96.624836792864045,33.009978358516783],[-96.624872893882355,33.009951845504219],[-96.624913065545101,33.009922478984187],[-96.624952992309787,33.009893565173286],[-96.624992551172411,33.009865331321642],[-96.625031620332166,33.009838001096362],[-96.625058115550175,33.009819866309591],[-96.625103422075924,33.009789672440874],[-96.625148956186251,33.009760032912801],[-96.625195925439243,33.009729678553121],[-96.625245547064907,33.009697339533673],[-96.625286927482733,33.009669884462049],[-96.625321608450037,33.009646469349455],[-96.625357461492555,33.009621993777259],[-96.625393824801051,33.00959702170973],[-96.625430027864994,33.009572120502121],[-96.625465405762213,33.009547851329238],[-96.62549929129797,33.009524778922334],[-96.625531017279201,33.009503468013506],[-96.625552322293601,33.009489420135282],[-96.625626219764968,33.009443081635929],[-96.625699166588163,33.00939855563589],[-96.625754205062577,33.009363433737491],[-96.625782091034836,33.009345090668063],[-96.625812222077528,33.009324992803009],[-96.625843924268182,33.009303624278672],[-96.625876523652906,33.009281470134631],[-96.625909345371426,33.009259010869904],[-96.625941717615135,33.009236731580607],[-96.625972964323822,33.009215116350603],[-96.626002412718506,33.009194647541534],[-96.626029386774007,33.009175808335563],[-96.62605595184624,33.009157156476725],[-96.626131981045901,33.009104902474398],[-96.62620989607997,33.009063921650032],[-96.626236633875578,33.009051146761379],[-96.626267403597183,33.009036553770208],[-96.626301367966406,33.009020459051953],[-96.626337688535955,33.009003181663275],[-96.626375524716465,33.008985040606454],[-96.62641403705652,33.008966353106686],[-96.626452390326236,33.008947438306215],[-96.626489742900986,33.008928614279696],[-96.626533231249866,33.008905970626543],[-96.626595922789988,33.008871303970601],[-96.626650048000499,33.008839460864181],[-96.626698783928106,33.008809986417901],[-96.626745308619817,33.008782427569749],[-96.626772021035308,33.008767421811804],[-96.626815240904648,33.008744725065952],[-96.626861314159726,33.008721802714092],[-96.626910926614599,33.008697487787721],[-96.626964766189602,33.008670614274941],[-96.627034003755028,33.008634378390603],[-96.627069886867631,33.008614695872396],[-96.627106915594538,33.008593853703445],[-96.627144424804058,33.008572301012819],[-96.6271817515088,33.008550486985683],[-96.627218233663143,33.008528864446625],[-96.62725320516607,33.00850787979121],[-96.627286004007431,33.008487984942668],[-96.627315967139083,33.008469630894538],[-96.627347062908896,33.008450386137788],[-96.627426392977156,33.008401735064787],[-96.62750996498076,33.008360993151072],[-96.627538299822888,33.008348587142358],[-96.627570693672212,33.008334590494364],[-96.627606322006415,33.008319263895274],[-96.627644363681867,33.008302863602815],[-96.627683998496124,33.008285649514228],[-96.627724400890585,33.008267881389635],[-96.62776474969165,33.008249816392322],[-96.627804222524318,33.008231715270043],[-96.627842489472258,33.008213596635606],[-96.627901753978406,33.008184033247332],[-96.627954854395966,33.008156055967028],[-96.628003063017886,33.008129832203082],[-96.628047651162404,33.008105526625329],[-96.628100564907896,33.008077933031743],[-96.628151962152742,33.008053533481259],[-96.628205403964458,33.008029238063784],[-96.628264090530124,33.008001587030755],[-96.628347209681493,33.007958407642093],[-96.628379845540763,33.007940067052722],[-96.628414039442944,33.007920224110961],[-96.628449156005416,33.007899335947016],[-96.628484558742642,33.007877860567156],[-96.628519612143677,33.007856258714121],[-96.628553678719541,33.007834986562308],[-96.628586122961607,33.007814504855951],[-96.628616308421954,33.007795270701052],[-96.628643597549697,33.007777742079469],[-96.628667319701577,33.007762402326044],[-96.628816777864159,33.007682455825837],[-96.628844185424896,33.007671566319694],[-96.628876140736537,33.007658915284651],[-96.628911836863637,33.007644722303432],[-96.628950462749188,33.007629202335025],[-96.628991216848831,33.007612574198632],[-96.6290332869373,33.007595055535511],[-96.629075869459868,33.007576861500354],[-96.629118156413583,33.007558211652551],[-96.629154838703755,33.007541427139842],[-96.629207939405788,33.007515905376039],[-96.629257723678649,33.007490750024687],[-96.629304193438799,33.007466411136306],[-96.629347350538012,33.007443340566738],[-96.629387193646849,33.007421989186135],[-96.629423725722333,33.007402807974707],[-96.629443585809938,33.007392762315249],[-96.6295130142029,33.007361147494251],[-96.629583131569646,33.007333156676133],[-96.629660671046153,33.007302065008595],[-96.629693803763004,33.007288198004588],[-96.629729716806736,33.007272865513656],[-96.629767765205528,33.007256375329021],[-96.629807300839403,33.007239033356292],[-96.6298476798422,33.007221146514816],[-96.629888257277372,33.007203021697208],[-96.629928387105423,33.007184966672085],[-96.629967424490005,33.0071672856253],[-96.630010935948803,33.007147448038715],[-96.630075121038885,33.007117986823943],[-96.630131953517761,33.007092074588932],[-96.63018320180835,33.007069446011776],[-96.630230638582901,33.007049836779878],[-96.630266869474326,33.007036203880403],[-96.630320440615918,33.007018633794864],[-96.630376698339575,33.007002864138585],[-96.630439215075285,33.006987115462259],[-96.630515140998597,33.006968747065478],[-96.63055474453364,33.006959110791826],[-96.630597123454578,33.006948647734312],[-96.630641908466501,33.006937368267124],[-96.630688723878578,33.006925281696724],[-96.630737198154932,33.006912401051274],[-96.630786958786672,33.006898736623597],[-96.630837632160791,33.006884299582211],[-96.630909295385905,33.006862842983963],[-96.63095813546164,33.006847442466842],[-96.631006466763239,33.006831639386085],[-96.631053764664614,33.006815705784923],[-96.631099503371018,33.00679991638831],[-96.631143157153829,33.006784544116201],[-96.631184199181476,33.006769862764493],[-96.631222104765655,33.006756146184699],[-96.631256347174002,33.006743665465244],[-96.631281431762119,33.006734508454898],[-96.631376099867566,33.006701882964578],[-96.631461444698388,33.006682118092336],[-96.631496024276714,33.006675809504614],[-96.631536087870003,33.006668860360534],[-96.631580959902806,33.006661328275989],[-96.631629964898067,33.006653268158772],[-96.631682424099139,33.006644736640297],[-96.631737665243563,33.006635788712352],[-96.631783691976153,33.006628323309485],[-96.631832290047612,33.006620393613169],[-96.631881833935793,33.006612199072336],[-96.63193219660559,33.006603693948819],[-96.631983246834523,33.006594829685937],[-96.632034855509929,33.00658555868516],[-96.632086894525074,33.006575835181287],[-96.632139232690022,33.006565609715445],[-96.632201815261425,33.006552703752924],[-96.632252838108698,33.006541574236863],[-96.632303599214794,33.006529972610792],[-96.632353821505674,33.006517998374861],[-96.632403232062458,33.006505754751068],[-96.632451550728391,33.006493337546758],[-96.632498502409746,33.006480850832425],[-96.632543810132063,33.006468391401569],[-96.632605263460661,33.006450803523656],[-96.632667227133012,33.006432182361877],[-96.632723927231183,33.006414362857477],[-96.632775770544413,33.006397483790515],[-96.632823163894585,33.006381683036984],[-96.632882317362842,33.006361798553549],[-96.632944819483996,33.006341691116845],[-96.633008194852636,33.006324683798091],[-96.633108548265625,33.006306142337984],[-96.633147396953888,33.006300898204792],[-96.633189808081198,33.006295687827276],[-96.633235281735594,33.006290278771388],[-96.63328331920701,33.006284435019836],[-96.633333424933895,33.006277922444234],[-96.633385095854194,33.006270506723801],[-96.633437835366706,33.006261952801196],[-96.633494089594734,33.006251433509682],[-96.63354389892767,33.006240725909144],[-96.63359373937999,33.006228862470238],[-96.633643604037218,33.00621609331494],[-96.633693484816135,33.006202671245973],[-96.633743376880716,33.006188848245891],[-96.633793274455002,33.006174872658761],[-96.633843167281668,33.006160998135051],[-96.633893051663364,33.006147474879427],[-96.633925165083625,33.006139070946979],[-96.633977320753388,33.006126053333276],[-96.63402888828017,33.006113877201869],[-96.634079299025956,33.006102549622796],[-96.634127989938932,33.00609207148554],[-96.634174390336938,33.006082447098606],[-96.634217937103003,33.006073679158256],[-96.634258060626422,33.00606577200189],[-96.63430246339054,33.006057116397365],[-96.634403153139786,33.006037355500006],[-96.634501318760684,33.00601891669028],[-96.634539394022852,33.006012220952783],[-96.634582650532167,33.006005070121375],[-96.634630650146036,33.005997836060459],[-96.634682949267727,33.005990893205009],[-96.634739107646467,33.005984612461909],[-96.634803967825022,33.005978978219964],[-96.634851475376834,33.005975974780576],[-96.634900470057403,33.00597372068242],[-96.634950740556718,33.005972128264801],[-96.635002071181077,33.005971112465787],[-96.635054249516216,33.005970586500553],[-96.635107064219227,33.005970463612385],[-96.635160299595839,33.005970658740054],[-96.635213868620554,33.005971087418381],[-96.635267363356476,33.005971672297406],[-96.635320852545263,33.00597238080644],[-96.63537434031619,33.005973187750506],[-96.635427826349556,33.005974072338461],[-96.635481309384801,33.005975010140446],[-96.635534792316335,33.005975980447786],[-96.63558827495487,33.005976958858213],[-96.635641759221457,33.005977921927261],[-96.635695243234494,33.005978862377731],[-96.635748726399171,33.005979826278356],[-96.635802206428565,33.005980876822953],[-96.635855682172902,33.00598207542744],[-96.635909153553655,33.005983483535175],[-96.635962617212982,33.00598516431257],[-96.636016072066752,33.005987177369782],[-96.636069521153246,33.00598958694119],[-96.636122706965494,33.005992426170216],[-96.636175329701317,33.005995681933761],[-96.636226838492746,33.005999314780141],[-96.636276682471276,33.006003285258508],[-96.636324309631803,33.006007555696975],[-96.636369170209448,33.006012085770827],[-96.636410714406665,33.006016836058883],[-96.636449217011148,33.006021888622413],[-96.63653502720004,33.006036873470237],[-96.636604032205469,33.006054180800056],[-96.636662083090584,33.006071174198823],[-96.636702378791981,33.006083015470118],[-96.636747202451502,33.006096155853015],[-96.636796556216396,33.006110743589765],[-96.636850440059476,33.006126927769657],[-96.636908856031781,33.006144859342243],[-96.636945052020636,33.006156194038276],[-96.63698740060741,33.006169660223136],[-96.63703146273636,33.006183813771671],[-96.63707701172261,33.006198488017965],[-96.637123825976829,33.006213523656079],[-96.637171675501151,33.006228756646472],[-96.637220337699247,33.006244025850755],[-96.637269586858096,33.006259167340062],[-96.637319197198764,33.006274018991306],[-96.637345942937046,33.00628182988298],[-96.637397254052601,33.006296388134587],[-96.637448328744142,33.006310367406719],[-96.637498916263809,33.00632376216425],[-96.637548766869656,33.006336568705557],[-96.637597628709401,33.00634878237156],[-96.63764525210614,33.006360397655754],[-96.637691384168605,33.006371408969486],[-96.637747580994883,33.006384553689884],[-96.637809926368007,33.006398875530863],[-96.637867567553215,33.006412026562579],[-96.637920486675682,33.006424234041539],[-96.637968671381969,33.006435720847655],[-96.638031418331394,33.006451928781694],[-96.638098782363201,33.00647260700233],[-96.638166484321459,33.006497345640753],[-96.638243193091895,33.006527377490443],[-96.638277292183474,33.006540775125643],[-96.638314681177121,33.006555337927999],[-96.638354937560294,33.00657079842297],[-96.638397637813711,33.0065868873033],[-96.638442360527534,33.006603336219882],[-96.638488683252532,33.00661987589389],[-96.638536183538719,33.006636237046969],[-96.638584438837114,33.006652153109663],[-96.638619994109703,33.006663363351549],[-96.638671504270619,33.006678774686769],[-96.638722697259979,33.006693229975056],[-96.638773231728635,33.006706797261295],[-96.638822765125568,33.006719548174402],[-96.63887095184846,33.006731549747499],[-96.638917451489178,33.006742873665502],[-96.638961919549658,33.006753586087136],[-96.639013559786534,33.006766084681658],[-96.639080662887096,33.00678286836478],[-96.639140371445222,33.006798677889201],[-96.639194116486721,33.006813976496773],[-96.639243325956244,33.006829223732638],[-96.639273022106991,33.006839144867854],[-96.639325951174769,33.006858297145563],[-96.63938043108638,33.006879582861153],[-96.639441042170887,33.006904159615132],[-96.639508570167209,33.006931651783553],[-96.639545048599672,33.006946344466627],[-96.639584252890671,33.00696190497834],[-96.639625836756807,33.006978063287036],[-96.639669451477559,33.006994557431391],[-96.639714749631423,33.007011119158484],[-96.639761381588045,33.007027481966382],[-96.639809000898055,33.007043380338878],[-96.639857259066233,33.007058545996998],[-96.639893410305987,33.007069209131622],[-96.639945539396535,33.007083471083078],[-96.6399972104076,33.007096491449801],[-96.640047932395973,33.00710841215183],[-96.640097208087738,33.007119372236744],[-96.640144547676456,33.007129511847978],[-96.640189453888595,33.007138970034347],[-96.640231435846744,33.007147886913053],[-96.640275088902854,33.007157568636593],[-96.640353590213934,33.007177648595132],[-96.64041801162017,33.007198261833281],[-96.640497771745132,33.007229388966991],[-96.640537810521124,33.007246229316934],[-96.640581476690514,33.00726483890692],[-96.640629149367413,33.007285143423914],[-96.640681204713445,33.00730706124935],[-96.640738024019527,33.00733051722046],[-96.640769567044785,33.007343291987105],[-96.640810087770461,33.007359410885286],[-96.640852524914408,33.007375857243716],[-96.64089663432766,33.007392383534388],[-96.640942173970913,33.007408743187277],[-96.640988896414314,33.007424690398018],[-96.641036558643805,33.007439975861416],[-96.641084916442381,33.007454353856247],[-96.641133724521069,33.007467578634191],[-96.641166819190829,33.00747573049334],[-96.64121969626683,33.007487348181087],[-96.641272034220066,33.007497414080362],[-96.64132324172509,33.007506206696682],[-96.641372730638736,33.007514005521735],[-96.641419910773166,33.007521087284651],[-96.641464191941154,33.007527728715395],[-96.641504985968297,33.007534210210636],[-96.641542866548022,33.007541038049467],[-96.64162652905226,33.007562838138419],[-96.641693138895036,33.007590779984298],[-96.641746671883595,33.007618057508473],[-96.641781178136981,33.00763582363691],[-96.641819614537297,33.007655261918764],[-96.641861808894873,33.007676062515763],[-96.641907593468289,33.007697911185403],[-96.641956795028108,33.0077204971588],[-96.642036597363514,33.007755053587161],[-96.642079425045949,33.007772515261969],[-96.64212376848262,33.007789817901667],[-96.642169433015539,33.007806828200977],[-96.642216221778099,33.007823414605454],[-96.642263941150233,33.007839444740654],[-96.642312393258237,33.007854785219656],[-96.642361384513919,33.007869302765627],[-96.642410716977466,33.007882865797875],[-96.642440021821656,33.007890396059061],[-96.642492457948009,33.007902890157702],[-96.642544162279208,33.007914148314391],[-96.642594378031021,33.007924249619357],[-96.642642336698145,33.007933271056068],[-96.642687276041286,33.007941294287818],[-96.642728433951518,33.007948397367691],[-96.642765044131835,33.007954655531137],[-96.642798968519699,33.007960627959811],[-96.642877447298858,33.007979968443223],[-96.64295246885537,33.008014297810227],[-96.642979869562311,33.008027280282633],[-96.64301189906385,33.00804218953057],[-96.643047990032841,33.008058669443443],[-96.643087569588687,33.008076369190078],[-96.643130066149695,33.008094931647676],[-96.643174913294999,33.008114005248046],[-96.643221538336931,33.008133233745056],[-96.643293055779452,33.008161404464282],[-96.643341923408045,33.008179621438657],[-96.643391027142258,33.008197091742915],[-96.643440244252915,33.008213798676913],[-96.643489450874341,33.0082297273186],[-96.643538521030138,33.008244861788533],[-96.6435873320236,33.00825918448421],[-96.64363575667636,33.008272683110143],[-96.643705131834565,33.008290777702079],[-96.643760222107687,33.008304118216437],[-96.64381361374582,33.008316297410687],[-96.643864561071766,33.008327354005942],[-96.643912319610166,33.008337323140942],[-96.643956145859207,33.008346242690884],[-96.643995295278302,33.00835414960148],[-96.644034506758885,33.008362238811756],[-96.644114841145594,33.008383310410046],[-96.644201143270976,33.008419367574],[-96.64422982742515,33.008432098029552],[-96.644262645008354,33.008446575352544],[-96.644299080893646,33.008462452908539],[-96.644338617973531,33.008479379494403],[-96.644380740015919,33.008497009351665],[-96.644424932022005,33.008514992235895],[-96.644470674641155,33.008532979598918],[-96.644517451670723,33.008550624781122],[-96.644562448697911,33.008566777662637],[-96.644613549671718,33.008584042047517],[-96.644664437945323,33.008600187720297],[-96.644714871844769,33.008615284391666],[-96.644764608526984,33.008629404453494],[-96.644813401999741,33.008642618409972],[-96.644861012666979,33.008654997833396],[-96.644907194503986,33.008666614131315],[-96.644964535737259,33.008680651551721],[-96.645026206272192,33.008695496546949],[-96.645083405954068,33.008709207700512],[-96.64513604851885,33.008721976179793],[-96.645184045657828,33.008733990388457],[-96.645227307926291,33.008745440508022],[-96.645250465376151,33.008751976795601],[-96.645318782117954,33.008774039133513],[-96.645387334556318,33.008800596580365],[-96.645459978930376,33.00883082534299],[-96.645493428028985,33.008844810697333],[-96.645530143752836,33.008860016458868],[-96.645569712557062,33.008876133841461],[-96.645611723006311,33.008892855017137],[-96.645655759346241,33.008909872951037],[-96.645701411341733,33.008926876232444],[-96.64574826427544,33.008943558757714],[-96.645795907780311,33.008959612728233],[-96.64583592890628,33.008972291651759],[-96.645887829721474,33.008987552840459],[-96.645939366270753,33.009001555896553],[-96.645990136801757,33.009014437817704],[-96.64603974069874,33.009026333824124],[-96.646087776209697,33.009037380914734],[-96.64613384372565,33.009047716143861],[-96.646177539319254,33.009057477359292],[-96.646225265581705,33.009068387262531],[-96.646295717307453,33.009085802302224],[-96.646356767285397,33.009102789471669],[-96.646411480222582,33.009119982988864],[-96.646471480557437,33.009141184739349],[-96.646518978328913,33.009159441307851],[-96.646568969742461,33.009179536396722],[-96.646623667135628,33.009201949544725],[-96.646685290252364,33.009227163186758],[-96.64672010952107,33.009241258302346],[-96.646758039643146,33.009256433359539],[-96.646798407228999,33.009272298826936],[-96.646840900737459,33.009288601847899],[-96.646885209568055,33.009305093204638],[-96.646931020068081,33.009321519083556],[-96.646978022772132,33.009337628489483],[-96.647025906169105,33.009353167664464],[-96.647074357577637,33.009367885531837],[-96.64710942093177,33.009377832922866],[-96.647161729631136,33.0093915200178],[-96.647213533717604,33.009403914668198],[-96.647264289191142,33.009415172823886],[-96.647313454129872,33.009425452295837],[-96.647360483495206,33.009434908105213],[-96.647404834359193,33.009443696231514],[-96.647445964767869,33.009451975390483],[-96.647487308776235,33.009460784998602],[-96.647570939471819,33.009482508982778],[-96.64763806823855,33.009506138133055],[-96.647698182882024,33.009531291880045],[-96.647735464043464,33.009547399717725],[-96.647776767324785,33.009565221634709],[-96.647822062518728,33.009584584265468],[-96.647871320521759,33.009605313368773],[-96.647924505671511,33.009627238149648],[-96.647981716787058,33.009650235531851],[-96.648023597295634,33.009666655293209],[-96.648067129133096,33.009683290802322],[-96.64811210256947,33.009699950546789],[-96.648158302549291,33.009716441974476],[-96.648205521549372,33.009732571822724],[-96.648253544480511,33.009748148442711],[-96.648302160571546,33.009762979392917],[-96.64835115908329,33.009776871329237],[-96.648382873311078,33.009785245316294],[-96.648435346606632,33.009798007196807],[-96.648487185685426,33.009809471514203],[-96.648537714270532,33.00981977457333],[-96.648586259136849,33.009829057276093],[-96.648632149527828,33.00983745155262],[-96.648674707900199,33.009845099099614],[-96.648713262393883,33.009852132723914],[-96.648749901446124,33.009859256471174],[-96.648843528272536,33.009885081177657],[-96.648927656678893,33.009922707771295],[-96.648958627012561,33.009936993828717],[-96.64899415611012,33.009953072722332],[-96.64903374388237,33.009970626233176],[-96.649076887934214,33.009989340601528],[-96.649123084798347,33.010008902040497],[-96.649171836494105,33.010028993289851],[-96.649244075825919,33.010057664346682],[-96.649289880506586,33.010075105776181],[-96.6493365826732,33.010092224977413],[-96.649384066585668,33.010108870796941],[-96.64943222069148,33.01012489489969],[-96.649480930353747,33.010140145257338],[-96.649530081876264,33.010154473480171],[-96.649579562698989,33.010167729400685],[-96.649629255975753,33.010179762741672],[-96.649656522049526,33.01018578076534],[-96.649709477300945,33.010196280084749],[-96.64976186507829,33.010205355243777],[-96.64981307234676,33.010213232724787],[-96.64986248931865,33.010220138190661],[-96.649909504063857,33.010226297250057],[-96.649953504620129,33.010231936415416],[-96.649993879123073,33.01023727949142],[-96.650030911357533,33.010242695182207],[-96.65012328872352,33.010262231343908],[-96.65022957688781,33.010299153484944],[-96.650265718417018,33.010312413086112],[-96.650306504017394,33.010327004107715],[-96.65035160417942,33.010342695830339],[-96.65040068926352,33.010359261145567],[-96.650453430798535,33.010376470264212],[-96.650526203939179,33.010399213962735],[-96.650571076224693,33.010412659748255],[-96.650617402880428,33.010426102959109],[-96.650664988090369,33.010439471718612],[-96.650713633862651,33.010452694998385],[-96.650763145517274,33.010465699144234],[-96.650813328308786,33.01047841230772],[-96.650863982101583,33.010490763406487],[-96.650932295145012,33.010506627532372],[-96.650984540594962,33.010518112977806],[-96.651036799990578,33.010529003284752],[-96.651089075995941,33.010539254244989],[-96.651141370982444,33.010548829775097],[-96.65119368430183,33.010557688292771],[-96.651246018423038,33.010565791006265],[-96.651298372697653,33.010573096333395],[-96.651358435551458,33.01058044063371],[-96.651411775347526,33.010586021743379],[-96.651465135356318,33.010590833479121],[-96.651518512516375,33.010595020339039],[-96.651571902695238,33.010598726793724],[-96.651625300689062,33.010602097286437],[-96.651678704508953,33.010605276342645],[-96.651732108984405,33.010608407502829],[-96.651785704636325,33.010611650154303],[-96.651838897436321,33.010615090311923],[-96.651891571240711,33.010618766572264],[-96.651943212549583,33.010622673035741],[-96.651993308869635,33.010626805636612],[-96.652041346766026,33.010631156671387],[-96.652086814784113,33.010635723005734],[-96.652129199456226,33.0106404978402],[-96.652168770531205,33.010645584759537],[-96.652249653444983,33.010658941273824],[-96.652315847832028,33.010673638169401],[-96.652391861257854,33.010693263088996],[-96.652435440811402,33.0107043782196],[-96.652483342742073,33.010716258941521],[-96.652536025933685,33.010729057942243],[-96.65259394823174,33.010742926977841],[-96.652665189950028,33.010759822867122],[-96.652708044344607,33.010769931731851],[-96.652752995854101,33.010780475507289],[-96.652799753267601,33.010791350965789],[-96.652848031704906,33.010802457752682],[-96.652897542032377,33.010813694501415],[-96.652947996187322,33.010824959873126],[-96.652999107113175,33.01083615436243],[-96.653063681108861,33.01084993115515],[-96.65311589551294,33.010860741759508],[-96.653168118836078,33.010871275164995],[-96.653220346758346,33.010881561983702],[-96.653272581453749,33.010891631186333],[-96.653324820680183,33.010901515245358],[-96.653377064469097,33.010911243076727],[-96.653429311682416,33.0109208462775],[-96.653489609136813,33.010931812700086],[-96.653541968722905,33.01094124433191],[-96.653594332448989,33.010950501653241],[-96.653646702136513,33.010959474471278],[-96.653699083016306,33.010968047258721],[-96.653751478045891,33.010976108044645],[-96.653803890214959,33.010983543955319],[-96.653856321506694,33.010990240284087],[-96.653915986683188,33.010996816017986],[-96.653969368810252,33.011001677889766],[-96.6540227732403,33.011005711707298],[-96.654076195453513,33.01100910259337],[-96.654129628787459,33.01101203561597],[-96.654183069794897,33.011014695925219],[-96.654236512820717,33.011017270422066],[-96.654289953379248,33.011019943326495],[-96.654343394388363,33.011022901758508],[-96.654396510535136,33.011026274754009],[-96.654449047845148,33.011030056728373],[-96.654500446419149,33.011034190005184],[-96.65455013882459,33.011038617619995],[-96.654597562012185,33.011043280010355],[-96.654642151665925,33.011048123003832],[-96.654683342625432,33.011053086081738],[-96.654721691964724,33.011058275645723],[-96.654810418144478,33.011073759206347],[-96.654881652887426,33.011090716943428],[-96.654930652746955,33.011103393764962],[-96.654970720831571,33.011113424376234],[-96.655015595285377,33.011124332255456],[-96.655065142174763,33.011136143795326],[-96.655119233021111,33.011148882816713],[-96.655177738144786,33.011162576723912],[-96.65521813001051,33.011172015537106],[-96.655262497520226,33.01118237906411],[-96.655308596594878,33.011193113906302],[-96.655356187255492,33.011204123572483],[-96.655405034880459,33.011215311708391],[-96.655454900529449,33.01122658275343],[-96.655505546333217,33.011237841174847],[-96.655556736630189,33.01124898968925],[-96.655621344671133,33.01126267209527],[-96.655673608212027,33.011273382618711],[-96.655725878099545,33.011283797805717],[-96.655778156248331,33.011293953849062],[-96.655830440222559,33.011303888637883],[-96.655882727586331,33.011313640061168],[-96.655935020189759,33.011323246117392],[-96.655987315629602,33.011332743792728],[-96.656047304999248,33.011343553866055],[-96.656099652056668,33.011352929020717],[-96.656152002437381,33.011362152434138],[-96.656204361596451,33.011371102259567],[-96.656256729728923,33.011379653805193],[-96.656309112354364,33.01138768341864],[-96.656361511777547,33.011395067365633],[-96.656413931309643,33.01140168374468],[-96.656473698106069,33.011408128969371],[-96.656527087064646,33.011412810145956],[-96.656580498660503,33.011416623518848],[-96.656633927924318,33.011419766849549],[-96.656687368588251,33.011422444191794],[-96.656740817827028,33.011424853361824],[-96.656794268399707,33.011427195677605],[-96.656847715241298,33.011429671609037],[-96.656901154358962,33.011432481653493],[-96.656954255701407,33.011435767382565],[-96.657006762500686,33.011439511398592],[-96.657058095923674,33.01144364561312],[-96.65710767729955,33.011448097424974],[-96.657154926690538,33.011452799622894],[-96.657199264321179,33.011457680482565],[-96.657240111487141,33.011462668307651],[-96.657278070432739,33.011467866123851],[-96.657369448082591,33.011484167404078],[-96.657443032233274,33.011502319519209],[-96.657482884453401,33.011512847143081],[-96.657521931173974,33.011522840046027],[-96.657565869152108,33.011533766505295],[-96.657614455778315,33.011545603155191],[-96.657667445196395,33.011558327450473],[-96.657724594797003,33.011571916025076],[-96.657774459463539,33.011583703909906],[-96.657819272029869,33.011594259538249],[-96.65786570971099,33.011605134935969],[-96.657913550414989,33.011616243109131],[-96.657962568835444,33.011627496982122],[-96.658012544081288,33.011638805977832],[-96.658063252923412,33.011650084881481],[-96.658114472359827,33.011661242159164],[-96.658179048918598,33.011674922479365],[-96.658231304024468,33.011685642593797],[-96.658283567384558,33.011696073745782],[-96.658335835492323,33.01170625379703],[-96.658388111302898,33.011716219870486],[-96.658440391244923,33.011726011633485],[-96.658492675059193,33.011735666126938],[-96.658544960343278,33.011745220337133],[-96.658605004957067,33.011756119184042],[-96.658657326303199,33.011765565836889],[-96.6587096518453,33.011774866192475],[-96.658761984080357,33.011783891099803],[-96.658814327550758,33.011792514170814],[-96.658866684785295,33.01180060535178],[-96.658919059286674,33.01180803732457],[-96.65897145562883,33.011814682798352],[-96.659031389340299,33.011821150077097],[-96.659084778501821,33.011825804904952],[-96.659138190795872,33.011829577484512],[-96.659191620544732,33.011832685438478],[-96.65924506307789,33.011835348222213],[-96.659298511581966,33.011837785236565],[-96.65935195930939,33.011840214076905],[-96.659405400616834,33.011842851462958],[-96.659458838238734,33.011845919749923],[-96.659511828612523,33.011849555813058],[-96.659564152373051,33.011853716105882],[-96.659615161650848,33.011858283803356],[-96.65966420948547,33.011863146622801],[-96.659710645896013,33.011868186783573],[-96.659753821810739,33.011873291047131],[-96.659793090462387,33.011878341716383],[-96.65982934006125,33.011883452713889],[-96.659927843190715,33.011901748359001],[-96.660015173228857,33.011924551642615],[-96.660050298062529,33.011933715446929],[-96.66009063104525,33.011944008745111],[-96.660135605514597,33.011955293286555],[-96.66018465055437,33.011967429809019],[-96.660237197228639,33.01198028361911],[-96.660292675724364,33.011993714580079],[-96.660325672175276,33.012001642120424],[-96.660372519742921,33.012012823447549],[-96.660420505942781,33.012024163913637],[-96.660469474431224,33.012035597182077],[-96.660519266851026,33.012047053250612],[-96.66056973117675,33.012058464989565],[-96.660620710057344,33.012069764230063],[-96.660672046206628,33.012080880997857],[-96.660736586022679,33.012094437113461],[-96.660788883085601,33.012105047925466],[-96.660841189627106,33.012115335469552],[-96.660893503699469,33.012125324093248],[-96.660945824524063,33.012135035463068],[-96.66099815236106,33.012144492175686],[-96.661050486367031,33.012153717703072],[-96.661102826770062,33.012162735544635],[-96.661162621636507,33.012172809076986],[-96.661215233003986,33.012181479571083],[-96.661267852096998,33.012189905365453],[-96.661320479755119,33.012198003350591],[-96.661373117856783,33.012205691346765],[-96.661425769384323,33.012212886299075],[-96.661478435241705,33.012219503292293],[-96.661531119384961,33.012225462007059],[-96.661589185870753,33.01223116484956],[-96.661642581421219,33.012235561261669],[-96.661695994636347,33.012239286728544],[-96.661749421011834,33.012242526373086],[-96.661802855037195,33.012245463485307],[-96.661856291234642,33.012248280452383],[-96.661909726140365,33.012251163327377],[-96.661963155316371,33.012254295427503],[-96.662016587118714,33.012257862203533],[-96.662069508596289,33.01226196172297],[-96.662121724343905,33.012266540211321],[-96.66217254407951,33.012271467125068],[-96.662221275377689,33.012276611867186],[-96.662267229059609,33.01228184302051],[-96.662309716952578,33.01228703100184],[-96.66234804552596,33.012292046091858],[-96.662383224011975,33.012297007087604],[-96.662474607373284,33.012313432306456],[-96.662557690821487,33.012334188316999],[-96.662590992921409,33.012342452879928],[-96.662629659498819,33.012351825518337],[-96.662673020465562,33.012362121080926],[-96.662720403622316,33.012373153459187],[-96.662771136704663,33.012384738350953],[-96.662824549687599,33.012396688800806],[-96.662879732979889,33.01240876928042],[-96.662928258495725,33.012419171066746],[-96.662977642947013,33.012429576650838],[-96.663027766845943,33.012439998348043],[-96.663078508691171,33.012450444808181],[-96.663129751332349,33.012460922984985],[-96.663181373203287,33.012471443334086],[-96.663233253906583,33.012482013630411],[-96.663294661092294,33.012494567877063],[-96.663346571084716,33.012505249112955],[-96.663398478529103,33.012516001647178],[-96.663450384335022,33.012526830020889],[-96.663502288502755,33.012537734234137],[-96.663554190870244,33.012548718800744],[-96.663606091372927,33.012559785526314],[-96.663657988842175,33.012570937091745],[-96.663720397231941,33.012584464517325],[-96.663772048584789,33.012595750727598],[-96.663823420707644,33.012607018056649],[-96.663874241883903,33.012618157476041],[-96.663924231889268,33.012629057933744],[-96.663973116830917,33.012639611250506],[-96.664020621711828,33.012649710122659],[-96.664066469585975,33.012659241775886],[-96.664120335367656,33.012670059267194],[-96.664185083801897,33.012682368390294],[-96.66424430542456,33.012693161421055],[-96.664298262697514,33.012702984500464],[-96.664347222305992,33.012712385682988],[-96.664397947680058,33.012723448359999],[-96.664461052561109,33.012740794601029],[-96.66452459555569,33.012762041956726],[-96.664616507836499,33.012794684241392],[-96.6646521559788,33.012807098607801],[-96.664691084962669,33.012820287777764],[-96.66473286823566,33.012833914685658],[-96.664777074016612,33.012847638518636],[-96.664823274744734,33.012861120379185],[-96.664871039643828,33.012874021288262],[-96.664919942255082,33.012886001473817],[-96.664969550728884,33.012896721930815],[-96.664996351918049,33.012901843857833],[-96.665049632617141,33.012910561459776],[-96.665102957200872,33.012917577780328],[-96.665156317124257,33.012923220607703],[-96.665209705986115,33.012927817784579],[-96.665263113164627,33.012931695239189],[-96.665316531091335,33.012935183495223],[-96.665369950249953,33.01293860760542],[-96.665423396257921,33.012942299842031],[-96.665476431799377,33.012946492137139],[-96.665529454671116,33.012951247029001],[-96.665582462501419,33.012956540963643],[-96.665635457172371,33.012962351399032],[-96.665688438325816,33.012968658446994],[-96.665741407940658,33.012975436857054],[-96.665794364587114,33.012982666713782],[-96.665850228920362,33.01299075942056],[-96.665902546097101,33.012998744623474],[-96.665954608619202,33.013007042291392],[-96.666006169608977,33.013015568429992],[-96.666056986345097,33.013024242765404],[-96.66610681412476,33.01303298045579],[-96.666155404997937,33.013041697480567],[-96.666202518450248,33.01305031181591],[-96.666254274030479,33.013059932546966],[-96.666316043893431,33.013071635264545],[-96.666373453783123,33.013082957690479],[-96.666426345167366,33.013094103622272],[-96.66647455516356,33.01310527855356],[-96.666517924007039,33.013116690767781],[-96.666542615193123,33.013124070966462],[-96.666607588931996,33.013147669625425],[-96.666671558969952,33.013173807109553],[-96.666749981394361,33.013202413290735],[-96.666785569946583,33.01321368972426],[-96.666824911213851,33.013225323709186],[-96.666867493815957,33.013237219998778],[-96.666912803351792,33.013249277848146],[-96.666960327368713,33.013261401984288],[-96.667009551302925,33.013273496177213],[-96.667059964973504,33.013285461598628],[-96.667126395463896,33.013300652959394],[-96.667178477977458,33.0133121394325],[-96.667230571110252,33.013323240319082],[-96.667282674502175,33.013333935730905],[-96.667334790000879,33.01334420402867],[-96.667386916174607,33.01335402529682],[-96.667439055910052,33.013363378826163],[-96.667491207872601,33.013372241992791],[-96.667552364182768,33.013381982155579],[-96.667605353582744,33.013389833776351],[-96.667658356242981,33.01339716614504],[-96.667711371094583,33.013404009053097],[-96.667764399179518,33.013410393249409],[-96.667817437221231,33.013416350276323],[-96.667870487300974,33.013421911812848],[-96.667923546174649,33.013427108498654],[-96.667979155053956,33.013432196555321],[-96.668032467032774,33.013436765312214],[-96.668085784668648,33.013441086605937],[-96.668139108227408,33.013445212851735],[-96.66819243466341,33.013449199091546],[-96.668245764210312,33.013453098643403],[-96.668299093822654,33.013456966549228],[-96.668352423669702,33.013460857932749],[-96.668406408526067,33.013464877100731],[-96.66845964703441,33.013468953160938],[-96.668512885296295,33.013473096059194],[-96.668566123595213,33.013477238033005],[-96.668619363221609,33.013481313152745],[-96.668672606537086,33.013485255515995],[-96.668725855935563,33.013488998317463],[-96.668779111635402,33.013492475600316],[-96.668833708681561,33.013495693313558],[-96.66888714892012,33.013498450562665],[-96.668940598689559,33.01350082219686],[-96.668994059485229,33.01350282632621],[-96.669047528613675,33.013504478243199],[-96.669101005427109,33.013505796003436],[-96.669154492460336,33.013506798646766],[-96.669207987052076,33.013507500563158],[-96.669261501380831,33.013507921037778],[-96.669314864754938,33.013508094583869],[-96.669367609227066,33.013508120442296],[-96.669419106287535,33.013508119071822],[-96.669468729699815,33.01350820737543],[-96.669515853194994,33.013508503159819],[-96.669559848296757,33.013509125983546],[-96.669600088736459,33.013510193654696],[-96.669636155862037,33.013511836490743],[-96.669734120936937,33.013526834526871],[-96.669831033192864,33.013580980197396],[-96.669857502831093,33.013600907132933],[-96.669886743340044,33.013623421941894],[-96.669918596392463,33.013647795008822],[-96.669952904699613,33.013673297648396],[-96.669989511003891,33.013699200272526],[-96.670028259085939,33.013724774223178],[-96.670068990646271,33.013749288982545],[-96.670128559468367,33.013780214822063],[-96.670174827256673,33.01379997102606],[-96.670222597264669,33.013817013058549],[-96.670271663698642,33.013831606764114],[-96.670321817485743,33.013844019711215],[-96.670372850754447,33.013854515884844],[-96.670424557582393,33.013863364741418],[-96.670476728020404,33.013870828406361],[-96.670536106147651,33.01387794941062],[-96.670589351232735,33.013883407263528],[-96.670642041327909,33.013888130819325],[-96.670693596819447,33.013892222810398],[-96.670743442185881,33.013895791495521],[-96.670790995670586,33.013898939554274],[-96.670835683992564,33.013901772593186],[-96.670876924130027,33.013904398682627],[-96.67091429914818,33.013906930115581],[-96.671007017084136,33.013915189412408],[-96.671081780602933,33.013925206947157],[-96.671122930567648,33.01393166913801],[-96.671163598975113,33.013938161543692],[-96.671209262044201,33.013945282393308],[-96.671259761865144,33.013952769239474],[-96.671314944877906,33.013960357937989],[-96.671374648788444,33.013967788640308],[-96.67141205580387,33.013972003237178],[-96.671457908733743,33.013976698154593],[-96.671504836628969,33.013980964966656],[-96.67155183126016,33.013984656060778],[-96.671597887483159,33.013987627518972],[-96.671641998204109,33.013989729953224],[-96.671683157271033,33.013990817615401],[-96.671720357460472,33.013990744731075],[-96.671753028140316,33.013989333250223],[-96.671837759511106,33.013969458858483],[-96.671917923711092,33.01392772875505],[-96.671947672078034,33.0139141474383],[-96.671981998311097,33.013900044516824],[-96.672020015215722,33.013886175435658],[-96.672060835566583,33.013873296543409],[-96.672103575451985,33.013862161562898],[-96.672147346643825,33.013853525011825],[-96.672191261922777,33.01384814324193],[-96.672233620621967,33.013846756452921],[-96.672285202690773,33.01385124516996],[-96.672334090830333,33.013862080030684],[-96.672380076975102,33.013878272639573],[-96.672422953088443,33.013898833698597],[-96.672462508987991,33.013922773855029],[-96.672512658736821,33.013960715111061],[-96.672551772471991,33.013996619342613],[-96.672588225505521,33.014032459569819],[-96.672625591077392,33.014066567287351],[-96.67266744447619,33.014097276748664],[-96.672718956406641,33.014123564532518],[-96.672755998435761,33.01413633102618],[-96.67279708622354,33.014146842822676],[-96.672841641608386,33.014155521665081],[-96.672889084415004,33.014162785631463],[-96.672938835475335,33.014169054633193],[-96.672990311368153,33.014174747570735],[-96.673042936076683,33.014180286244311],[-96.67309669874372,33.014186153799642],[-96.673149246974717,33.014192481132298],[-96.673201741715559,33.014199434179197],[-96.673254151332955,33.01420696786073],[-96.673306439939836,33.014215036085552],[-96.673358570480488,33.014223595443603],[-96.673410512425193,33.014232599979678],[-96.673462230860906,33.014242006338328],[-96.673519877169639,33.014252967439674],[-96.673572549436585,33.014263382900573],[-96.673624147191305,33.014273914717862],[-96.67367391438475,33.01428435122321],[-96.67372109272722,33.014294483403333],[-96.673764925064333,33.01430410046747],[-96.673804654241295,33.014312991625857],[-96.673839524109468,33.014320947921831],[-96.673865145465797,33.014326904586298],[-96.67401654429554,33.014359644107458],[-96.674046930727201,33.014364943763788],[-96.674082737523989,33.014371084975707],[-96.674123203140681,33.01437797972455],[-96.674167563727167,33.014385544451507],[-96.674215057640964,33.014393693847317],[-96.674264924375379,33.014402340825171],[-96.674316396832495,33.014411402649841],[-96.674374858627615,33.014421908787781],[-96.674426934056214,33.014431504543751],[-96.674479002853673,33.014441345887803],[-96.674531063303007,33.01445145084827],[-96.674583118070174,33.01446183485384],[-96.674635165502764,33.014472514127341],[-96.674687203883892,33.014483506696898],[-96.67473923373656,33.014494827937042],[-96.674800700065362,33.014508652268056],[-96.674851890819895,33.014520525034662],[-96.67490307957641,33.01453257393095],[-96.674954266203102,33.01454462275268],[-96.675005458133157,33.014556493680679],[-96.67505666065621,33.014568008841294],[-96.675107876853886,33.01457899211205],[-96.675159109872027,33.014589265564858],[-96.675226384256092,33.014601372135807],[-96.675279560005933,33.014609655453164],[-96.67533276276977,33.014616913855811],[-96.675385987288678,33.014623324314563],[-96.675439230350548,33.014629066563025],[-96.675492485593452,33.014634318447669],[-96.675545749870693,33.014639257896462],[-96.675599016756721,33.014644064561381],[-96.675653252728011,33.014649004236269],[-96.675706299325171,33.014654032970761],[-96.67575917533847,33.014659273312219],[-96.675811713996154,33.014664710184427],[-96.675863751676303,33.014670330398495],[-96.675915119399491,33.014676120629872],[-96.675965656758137,33.01468206777178],[-96.676015194869407,33.014688155791795],[-96.676065781811346,33.014694666188269],[-96.676123899469587,33.014702538764183],[-96.676179331660492,33.014710438934443],[-96.676231463748479,33.014718219177979],[-96.676279670510951,33.014725728091236],[-96.676323338350457,33.014732819084472],[-96.676378123652299,33.014742194583832],[-96.676465225318807,33.014759112955204],[-96.676562995772727,33.014780756737736],[-96.676596545770948,33.014788142960064],[-96.676634521377764,33.014796357131317],[-96.676676312651878,33.014805180460456],[-96.676721308612429,33.014814393226736],[-96.676768899413759,33.014823773931816],[-96.676818473002299,33.01483310282913],[-96.676869418427316,33.014842159297366],[-96.676932272919274,33.014852478463141],[-96.67698536094926,33.014860373018955],[-96.67703846627947,33.014867603851194],[-96.677091585171851,33.014874305500236],[-96.677144714082019,33.014880607090127],[-96.677197849337077,33.014886641355673],[-96.67725099054347,33.014892539307994],[-96.677304129710379,33.014898434476024],[-96.677359025654297,33.014904659730853],[-96.677411871474504,33.01491090071675],[-96.677464710351771,33.014917426136705],[-96.677517542519269,33.014924259490009],[-96.677570363956065,33.014931423264528],[-96.677623177102973,33.014938939208349],[-96.677675981057149,33.014946832599179],[-96.677728773941084,33.014955125979235],[-96.677785576114218,33.014964523133258],[-96.677837612454837,33.014973549065282],[-96.677889642882519,33.014982800724447],[-96.677941673811361,33.014992068640069],[-96.67799370847257,33.015001142356944],[-96.678045754318632,33.015009813334267],[-96.678097815651384,33.015017871144039],[-96.678149899922403,33.015025107245478],[-96.678211919502829,33.015032355889417],[-96.678265239278119,33.015037252256924],[-96.678318244061771,33.015041179190405],[-96.678370581534722,33.015044511780779],[-96.6784219037296,33.015047623422646],[-96.678471856250226,33.015050887348089],[-96.678520090026993,33.015054677828324],[-96.678566254951392,33.01505936820508],[-96.678610060567095,33.015065343272937],[-96.678671621139785,33.015077395299897],[-96.678727420331128,33.01509253513661],[-96.678778143326653,33.015110016631944],[-96.678824472030726,33.015129095357004],[-96.678877160219713,33.015154012615319],[-96.678928868540538,33.015180450144634],[-96.678980926249807,33.01520596490905],[-96.679038690871522,33.015229767492528],[-96.6791046869685,33.015250330681511],[-96.679143690877197,33.015259733111904],[-96.679186127526776,33.015268395791345],[-96.679231513665599,33.015276366099513],[-96.679279365034631,33.01528368958364],[-96.679329195102511,33.015290415348368],[-96.679380521753075,33.01529658899657],[-96.679432859526258,33.015302259661283],[-96.679489066722098,33.015307786254461],[-96.67954238160813,33.015312615105728],[-96.679595703909456,33.015317206478414],[-96.67964902626575,33.015321736386362],[-96.679702346642671,33.015326381882083],[-96.679755659888457,33.015331317228153],[-96.679808960754897,33.015336719395592],[-96.67986224409097,33.015342762647023],[-96.679916091644955,33.015349704797423],[-96.67996804876222,33.015357326390415],[-96.68001998506135,33.015365801329182],[-96.68007190077914,33.015375032935253],[-96.68012380040625,33.015384925541831],[-96.680175684082315,33.015395385178763],[-96.680227555258156,33.01540631524928],[-96.680279416312914,33.015417619129309],[-96.680342068501446,33.015431640751387],[-96.680393473599096,33.015443339643504],[-96.680444406810267,33.015455038300146],[-96.680494398856055,33.01546657302314],[-96.680542981334909,33.015477785558808],[-96.680589687142245,33.015488511361987],[-96.680634046900693,33.015498589444803],[-96.680675593407813,33.015507857971429],[-96.680723441922297,33.015518180772894],[-96.680807709699593,33.015534666558509],[-96.680876495668201,33.015545927494117],[-96.680945773070817,33.015555831003418],[-96.680990208351986,33.015562023626572],[-96.681039229733884,33.01556833607841],[-96.681093283936264,33.015574212219583],[-96.681152818684737,33.015579097742361],[-96.681221234147827,33.015582533942272],[-96.681265756066097,33.015583597170668],[-96.681312486867412,33.015584103725921],[-96.681361109710068,33.015584336532889],[-96.681411300155148,33.015584581035057],[-96.681462740290328,33.015585120131064],[-96.681515109964238,33.015586239373818],[-96.681568086915092,33.015588223359863],[-96.681622257176059,33.015591420363201],[-96.681674703697098,33.015595854958832],[-96.681727119187954,33.015601519438505],[-96.681779506397916,33.015608246707373],[-96.681831870058133,33.015615874238982],[-96.681884214995804,33.01562423679826],[-96.68193654493416,33.015633170026014],[-96.681988862556707,33.015642508632986],[-96.682048756825893,33.01565348944564],[-96.682100971845117,33.015663119074709],[-96.682153189106231,33.015672596032481],[-96.682205417156354,33.015681710902427],[-96.68225765902298,33.015690258646032],[-96.682309923155628,33.015698032554958],[-96.682362210566765,33.015704823925333],[-96.682414530744225,33.015710426978806],[-96.682475267846243,33.0157151643483],[-96.682528447909505,33.015717650063841],[-96.682581655012669,33.015719047615477],[-96.68263487652645,33.015719951246233],[-96.68268809443282,33.015720955966096],[-96.68274129389755,33.015722657769473],[-96.682794460152351,33.015725650845098],[-96.682847576158139,33.015730532938626],[-96.682902789395996,33.015738257517761],[-96.682951249047761,33.015747633553666],[-96.682999654900925,33.015759058456482],[-96.683048021123142,33.015771985008911],[-96.683096363894933,33.01578586965902],[-96.683144695367474,33.015800161524105],[-96.683193029543716,33.01581431790067],[-96.68324138279425,33.015827789820158],[-96.683289767073489,33.015840031816481],[-96.683328031460746,33.015848475419787],[-96.68338128879202,33.015858026112447],[-96.683434607975059,33.015865152208328],[-96.683487986738172,33.015870097619505],[-96.683541414431076,33.015873100624198],[-96.683594887647303,33.015874406912914],[-96.683648398919985,33.015874255748145],[-96.683701941725744,33.015872890030529],[-96.683755580521719,33.015870547229554],[-96.683808579866607,33.015867549375457],[-96.683861473795275,33.015864289500186],[-96.683914136712772,33.015861221640357],[-96.683966444064353,33.015858800762778],[-96.684018270289073,33.015857480001841],[-96.684069491938075,33.015857713449115],[-96.684119983420146,33.015859955142062],[-96.684173890998778,33.015865200100805],[-96.684225716883375,33.01587357025803],[-96.684275850138945,33.015884712223226],[-96.684323731177287,33.015898017267716],[-96.684368801447377,33.015912877593294],[-96.684410499246255,33.015928683515384],[-96.684448265987427,33.015944828139851],[-96.684481542107719,33.015960701837265],[-96.684498076701587,33.015969284389286],[-96.684575649950318,33.016014720949492],[-96.684649058913308,33.01603413977648],[-96.684682817010383,33.016032803189894],[-96.684721523421985,33.016028287434338],[-96.684763141844698,33.016021543037553],[-96.684805635033811,33.016013516891519],[-96.684846964610983,33.016005157669071],[-96.684885708983558,33.01599729140986],[-96.68496569342723,33.01598366505057],[-96.685045249059627,33.015979265191909],[-96.685093299106896,33.015981850418967],[-96.685147486203832,33.015988192682286],[-96.685220020103685,33.016000843736208],[-96.685264119926842,33.016010380530979],[-96.685312350033627,33.016022714551355],[-96.685365281863184,33.016038814447306],[-96.685423484682786,33.016059649715814],[-96.685490444005197,33.016087481700893],[-96.685527219967753,33.01610431838035],[-96.685565635486441,33.016122548315458],[-96.685605504865961,33.016141664408771],[-96.685646645689189,33.016161157838965],[-96.685688871316316,33.016180517870936],[-96.68573199923155,33.016199238392034],[-96.685775844903631,33.016216809624666],[-96.685820222632117,33.016232724472552],[-96.685886240925143,33.016252091997679],[-96.68593924139455,33.016263324848012],[-96.685992333564087,33.016271023346235],[-96.686045505221529,33.016275710361995],[-96.686098740973264,33.01627790778074],[-96.686152028641629,33.016278137569238],[-96.686205353874783,33.016276922542879],[-96.686258703458037,33.016274783738602],[-96.686313845421907,33.016272158051493],[-96.686367285526899,33.016269706140811],[-96.686420589707168,33.016267667324065],[-96.686473621607689,33.016266316456907],[-96.686526250199719,33.016265929433693],[-96.68657834237645,33.016266780289129],[-96.686629761784658,33.016269143879548],[-96.686680377461613,33.01627329429428],[-96.686730929981806,33.016279637910849],[-96.68678379475088,33.016288993841655],[-96.686834808247653,33.016300639597688],[-96.686883399372931,33.016314078215849],[-96.686928992739496,33.016328812625389],[-96.686971018219666,33.016344348600043],[-96.687008900391064,33.016360189973064],[-96.687052505596412,33.016381206397121],[-96.687126019474249,33.016425508609167],[-96.68722548130323,33.016468479270216],[-96.687258706807285,33.016475950288296],[-96.687296879698451,33.016482824477812],[-96.687339293202371,33.016489281842496],[-96.687385241712775,33.016495499705051],[-96.687434018487693,33.016501657167446],[-96.687484915649335,33.016507935110887],[-96.687537228695575,33.016514509984944],[-96.687591714042981,33.016521765066791],[-96.687643981538557,33.016529287514395],[-96.687696242475297,33.016537174825089],[-96.687748500075358,33.016545156003581],[-96.687800762007186,33.016552955649047],[-96.687853035810036,33.016560301971815],[-96.687905329183437,33.01656691866836],[-96.687957648529363,33.016572535727427],[-96.688018390234433,33.016577435975805],[-96.688071606660458,33.016580120939757],[-96.688124852301755,33.016581715085138],[-96.688178110846749,33.016582766478088],[-96.688231370142887,33.016583826904231],[-96.688284614920519,33.016585445359617],[-96.688337829847214,33.016588172645825],[-96.68839100283833,33.016592558743149],[-96.688445945004489,33.016599427439012],[-96.688495333543457,33.016607984543811],[-96.688544668438567,33.016618499254278],[-96.688593965805637,33.016630519279737],[-96.688643235233599,33.016643594875291],[-96.688692488485898,33.016657275447486],[-96.688741738493022,33.016671107721578],[-96.68879099477671,33.016684643758147],[-96.688840272408797,33.016697430336656],[-96.688871324265406,33.016704896581778],[-96.688924286228286,33.016716323310483],[-96.688977288834792,33.016726187836127],[-96.689030330055274,33.016734637392545],[-96.689083403574315,33.016741819105064],[-96.689136506227086,33.016747881985815],[-96.689189633906324,33.016752971408891],[-96.689242783447753,33.01675723638634],[-96.689297991515929,33.016760949785258],[-96.689351315398355,33.016763993859499],[-96.689403967266713,33.016766603465705],[-96.689455268176602,33.016768869872188],[-96.689504531425598,33.016770891380915],[-96.689551073719088,33.016772760959384],[-96.689594211794898,33.01677457067305],[-96.689633263365806,33.016776415323648],[-96.689667545009129,33.016778391491684],[-96.689763375808752,33.016791241239197],[-96.689848754922934,33.016824297537063],[-96.689879375252275,33.016838553943288],[-96.689914314262694,33.016854839625253],[-96.689953131396081,33.016872545268441],[-96.689995386222165,33.016891057947447],[-96.690040639219987,33.016909769278037],[-96.690088452099801,33.016928066389696],[-96.690162479423549,33.016952940009112],[-96.690210681395925,33.01696666661865],[-96.690259984199841,33.016978966253951],[-96.690310229092148,33.016990049956078],[-96.690361264895216,33.017000127150204],[-96.690412932930798,33.017009407072315],[-96.690465078775134,33.017018099969491],[-96.690517549108591,33.017026415213635],[-96.690575229521343,33.017035340999975],[-96.690627807780231,33.017043487244912],[-96.690680386541288,33.017051649745738],[-96.690732965300725,33.017059782406776],[-96.690785545697508,33.017067839186396],[-96.690838130410057,33.017075774972838],[-96.690890717862672,33.017083543643302],[-96.690943312844496,33.017091101043036],[-96.691001697885653,33.017099186034834],[-96.691054709912393,33.01710620635248],[-96.691107730698377,33.017112920553458],[-96.691160757810863,33.017119336708475],[-96.691213793070972,33.017125463899482],[-96.691266836285479,33.017131307543181],[-96.691319887164624,33.017136875764486],[-96.691372944347123,33.017142176661302],[-96.691428572099539,33.017147455734978],[-96.691481851047683,33.017152251662885],[-96.69153513770209,33.017156801084035],[-96.691588429661991,33.017161111166708],[-96.691641728716789,33.01716519189538],[-96.691695031458465,33.017169048605609],[-96.691748341916025,33.017172688627859],[-96.691801656520795,33.017176121811403],[-96.691855871962474,33.017179406950795],[-96.69190928533375,33.017182445910265],[-96.691962703408819,33.017185292502369],[-96.692016126251559,33.01718794492168],[-96.692069553829455,33.017190404070909],[-96.692122987181747,33.017192670879908],[-96.692176424229174,33.017194743489085],[-96.692229868121757,33.017196623785033],[-96.692283513820769,33.017198318499204],[-96.692336990691075,33.017199814655925],[-96.692390473955882,33.017201131138336],[-96.692443959918435,33.01720228140681],[-96.692497450335864,33.01720327634888],[-96.69255094472615,33.01720412950614],[-96.692604441535778,33.017204854393199],[-96.692657941386173,33.017205463675928],[-96.692711448178045,33.017205968295919],[-96.692764944477105,33.017206375945229],[-96.692818443130292,33.01720665712984],[-96.692871946365329,33.017206779376863],[-96.692925454395166,33.017206706548201],[-96.692978968439903,33.017206404338324],[-96.693032489783903,33.017205836636208],[-96.693086018511494,33.017204970914783],[-96.693139639617598,33.017203769562386],[-96.693193004315873,33.017202208410922],[-96.693246377239731,33.017200265227963],[-96.693299762277476,33.017197921136322],[-96.693353156791929,33.017195159804871],[-96.69340656353566,33.017191964134902],[-96.693459980974922,33.017188316919551],[-96.693513410822789,33.017184200130366],[-96.693568407361596,33.017179457834381],[-96.69362125285862,33.017174400974397],[-96.693674109742616,33.017168842889689],[-96.693726981644886,33.017162771925236],[-96.693779866710486,33.017156179902031],[-96.693832765291717,33.017149056889444],[-96.693885677805042,33.017141391151398],[-96.693938604570661,33.017133173660049],[-96.693998004492471,33.017123285276078],[-96.694049776870344,33.017114081699383],[-96.694101564409053,33.017104330911174],[-96.694153366164542,33.017094029273288],[-96.694205181096379,33.017083175855873],[-96.694257011379008,33.017071769810208],[-96.69430885597184,33.01705981020649],[-96.694360714970458,33.017047294336244],[-96.694428565984978,33.017030086774191],[-96.694478714842063,33.017016770485753],[-96.694528225510908,33.017003183258609],[-96.694576443437015,33.01698957513085],[-96.694622718256809,33.016976198957884],[-96.694666395385468,33.016963305682317],[-96.694706822317841,33.016951148107189],[-96.694743347717278,33.01693997635482],[-96.694775316936799,33.016930043175115],[-96.694791464244915,33.016924965029396],[-96.694945762582549,33.016869854024954],[-96.694974011644106,33.016859062475994],[-96.695006672148381,33.016846426888797],[-96.695042644160864,33.016832114676326],[-96.695080822421644,33.016816292214678],[-96.695120104725902,33.01679913047596],[-96.695159387958626,33.016780795892764],[-96.695197568941893,33.016761456704472],[-96.695247784398632,33.016732563960964],[-96.695297466022183,33.01669771935147],[-96.695340039209952,33.01666223271063],[-96.695378592589037,33.01662707653491],[-96.695416213680133,33.016593224192462],[-96.695461194093852,33.016557962708099],[-96.695499847626593,33.016533774056519],[-96.695542535291807,33.016512742214907],[-96.695589129497023,33.016495529903892],[-96.695639504698576,33.016482802606305],[-96.695693534316291,33.01647522487491],[-96.695748595686567,33.016473410029924],[-96.695792473886527,33.016475818287844],[-96.695837206811362,33.016481034759465],[-96.695881837404499,33.016488436218758],[-96.695925408640079,33.016497398538],[-96.695966961251301,33.016507300245301],[-96.696005541552111,33.016517513685436],[-96.69604018916867,33.016527418264197],[-96.696074408164577,33.016537764717214],[-96.696156256168152,33.01656312860554],[-96.69617653811369,33.016558467241317],[-96.696245528635586,33.016534405777094],[-96.696274648925353,33.01652395941462],[-96.696308626168374,33.016511625993815],[-96.696346760180518,33.016497551397016],[-96.696388343308783,33.016481880414794],[-96.696432674265878,33.016464759806176],[-96.696479045271417,33.01644633797428],[-96.696526755135409,33.016426758971292],[-96.696583212136147,33.016402632366955],[-96.696629382898621,33.016382026882738],[-96.696674847071094,33.016361052967483],[-96.696719065902272,33.016340112682691],[-96.696761509375222,33.016319603792823],[-96.696801640819885,33.016299930220484],[-96.696838923760154,33.016281490471933],[-96.696872824838962,33.016264685843446],[-96.696902809628469,33.01624991760454],[-96.696916926514845,33.016243055811522],[-96.696997438812133,33.016210630004082],[-96.697082891127295,33.016201232869165],[-96.697115255050704,33.016199585035992],[-96.697152848380497,33.016197701323463],[-96.697194930372859,33.016195480818944],[-96.6972407604121,33.016192818999052],[-96.697289594603276,33.016189613065691],[-96.697340694409192,33.016185760356656],[-96.697393315870457,33.01618115988115],[-96.697447720835669,33.016175595958352],[-96.697499931473104,33.016169396573829],[-96.697552160178773,33.016162507283767],[-96.697604400165019,33.016155149295727],[-96.697656648019787,33.016147539384718],[-96.697708895884915,33.016139898731339],[-96.697761139213625,33.016132445888978],[-96.69781337018081,33.016125401135625],[-96.697877358649095,33.016117646231947],[-96.697930773652359,33.016112050822912],[-96.697983506791459,33.016106900836121],[-96.69803489683143,33.016101698891823],[-96.698084285687088,33.016095949497831],[-96.698131016504107,33.01608915267613],[-96.698174427884766,33.016080815563427],[-96.698213862941572,33.016070439085894],[-96.698249308916729,33.016057234997525],[-96.698294801367297,33.016030678880995],[-96.698331481410349,33.015998854944314],[-96.698364152659138,33.015964305009888],[-96.698397614534741,33.015929568078256],[-96.698437003855943,33.0158969540079],[-96.698471683870181,33.015876022048538],[-96.698511408901467,33.015857779839301],[-96.698555602480099,33.015842272479723],[-96.698603685115359,33.015829539571818],[-96.698655078164862,33.015819627064495],[-96.698709203115286,33.015812577296295],[-96.698755245954345,33.015808959803131],[-96.698804034046859,33.015807195177146],[-96.698853888774025,33.015806924845734],[-96.698904667831187,33.015807535299267],[-96.698956230208552,33.01580840673585],[-96.699008436909608,33.015808923019044],[-96.699061146761636,33.015808468861231],[-96.699114216607271,33.015806424407224],[-96.699169951161608,33.015801917053025],[-96.699219724963768,33.015795468526093],[-96.699269548984674,33.015787092088061],[-96.699319408960363,33.015777340374562],[-96.699369289652566,33.015766763285967],[-96.699419179038856,33.015755910803726],[-96.699469058508413,33.015745337261123],[-96.699518919384147,33.015735589109525],[-96.699568743057512,33.015727220682351],[-96.699600131278387,33.015722900140581],[-96.69965367393354,33.015717475320038],[-96.699707163815418,33.015714080411101],[-96.699760616133659,33.015712105875863],[-96.699814048175327,33.015710944036037],[-96.699867474075603,33.015709985326723],[-96.699920911118923,33.015708622069596],[-96.699974373405666,33.015706245602438],[-96.700028798370695,33.015702159388688],[-96.700079705503924,33.015696501723149],[-96.700130639430583,33.015689756794572],[-96.70018157866987,33.015682861984857],[-96.700232496449274,33.015676752735196],[-96.700283370092407,33.015672370011686],[-96.700334173934465,33.015670648379846],[-96.700384884327605,33.01567252607056],[-96.700457413853073,33.015683379432204],[-96.7004983589011,33.015694476106596],[-96.700539135904307,33.015708494347628],[-96.700579679275165,33.015724471990247],[-96.700619919170165,33.015741445858708],[-96.700659789998227,33.015758453788138],[-96.700699225063033,33.015774534489623],[-96.700738155587374,33.01578872481484],[-96.700776517078879,33.015800061723503],[-96.70081424072535,33.015807582970176],[-96.700865097994466,33.015809917773296],[-96.700902378939176,33.015804468603925],[-96.70093865988629,33.015793259168781],[-96.700973800198796,33.01577710909315],[-96.701007659272989,33.015756837099765],[-96.701040096475168,33.015733262814074],[-96.701070972212506,33.015707206791554],[-96.701100144814816,33.015679487728121],[-96.701127473652633,33.015650925249716],[-96.701152818065935,33.015622339885176],[-96.701175987061234,33.015594610532084],[-96.701218425868888,33.015540165005504],[-96.70125288162356,33.01549174228078],[-96.701281694660707,33.015448009792067],[-96.701307201964724,33.015407638500591],[-96.701323939082712,33.015381297661477],[-96.7013510921755,33.015340335305424],[-96.70138045476223,33.015298038880715],[-96.701413490419441,33.01525175979107],[-96.701465567982652,33.01517959094668],[-96.701486691750233,33.015150282958587],[-96.701508968048529,33.015119414587105],[-96.701531982645406,33.015087657606287],[-96.701555329657822,33.015055690325724],[-96.701578596999212,33.01502418457401],[-96.701601374631068,33.014993814942535],[-96.70162325138044,33.014965257801428],[-96.701643818314693,33.01493918686689],[-96.701666546653755,33.014911716495739],[-96.701734507726272,33.014853659516767],[-96.701824218644092,33.01483787159782],[-96.701857738044353,33.014835651724802],[-96.701896199374985,33.014833285228235],[-96.701938901914929,33.014830631568863],[-96.701985145950246,33.014827552040252],[-96.702034232838528,33.014823907963667],[-96.7020854617937,33.014819560607251],[-96.702138134204773,33.014814370391242],[-96.702192640621533,33.01480806071195],[-96.702244462888117,33.014801046389096],[-96.702296308762087,33.014793124535608],[-96.702348176332364,33.014784439677321],[-96.702400058394289,33.014775134399436],[-96.702451953005308,33.014765354130567],[-96.702503856112131,33.014755243342485],[-96.702555763693695,33.014744945604249],[-96.702622746627341,33.014731616391494],[-96.702674995955888,33.014721358836944],[-96.702727240129462,33.014711336968183],[-96.702779475882096,33.014701642868722],[-96.702831699980123,33.014692367719498],[-96.702883910261704,33.014683602728262],[-96.702936107779635,33.014675439183804],[-96.702988283975102,33.014667967229343],[-96.703052731771137,33.014659828329982],[-96.703106242724076,33.014654123915513],[-96.703159721337343,33.014649603267323],[-96.703213163350227,33.014646507535801],[-96.703266563463018,33.014645076941491],[-96.703319912186458,33.014645548888915],[-96.703373207372607,33.014648165485127],[-96.703426438429545,33.014653165010309],[-96.703480824924299,33.014660997428372],[-96.703529547445598,33.014670496228909],[-96.703577740408804,33.014682044569227],[-96.703624937450485,33.014695274697509],[-96.703670670255093,33.014709813392109],[-96.703714472680858,33.014725286583086],[-96.703755877385518,33.014741323785323],[-96.703794417057608,33.014757553611254],[-96.703829626591798,33.014773602922311],[-96.703852912939865,33.014784969725994],[-96.703926350255699,33.014826228025839],[-96.703984192522313,33.014865001972566],[-96.70404804282164,33.014907592049298],[-96.704080946099268,33.01492740541412],[-96.704117914382806,33.014948332189938],[-96.704158659177182,33.014970251260678],[-96.704202887924808,33.014993035082867],[-96.70425030904326,33.015016558848508],[-96.704300630853965,33.015040700458037],[-96.70434522173997,33.01506150003199],[-96.704387393715038,33.015080738763672],[-96.704430267172711,33.015099976158837],[-96.704473128514394,33.015118981012691],[-96.70451526845855,33.015137521326707],[-96.704555973532521,33.015155362286841],[-96.704594532181801,33.015172275453459],[-96.704630230964213,33.01518802511152],[-96.704662361602274,33.015202381098028],[-96.704686400300275,33.015213345605552],[-96.704769549932863,33.01525575138173],[-96.70484742976771,33.015302441231007],[-96.704874337294427,33.015318130451135],[-96.704905432965191,33.015335846972668],[-96.704940238414736,33.015355198346562],[-96.704978277516602,33.015375789469509],[-96.705019074175482,33.015397224335693],[-96.705062152199005,33.015419109648128],[-96.705107034418219,33.015441049375021],[-96.705153244702714,33.01546264841479],[-96.705179117856829,33.015474268901308],[-96.705226438386021,33.01549462269486],[-96.705273648803683,33.015513938191141],[-96.705320047624852,33.015532126358863],[-96.705364936482653,33.015549100956974],[-96.705407613730955,33.015564777470054],[-96.705447377819027,33.01557906867513],[-96.705483531482159,33.015591887457767],[-96.705515373105129,33.015603148401752],[-96.705530685957527,33.015608608159788],[-96.705610844634151,33.01564185709524],[-96.705686705638328,33.015691725042664],[-96.705710628595995,33.015708594985774],[-96.705737717993273,33.015727784564341],[-96.705767176855559,33.015748782178015],[-96.705798207007888,33.015771079811174],[-96.705830010337991,33.015794167643286],[-96.705861786589097,33.015817535800849],[-96.705892742971827,33.015840675502425],[-96.705922077051284,33.01586307772488],[-96.705948992884515,33.015884231801934],[-96.705961863920351,33.015894648598909],[-96.706032658651921,33.015962466922062],[-96.706083562261938,33.016062922070226],[-96.706093477372917,33.016092409663933],[-96.70610392544036,33.01612538042771],[-96.706114873025783,33.0161613555236],[-96.70612628892961,33.016199853459277],[-96.706138142895597,33.016240396380518],[-96.706150400477171,33.016282503617035],[-96.706163034664385,33.016325696492778],[-96.706179317944304,33.016380531671331],[-96.706192479319355,33.0164239510462],[-96.706205723249155,33.016467371590892],[-96.70621883535685,33.016510789720762],[-96.706231599121708,33.016554201797256],[-96.706243804484259,33.016597603440864],[-96.706255232747949,33.016640991862126],[-96.706265673916477,33.016684360876134],[-96.706277850707238,33.016743037794697],[-96.706285419720231,33.016788191433157],[-96.706291296380527,33.01683331244547],[-96.706295404508026,33.016878401626634],[-96.706297674480155,33.01692345632236],[-96.706298034466982,33.016968475629767],[-96.706296411534836,33.017013459521785],[-96.706292733917579,33.01705840528993],[-96.70628683924339,33.01710389979457],[-96.706279157328851,33.017147256646204],[-96.706269612596344,33.017190578391947],[-96.706258397926476,33.017233869882389],[-96.706245706296514,33.017277133260038],[-96.706231729484259,33.017320374251483],[-96.706216659395963,33.017363594972124],[-96.706200687874215,33.017406799343249],[-96.70617902484328,33.017462612846828],[-96.706162115148658,33.017504899970213],[-96.706145192547694,33.017547187669493],[-96.706128686935216,33.017589481335769],[-96.70611302697526,33.017631790847183],[-96.706098641364548,33.017674125179276],[-96.706085958960742,33.01771648879398],[-96.706075410509229,33.017758893429345],[-96.706064688513905,33.017821206881855],[-96.70606101525037,33.017865450646703],[-96.706060342044807,33.01790974998881],[-96.706062216629732,33.017954095339867],[-96.706066184497686,33.017998479785859],[-96.706071793347576,33.018042894661065],[-96.706078589805614,33.018087331272703],[-96.706086119425962,33.018131780901271],[-96.706095021021468,33.018182460005534],[-96.706102697671326,33.018227179885059],[-96.706109991676286,33.018271892849249],[-96.706116760482857,33.018316596216245],[-96.70612286046574,33.018361287277493],[-96.706128147999024,33.018405963324156],[-96.706132478385371,33.018450621620744],[-96.706135711245111,33.018495258636619],[-96.706137815035987,33.018543942415121],[-96.706138302982723,33.018588950435159],[-96.706137352535862,33.018633931312273],[-96.706134952913558,33.018678886582514],[-96.706131091350542,33.018723813214017],[-96.706125757000763,33.018768714548287],[-96.706118937131009,33.018813586650545],[-96.706110619791588,33.018858433738068],[-96.70610062789244,33.018903955247886],[-96.706089768787663,33.018946980933272],[-96.706077805564661,33.018989595727106],[-96.706065042477022,33.019031416030209],[-96.706051780692135,33.019072054551309],[-96.706038324433152,33.01911112859429],[-96.706024978051971,33.019148251851966],[-96.706012043661872,33.019183040671741],[-96.705995979773633,33.019225086967552],[-96.705969009200459,33.01929358149917],[-96.705945584617751,33.019349511436324],[-96.705917482853891,33.019411305444024],[-96.705901020616935,33.019446067860883],[-96.705883509423799,33.019484219434588],[-96.705865842808123,33.019526060039496],[-96.70584891238569,33.019571883177179],[-96.705828258406868,33.01964281448295],[-96.705820033754392,33.019680288819508],[-96.705812934695913,33.019719625740436],[-96.705806788434316,33.019760556149478],[-96.705801418734012,33.019802817189117],[-96.705796653805109,33.019846141595465],[-96.705792319682644,33.019890262953773],[-96.705788241265608,33.019934916627676],[-96.705784211573643,33.019980223008922],[-96.705780155506417,33.020025153738501],[-96.705776006173423,33.02007008302423],[-96.705771760359823,33.020115010785325],[-96.70576741809748,33.020159936118887],[-96.705762976107351,33.020204860749708],[-96.705758433413692,33.020249781942411],[-96.705754582607071,33.020287013881926],[-96.705730813448298,33.020286864175674],[-96.705729543472515,33.020428223009652],[-96.705728723365397,33.020526141677372],[-96.705724597136381,33.020564607300081],[-96.70571990497308,33.02060947773515],[-96.70571537997678,33.020654352373633],[-96.705710969341965,33.02070026719975],[-96.705706899628325,33.0207452481636],[-96.705703066769672,33.020790234180254],[-96.705699440825157,33.020835222689435],[-96.705697790873145,33.020856809329679],[-96.705481714118122,33.020855320821546],[-96.705095128403556,33.020852656962624],[-96.705091085728682,33.021092295503657],[-96.705087780626741,33.021306134511981],[-96.705095879771136,33.02131187994226],[-96.705478142613572,33.021313670575985],[-96.70547832256608,33.021292313522011],[-96.705676572039181,33.021293225275706],[-96.705678340864395,33.02133077654932],[-96.705682390113608,33.021375920152472],[-96.705688698089389,33.021421248878227],[-96.705695890085238,33.021458824517218],[-96.705654599351348,33.021458815976843],[-96.705638356104544,33.021472558386606],[-96.705639009470218,33.021595840541579],[-96.705639357105241,33.021661808039369],[-96.705639707955712,33.021727775615076],[-96.705640056695287,33.021793742231061],[-96.705640406475084,33.021859709773722],[-96.70564075628738,33.021925676410582],[-96.705641110917384,33.021993020223768],[-96.705641648729511,33.022094445407554],[-96.70564983649362,33.022101536652535],[-96.705659072376861,33.02210181324638],[-96.705668308132104,33.022102093450719],[-96.705681503912146,33.022101689342414],[-96.705694538584254,33.022099594291689],[-96.705707196371435,33.022095842980171],[-96.705737480442835,33.022064182680793],[-96.70576423761112,33.022029490412443],[-96.705787166335213,33.021992157141106],[-96.705802951859326,33.021959099387772],[-96.705815402914865,33.021924646970689],[-96.705823728884511,33.021891944585072],[-96.705828900805898,33.02185859763582],[-96.705830833355506,33.021821350013639],[-96.705870359048234,33.021863569185285],[-96.705923288444467,33.021890939882006],[-96.705950934399965,33.021900772242958],[-96.705945578838282,33.021926017337151],[-96.705935843548417,33.021960184163866],[-96.705923483107441,33.0219934913315],[-96.705909668592142,33.022023694233496],[-96.705893794070178,33.022052867092022],[-96.705897094908252,33.022066550433927],[-96.705902709007049,33.022079458232831],[-96.705910467695347,33.022091202684024],[-96.705920137869427,33.022101430934654],[-96.705931428996493,33.022109835684944],[-96.705944001843463,33.022116164420751],[-96.705957478668992,33.022120227000158],[-96.705971454572406,33.022121901366155],[-96.705982660958369,33.022123020842493],[-96.706102460824127,33.02199243490351],[-96.706112704975354,33.021981269473059],[-96.706120994659827,33.021969965438849],[-96.70612764671796,33.021957626468847],[-96.706132534103531,33.021944488222374],[-96.706176722834954,33.021952436070606],[-96.706204490043589,33.021957001739565],[-96.706204109909578,33.021997148237759],[-96.70643757624191,33.021996931311719],[-96.706482677048115,33.021997151071915],[-96.706495259380773,33.021999001767647],[-96.706543205685009,33.022006851521205],[-96.706588621481188,33.022015466206852],[-96.706630994451274,33.022025107632892],[-96.706671268494574,33.022036501620292],[-96.706731616279484,33.022060570699061],[-96.706781353504098,33.022091134441261],[-96.706823282294835,33.022129540078126],[-96.706875358215953,33.022200931261331],[-96.70689323862355,33.022232283325643],[-96.706910413408551,33.022266295858245],[-96.706926438594181,33.022302603492044],[-96.706940876568552,33.022340842827433],[-96.706953284456304,33.022380647621944],[-96.70696322253194,33.022421653519487],[-96.706970252044485,33.022463498899519],[-96.706974373139175,33.022526977871365],[-96.706972308625453,33.022569900264592],[-96.706966623194702,33.022612757817086],[-96.706957803589034,33.022655556442047],[-96.706946340678002,33.022698306674073],[-96.706932722148991,33.022741018064295],[-96.706917434682865,33.02278369833131],[-96.706900969183764,33.022826357107178],[-96.70687693960889,33.022885881674362],[-96.706859676117233,33.022928508631466],[-96.706843086831512,33.022971148020069],[-96.706827853540091,33.023013810658775],[-96.706814657872883,33.02305651188022],[-96.706804183732032,33.023099263460111],[-96.70679711180604,33.023142077093269],[-96.7067941248322,33.023184967236794],[-96.706798100613042,33.023245128197793],[-96.706806162160078,33.023283486392707],[-96.706818108407802,33.023321609747889],[-96.706833285624683,33.023359180028521],[-96.706851035790876,33.023395878892181],[-96.706870700853528,33.023431388899326],[-96.706891626069023,33.023465389983308],[-96.706913156596428,33.023497564786155],[-96.706934633306929,33.02352759584263],[-96.706963895747592,33.023566112099438],[-96.707017585965104,33.023630292490481],[-96.707070986884005,33.02368166004451],[-96.707150141201012,33.023741834395175],[-96.707178686476894,33.02376163297577],[-96.707209669648904,33.02378264671362],[-96.707242317497091,33.023804417930855],[-96.707275854464712,33.023826494313106],[-96.707309504146252,33.023848417200483],[-96.70734249214992,33.023869731598694],[-96.707374041939474,33.023889982460595],[-96.707403377041345,33.023908712934144],[-96.707429725139519,33.023925469886706],[-96.707446550539331,33.023936143985814],[-96.707546444242155,33.024042249757116],[-96.70755717629082,33.024065880698082],[-96.707569704996317,33.024093840674517],[-96.707583712714182,33.024125558770272],[-96.707598883878944,33.024160465928809],[-96.707614898637786,33.024197992985975],[-96.707631442591619,33.024237568204043],[-96.707648197965483,33.024278624278665],[-96.707664846103668,33.02432058846211],[-96.707673814439062,33.024343776572763],[-96.707690119944317,33.024387177864561],[-96.7077058303596,33.024430603951039],[-96.70772097481057,33.02447405014312],[-96.707735586741677,33.024517510956592],[-96.707749698398089,33.024560984491536],[-96.707763342120614,33.024604466139571],[-96.707776547099272,33.024647949405932],[-96.707793610284739,33.024706210104419],[-96.70780596601746,33.024750322593768],[-96.707817211232538,33.024794415297883],[-96.70782661171188,33.024838473375773],[-96.707833427749833,33.024882485462939],[-96.707836925189227,33.024926434912906],[-96.707836366433028,33.024970311317908],[-96.707831017321567,33.02501409803093],[-96.707816946699921,33.025067333809808],[-96.707802566695335,33.025102595044316],[-96.707784645684924,33.025137500711523],[-96.707763870375004,33.025171771697956],[-96.70774092097912,33.025205130534061],[-96.70771648095949,33.025237298928985],[-96.707691233811332,33.025267997689355],[-96.707665861863816,33.025296950303783],[-96.707641047543092,33.025323877553049],[-96.707617476459447,33.025348501202075],[-96.707593003469782,33.025373392223372],[-96.707513042656316,33.025450028733843],[-96.70742545352627,33.025519328826213],[-96.707400450145343,33.025538054912758],[-96.707372763005864,33.025558689652314],[-96.707343106632251,33.025580744098697],[-96.707312187984357,33.025603730923081],[-96.707280718246068,33.025627164710713],[-96.707249404443814,33.025650556328621],[-96.707218959939283,33.025673419514526],[-96.707190092801284,33.025695266066563],[-96.707163511035901,33.025715609589078],[-96.707140000913782,33.025733904211101],[-96.707065271708245,33.025799520007837],[-96.70701271320641,33.025866631103504],[-96.706995134553139,33.025890741172645],[-96.706975092513062,33.02591847138617],[-96.706953118406503,33.025949417648512],[-96.706929741411045,33.025983175810303],[-96.706905487426155,33.026019343447281],[-96.706880888910291,33.026057514686251],[-96.706856471733246,33.026097288006568],[-96.70683209395537,33.026139460409929],[-96.706810531796663,33.026179393153335],[-96.706790097888955,33.026219572023727],[-96.706770768047448,33.026259529263434],[-96.706752521366951,33.026298795390019],[-96.706735336814262,33.02633690453218],[-96.706719190269837,33.026373387126654],[-96.706704062940176,33.026407774647737],[-96.706684630035568,33.026451334557777],[-96.706653295951412,33.026517393395821],[-96.706626303384908,33.026571387481667],[-96.70659537960853,33.026636368711316],[-96.70658039504481,33.026672022102829],[-96.706566353696076,33.026710025923812],[-96.706554333819952,33.026749283236519],[-96.70654541916312,33.026788693627353],[-96.706540290490636,33.026836288953895],[-96.70654380813923,33.026885010696709],[-96.706555749802533,33.026931234434059],[-96.706574268177462,33.026976752493837],[-96.706593734704896,33.02701609765225],[-96.706613552968477,33.0270535993157],[-96.706634779432875,33.027093649234423],[-96.706656932739165,33.027137239178913],[-96.706679536790972,33.02718536376284],[-96.706701674897701,33.027237920420923],[-96.706715009987022,33.027273096783411],[-96.70672788164083,33.027310333394738],[-96.706740002885581,33.027349343833642],[-96.706751094472878,33.02738983554822],[-96.706760870563301,33.027431520338787],[-96.706769050707123,33.027474109237744],[-96.706775349159713,33.02751731133727],[-96.70678022068553,33.027573145715941],[-96.706781224474412,33.027617803173904],[-96.706779675135664,33.027662224755609],[-96.706775677915175,33.027706225163286],[-96.706769338122996,33.027749617293438],[-96.706760762077423,33.027792215874925],[-96.706750052881816,33.027833835555754],[-96.706737318054977,33.027874287480628],[-96.706721495212477,33.027916248440235],[-96.706701203285505,33.027961187260445],[-96.706678083426681,33.028003655068382],[-96.706651931962909,33.028043436208023],[-96.706622548372721,33.028080316909424],[-96.706589727912217,33.028114081488766],[-96.706553271164566,33.028144515299381],[-96.706525534050456,33.028163687505447],[-96.70648530476754,33.02818673456548],[-96.706442868867484,33.028206758777486],[-96.706399549695334,33.028224011178771],[-96.70635667374799,33.028238744695017],[-96.706315563139924,33.02825121485391],[-96.706277544368575,33.028261674584321],[-96.706240491002276,33.02827125590774],[-96.706156159738455,33.028293171210827],[-96.706063468917719,33.028318757091171],[-96.706031792655352,33.028327674822364],[-96.705995869191284,33.028338000126922],[-96.705956495581091,33.028349700639502],[-96.705914470928306,33.028362746757985],[-96.705870594400238,33.028377107075293],[-96.705825664125314,33.028392749255566],[-96.705780479239792,33.028409642796703],[-96.705735838976651,33.028427754489172],[-96.705713913941054,33.028437284254068],[-96.705664891072587,33.028460531863438],[-96.70561906966185,33.028485546054213],[-96.705577300176131,33.028512512672314],[-96.70554043210818,33.028541614828981],[-96.705509313816464,33.02857303741461],[-96.705484792557471,33.02860696619539],[-96.705463997255549,33.028655795613673],[-96.705458118076081,33.028690108363442],[-96.705457730536452,33.028726217310506],[-96.705462067096832,33.028763776053445],[-96.705470355993654,33.028802436276955],[-96.705481826565972,33.028841848789718],[-96.705495711206837,33.028881668995261],[-96.705511239284647,33.028921546799687],[-96.705527640070216,33.02896113481787],[-96.70553689272127,33.028982987437793],[-96.705556427158271,33.029028980213198],[-96.70557524073854,33.029073279620604],[-96.705593081836682,33.029115388689192],[-96.705609702201841,33.029154806015427],[-96.705624846928387,33.029191036353531],[-96.705638265621033,33.029223578246253],[-96.705651103109105,33.029255449521415],[-96.705674343360769,33.029322000587932],[-96.705679088848612,33.029363822726502],[-96.705674908906076,33.029404366804179],[-96.705656672234042,33.029486170654373],[-96.705647624341012,33.029519244404689],[-96.705635698619801,33.029556489870828],[-96.705619674750395,33.029597654078437],[-96.70559833565693,33.029642483230376],[-96.705570460133416,33.029690718906508],[-96.705542312853467,33.029732034475714],[-96.705519818992613,33.029761505389928],[-96.705495205523661,33.029791490431862],[-96.705469057159576,33.029821593180344],[-96.705441952215992,33.029851416150173],[-96.705414473264767,33.029880562867085],[-96.705387201839343,33.029908635927725],[-96.705360720545826,33.029935237956145],[-96.705335608680357,33.029959974204303],[-96.70531244995486,33.029982446421485],[-96.705283517256618,33.03001020659903],[-96.70514908554884,33.03011554962616],[-96.705125766830974,33.030130429550013],[-96.705099027131823,33.030147523918025],[-96.705069624850893,33.030166378332197],[-96.7050383183565,33.030186539298057],[-96.705005864978219,33.030207552391971],[-96.704973023054634,33.03022896502349],[-96.704940550989676,33.030250322797407],[-96.704909207188678,33.030271171319391],[-96.704879747850512,33.030291057947345],[-96.704848102545469,33.030312906357416],[-96.704758892832274,33.030383676414168],[-96.704686803296411,33.030467779302633],[-96.704667825550601,33.030492249586125],[-96.704646977387071,33.030519281433449],[-96.704624701663377,33.030548213724941],[-96.70460144653272,33.030578387281402],[-96.704577655862494,33.030609142816331],[-96.704553774657128,33.030639819264827],[-96.704530246754459,33.030669758243796],[-96.704507518201169,33.030698299618869],[-96.704478808754715,33.03073354503784],[-96.704422851654812,33.030798294265864],[-96.704376339569762,33.030849670548307],[-96.704332643004747,33.030900871883588],[-96.704310258599392,33.030929445375037],[-96.70428664213334,33.030961453979728],[-96.704262214846494,33.030996695052195],[-96.704237401322828,33.031034962416882],[-96.704212620692417,33.031076052472194],[-96.704188295397444,33.031119758989441],[-96.70417330041505,33.031148732539158],[-96.704155045589218,33.031186506212826],[-96.704137502636101,33.031225560995367],[-96.704120652988664,33.031265724740337],[-96.704104475025218,33.031306820706526],[-96.704088953362415,33.031348677731039],[-96.704074067386415,33.031391120905248],[-96.70405980077048,33.031433975428293],[-96.704042024123524,33.0314904154381],[-96.704028851851561,33.031534443227308],[-96.704016258632777,33.03157823439112],[-96.704004228622722,33.03162154004773],[-96.703992741593893,33.031664113915632],[-96.703981777447069,33.031705706102386],[-96.703971319138091,33.031746071310245],[-96.703961347671552,33.031784958770942],[-96.703950549087338,33.031827174971433],[-96.703936509378408,33.031881624442548],[-96.703923548519526,33.031931332890387],[-96.703911624964206,33.031976594739355],[-96.703900698364933,33.032017700829691],[-96.703889405668875,33.032059873864029],[-96.703875011479411,33.032115363452384],[-96.70386464080012,33.032168075496195],[-96.7038596450966,33.032226906273962],[-96.703859712681492,33.032263170264756],[-96.703861364116463,33.032301717689435],[-96.703864075936877,33.032341066161329],[-96.703867328964151,33.032379733401825],[-96.703871948193182,33.032431629931537],[-96.703876569470665,33.032495476293896],[-96.703879677790695,33.032561694415612],[-96.703881505089839,33.032610255159888],[-96.703882656548444,33.032641879449884],[-96.703883878552759,33.032676837899587],[-96.703885105547911,33.032714649964404],[-96.70388627276229,33.032754843251361],[-96.703887317791853,33.032796939102354],[-96.703888174888931,33.032840462389451],[-96.703888780481506,33.032884937135705],[-96.703889069623472,33.032930379778414],[-96.703888986364788,33.032975464268553],[-96.703888535397894,33.033020542214857],[-96.703887732798592,33.033065614021929],[-96.703886594674614,33.03311067919153],[-96.703885135998235,33.033155739003995],[-96.70388337180546,33.033200792934124],[-96.703881319244005,33.033245841413461],[-96.703878991014562,33.033290889279485],[-96.703876415961531,33.03333581888959],[-96.703873641649963,33.033380347718499],[-96.703870731564876,33.033424077079992],[-96.703867745976083,33.033466608207355],[-96.703864745089575,33.033507544139198],[-96.703861789079454,33.033546488817052],[-96.703858939287869,33.033583043501245],[-96.703856237630319,33.033617054735423],[-96.703850806777979,33.033684008483284],[-96.703846101977589,33.03374001833263],[-96.703839495152749,33.03381499423412],[-96.70383553870667,33.033855953095738],[-96.703829850310427,33.033900376048486],[-96.703820982979224,33.033949378736679],[-96.703807487612508,33.034004075847037],[-96.703797633030959,33.034036785734656],[-96.703786034505939,33.034070908296947],[-96.703772517228273,33.034106865621389],[-96.703757134600238,33.034144361775304],[-96.703739937816508,33.034183102577472],[-96.703720981255387,33.034222794830455],[-96.70370031507214,33.034263143423267],[-96.703677993773738,33.034303851547335],[-96.70364182103242,33.034364470122469],[-96.703616979060982,33.034402841407406],[-96.70359124051447,33.034440479914529],[-96.70356508917429,33.034476993017229],[-96.703539008983455,33.0345119835753],[-96.703513485837348,33.034545059919708],[-96.703489003681156,33.034575824911165],[-96.703466047404689,33.034603885048774],[-96.703445101962316,33.034628845026482],[-96.703428046965925,33.034648703747649],[-96.703370834018699,33.034712418757167],[-96.703315856578158,33.034779278420267],[-96.703298918001508,33.034801811018681],[-96.703280076746552,33.034827841351678],[-96.703259975202798,33.034856950967274],[-96.703239254752802,33.034888719581367],[-96.703218561003581,33.034922728823588],[-96.703198537355362,33.034958562075623],[-96.703179825194795,33.034995799054649],[-96.703163070100658,33.035034022294305],[-96.703146368316467,33.035080872388747],[-96.703134797000544,33.035125526715404],[-96.703127100047126,33.035170251448228],[-96.703122724166832,33.035215039890431],[-96.703121115285754,33.035259877192843],[-96.703121719072598,33.035304755728347],[-96.703123983434722,33.035349665215222],[-96.703127353095113,33.035394594388066],[-96.703131430263639,33.035441291588945],[-96.703135371847068,33.035486246899907],[-96.703138918921653,33.035531194990504],[-96.703141702696826,33.035576129289275],[-96.703143352269734,33.035621042268168],[-96.703143498848377,33.035665927355794],[-96.703141772536313,33.035710778856576],[-96.703137802460517,33.035755588339384],[-96.703130925025746,33.035801976377066],[-96.703121970910942,33.035844277689478],[-96.703110767663816,33.035886536848203],[-96.703097744060898,33.035928762837685],[-96.703083337549842,33.035970962149939],[-96.703067977916433,33.036013145602162],[-96.703052099426571,33.036055318702871],[-96.703036135179133,33.03609748964228],[-96.703013061588862,33.036160500556356],[-96.702998057209896,33.036204521770173],[-96.702983914697882,33.036248560156807],[-96.702970412193011,33.036292610132179],[-96.702957334233631,33.036336667176833],[-96.702944457823136,33.036380727485039],[-96.702931568474867,33.03642478927248],[-96.702918443287487,33.036468846024889],[-96.702902883873989,33.036519165611033],[-96.702888887300048,33.036562111619375],[-96.702874033019896,33.036605043264593],[-96.702858129244603,33.036647953911732],[-96.702840987208276,33.036690842423248],[-96.702822413985686,33.036733703942566],[-96.702802220842074,33.036776536429088],[-96.702780216995237,33.036819335079805],[-96.70274733800494,33.036876995727148],[-96.702724121561687,33.036914028866939],[-96.702699698028582,33.03695064488798],[-96.702674559393529,33.036986462216326],[-96.70264920206084,33.037021095775408],[-96.702624119220403,33.037054160408147],[-96.702599806143184,33.037085272817322],[-96.702576758196855,33.037114046997786],[-96.702555469518174,33.037140101431596],[-96.702536434404607,33.037163050087258],[-96.702526110914235,33.03717539414496],[-96.702396101812042,33.03728789245428],[-96.70237216174894,33.037303168257026],[-96.702344878429571,33.037320544728324],[-96.702314996231806,33.037339571651557],[-96.702283258526563,33.037359796978244],[-96.702250410733669,33.037380771422775],[-96.702217197233963,33.037402044770459],[-96.702184362538063,33.037423163196323],[-96.702152648822022,33.037443678238787],[-96.702122803750072,33.037463137960941],[-96.702091230862109,33.037483976398939],[-96.702000049250572,33.037552863261197],[-96.701945140844472,33.037632694805019],[-96.701931810124051,33.037659975053458],[-96.701917698327449,33.03769094570297],[-96.701902959481856,33.037725105534193],[-96.701887748590579,33.037761956063179],[-96.701872219649573,33.037800996973559],[-96.701856526719567,33.037841726143512],[-96.701840822597774,33.037883646840882],[-96.701819611777154,33.037941985040852],[-96.701804236014539,33.037985443747345],[-96.70178916436457,33.038028826979662],[-96.701774333162831,33.038072054524008],[-96.70175968624757,33.038115046355713],[-96.701745157938745,33.038157718595897],[-96.701730690938561,33.038199992998408],[-96.701716220638673,33.038241785711207],[-96.701698132376848,33.038292963988198],[-96.701681675932505,33.038338244170141],[-96.701665337925306,33.038382121373026],[-96.70164941094437,33.038424029196015],[-96.701634187643677,33.038463399432963],[-96.701619963797398,33.038499666667242],[-96.701607030925004,33.038532264471556],[-96.701592251549428,33.038569161056614],[-96.701562448570144,33.03863713990927],[-96.701516537092672,33.038710427319529],[-96.701500416249516,33.038733886526195],[-96.701481931833683,33.038760374622491],[-96.701461492800775,33.038789250429978],[-96.7014395069709,33.038819874548878],[-96.701416381125497,33.038851606650063],[-96.701392523086852,33.03888380733423],[-96.70136834288607,33.038915835451029],[-96.701344247276083,33.038947051575043],[-96.7013156712067,33.038982966386691],[-96.7012734944133,33.039032872955474],[-96.701239051580743,33.039069322206615],[-96.701232177483064,33.039076597240069],[-96.701189053699181,33.039115916275328],[-96.701141449810393,33.039152609638791],[-96.701093935954361,33.039184015743352],[-96.701059019137162,33.03920492332233],[-96.701022034270821,33.039226336313433],[-96.700984076841465,33.039248521750871],[-96.700946242367962,33.039271745767188],[-96.700909628417349,33.039296277258643],[-96.700875330477857,33.039322383263041],[-96.700844446150327,33.039350331775957],[-96.700808130171907,33.039394419517208],[-96.700789135596992,33.039429587022354],[-96.700775991405678,33.039467158091483],[-96.700767851550822,33.039506789745701],[-96.700763868720372,33.039548144395013],[-96.700763194818222,33.039590876296955],[-96.700764981458263,33.039634647833786],[-96.700768383693116,33.039679115149141],[-96.700772764003858,33.039726159686325],[-96.700776926419238,33.039771092508701],[-96.700780669941494,33.039815797922046],[-96.700783700069024,33.039860049844826],[-96.700785718076844,33.039903620282132],[-96.700786429430451,33.039946284055233],[-96.700785539562673,33.039987816888178],[-96.700782749811125,33.040027988980547],[-96.700777551080236,33.040067874506555],[-96.700766898620316,33.040117147218027],[-96.700752354626374,33.040163019361813],[-96.700734600612236,33.040205422262602],[-96.700714318157623,33.040244285439599],[-96.700692195371573,33.04027953586597],[-96.700670360456868,33.040309276333268],[-96.700632257820772,33.040353394004015],[-96.70059361436121,33.040395308688645],[-96.700555196506258,33.040442319763393],[-96.700527717773696,33.040484078310918],[-96.700511214916204,33.040514111177302],[-96.700495170848328,33.040547296410168],[-96.700479726264248,33.040583206549876],[-96.700465024002256,33.040621414190916],[-96.700451208069452,33.040661489246666],[-96.700438423416941,33.040703005268441],[-96.700426809701568,33.040745533867359],[-96.70041370397108,33.04080162091374],[-96.700404949253183,33.040846475931531],[-96.700397355080526,33.040891095433835],[-96.700390461058234,33.040935212113595],[-96.70038381530081,33.040978560685069],[-96.700376960563162,33.041020875727604],[-96.70036944177491,33.041061890971555],[-96.700360801753462,33.041101339190654],[-96.700350531918971,33.041139131674178],[-96.700333268278854,33.04118783570469],[-96.70031298641608,33.041232713887069],[-96.700290574879887,33.041273970220011],[-96.700266913871062,33.041311802167236],[-96.700242891974369,33.041346412825611],[-96.700224449629332,33.041371328661512],[-96.700187666276875,33.04141803381291],[-96.700148592410244,33.041462262396124],[-96.700101788587475,33.041508977138179],[-96.700068583581128,33.041539501801594],[-96.700041084541596,33.041563690692485],[-96.700010795076565,33.041589088738775],[-96.699977894485585,33.041615027295279],[-96.699942561157414,33.041640833176245],[-96.699904974425735,33.041665836833971],[-96.699865313689742,33.041689366915392],[-96.699823755102443,33.041710752889365],[-96.699761930119479,33.041736091913698],[-96.699714119950031,33.0417503258167],[-96.699664892047707,33.041760919641597],[-96.699614448559373,33.041768404357697],[-96.699562990623321,33.041773309102105],[-96.699510721552713,33.041776162163266],[-96.699457843555749,33.04177749270589],[-96.699404559847324,33.041777831727266],[-96.699351040477623,33.041777707582497],[-96.699297584347548,33.04177758500937],[-96.699244470812204,33.041777663507332],[-96.699192041623078,33.041778077284491],[-96.699140642786872,33.041778961560198],[-96.699090615014597,33.04178044961381],[-96.699042302200908,33.041782675708944],[-96.698996048175914,33.041785775915137],[-96.698952101053777,33.041789892926175],[-96.698887318230163,33.041798767140392],[-96.698828757666206,33.041810209756115],[-96.69877558358057,33.041823859976802],[-96.698726961360819,33.04183935432259],[-96.698682392858885,33.041856189605575],[-96.698630939945858,33.041878977582883],[-96.698582083724219,33.041905284429632],[-96.69853404825173,33.041936933974306],[-96.698482198781392,33.041978218833144],[-96.69845271208905,33.04200492073209],[-96.698422619508236,33.042034543958252],[-96.698392267673285,33.042066964422773],[-96.698362000099749,33.042102055247653],[-96.698332162383409,33.042139691414782],[-96.698303098009191,33.04217974694955],[-96.698274933131728,33.042222445503192],[-96.698252833935754,33.042259166207693],[-96.698231770240383,33.042296936752876],[-96.698211765363084,33.042335312266616],[-96.698192848796154,33.042373855261019],[-96.698175045969606,33.042412121820853],[-96.698158381081299,33.042449672517598],[-96.69814288381734,33.04248606444704],[-96.69812252873524,33.042535893810452],[-96.698100183448659,33.0425931229423],[-96.698081335864671,33.042643972475105],[-96.698065269756242,33.042689729113143],[-96.698051267756924,33.042731681338367],[-96.698043978386536,33.042754251307805],[-96.698028656228772,33.042802469041057],[-96.698012174176213,33.042852653521187],[-96.697991913740807,33.042909536702375],[-96.697974833273832,33.042953977456605],[-96.697961958543985,33.042985881467331],[-96.697947589220846,33.043019993174148],[-96.697931768162817,33.043055770611183],[-96.697914535044802,33.043092670828784],[-96.69789593171798,33.043130150028595],[-96.697875999969966,33.043167666217848],[-96.697854781556558,33.043204678306459],[-96.697821436536728,33.043256886355017],[-96.69779100491948,33.04329865931637],[-96.697759460946912,33.043337649245103],[-96.697727555882409,33.043373969049881],[-96.697696044045969,33.043407736235061],[-96.697665674623423,33.043439061851274],[-96.697637197648945,33.043468063295983],[-96.697617475328016,33.043488421411354],[-96.697573629547691,33.043538112981203],[-96.697542037648148,33.043587864970917],[-96.697517514838367,33.043672084732691],[-96.697514149510511,33.043704229323325],[-96.697512511992215,33.04373895469481],[-96.697512416533286,33.043775238744807],[-96.697513677415145,33.043812058468177],[-96.697516109015652,33.043848388151559],[-96.697519525519368,33.043883207498212],[-96.697523741303186,33.043915490795108],[-96.697528720107329,33.043944990453618],[-96.697559789924682,33.044018305045903],[-96.697641089481181,33.044042585054747],[-96.697673909427323,33.044043924725145],[-96.697711795773373,33.044044014158956],[-96.697754025328337,33.044043067339018],[-96.697799882340362,33.044041300243258],[-96.697848645634252,33.044038930520784],[-96.697899594195675,33.044036171307653],[-96.697952008994108,33.044033240308821],[-96.698007656148789,33.044030221796405],[-96.698061160291019,33.044027671507706],[-96.698114640189289,33.04402604493761],[-96.698168078044702,33.044025994014675],[-96.698221459146936,33.044028174359504],[-96.69827476472426,33.044033235165202],[-96.698327978997554,33.044041832025414],[-96.698381082029925,33.044054616814648],[-96.698434820177141,33.044072535405007],[-96.698473725460076,33.044088938038001],[-96.698512241513953,33.044107811147157],[-96.698550056291751,33.044128637255447],[-96.698586858848941,33.044150898010422],[-96.698622337232422,33.044174073227559],[-96.698656182607195,33.044197645511836],[-96.698688080809575,33.04422109643091],[-96.698717720890798,33.044243907633614],[-96.698744791965254,33.044265558963474],[-96.698768982986195,33.044285534777963],[-96.698787513232347,33.044301205193662],[-96.698853903575468,33.044367172567455],[-96.698879528320347,33.044435970887371],[-96.698886323907431,33.044461937216845],[-96.698893825254785,33.044491925043786],[-96.698901502656298,33.044524990343817],[-96.698908824165102,33.04456019174679],[-96.698915264200224,33.044596589850684],[-96.698920291948539,33.044633241507157],[-96.698923378643258,33.044669206330639],[-96.698923737796491,33.044711009955016],[-96.698915646471377,33.044766967379225],[-96.698896925559495,33.044815580196804],[-96.698867643836465,33.044859049423515],[-96.698806916100565,33.044917155557812],[-96.698774605009049,33.044941557217555],[-96.698739461721487,33.044965713108944],[-96.698702597914576,33.044989285299117],[-96.698665119779051,33.045011939332447],[-96.698628134611397,33.045033339878771],[-96.69859275295714,33.045053150787425],[-96.698553347901239,33.045074688210256],[-96.698475837332595,33.045113555324427],[-96.698353908059758,33.045142438003914],[-96.698317819812033,33.04514559723598],[-96.698277400432914,33.045148002150128],[-96.698233266507671,33.045149782132427],[-96.698186036893674,33.045151063012227],[-96.698136330351971,33.045151973327982],[-96.698084765579324,33.045152643424402],[-96.698031958281021,33.045153197246712],[-96.697978414508228,33.045153765012664],[-96.697924948324584,33.04515453440122],[-96.697871623939776,33.045155932611841],[-96.697818582701103,33.045158450231206],[-96.697765969298715,33.045162574316315],[-96.697713928389732,33.045168792827077],[-96.697662603494095,33.045177595502182],[-96.697612138195254,33.045189470274885],[-96.697562222935559,33.045205067140664],[-96.697518859866435,33.045222255899539],[-96.697476693893577,33.045242287632341],[-96.697436000500232,33.045264746414894],[-96.697397052115477,33.045289211728516],[-96.697360122081164,33.045315267595591],[-96.69732548494062,33.045342494454751],[-96.697293414134251,33.045370473620572],[-96.697264181999557,33.045398787283503],[-96.697239851134597,33.045424974621817],[-96.697203312396681,33.045470746239992],[-96.697174598188312,33.045514791421262],[-96.697152311991161,33.045556678294822],[-96.697135052932069,33.04559597668537],[-96.697116754910908,33.045645579378359],[-96.697098311726236,33.045703279803625],[-96.697086319656009,33.045760738074804],[-96.697081561230448,33.045821927035263],[-96.697081333460446,33.04585498647856],[-96.697082120368719,33.045890558124114],[-96.69708368215916,33.045927329365888],[-96.697085776730773,33.045963992057679],[-96.69708816529436,33.045999235426123],[-96.697090604740296,33.046031749492897],[-96.697093102695348,33.046063311769323],[-96.697098245586318,33.04613120544488],[-96.697102654349834,33.046204208357743],[-96.697104197540483,33.046231572976403],[-96.697105869199049,33.046262748469999],[-96.697107528464016,33.046296566587458],[-96.697109032233712,33.046331861731872],[-96.697110239678182,33.046367464749693],[-96.697111009774773,33.046402211903867],[-96.697111201725178,33.046434933138279],[-96.697110651607176,33.046464988208278],[-96.697098828473017,33.046549896591209],[-96.697066857621095,33.046624429131271],[-96.697052538297527,33.0466532154025],[-96.697035923987826,33.046686018900814],[-96.697017062132318,33.046722440540627],[-96.696996004426936,33.046762082247163],[-96.696972801527636,33.046804545015867],[-96.696947501946624,33.046849429788061],[-96.696928362542295,33.04688242983169],[-96.696907197220895,33.046918034377526],[-96.696885254162751,33.046954148800545],[-96.696862873451323,33.046990320855691],[-96.696840387828203,33.047026093594994],[-96.696818140658564,33.047061013049387],[-96.696796464557536,33.047094625882615],[-96.696775698604625,33.047126478018029],[-96.69675618194421,33.047156113573692],[-96.696738031687303,33.047183407196549],[-96.696688235950944,33.047255121018246],[-96.696640686022661,33.04731236930877],[-96.696600636732114,33.047352863015028],[-96.696575456115156,33.047376617162421],[-96.696547474975347,33.047402250585499],[-96.696517458050479,33.047429196150908],[-96.696486172159112,33.0474568885857],[-96.696454378794016,33.047484761579561],[-96.696422844809192,33.047512248958071],[-96.696392336020466,33.047538783617945],[-96.696368590958571,33.047559455714193],[-96.69631738051639,33.04760434745247],[-96.696271593396986,33.047644955684653],[-96.696227256007106,33.047684710446696],[-96.69618207079192,33.047725527189868],[-96.696152105897042,33.047752723367601],[-96.696120429676668,33.047781791943059],[-96.696087528640533,33.047812568085391],[-96.696053890370905,33.047844886991022],[-96.696020002386888,33.04787858566263],[-96.695986351296909,33.047913496562337],[-96.695961739919809,33.047940181662362],[-96.695930474983399,33.047975753599587],[-96.695900522662171,33.0480115529014],[-96.6958721679093,33.048046928054895],[-96.69584569356752,33.048081226590568],[-96.695821381248038,33.048113800525847],[-96.695799513795563,33.048143997391634],[-96.695781661721526,33.048169318679619],[-96.695736013531615,33.048237956173111],[-96.695677702109663,33.048333561079026],[-96.695661471973793,33.048360275898531],[-96.695643435780198,33.048389867298489],[-96.695623889306589,33.048421862040598],[-96.695603130346868,33.048455790551905],[-96.695581456888036,33.04849117784304],[-96.695559164613698,33.048527553384694],[-96.695536550376403,33.048564443966377],[-96.695513909893535,33.048601378156469],[-96.695493572947868,33.048634570042893],[-96.695466574028842,33.04867866258104],[-96.695440656682337,33.048721032185298],[-96.695416069297551,33.048761271288122],[-96.695393062440303,33.048798971473545],[-96.695371886677094,33.048833724325725],[-96.695352792606727,33.048865120526145],[-96.695333003390388,33.048897750628598],[-96.695290373283598,33.048969987991292],[-96.695247587226973,33.049050831493354],[-96.695234066382952,33.049077472736194],[-96.695218942909449,33.049107574871478],[-96.695202478588229,33.049140685490109],[-96.69518493539401,33.049176346766785],[-96.695166572965633,33.049214106238566],[-96.695147653246948,33.049253506983192],[-96.695128438053999,33.049294095689518],[-96.695109189300169,33.04933541633828],[-96.695097846676873,33.049360118341056],[-96.695078653495159,33.049402590626435],[-96.69505991322373,33.049444877356237],[-96.695041679996663,33.049486783822204],[-96.695024006876395,33.049528115289277],[-96.695006947901106,33.049568679757677],[-96.694990558309598,33.0496082816437],[-96.694974890028561,33.049646727990734],[-96.694954051759964,33.049698797999049],[-96.694933893927725,33.049750258093461],[-96.694915576335148,33.049798031975641],[-96.694899038214928,33.049842048538906],[-96.694884217663287,33.049882238454998],[-96.694871056023629,33.049918531573809],[-96.69486349124152,33.049939636885206],[-96.694841107562695,33.05000118604864],[-96.694814568528216,33.050064301970309],[-96.694789236488191,33.050116559457663],[-96.694774566696353,33.050145028482646],[-96.694758024475433,33.050176187168468],[-96.694739837502652,33.050209576825367],[-96.694720231375811,33.050244736904062],[-96.694699433805241,33.050281207812191],[-96.694677670389851,33.050318529000776],[-96.694655166633197,33.050356242629228],[-96.694632149272138,33.050393886370401],[-96.694614507495103,33.050422081606698],[-96.694587294129008,33.050464424638534],[-96.694560264867178,33.050505210946838],[-96.694533763329702,33.050544070607316],[-96.694508129857184,33.050580635420395],[-96.694483703687297,33.050614538062447],[-96.694460829546586,33.050645407734365],[-96.69443984774567,33.050672877140038],[-96.694429792038491,33.050685703443591],[-96.694369113989964,33.050757274547834],[-96.694298383818477,33.050837043940895],[-96.694278349389378,33.050860560629808],[-96.694256427489819,33.050886676234391],[-96.694233106045985,33.050914824783192],[-96.694208872041841,33.050944436667102],[-96.694184210350329,33.050974941320298],[-96.694159607893468,33.051005770939952],[-96.694135553802383,33.051036355972037],[-96.694112530745741,33.051066127603548],[-96.694091027792936,33.051094518086792],[-96.694079856531332,33.051109565187822],[-96.694035655670291,33.05117215663509],[-96.694001767284234,33.051224567593408],[-96.693972605164262,33.051272453479712],[-96.693954516914928,33.051302240278105],[-96.693932795662207,33.051337094755546],[-96.693908815687919,33.051374698705033],[-96.69388232869079,33.051415637694852],[-96.693853090495381,33.051460501914733],[-96.693810728995572,33.051525395899517],[-96.69378975810919,33.051557582985822],[-96.693767977602633,33.051591023664301],[-96.693745726471562,33.051625146400298],[-96.69372334257622,33.051659381438043],[-96.69370116264183,33.051693160800376],[-96.693679525731284,33.051725911148097],[-96.693658768475402,33.051757067212769],[-96.693639229971069,33.051786054753016],[-96.693621148449466,33.051812450588081],[-96.693567771603398,33.051886518688278],[-96.693501298410112,33.051975180429864],[-96.693481406449877,33.052003092816726],[-96.693459672866098,33.052034575693199],[-96.693436472630253,33.052069343056118],[-96.693412184809333,33.052107114427301],[-96.693387185351639,33.052147606539179],[-96.693361853357814,33.052190538011487],[-96.693340706947382,33.052228070598971],[-96.693320576753678,33.052265387579297],[-96.693300750078166,33.05230346127221],[-96.693281295692344,33.052341806392008],[-96.693262283376328,33.052379939485384],[-96.693243782942531,33.052417376196495],[-96.693225865243932,33.052453633099404],[-96.693208602270104,33.052488224989816],[-96.693192061723067,33.052520666555139],[-96.693184005813436,33.052536079538811],[-96.693150851242976,33.052595790604926],[-96.693119723044376,33.052646076217279],[-96.69308859668341,33.052691606404366],[-96.693060854783539,33.052729738685272],[-96.693035827440099,33.052763378282513],[-96.693008964928396,33.052799501534196],[-96.692980285464373,33.052838681759305],[-96.692949808206308,33.052881495914484],[-96.692902154483249,33.052951671954965],[-96.692880915763951,33.05298440238991],[-96.692859278020819,33.05301869675877],[-96.692837504070013,33.05305419484813],[-96.692815863096385,33.053090538412739],[-96.692794622173508,33.053127368250443],[-96.692774046199688,33.053164326008208],[-96.692754402314435,33.053201050678929],[-96.692735957529251,33.053237184866639],[-96.692721486794682,33.053267023035382],[-96.692698794048241,33.053317508827043],[-96.692679502955841,33.053364908068914],[-96.69266324608239,33.053408933189068],[-96.692649659336212,33.053449293085478],[-96.692638374336568,33.053485696547376],[-96.692629663527853,33.053515614147095],[-96.692612347679741,33.053581791423234],[-96.692604060724065,33.053643326411155],[-96.69260614114495,33.053688841784442],[-96.69261715876155,33.053773797472438],[-96.692621645658875,33.053807893803558],[-96.692626459347309,33.05384634362499],[-96.69263150368576,33.053888924039462],[-96.692636687956877,33.053935410479703],[-96.692641919202813,33.053985581032485],[-96.692645441505775,33.054021546877919],[-96.692649035530209,33.054060682429437],[-96.692652381806369,33.054101261946343],[-96.692655288237376,33.054143075470122],[-96.692657559477965,33.054185913863925],[-96.692659003430592,33.054229567169308],[-96.692659430108918,33.054273826384772],[-96.6926586441664,33.054318482373439],[-96.692656363129203,33.054364658363475],[-96.692652647202479,33.05440903527613],[-96.692647674217099,33.054452736213143],[-96.692641766525227,33.054495115131466],[-96.692635246415279,33.054535527793732],[-96.692628433057067,33.054573327173181],[-96.692621650948965,33.054607867281291],[-96.692615219197876,33.054638502897113],[-96.692608954718466,33.054666820575228],[-96.692527277638675,33.054792924713595],[-96.692506864818611,33.054811451102196],[-96.692483605854548,33.054832436519099],[-96.69245812971495,33.054855302296176],[-96.692431060984859,33.05487947236572],[-96.692403028570453,33.05490436986593],[-96.692374659331747,33.054929415173255],[-96.692346578929516,33.054954032248531],[-96.692319417410403,33.054977642453345],[-96.692293797285984,33.054999667862937],[-96.692263109305244,33.055025587083804],[-96.692179302061973,33.055087182393166],[-96.692088832054139,33.055127908780989],[-96.692059172017622,33.055139840536455],[-96.692025723364296,33.0551533681002],[-96.691989381833309,33.055168255666231],[-96.691951045244238,33.055184269289235],[-96.691911611417424,33.055201175024663],[-96.691871976030257,33.055218738874906],[-96.69183303368915,33.055236726816347],[-96.691795684329279,33.055254905864615],[-96.691762817010542,33.055271962904165],[-96.691703318893758,33.055307179564281],[-96.691654862264102,33.055343794524767],[-96.691615737907654,33.055384217812886],[-96.691584229068837,33.055430860164599],[-96.691569055344402,33.055461075283475],[-96.691555490756087,33.055494252255585],[-96.691543014797347,33.055530213488673],[-96.691531128568926,33.055568536166696],[-96.691519339635377,33.055608796733168],[-96.691507151336793,33.055650569717471],[-96.691494068020603,33.0556934314817],[-96.691479595105079,33.055736958414606],[-96.691462115887447,33.055783523108083],[-96.691444857684132,33.055823850658939],[-96.691426074890217,33.055863511729854],[-96.691406316058064,33.055902016888041],[-96.691386124252659,33.055938880176598],[-96.691366045788513,33.05597361481756],[-96.691346624869666,33.056005733076326],[-96.691328406741022,33.056034748148512],[-96.691311937784619,33.056060171451662],[-96.691301634449516,33.056075734457131],[-96.691183984142398,33.056172478747939],[-96.691157118640817,33.056185016689739],[-96.691125737178837,33.056199476303739],[-96.691090390358312,33.056215461274661],[-96.69105162868523,33.056232577995559],[-96.691009999418171,33.056250433681491],[-96.690966056313115,33.056268633904779],[-96.690920344518631,33.056286784924772],[-96.690873416688831,33.056304493190872],[-96.690831705492627,33.056319345114119],[-96.690780945204082,33.056336202074732],[-96.69073051412704,33.056351798728237],[-96.690680948263704,33.056366209152181],[-96.690632786832722,33.056379507506385],[-96.690586567916171,33.056391769729622],[-96.69054282641244,33.056403070777414],[-96.690502103684011,33.056413484865708],[-96.690452911516573,33.056426258351479],[-96.690365804642042,33.056453420191282],[-96.69029761949929,33.056491585572132],[-96.690248421395538,33.056535577850873],[-96.69022638085589,33.056558989894846],[-96.690203250683496,33.056585188105046],[-96.690179472312352,33.05661343728908],[-96.690155483864928,33.056643004881849],[-96.690131722425235,33.056673157388872],[-96.690108628326769,33.0567031604945],[-96.69008664076793,33.056732281661873],[-96.69006619797284,33.056759785619043],[-96.690042319590745,33.056792375678931],[-96.689985341461281,33.056872796341047],[-96.68993723390679,33.056944837353008],[-96.689919957996167,33.056970909632099],[-96.689901211730529,33.057000093679093],[-96.68988232152914,33.057031420049164],[-96.689864614949997,33.057063917519898],[-96.689849417216806,33.057096620231952],[-96.689838055828574,33.057128558769861],[-96.689831142980594,33.057169113129198],[-96.689839206072961,33.057212343609265],[-96.689863699097103,33.057250387992859],[-96.689901399172754,33.057286668864982],[-96.689969417794131,33.057340390031925],[-96.69000098526611,33.057365360552275],[-96.690033760334828,33.057391854257574],[-96.690067155625258,33.057419311459668],[-96.690100587985086,33.057447174384848],[-96.690133470068616,33.057474882443415],[-96.690165216608648,33.057501876906059],[-96.69019523918449,33.057527597157232],[-96.690214644570588,33.057544308128044],[-96.690268901836163,33.057591446903643],[-96.690317142679191,33.057634162533724],[-96.690366333310109,33.057678651432866],[-96.690394307841402,33.057704275623379],[-96.69042193068455,33.05772977255679],[-96.690451412109525,33.057757404563795],[-96.69048212998355,33.057786894798696],[-96.690513456716076,33.057817968989099],[-96.690544771244362,33.057850350317395],[-96.690575447112025,33.057883762734029],[-96.69060486098094,33.057917932979493],[-96.690620619377171,33.05793738533584],[-96.690650594935477,33.057977265813342],[-96.690677653787276,33.058016883767806],[-96.690701824847693,33.058055547802788],[-96.690723134854693,33.05809256737021],[-96.690741612722491,33.058127251073387],[-96.690757287332815,33.058158908418179],[-96.690765271070745,33.058175973246868],[-96.690793149804477,33.058250596900407],[-96.69080455370225,33.058342811530295],[-96.690805759670923,33.058373120354446],[-96.690806631116885,33.058407097322934],[-96.690807213490231,33.058444219517426],[-96.690807553313462,33.058483964046722],[-96.690807699413568,33.058525803560066],[-96.690807697144521,33.058569217847591],[-96.690807595301436,33.058613680461406],[-96.690807439099544,33.058658735340998],[-96.690807268221263,33.058703810630426],[-96.690807089806341,33.058748886631619],[-96.69080690070291,33.058793961457901],[-96.690806698702573,33.058839036860533],[-96.690806482765296,33.058884111909762],[-96.690806251819197,33.058929186578489],[-96.690806001543777,33.058974261661135],[-96.690805730921056,33.059019395863501],[-96.690805440914957,33.059064471746979],[-96.690805142299936,33.059109548315142],[-96.69080485018128,33.059154623238825],[-96.690804581615382,33.05919969965948],[-96.690804346282889,33.059244776918099],[-96.690804162408782,33.059289855474944],[-96.690804041817842,33.059334934725086],[-96.690804001288313,33.059380055752563],[-96.690804051668593,33.059425124860987],[-96.690804206102726,33.059470194788936],[-96.69080447203099,33.059515267531395],[-96.690804859166334,33.059560341526499],[-96.690805374916877,33.05960541967216],[-96.690806032243998,33.059650499584933],[-96.690806836508173,33.059695581400256],[-96.690807802644613,33.059740818197106],[-96.690808920584104,33.059785860043071],[-96.690810152195354,33.059830903854902],[-96.690811441731213,33.059875948224708],[-96.690812736628644,33.059920992728365],[-96.690813980004037,33.059966037736459],[-96.690815122638924,33.060011079295222],[-96.69081610547309,33.060056118623592],[-96.690816884095,33.060101679568966],[-96.690817399404239,33.060146770335763],[-96.690817673402861,33.0601918577172],[-96.690817729708158,33.060236941406203],[-96.690817597329897,33.060282020328387],[-96.690817300861028,33.060327096911891],[-96.690816863918968,33.060372170849774],[-96.69081631544924,33.06041724287298],[-96.690815677751075,33.060462349687228],[-96.690814958660553,33.060507421916178],[-96.690814075478471,33.060552491806483],[-96.690812930678433,33.060597555991514],[-96.690811421276933,33.060642613677359],[-96.690809448610736,33.060687663275772],[-96.690806910832592,33.060732702214466],[-96.690803707134648,33.060777728850937],[-96.690799737620324,33.060822746083552],[-96.690794981294346,33.060867379308021],[-96.690789508099812,33.060911894130392],[-96.69078345587144,33.060956186508157],[-96.690776959292208,33.061000150512001],[-96.690770157108716,33.06104368664036],[-96.690763185141037,33.061086687185529],[-96.690756181096347,33.061129051716158],[-96.690748860313789,33.061173228919564],[-96.690740987829741,33.061221296471246],[-96.690733414755769,33.061267555427044],[-96.690726094442141,33.061311387477268],[-96.690718976926746,33.061352176939408],[-96.690712014391437,33.06138930818512],[-96.690705156938478,33.061422163726355],[-96.690699678846684,33.061445094161499],[-96.690669750324119,33.061515079789302],[-96.690598527351099,33.061591251804465],[-96.69057708614713,33.06161187524269],[-96.690553256133242,33.061634643027759],[-96.690527627655797,33.061659008054967],[-96.690500789861332,33.061684426803929],[-96.690473333034191,33.061710353976366],[-96.690445847524117,33.061736242468932],[-96.690418924625519,33.061761548816982],[-96.690393150434673,33.061785724907118],[-96.690369119432617,33.061808228259686],[-96.690347419829521,33.061828511719156],[-96.690336810894181,33.06183841331157],[-96.690212069624309,33.061963182958714],[-96.690193578734764,33.061983636897793],[-96.690172410735713,33.062007248917617],[-96.690149099371197,33.062033524698947],[-96.690124179265055,33.062061975366419],[-96.690098184195065,33.062092105698724],[-96.690071649923638,33.06212342504287],[-96.690045110198696,33.062155439081153],[-96.690019099680754,33.062187658037161],[-96.689982736308878,33.06223463532897],[-96.689948634428717,33.062281686004518],[-96.68991857096097,33.062326071087199],[-96.689892133245749,33.062367566914972],[-96.689868909758218,33.06240594804661],[-96.689848493325087,33.062440987343088],[-96.689828443939248,33.062475994344886],[-96.689793515925402,33.062536137466893],[-96.689758437063929,33.06259683878131],[-96.689729502837977,33.062648465460605],[-96.689713951945734,33.062676777769582],[-96.689697014096822,33.062708026843687],[-96.689678948629492,33.062741830703587],[-96.68966001260948,33.062777810926981],[-96.689640468592245,33.062815585616065],[-96.68962057263704,33.062854774516254],[-96.689600586228636,33.062894995703118],[-96.689580767507451,33.06293587078202],[-96.689567415167716,33.062964064229348],[-96.689547780143911,33.063006619142342],[-96.689528874431147,33.063048762383431],[-96.689510778612103,33.063090069509009],[-96.689493572165588,33.063130116950937],[-96.689477339995634,33.063168479471273],[-96.689462159437738,33.063204733448011],[-96.689448112115841,33.063238455367419],[-96.689430619490878,33.063280328889519],[-96.689396480625931,33.063355499943007],[-96.689356900065178,33.063415738614616],[-96.689323217196232,33.063453238230736],[-96.689299019155214,33.063477187369898],[-96.689271616291464,33.063502990951847],[-96.689241850527353,33.063530209432493],[-96.689210565866233,33.06355840512802],[-96.689178606377368,33.06358713854992],[-96.689146815059502,33.063615970183399],[-96.689116036992786,33.063644462374285],[-96.689094303211917,33.063665173041073],[-96.689051788804065,33.063707971076539],[-96.689014843490128,33.063748483767057],[-96.68898262734254,33.063787275399314],[-96.688954299262477,33.063824912939644],[-96.688933352715068,33.06385535763507],[-96.688907087252474,33.063897415089947],[-96.688882850294874,33.063941688726445],[-96.688859658967701,33.063990555367717],[-96.68883021320967,33.064062860394053],[-96.68881780035538,33.064096687690558],[-96.688805348220697,33.064132881316951],[-96.68879313446439,33.064171117587115],[-96.688781440937518,33.064211075631619],[-96.688770544163688,33.064252433542954],[-96.688760725019961,33.064294867716704],[-96.688752261135534,33.064338055369944],[-96.688744142777836,33.064391569490326],[-96.688739518081164,33.064436450747806],[-96.688736696053766,33.064481364908929],[-96.688735398924308,33.064526307665041],[-96.688735351096895,33.064571273858661],[-96.688736275935582,33.064616257402406],[-96.68873789459505,33.064661253960303],[-96.688739932550121,33.064706258402005],[-96.688742156216335,33.064752224403641],[-96.688744214566285,33.064797288992558],[-96.68874597158873,33.064842347772284],[-96.688747262144801,33.064887397473235],[-96.688747928535761,33.064932436820996],[-96.688747805686461,33.064977460740508],[-96.688746735929811,33.065022467054519],[-96.688744556269896,33.06506745254763],[-96.688741060765125,33.065112896322795],[-96.688736264037317,33.065157304264098],[-96.68873012783817,33.06520168919721],[-96.688722712301242,33.065246049931005],[-96.688714078567884,33.06529038710687],[-96.688704286611014,33.065334704047245],[-96.688693397636484,33.065378999587956],[-96.688681473793892,33.065423276202935],[-96.688667152736258,33.06547221694052],[-96.688653695267206,33.065515113010584],[-96.688639548130652,33.065557939243121],[-96.688624876283924,33.065600643785992],[-96.688609844684763,33.065643174787283],[-96.688594617283385,33.065685478562436],[-96.688579360174643,33.065727501481163],[-96.688564236173008,33.065769191637585],[-96.688544206855838,33.065825186740028],[-96.688528417827328,33.065870510457323],[-96.688513363556083,33.065914638358862],[-96.688499129663853,33.065956944636142],[-96.68848579956439,33.065996805232146],[-96.688473455728413,33.066033592451717],[-96.688462182577993,33.066066684070464],[-96.688447603800327,33.066107646164383],[-96.68841853208238,33.066173343714993],[-96.688379168994445,33.066242933010173],[-96.688365716021849,33.066267543851644],[-96.688350489402282,33.066296002391745],[-96.688333778435918,33.066327809045582],[-96.688315871608495,33.066362456979135],[-96.688297056012644,33.066399448359057],[-96.688277618998811,33.066438278130157],[-96.688257848861866,33.066478444875486],[-96.688238032857512,33.066519446248584],[-96.68822536224549,33.066546099911427],[-96.688205589543387,33.066588414338177],[-96.68818632854223,33.066630311600768],[-96.688167648040078,33.066671366959177],[-96.688149608322774,33.066711153651219],[-96.688132275005032,33.066749245952941],[-96.688115715813851,33.066785219097454],[-96.688099989931843,33.066818647198431],[-96.688078990147133,33.066861364293771],[-96.688039683785789,33.06693151420253],[-96.68800213693963,33.066987435980472],[-96.687970541757565,33.067031792657829],[-96.687949986507675,33.067061195303125],[-96.687927324455643,33.067094036941377],[-96.68790254790288,33.067130142086661],[-96.687875646094824,33.067169330657912],[-96.687846610195749,33.067211428947466],[-96.687800881700397,33.06727701250658],[-96.687777311045608,33.067310413943915],[-96.687753111671839,33.067344473537766],[-96.687728703187091,33.067378648917554],[-96.687704501759058,33.067412403951025],[-96.687680925958261,33.067445195338472],[-96.687658393219792,33.06747648155897],[-96.687637320915357,33.06750572289738],[-96.687618127457469,33.067532380568657],[-96.68759729232498,33.067561410138246],[-96.687550260832808,33.067630030047354],[-96.687513912177565,33.06769509794708],[-96.687500728313651,33.0677197633769],[-96.687485195883156,33.067748297196417],[-96.687467431662782,33.067779862048873],[-96.687447558958922,33.067813618031785],[-96.687425698773538,33.067848729702398],[-96.687401972302098,33.067884356201397],[-96.687376497396158,33.067919660199344],[-96.687350681840357,33.067952268402287],[-96.687316685851357,33.067990444424375],[-96.687279373924326,33.068027265302888],[-96.687237525655846,33.068064092562764],[-96.68718992060613,33.068102288629568],[-96.687135339370229,33.068143216856107],[-96.687072558215903,33.068188241386387],[-96.687019117381638,33.068225685368432],[-96.686989915580853,33.068245965594876],[-96.686959407347601,33.068267070259239],[-96.686927782509642,33.068288882179878],[-96.686895240673294,33.068311280808494],[-96.686861970562759,33.068334149839473],[-96.686828168471976,33.06835737135173],[-96.68679402858298,33.068380826467418],[-96.686759746118284,33.068404397238758],[-96.686725510875576,33.068427967388054],[-96.68669152025457,33.068451418119466],[-96.686657968471224,33.068474629653139],[-96.686625047468397,33.068497485766322],[-96.686592951398325,33.068519868485104],[-96.686561875517882,33.068541658960179],[-96.68653201394757,33.068562740120704],[-96.686503558728347,33.068582993036443],[-96.686476705085582,33.068602299761139],[-96.686458531698975,33.068615506504131],[-96.686365090488408,33.068685625118988],[-96.686295811952803,33.068738769684217],[-96.686236051826825,33.068780998709144],[-96.686174344599777,33.068816740626133],[-96.686140295001451,33.0688334735881],[-96.686103285829432,33.068850232893006],[-96.686064254579463,33.068866849789963],[-96.686024139659565,33.068883160070236],[-96.685983876294316,33.06889899854179],[-96.685944403086708,33.06891419558162],[-96.685906658415433,33.068928587886894],[-96.685871577636306,33.068942006658055],[-96.685847122016725,33.068951512488503],[-96.685754841267368,33.06899419461466],[-96.685669277863099,33.069073944211446],[-96.685650076483213,33.069098572902689],[-96.685629600651623,33.069126317346644],[-96.685608190612925,33.06915660425819],[-96.685586192005715,33.069188859585317],[-96.685563945205203,33.069222506432425],[-96.685541793643083,33.069256972499304],[-96.685520077664449,33.069291681793658],[-96.685499141904202,33.069326058431969],[-96.685479002993475,33.069360087474834],[-96.685450209803435,33.069410762487244],[-96.68542496738543,33.069457653762306],[-96.685403047361788,33.069500816063652],[-96.685384221675548,33.069540295127169],[-96.685368262043298,33.069576143007438],[-96.685359647914098,33.069596715940648],[-96.685338236461192,33.069656210221311],[-96.685324981936787,33.069717358326614],[-96.685318964072195,33.069777921460343],[-96.685317319149476,33.069809855798333],[-96.685316192720492,33.069844702762602],[-96.685315534113002,33.06988165690629],[-96.685315290381382,33.069919916339195],[-96.685315412869016,33.06995867927985],[-96.68531584768678,33.069997140200329],[-96.685316547185607,33.070034499151774],[-96.685317460987221,33.070070062736121],[-96.685320633998259,33.070130642391476],[-96.685330079898947,33.070179452877618],[-96.685351478915535,33.070214778357972],[-96.685398593812195,33.070236568485065],[-96.68542783002151,33.070239172038164],[-96.685462262901282,33.070238272929039],[-96.685501186554447,33.07023455626522],[-96.685543892746466,33.070228712516709],[-96.685589676653777,33.070221426818982],[-96.68563783111621,33.070213389670478],[-96.685687651312691,33.070205286208342],[-96.685759684899963,33.070195037496156],[-96.685813378722457,33.070189291750999],[-96.685867022345917,33.070185524405026],[-96.685920607101167,33.070183948478054],[-96.685974129712349,33.070184776222874],[-96.686027583720019,33.070188218908015],[-96.686080963672822,33.070194489634822],[-96.68613426415223,33.070203800601753],[-96.686187515904237,33.070216373053711],[-96.686233000127359,33.070229790855713],[-96.686278184206884,33.070245305432394],[-96.686322836154574,33.070262470885957],[-96.686366723948737,33.070280842221578],[-96.686409614558826,33.07029997261229],[-96.686451274921069,33.070319416134083],[-96.686491472035101,33.070338725057837],[-96.686529971666275,33.070357456141153],[-96.686578429556533,33.070380836618099],[-96.686643900186354,33.070411555830965],[-96.686699518667098,33.070439887185707],[-96.68674454255185,33.07047003785123],[-96.68677822839291,33.070506213162169],[-96.686793309972202,33.070534028230355],[-96.686802800099187,33.070563628302438],[-96.686808327014603,33.070596419819708],[-96.686810108203417,33.070631299619059],[-96.686808362190064,33.070667165467185],[-96.686803305354772,33.07070291507619],[-96.686795158431593,33.070737444461116],[-96.686784134488803,33.070769653960916],[-96.686770112599163,33.070799052597707],[-96.686734900109755,33.070844491162738],[-96.686688635317452,33.070878793146854],[-96.68663007260254,33.070909170844551],[-96.686558299240104,33.07094267961115],[-96.686524277108902,33.070959134161605],[-96.686488314024189,33.070976991637089],[-96.686451012258132,33.070995854340644],[-96.686412973043971,33.071015323646208],[-96.686374796447168,33.071035003609381],[-96.686337084807789,33.071054494729907],[-96.686300437185835,33.071073399232183],[-96.68626545579464,33.071091321228309],[-96.686232741905087,33.071107861192758],[-96.686213392163708,33.071117478136983],[-96.686124449792246,33.07116086296098],[-96.686053429499452,33.071203904933377],[-96.686003294823735,33.071245987810364],[-96.685980259211874,33.071268435956391],[-96.685955975476901,33.071293892995598],[-96.685930957082874,33.071322014105156],[-96.685905709860066,33.071352457883791],[-96.685880746040937,33.07138488399584],[-96.685856572659105,33.071418947456976],[-96.685833698764696,33.071454306948468],[-96.685812634513738,33.071490620276101],[-96.685793891103373,33.071527546176121],[-96.685783711030268,33.071550468505173],[-96.68576729912273,33.071595197735782],[-96.685755662816703,33.071639715237659],[-96.685749038005554,33.071683726094122],[-96.685747660647436,33.071726933582951],[-96.685751763387486,33.071769043607794],[-96.685761584360804,33.071809758596572],[-96.685777360436589,33.071848786365493],[-96.685799336610543,33.071885847585534],[-96.68582415154826,33.071917037013215],[-96.685853025608509,33.071946531019648],[-96.685884909318133,33.071974447629238],[-96.685918746705056,33.072000906509984],[-96.685953482900359,33.072026026455163],[-96.685988064009649,33.072049928994431],[-96.686021439547275,33.072072730323526],[-96.686052552368224,33.072094552795633],[-96.686079472144783,33.072114816306524],[-96.68613146361929,33.072164732393233],[-96.686161666558746,33.072215702175754],[-96.68617516174811,33.072273399266535],[-96.686177352398772,33.072313671865501],[-96.686176879906441,33.072347072450277],[-96.686174966805325,33.072382620494579],[-96.686171887996537,33.07241928838031],[-96.68616792042954,33.072456051252097],[-96.686163344238878,33.072491885238584],[-96.686158436375337,33.072525765484677],[-96.686153471677869,33.072556666178151],[-96.686148545435159,33.072584563525922],[-96.686132549799026,33.072646924408026],[-96.686113042367722,33.072660110000314],[-96.686076147604041,33.072645913710453],[-96.685999605179603,33.072582091791546],[-96.68597811166957,33.072561184831336],[-96.685954730734295,33.07253777337062],[-96.685930012583654,33.072512498389671],[-96.685904499759999,33.072486005192964],[-96.685878741366622,33.072458935637115],[-96.685853281079872,33.072431933249185],[-96.685828667871561,33.072405643497696],[-96.685805448696428,33.072380708186579],[-96.685784168299392,33.072357770871122],[-96.685760964218304,33.072332713952541],[-96.685632630374272,33.072245029189958],[-96.685605162677106,33.072235010686839],[-96.685572662225653,33.072223386670352],[-96.685535776965892,33.072210615363332],[-96.685495163388467,33.07219715610853],[-96.685451472718697,33.072183465405381],[-96.685405358292726,33.072170000710898],[-96.685357471172537,33.07215722303966],[-96.685308465796098,33.072145588974699],[-96.685279862055708,33.072139559772381],[-96.685226740396402,33.072129960268441],[-96.685173529959357,33.072122187291498],[-96.685120245394003,33.072115920450258],[-96.685066901221774,33.072110842964392],[-96.685013511053583,33.072106633512668],[-96.684960089444431,33.072102974412061],[-96.684906649974636,33.072099545244249],[-96.684853093772816,33.072096019131621],[-96.68479992624755,33.072092126951297],[-96.684746988867317,33.072087619829645],[-96.684694503837548,33.072082285631858],[-96.684642692131334,33.072075916710105],[-96.684591773810467,33.072068300876097],[-96.684581496352379,33.072066428910908],[-96.684499823348219,33.07264335854795],[-96.684498896460781,33.072649903937901],[-96.684465189342674,33.072888002402294],[-96.684463154706066,33.072902371650869],[-96.68459310312673,33.072919616621611],[-96.684594910131722,33.072926057696058],[-96.684597501679747,33.072926393425057],[-96.684597316913525,33.072934637297408],[-96.684611326974377,33.072984589651227],[-96.684591059746651,33.073213028480296],[-96.684589363526683,33.07328848744725],[-96.684870202847677,33.073846719527651],[-96.685328148129742,33.073827333476629],[-96.685339848832911,33.073836093021562],[-96.685644989288164,33.073935058966427],[-96.685572818720104,33.074170135366479],[-96.685470466344768,33.074383405465433],[-96.68558685113733,33.074553163088311],[-96.685618099222566,33.074573801759094],[-96.685681220350048,33.074690808097301],[-96.685684959073271,33.074696260722668],[-96.685799288124386,33.074863017814693],[-96.685653118717255,33.075044797849827],[-96.685559167765263,33.075161637308426],[-96.685575217408385,33.075387372970646],[-96.685678010755751,33.075437377640576],[-96.685744483153812,33.075466942406067],[-96.685758782114689,33.075473301814007],[-96.685857145412243,33.075510252718168],[-96.686144670510089,33.075574392485173],[-96.686883402119946,33.07567253029567],[-96.687133480943061,33.075741541824016],[-96.687303670802393,33.075916588258394],[-96.68755948631869,33.0763920565809],[-96.688044143247154,33.077292842663709],[-96.688103272290746,33.077288279582277],[-96.688326421121971,33.077271057170748],[-96.688363540670224,33.077275155807079],[-96.688368406126003,33.077274388759811],[-96.688374920390842,33.07727641197841],[-96.688561928315664,33.077297058079466],[-96.688654320545908,33.077362380966974],[-96.688656328390238,33.077363800579583],[-96.688834343538545,33.07741908164413],[-96.689016210309774,33.07738043452013],[-96.689301742986331,33.077321348381389],[-96.689311881228832,33.077326422231799],[-96.68939579288211,33.07736842113782],[-96.689514984292913,33.077369451526557],[-96.689661116402419,33.077781170751607],[-96.68974682614656,33.077790678897408],[-96.689824040414763,33.077783918128404],[-96.689884985382605,33.077643292965099],[-96.689886049547084,33.077640836888826],[-96.689890900038748,33.077629647862111],[-96.689924684811771,33.077551689959698],[-96.690003310937769,33.077475335380221],[-96.690057882908008,33.077375120357473],[-96.690102185338731,33.077369198836173],[-96.690104207967366,33.077312165434144],[-96.690112764533254,33.077267567266148],[-96.690121190210746,33.07722296759772],[-96.690129578383178,33.077178366076666],[-96.690138024417379,33.077133766918834],[-96.690146618479702,33.077089169690815],[-96.690155986530783,33.07704194641402],[-96.690165087132783,33.076997710746106],[-96.690174463564702,33.07695359498657],[-96.690184058128082,33.076909712429071],[-96.6901938109159,33.076866178118543],[-96.690203664262185,33.076823104445943],[-96.690213557220076,33.076780605526487],[-96.690223432027565,33.076738796459317],[-96.690234390707985,33.076692953305212],[-96.690245998548647,33.076645065545435],[-96.690257528246235,33.076599099468751],[-96.690269105395799,33.076555626580628],[-96.690280860696575,33.076515225743996],[-96.69029291971151,33.076478469366933],[-96.690305411092083,33.076445933549927],[-96.690315161260642,33.076424608426848],[-96.690356367971589,33.076363296888644],[-96.690426793162203,33.076275712494606],[-96.690443669031836,33.076249548996174],[-96.690461075329424,33.076219823540754],[-96.69047853094699,33.076186996534979],[-96.690495556922116,33.076151528439965],[-96.690511672084369,33.076113881468466],[-96.690526396465799,33.076074514249498],[-96.690539249938638,33.076033889926137],[-96.690549754585362,33.075992469890167],[-96.690554758779626,33.075967262505849],[-96.690560925215649,33.075922747579476],[-96.690564077895019,33.075878177325023],[-96.690564740206668,33.075833561345881],[-96.690563433425794,33.075788908288288],[-96.690560680907097,33.075744228658152],[-96.690557002819489,33.075699531977229],[-96.690552925764393,33.075654827929917],[-96.690548665941165,33.075606458076379],[-96.690545301128807,33.075561342825722],[-96.690542565822099,33.075516240760322],[-96.69054038720428,33.075471147330553],[-96.6905386933377,33.075426063430513],[-96.690537416670807,33.075380987354215],[-96.690536482113771,33.075335918108934],[-96.690535820002992,33.075290853031916],[-96.690535355247619,33.075245520064961],[-96.690535032930029,33.075200436459596],[-96.690534821117581,33.075155353836436],[-96.690534698268849,33.075110274362011],[-96.690534644107643,33.075065194813661],[-96.69053464141389,33.075020116563657],[-96.690534666566094,33.074975039919018],[-96.690534702472732,33.074929962640944],[-96.690534729029139,33.07488481645531],[-96.690534743298088,33.074839744049221],[-96.69053482518207,33.074794671542143],[-96.690535066828588,33.074749603068291],[-96.690535566947247,33.074704539313366],[-96.69053641888614,33.074659480827748],[-96.69053772122561,33.074614431908074],[-96.690539567313479,33.074569393104646],[-96.690542060661457,33.074524260412574],[-96.690545275157916,33.074479399829116],[-96.690549335833126,33.074434555192411],[-96.690554354229675,33.074389728415781],[-96.690560445139113,33.074344920591052],[-96.69056772107929,33.074300136366695],[-96.690576295833424,33.074255375001847],[-96.690586284095559,33.0742106402963],[-96.690598163361216,33.074164608858617],[-96.690610629411367,33.074122138678838],[-96.690624281741066,33.074080108667417],[-96.690638815013997,33.074038925843652],[-96.690653927926292,33.073999004557223],[-96.690669316119227,33.073960754562933],[-96.690684675202462,33.073924586518729],[-96.69069970293107,33.073890911136694],[-96.690720057651291,33.07384781521084],[-96.690758086161395,33.073777590987468],[-96.690800055812616,33.073721542714864],[-96.690846483501574,33.073674499764039],[-96.690872363434366,33.073650818814521],[-96.69090112533398,33.073625136078363],[-96.690931957281279,33.073597648807635],[-96.690964053598464,33.073568559833909],[-96.690996600127647,33.073538069064746],[-96.691028789081045,33.073506378376344],[-96.691059809552229,33.073473686856353],[-96.691083827020094,33.07344625065744],[-96.691114609830436,33.073407214703259],[-96.691142125516336,33.07336812787117],[-96.691166595117608,33.073329774606414],[-96.691188243867316,33.073292942170632],[-96.691207293813747,33.073258416841085],[-96.691223968077622,33.073226984921945],[-96.691235814066459,33.073204472035982],[-96.691279451920792,33.073131100346366],[-96.691346773292395,33.073048790520993],[-96.691367039602028,33.073026030313208],[-96.691389569889864,33.07300105211813],[-96.691413812840182,33.072974450105825],[-96.691439218274994,33.072946816668257],[-96.691465237057429,33.072918745127787],[-96.691491321156334,33.072890827931431],[-96.691516916076537,33.07286365826706],[-96.691541475933718,33.072837828636914],[-96.691564448411796,33.072813931381056],[-96.691585101721202,33.072792746765693],[-96.69165717082457,33.072719913830191],[-96.691707770648847,33.072652303512761],[-96.691723113061116,33.072626379388716],[-96.691739578966263,33.072596239638663],[-96.691756608999782,33.072562403236773],[-96.691773642886673,33.072525384616576],[-96.691790114927855,33.072485699882201],[-96.691805469043345,33.072443866284338],[-96.691819137392528,33.072400399873622],[-96.691825631823164,33.072376393787046],[-96.691835241083979,33.072333961570777],[-96.691842865651935,33.072290877483198],[-96.691848782352864,33.07224723344693],[-96.691853268955995,33.07220312502249],[-96.691856603390661,33.072158643256692],[-96.691859063457287,33.07211388280713],[-96.691860928124242,33.072068935650393],[-96.691862472552998,33.07202388011342],[-96.691863898030178,33.071978819765079],[-96.691865080019923,33.071933755979131],[-96.691865815908969,33.071888682737168],[-96.69186590402802,33.071843597658642],[-96.691865141667904,33.071798497433385],[-96.691863325080121,33.071753377821153],[-96.691860254837238,33.071708233787497],[-96.691855727127177,33.071663062897613],[-96.691849821137382,33.071619167363622],[-96.691842642102145,33.071575249628765],[-96.691834480749165,33.071531312514573],[-96.691825630861473,33.071487363437342],[-96.691816383133457,33.07144340612146],[-96.691807030307032,33.071399447053651],[-96.691797863011118,33.071355491763846],[-96.691787215024959,33.071301102803751],[-96.69177929968788,33.07125625568375],[-96.691772229643419,33.071212051546595],[-96.69176596652801,33.071169115586656],[-96.691760475258732,33.071128071274003],[-96.691755720527794,33.07108954839817],[-96.691751666212383,33.071054169499533],[-96.691748275964713,33.071022563437715],[-96.691745391581648,33.070994109995397],[-96.691739302125484,33.07092330648711],[-96.691736222665412,33.070856787719357],[-96.691735073589797,33.070829268083571],[-96.691733780689773,33.070796867432357],[-96.691732465799731,33.070760262892385],[-96.691731255986198,33.070720135336799],[-96.691730276299495,33.070677161973535],[-96.691729649484742,33.070632024470235],[-96.691729555501581,33.070573010081453],[-96.691730072946839,33.070529823322531],[-96.691731054833767,33.070486281444822],[-96.691732438323882,33.07044255182636],[-96.69173416704443,33.070398801105114],[-96.691736180494573,33.070355191296819],[-96.691738416876333,33.070311890709654],[-96.69174081884141,33.070269063246137],[-96.691743330798658,33.070226793340531],[-96.691746312145071,33.070178695612654],[-96.691749290828653,33.070132329929599],[-96.691752205618215,33.070088330847817],[-96.691754992977636,33.070047337383535],[-96.691757588395262,33.070009985817805],[-96.69175993171261,33.069976910734418],[-96.691761701267666,33.06995229289118],[-96.691766245098052,33.069890001810933],[-96.69176772036225,33.06986557170427],[-96.691730425813702,33.069793242120213],[-96.691716842365054,33.069770722342774],[-96.69170090423178,33.069744442155852],[-96.691682941959513,33.069715064077101],[-96.691663285053011,33.069683249694343],[-96.691642266201015,33.069649661579625],[-96.691620212666152,33.069614963975326],[-96.691597457231538,33.069579816745581],[-96.691574325077553,33.069544882273803],[-96.691552719453611,33.06951309727733],[-96.691520964791522,33.069468155980381],[-96.69148953537163,33.069426045590689],[-96.691458254206864,33.069386733629884],[-96.69142694203768,33.069350191176333],[-96.691395419733368,33.069316385697192],[-96.691348851217981,33.069272059702911],[-96.69130696093049,33.06923730390308],[-96.691264627321829,33.069204209374632],[-96.691222467636337,33.069170089169901],[-96.691181097985577,33.069132258120035],[-96.691139195646002,33.069085612073728],[-96.691116981737252,33.069055727165612],[-96.69109608703836,33.06902309171128],[-96.691077134514572,33.068988081960683],[-96.691060749531218,33.068951066996171],[-96.691047553978322,33.068912423041048],[-96.691038171009453,33.068872520929396],[-96.691033224784533,33.068831733327684],[-96.691033339429737,33.068790433804971],[-96.691036607006225,33.068762357918949],[-96.691045216137439,33.068724775077982],[-96.691058136353845,33.068687273088663],[-96.691074642707704,33.06864983816137],[-96.691094011388671,33.068612454728111],[-96.691115518426898,33.068575111734859],[-96.691138441054605,33.06853779454395],[-96.691162055336179,33.06850049119938],[-96.691185637466234,33.068463186134601],[-96.691208464583653,33.068425867421752],[-96.691220582474955,33.068405073579264],[-96.691243983083766,33.068361866411948],[-96.691264991572822,33.068319084046983],[-96.691283744609024,33.068277197978112],[-96.691300374506625,33.068236681396222],[-96.691315014780358,33.068198003908087],[-96.691327801968498,33.068161640618129],[-96.691338868545486,33.068128060203186],[-96.691350489956676,33.068090712415483],[-96.691374355160278,33.068007007834758],[-96.691395574612187,33.067922744003823],[-96.691403821164542,33.067890363677606],[-96.691413183523892,33.067853650963279],[-96.691423396988597,33.067812927167523],[-96.691434195817251,33.067768512667271],[-96.691445318461092,33.067720730656141],[-96.691456082785848,33.06767186074967],[-96.691464286294277,33.067632582485388],[-96.691472528909443,33.067591995050861],[-96.691480958397491,33.067550288309427],[-96.691489721580794,33.067507648486547],[-96.691498963040786,33.067464264461492],[-96.69150883164734,33.06742032522191],[-96.691519470973603,33.067376017814617],[-96.691531782074293,33.06732876094101],[-96.691544032899003,33.067285667033595],[-96.691557284614959,33.067242611948338],[-96.691571525566985,33.067199621593872],[-96.691586746533559,33.067156713808224],[-96.691602940180303,33.067113913705484],[-96.691620098261538,33.067071241858905],[-96.691638211362957,33.067028721523002],[-96.691663668652353,33.066972645323418],[-96.691683523539737,33.06693141586328],[-96.691703894765723,33.066890904209686],[-96.691724397987358,33.066851627432101],[-96.691744649709861,33.066814108946744],[-96.691764265399542,33.066778871240246],[-96.691782861724306,33.066746433215513],[-96.691800053112274,33.066717316429866],[-96.691822123486375,33.066681400673509],[-96.691868665368787,33.066624588146496],[-96.691941005088566,33.066595697131341],[-96.691970791475129,33.066586588596273],[-96.692005760619111,33.066576102859038],[-96.692045230504775,33.066564557917481],[-96.692088521389692,33.066552268213037],[-96.692134950090662,33.066539554425553],[-96.692183835826839,33.066526730067821],[-96.692234498697559,33.066514114097018],[-96.692286601821195,33.066501945581656],[-96.692337746916337,33.066490824480532],[-96.69238873184635,33.066480253196822],[-96.692439003554355,33.066469972003148],[-96.692488009047366,33.066459719367302],[-96.692535196340089,33.066449235590532],[-96.692580009254598,33.066438258158378],[-96.692621897885005,33.066426529232935],[-96.692666446115311,33.066411501675532],[-96.692724721274473,33.066384722852064],[-96.692769048228968,33.066354086158547],[-96.692799152331617,33.066320102414579],[-96.692817025454147,33.066264439045241],[-96.692812501804354,33.066229547884262],[-96.692798223743679,33.066193570219866],[-96.692775805770836,33.066157003093835],[-96.692746863550383,33.066120340866163],[-96.692708002729816,33.066079096633977],[-96.692674164795648,33.066046964135573],[-96.692638729172288,33.06601443620265],[-96.692602611483409,33.065980329696735],[-96.692566724361953,33.065943455079797],[-96.692531979111919,33.065902630009639],[-96.692509318037281,33.065871780722524],[-96.692488345134294,33.06583896724311],[-96.692468931565557,33.065803799597667],[-96.692451431581134,33.065766605684331],[-96.692436199591157,33.065727708887664],[-96.692423584547228,33.065687435165266],[-96.692413944009473,33.065646109788467],[-96.69240763020818,33.065604056990473],[-96.692405129311098,33.065541473133599],[-96.692408424774129,33.065499096364007],[-96.692415526514012,33.065457080415335],[-96.692426060564742,33.065415711310564],[-96.692439649873918,33.065375271380198],[-96.692455919469737,33.065336044814572],[-96.692474494413688,33.065298314901078],[-96.692494996455707,33.065262367554411],[-96.692528304722643,33.065212735607162],[-96.692562977310061,33.065169691589098],[-96.692600337524183,33.065131361491893],[-96.692641007238393,33.065097277607059],[-96.692685601892492,33.065066972062674],[-96.692734744462584,33.065039976272175],[-96.692782416270333,33.065018513772621],[-96.692823670201832,33.065002710892038],[-96.692867205645669,33.064988019130006],[-96.692912444726574,33.064974333543653],[-96.69295880632086,33.064961550012349],[-96.693005714665816,33.064949564551583],[-96.693052587630234,33.064938271209748],[-96.6930988494194,33.064927566906768],[-96.693157795062945,33.064914209083277],[-96.693218998284038,33.064900253127952],[-96.693275972101546,33.064887091257461],[-96.693328583246142,33.064874789688062],[-96.693376694159653,33.064863414527544],[-96.693420170532619,33.064853031061787],[-96.693449384369657,33.064845999484028],[-96.693523594868736,33.064825968112757],[-96.693598465510476,33.064793719192309],[-96.693657147641034,33.064758966393192],[-96.693684543599915,33.064740870011761],[-96.693713896753096,33.064720635497885],[-96.693744623348977,33.06469874507723],[-96.693776140740823,33.064675680100287],[-96.693807859818548,33.064651922658435],[-96.693839201154375,33.064627954184587],[-96.693844481318621,33.064623836175635],[-96.693869578856862,33.064604256852405],[-96.693898407035832,33.064581312836268],[-96.693925101946562,33.064559604365215],[-96.693957648364162,33.064532316781566],[-96.694029199853432,33.064460286079424],[-96.694063601651081,33.064390447067339],[-96.694074596943295,33.06436235729501],[-96.694087369750306,33.064329850601467],[-96.694101959728144,33.064293471024556],[-96.694118403476821,33.064253758007098],[-96.694136739611906,33.064211254657053],[-96.69415700788548,33.06416650230377],[-96.694178458361009,33.064121637914162],[-96.6941972640995,33.064084150302762],[-96.69421681544533,33.064046003830853],[-96.694236606461658,33.064007273378927],[-96.694256136444707,33.063968037574035],[-96.69427489841938,33.063928370367314],[-96.694292392723668,33.063888351316223],[-96.694308116673042,33.063848054480779],[-96.694321563134551,33.063807558326694],[-96.694330683810051,33.063773642979591],[-96.694339354109232,33.063729012723535],[-96.694344254340365,33.063684332531388],[-96.694345463266615,33.063639620654506],[-96.694343063875053,33.063594897257573],[-96.694337134832082,33.063550183299661],[-96.694327755843929,33.063505500669251],[-96.694315011065783,33.063460866849056],[-96.694298050145292,33.063413973479548],[-96.694281208212431,33.063374864549388],[-96.694262466854198,33.063336271515318],[-96.694242410087327,33.063298639204312],[-96.694221626215523,33.063262412552007],[-96.694200698212583,33.06322803545649],[-96.694180214379514,33.063195952854116],[-96.694160757591533,33.06316661135196],[-96.694142915171653,33.06314045315186],[-96.694125288405786,33.06311508016033],[-96.69404235228896,33.062988435751421],[-96.694028665036598,33.062965709270678],[-96.694013120338994,33.062939152723871],[-96.693996438154187,33.062909250511623],[-96.693979334150697,33.062876486926498],[-96.693962525132349,33.062841344483168],[-96.693946727901377,33.062804305696645],[-96.693932660266356,33.062765854914758],[-96.693921036818026,33.062726476404684],[-96.693912117063832,33.062683822944848],[-96.693907383705593,33.062639711053905],[-96.693906876500719,33.062595676881443],[-96.693910004559285,33.062551710036281],[-96.693916177024619,33.062507799224015],[-96.693924800864878,33.062463933998906],[-96.693935285193419,33.062420103969245],[-96.693947037077166,33.062376295981046],[-96.693961893034739,33.062324052077194],[-96.69397445315326,33.06228026718788],[-96.693986899834584,33.062236774897876],[-96.693999155000583,33.062193869604471],[-96.694011131021057,33.062151842753458],[-96.694022746570084,33.062110989563777],[-96.694033920418278,33.062071602546389],[-96.694044566951831,33.062033976812252],[-96.69405639295131,33.061992063630818],[-96.694072665404761,33.061934054594161],[-96.694086900615176,33.061882605493764],[-96.69409938925773,33.061836362904948],[-96.694110423077873,33.061793973429495],[-96.694115570112572,33.061773447931742],[-96.694127307799775,33.061724576008046],[-96.694139234250869,33.061673595419798],[-96.694153108866587,33.061615601763229],[-96.694163644880845,33.061573238571135],[-96.694172169947706,33.061539984020399],[-96.694181629843442,33.061504130021895],[-96.694192008404769,33.061466040301873],[-96.694203288363951,33.06142607946218],[-96.694215454501546,33.061384614867215],[-96.694228489646406,33.061342008410655],[-96.69424237968343,33.061298626581191],[-96.694259653453869,33.06124748180283],[-96.694274802752673,33.061204987409226],[-96.69429053430396,33.061162504088557],[-96.694306660493609,33.061120027107393],[-96.694322996795407,33.061077555424241],[-96.694339355660105,33.061035082500247],[-96.694355554706405,33.060992607348361],[-96.694371404145159,33.060950126084151],[-96.694393130235483,33.060889258359936],[-96.69440786654684,33.060845339453273],[-96.694421845451046,33.060801506248573],[-96.694435158766112,33.060757862261255],[-96.694447901622894,33.060714508379377],[-96.694460168015368,33.060671547269614],[-96.694472056258135,33.060629080804013],[-96.694483659240831,33.060587212524801],[-96.694496872110193,33.060539574064919],[-96.694510069730399,33.060492574938074],[-96.694522956648001,33.060447281119728],[-96.694535334152263,33.060404271296797],[-96.694547000156277,33.060364128588901],[-96.694557757022196,33.060327431710085],[-96.694567400552216,33.06029476282346],[-96.69457543289451,33.060267719513604],[-96.694602976832371,33.060198100243802],[-96.694672008447753,33.060123710454469],[-96.69469363238052,33.060104459859332],[-96.694718023718124,33.060083276783395],[-96.694744575510882,33.060060632933045],[-96.69477268068141,33.060037003625709],[-96.694801729033699,33.060012861390234],[-96.694831114564764,33.059988681572321],[-96.694860227080937,33.059964936701697],[-96.694888459605906,33.059942099389957],[-96.694915202924065,33.059920644903315],[-96.694939850061303,33.059901045854296],[-96.69496072009764,33.059884615183606],[-96.695040098218513,33.059829292883983],[-96.695117110003096,33.059804111442233],[-96.695147478115842,33.059796285475755],[-96.695183203976569,33.059786977268296],[-96.695223578307008,33.059776186996956],[-96.695267892612094,33.059763922990669],[-96.695315437581229,33.059750186330028],[-96.695365501599468,33.059734982556179],[-96.695417376300341,33.05971831638935],[-96.695462592690475,33.059702922548652],[-96.695508436626639,33.059686416876659],[-96.695554183543976,33.059669138908816],[-96.695599369890473,33.059651390489861],[-96.695643531043075,33.05963347343819],[-96.695686203355564,33.059615692307986],[-96.695726925551199,33.059598345388963],[-96.695765232913402,33.059581737209385],[-96.695800662966633,33.059566169643908],[-96.695836950814225,33.059550076143374],[-96.695930528622924,33.059507662753191],[-96.696036635195924,33.059452991287905],[-96.696067986769563,33.059435518203294],[-96.696102913220386,33.059415914304985],[-96.696141051820021,33.059394603248954],[-96.696182040752291,33.059372013232128],[-96.69622551826582,33.059348570646243],[-96.696271119458601,33.059324699996779],[-96.69633688581591,33.059291837753065],[-96.696381380421727,33.059270659783394],[-96.696426147097384,33.059249524801054],[-96.696470417032316,33.059227995073236],[-96.696513424728224,33.05920563024079],[-96.69655440143849,33.059181990767435],[-96.69659258052863,33.059156638074256],[-96.696627195396587,33.059129132680546],[-96.696661272779608,33.059094652699116],[-96.696686043941924,33.059061016030356],[-96.696706168331332,33.059024650011601],[-96.696722260758122,33.058985947833108],[-96.69673493804801,33.058945306349599],[-96.696744813778039,33.058903123236817],[-96.69675250594149,33.058859792667377],[-96.69675862817806,33.058815710510977],[-96.696764253929388,33.058767122430481],[-96.696769131991218,33.058721878549768],[-96.696774126574297,33.058676707179373],[-96.696779643619138,33.05863159867512],[-96.696786091177174,33.05858654434968],[-96.696793874050925,33.058541536337223],[-96.696803402466728,33.058496565101429],[-96.696815079081389,33.058451622722139],[-96.696828525014098,33.058408975716041],[-96.696843524262675,33.058368844527394],[-96.696860597765195,33.05832904121538],[-96.696879461665446,33.058289883905054],[-96.696899834284451,33.058251689872741],[-96.696921432743494,33.058214779978918],[-96.69694397325307,33.058179470543543],[-96.696967175176511,33.058146079773223],[-96.69699075462988,33.058114926696568],[-96.6970117015955,33.058089489136748],[-96.697055303016683,33.058043040224213],[-96.697099798868194,33.058003484520391],[-96.697146605272337,33.057968052166885],[-96.697197144615842,33.057933977978735],[-96.697242099993233,33.057905277443197],[-96.697277148003607,33.057883166203901],[-96.697313645466323,33.057860214134536],[-96.697350825328627,33.057836869943287],[-96.697387924988021,33.057813577933537],[-96.697424178498835,33.057790785939616],[-96.697458822157273,33.057768939142321],[-96.697491091220812,33.057748481793574],[-96.697523841167921,33.057727535985293],[-96.697606129009074,33.057671852668108],[-96.697694047166578,33.057601033801596],[-96.697718699927492,33.057579823320836],[-96.697745413594447,33.057555964938743],[-96.697773165354022,33.057529676836559],[-96.697800944218557,33.057501176590939],[-96.697827730528999,33.057470684271351],[-96.69785250586078,33.057438415461426],[-96.697874252638371,33.057404592091785],[-96.697891955656942,33.057369429828313],[-96.697903682572402,33.057336487890794],[-96.697911359206529,33.057297590604755],[-96.697913385920515,33.057257804581866],[-96.697910682244299,33.057217251485056],[-96.697904162314643,33.05717605374447],[-96.697894743610846,33.057134330260254],[-96.697883339162388,33.057092204338005],[-96.697870868493311,33.057049797640296],[-96.697858246902015,33.057007229916536],[-96.697852064030371,33.056985562101694],[-96.697840272127763,33.056940783488479],[-96.697829982502,33.056896032796168],[-96.697821331298655,33.056851313456505],[-96.697814463367308,33.056806625506404],[-96.697809516965009,33.056761973334375],[-96.697806632556421,33.056717359577434],[-96.697805953790208,33.056672787856236],[-96.697807902668714,33.056624052789239],[-96.697812183914564,33.056580216884171],[-96.69781883352529,33.056536674691998],[-96.697827785760637,33.056493675745585],[-96.697838977120895,33.05645146692374],[-96.697852343978553,33.056410298715939],[-96.697867821762529,33.056370417973753],[-96.697885345741895,33.056332076062439],[-96.697909106854638,33.056288242276437],[-96.697936722739428,33.056245748938039],[-96.697966951188533,33.056206338429561],[-96.697999404339214,33.056169813937075],[-96.698033694393857,33.056135976841404],[-96.69806943680355,33.056104627701806],[-96.698106242699595,33.056075567872682],[-96.69812648109739,33.056060717364446],[-96.69817041804977,33.056030719525296],[-96.698214443312438,33.056003217727458],[-96.698258007967326,33.055978018329029],[-96.698300563256993,33.055954923175037],[-96.69834156354392,33.055933736900577],[-96.69836576764834,33.05592157228515],[-96.698421054132339,33.05589423944641],[-96.698477065854775,33.055866425190246],[-96.698539820412478,33.055834194340321],[-96.698599827859383,33.055802091215334],[-96.698632173840991,33.055784334458082],[-96.698666462113934,33.055765273098302],[-96.698701987876404,33.055745325795861],[-96.698738051431206,33.055724918568252],[-96.698773951162906,33.05570447106053],[-96.698808981008597,33.055684407324286],[-96.698842442411177,33.055665151600913],[-96.698873633726549,33.055647124440419],[-96.698901851071497,33.055630749047737],[-96.698922925927945,33.055618472054924],[-96.698995111381819,33.055569425684041],[-96.699024205637329,33.055506864205306],[-96.699031529667096,33.055481407454067],[-96.699039868425402,33.055451398823287],[-96.699049189554316,33.055417477219216],[-96.699059458551702,33.055380281493875],[-96.699070644099749,33.055340451483431],[-96.699082710528558,33.055298628721154],[-96.699095626616796,33.055255450335018],[-96.699111359693305,33.055205343023523],[-96.699125452471918,33.055162566545775],[-96.699139562883587,33.055120018207447],[-96.699152976072028,33.05507791673169],[-96.699164975166696,33.055036477176984],[-96.699174842130063,33.0549959172833],[-96.699181863342176,33.054956451287694],[-96.699185318591887,33.054918297779139],[-96.699182942158998,33.054868429039566],[-96.699172447132199,33.054825582449936],[-96.699154453589756,33.054785502492059],[-96.699129825732001,33.054748055522957],[-96.699099430876302,33.054713110688674],[-96.699064135362306,33.054680534399843],[-96.699024805463566,33.054650194872835],[-96.698997792363159,33.054631808061551],[-96.698956827420361,33.05460665984679],[-96.698914632053544,33.05458337719412],[-96.698872248352117,33.054562074004942],[-96.698830715284515,33.054542861392527],[-96.698791070585884,33.05452585495842],[-96.698754355431063,33.054511164067044],[-96.698717799095647,33.054497529817183],[-96.698631762279931,33.054470150669061],[-96.69853550559462,33.054442045887754],[-96.698503806421598,33.054431919620711],[-96.698468338595859,33.054420053893715],[-96.698429995329803,33.05440655524356],[-96.698389670907503,33.05439153023503],[-96.698348261820854,33.054375083682281],[-96.698306660208729,33.054357322098127],[-96.698265762529275,33.054338351201572],[-96.698226461959536,33.054318278437513],[-96.698204975603872,33.054306301459562],[-96.698156423903669,33.054275664192694],[-96.698113014357943,33.054242838861349],[-96.698073973907555,33.054207477994112],[-96.698038529462323,33.054169235020922],[-96.698005910012867,33.054127765230064],[-96.697972008944831,33.054077434413472],[-96.697951313568211,33.054042780724295],[-96.697931771823406,33.054006370665654],[-96.697913931990698,33.053968445754634],[-96.697898348620612,33.053929252184453],[-96.697885568854687,33.05388903325111],[-96.697876144024889,33.053848035067027],[-96.697870626630305,33.053806501063207],[-96.697869564848673,33.053764675465501],[-96.697871281568183,33.053739678284813],[-96.697877801055796,33.053699971969053],[-96.697888497361149,33.053660632958355],[-96.697902731768622,33.05362194152255],[-96.697919864524323,33.053584177001454],[-96.697939251555653,33.053547619529922],[-96.69796025431171,33.053512544864212],[-96.697982233986522,33.053479235983197],[-96.698004545535639,33.053447970287252],[-96.698027532662877,33.053417771554599],[-96.698071640643846,33.053364992873675],[-96.698115924813678,33.05332105275798],[-96.698164901440293,33.053283167299107],[-96.698242355770745,33.053238711363278],[-96.698277798018054,33.053222025728999],[-96.6983164613155,33.053205428487459],[-96.698357921331564,33.053189085137163],[-96.698401756886895,33.053173163063803],[-96.698447546834899,33.053157828750471],[-96.698494869021957,33.0531432468484],[-96.698543302238761,33.053129585647348],[-96.698592425372794,33.053117010729373],[-96.698627940011789,33.053108732677266],[-96.698681099498586,33.053097608457236],[-96.69873348252257,33.053087953723335],[-96.698784360641113,33.053079645308223],[-96.698832998132204,33.053072553537277],[-96.698878663369157,33.053066554261427],[-96.698920622677278,33.053061520570182],[-96.698958145565399,33.053057326537406],[-96.698992915278311,33.053053585385122],[-96.699069888524861,33.05303754295268],[-96.699099524263147,33.052982034672553],[-96.699105200593465,33.052956743279559],[-96.699110770980738,33.052927306378024],[-96.699115962970254,33.052895050763077],[-96.699120504204316,33.052861300521613],[-96.699124116934058,33.052827380508354],[-96.699126530850663,33.052794617572836],[-96.69912747139027,33.052764337553832],[-96.699126598253457,33.052736968298959],[-96.699098320934255,33.052673997605211],[-96.699010499844348,33.052642947674606],[-96.698977553498253,33.052634540274504],[-96.698940294021199,33.052624862207814],[-96.69889944419694,33.052613803376367],[-96.698855724761842,33.052601250920482],[-96.698809856420226,33.052587092883769],[-96.698762561956343,33.052571219170275],[-96.698714561066453,33.052553515993061],[-96.698653167301273,33.052527974833062],[-96.698608421468023,33.052506897506213],[-96.698564888662872,33.052484444785321],[-96.698522928292135,33.052461130820589],[-96.698482901840293,33.052437471622206],[-96.698445169783028,33.052413981368339],[-96.698410094706389,33.052391175194138],[-96.698378038187712,33.052369566402703],[-96.698349358491257,33.0523496709244],[-96.69833154758031,33.052337084494901],[-96.698256370809432,33.052277282319118],[-96.69820997126952,33.052209329633186],[-96.698196514116461,33.052182318172946],[-96.698182601243261,33.052151494834355],[-96.698169105485732,33.052117871017266],[-96.698156896494353,33.052082457138404],[-96.698146845900993,33.052046268182501],[-96.698139824423961,33.052010314593858],[-96.698136695584793,33.05196385307049],[-96.698144435589683,33.05191473340318],[-96.698165057816894,33.051870004438761],[-96.698198729384615,33.051827499118438],[-96.698245611922047,33.051785053854964],[-96.698283028620196,33.051756630074344],[-96.698314017349134,33.051734940293237],[-96.698347728173147,33.051712644142185],[-96.698383849849847,33.051689925331239],[-96.698422069025469,33.051666966613752],[-96.69846207341871,33.051643950770448],[-96.698503549612852,33.051621062360937],[-96.698546186431955,33.051598483290825],[-96.698589670492694,33.051576397217595],[-96.698633688476477,33.051554985993661],[-96.69866880745198,33.051538591185533],[-96.698718345877339,33.051516477823164],[-96.698767510882107,33.051495512498974],[-96.698815957960008,33.051475577201323],[-96.698863345628382,33.0514565594167],[-96.698909334773006,33.051438340366666],[-96.698953579559074,33.051420809236006],[-96.698995739768108,33.051403848122952],[-96.69903547508568,33.051387341834278],[-96.699063011077413,33.051375400182401],[-96.699124938560701,33.051345882379131],[-96.699179045300085,33.051314949499208],[-96.699227698686485,33.051280321868902],[-96.699273264935357,33.051239722491154],[-96.699307134302245,33.051203648923718],[-96.69933107905382,33.051175188127665],[-96.699354998350557,33.051144664751412],[-96.699378566272216,33.051112826867303],[-96.699401457059963,33.051080418034338],[-96.699423339435953,33.051048186190442],[-96.699443890891871,33.051016874073376],[-96.699462782295967,33.050987229675648],[-96.699479684613848,33.050959998281641],[-96.699493814625484,33.050936689895828],[-96.699540670543811,33.050864577661791],[-96.699613627822487,33.050805861406552],[-96.699638534728209,33.050789907536526],[-96.699667023284007,33.050772254830271],[-96.699698328603546,33.050753323149678],[-96.699731681609762,33.0507335295407],[-96.699766314106185,33.050713296493711],[-96.699801460233985,33.050693041137166],[-96.699836350823489,33.05067318322768],[-96.699870218850251,33.050654142576803],[-96.699902296250997,33.050636338066909],[-96.699926955313714,33.050622828367096],[-96.70001478013863,33.050576964623382],[-96.700084988376275,33.050545036421852],[-96.700134688684955,33.05052495601447],[-96.700171434548011,33.050510586917888],[-96.700212080060012,33.050494476374837],[-96.700255928301544,33.050476369190918],[-96.70030228128077,33.050456010145403],[-96.70035044324591,33.050433141364067],[-96.700412614152782,33.050400364510168],[-96.700452074355454,33.050377204245855],[-96.700490948721963,33.050352080226119],[-96.700528501537164,33.050324983861678],[-96.700564000463302,33.050295902131381],[-96.700596709819337,33.050264825544687],[-96.700625897237828,33.050231741984462],[-96.700650825904532,33.050196643739667],[-96.700668509820787,33.050164398113388],[-96.700683479597629,33.050126371794818],[-96.700693742092056,33.050086634845627],[-96.700699989215408,33.050045432389901],[-96.700702912974577,33.050003006842978],[-96.700703203167478,33.049959602371267],[-96.70070155290297,33.049915460513802],[-96.700698653016659,33.049870826366536],[-96.700695055021257,33.049824157879456],[-96.700691668916079,33.049779136504711],[-96.700688700937732,33.04973412385128],[-96.700686407409066,33.049689122760114],[-96.700685047772126,33.049644138861545],[-96.70068487718072,33.049599177677834],[-96.700686154067924,33.049554243006675],[-96.700689136834512,33.049509339548472],[-96.700694218913995,33.049463448954079],[-96.700701100776087,33.049419990903218],[-96.700709765410735,33.049376936463311],[-96.700719902648828,33.049334650995306],[-96.700731198034219,33.049293499752416],[-96.700743339287712,33.049253847139127],[-96.700756014098801,33.049216058462697],[-96.700768909085781,33.049180499003846],[-96.700785034875921,33.049139310371281],[-96.700811970522821,33.049077350824483],[-96.700837381991093,33.049025380657667],[-96.700862181401277,33.048978137887218],[-96.70087963710408,33.048945119338278],[-96.700898719055957,33.04890784709216],[-96.700918468917337,33.048867476167892],[-96.70093903389072,33.048823244951677],[-96.700960562313369,33.048774390051065],[-96.70098238936238,33.048722139837324],[-96.700996424369762,33.048687072584649],[-96.701010655356981,33.04865008115214],[-96.701024837074371,33.048611425012119],[-96.701038719952763,33.048571364431815],[-96.70105205455198,33.048530156067642],[-96.701064595527882,33.048488062100681],[-96.701076091329568,33.048445338230735],[-96.701089198653222,33.04838865147444],[-96.701097753991036,33.048343741922167],[-96.701105156991488,33.048298863889983],[-96.70111200292655,33.048254082967247],[-96.701118888203112,33.048209462964728],[-96.701126404939259,33.048165067585181],[-96.70113515272341,33.04812096162275],[-96.701145725783221,33.048077209736611],[-96.701158747052219,33.048033793276893],[-96.701174021631076,33.047992605727615],[-96.701192132608554,33.047952363346248],[-96.701213121278272,33.047913565036474],[-96.701237028998591,33.047876707896407],[-96.701263897000246,33.047842292634861],[-96.701293765571393,33.047810816322617],[-96.701326676041163,33.047782776959828],[-96.701374544073417,33.047752033047963],[-96.701415995343368,33.047733070890693],[-96.701459603714667,33.047718443226472],[-96.701504152605452,33.047707543850059],[-96.70154842436196,33.047699766530926],[-96.701591200193661,33.047694506818573],[-96.701631261340964,33.047691159361229],[-96.701667392291071,33.047689117986778],[-96.701698726706297,33.047687762726035],[-96.701851983549872,33.047642484310181],[-96.701877443025808,33.047628428760483],[-96.701906710157786,33.047612196595345],[-96.701939026430594,33.047594210560518],[-96.701973631313962,33.047574889737255],[-96.702009765190454,33.047554657748414],[-96.702046671883878,33.047533931979125],[-96.702083589571373,33.047513137805211],[-96.702119759903383,33.047492693462452],[-96.702165159853266,33.047466908252957],[-96.702228212437632,33.047430374919642],[-96.702283221811939,33.047395649524951],[-96.702332863742996,33.047358862595004],[-96.702379820320687,33.047316147520746],[-96.702403643689621,33.047290779600615],[-96.702427351224742,33.047262991720501],[-96.702451077864751,33.047233002325711],[-96.702474497614318,33.047201592927479],[-96.702497286559066,33.047169546896868],[-96.70251911653024,33.047137646594472],[-96.702539664656058,33.047106676321661],[-96.702558603937916,33.047077415758174],[-96.702575610401894,33.047050650081673],[-96.702589800816099,33.047028049441693],[-96.702632460015494,33.046958221218738],[-96.702668377445562,33.046892468248139],[-96.702681548822909,33.046867502614582],[-96.702696357612155,33.046838358536512],[-96.70271197542219,33.046805553688849],[-96.702727580198427,33.046769608617119],[-96.702742341472856,33.046731039137569],[-96.702755435018361,33.046690366645308],[-96.702766033522209,33.046648108843726],[-96.702772562299472,33.0466106070878],[-96.702776448551859,33.046568329432063],[-96.702777121068991,33.046525551634268],[-96.702775106288911,33.046482343868739],[-96.702770934936538,33.046438776417737],[-96.702765136535675,33.046394923147467],[-96.702758240737182,33.046350854313168],[-96.702750778263109,33.046306640197031],[-96.702742057583166,33.046254950827233],[-96.702735040779103,33.046210029588309],[-96.702728861301097,33.046165124904526],[-96.702723760454987,33.046120239235243],[-96.702719981561643,33.046075378704856],[-96.702717764822154,33.046030546648616],[-96.702717348260919,33.045985747250391],[-96.70271897737365,33.045940985785755],[-96.702723165887747,33.045893908742691],[-96.702729478586036,33.045850492202398],[-96.702738136105921,33.045807118414046],[-96.702749089072427,33.045763787941652],[-96.702762281775549,33.045720498478985],[-96.702777662728963,33.045677249633172],[-96.702795179438453,33.045634039178665],[-96.702814781457732,33.045590867652194],[-96.702842956638023,33.045535420982596],[-96.702864404336879,33.045496954693057],[-96.70288697490507,33.045458892544147],[-96.702910221552756,33.045421610920833],[-96.702933695507781,33.045385481640771],[-96.702956948846833,33.045350882868171],[-96.702979537023253,33.04531818833469],[-96.703001009028043,33.045287772513397],[-96.703020919116398,33.045260012720625],[-96.703043191814146,33.045229253809055],[-96.703096998229896,33.045152732185819],[-96.703137331742042,33.045082922010828],[-96.703151404026542,33.045056139317133],[-96.703167273252916,33.045025185797883],[-96.703184597769038,33.044990558851993],[-96.703203034915589,33.044952754046029],[-96.703222241025912,33.04491226511432],[-96.703241874417955,33.044869590359056],[-96.703267079590717,33.044812568013676],[-96.703284058253288,33.044772537145285],[-96.703300861292377,33.044731891946142],[-96.703317582771717,33.044690823628983],[-96.703334314547064,33.044649525158206],[-96.703351151657955,33.044608190481853],[-96.703368187128092,33.044567009882854],[-96.703385517036892,33.044526178238989],[-96.703409128326669,33.044472860132444],[-96.703429688973671,33.044428901211688],[-96.703450492294877,33.0443864175949],[-96.703471130926502,33.044345884247107],[-96.703491199681437,33.0443077752848],[-96.703510296621531,33.044272564002824],[-96.703528016497444,33.04424072632375],[-96.703550067024707,33.044202155800129],[-96.703586796116923,33.044137668034722],[-96.703598175097753,33.044096979365484],[-96.703593944064266,33.04405953204639],[-96.703581205634734,33.044008681268139],[-96.703570887422842,33.043971261484948],[-96.703561510560021,33.043937215818133],[-96.703550374142793,33.043899029998357],[-96.703536678915611,33.043856824869096],[-96.703519625688799,33.043810719467778],[-96.703498413067322,33.043760834582827],[-96.703481319176248,33.043725039670491],[-96.703463789648666,33.043691273145839],[-96.7034446075413,33.04365639972422],[-96.703424175443274,33.043620653620785],[-96.703402896038853,33.043584266342563],[-96.703381172955559,33.043547473034941],[-96.703359410044087,33.043510502524185],[-96.703338009826126,33.043473590832065],[-96.703317376086758,33.043436968590903],[-96.703292720470571,33.043390876932897],[-96.703269232386447,33.043343084316412],[-96.70324869205399,33.043297329331722],[-96.703230891970193,33.043254108239104],[-96.703215621224857,33.043213922634074],[-96.703202671276173,33.043177267846865],[-96.703191833326571,33.043144646429269],[-96.703184707997394,33.04312231883182],[-96.703165291822501,33.04305283367858],[-96.703160979344858,33.042997579439316],[-96.70316297022427,33.042963538795163],[-96.703167056363654,33.042924326446169],[-96.703172816483985,33.042881686520396],[-96.70318006512116,33.042835947766768],[-96.703188900762157,33.042790956445678],[-96.703203973715631,33.042743518009445],[-96.70323070539223,33.042691079872554],[-96.703276127803463,33.042629175555426],[-96.703298175517759,33.042604193741589],[-96.703322825843159,33.042578185005702],[-96.703349496931594,33.042551553056285],[-96.70337760800777,33.042524701629155],[-96.703406576154009,33.04249803440662],[-96.703435819493436,33.042471956001386],[-96.70346475835818,33.042446869274904],[-96.703492807690168,33.042423177857287],[-96.703519388863583,33.042401285540755],[-96.703543916822284,33.042381595956321],[-96.703560599155693,33.042368531790366],[-96.703644327919847,33.042314321061852],[-96.70372491909778,33.042295269622592],[-96.70375766810335,33.042289761463124],[-96.70379591324604,33.042282768780723],[-96.703838849438483,33.042273851153595],[-96.703885673543851,33.04226257363068],[-96.703935581512553,33.042248496720994],[-96.703987770205515,33.042231185475195],[-96.704054033951735,33.042204748095514],[-96.704093984370331,33.042186092494696],[-96.704133777031956,33.042165623063823],[-96.704172997624184,33.042143799235149],[-96.704211224269059,33.042121082058003],[-96.704248040416928,33.04209793362007],[-96.704283028543571,33.042074813274063],[-96.704315767846325,33.042052182097848],[-96.704345842882645,33.042030501304332],[-96.704372832819857,33.04201023287478],[-96.704392816899983,33.041994633125803],[-96.704466659523192,33.041925731418104],[-96.704514200903404,33.041855741528252],[-96.704530895088197,33.041829812519289],[-96.704550266371839,33.041800482956091],[-96.704572044530494,33.041768475219897],[-96.704595960476951,33.041734509913361],[-96.704621746196381,33.041699307666434],[-96.704649129323826,33.041663590806806],[-96.70469054655787,33.04161303074973],[-96.704723665207297,33.041575731433284],[-96.704757678558749,33.041540005139488],[-96.70479234741174,33.041505941629111],[-96.704827433734422,33.04147362798178],[-96.704862695207993,33.041443151169396],[-96.704897897080912,33.04141459654754],[-96.704924993160631,33.041393837324051],[-96.704970514531567,33.041360678343786],[-96.705011970943943,33.041329457360689],[-96.705046162763466,33.041298404223234],[-96.705069893732855,33.041265744349396],[-96.705080079368216,33.041227035017151],[-96.705076725468089,33.041198179197714],[-96.705066390191305,33.041167465329536],[-96.705050817335831,33.041135726992188],[-96.70503174845723,33.041103800419783],[-96.705010927284036,33.041072520998249],[-96.704990095429991,33.041042723157915],[-96.704969375798669,33.041012846814816],[-96.704930700760116,33.040943696947565],[-96.70490365084494,33.040841019773318],[-96.704898201231899,33.040810486605203],[-96.70489255444808,33.040776467925596],[-96.704886863535336,33.040739458222234],[-96.704881279487793,33.040699949220716],[-96.704875955250728,33.040658438117326],[-96.704871045032931,33.040615416718673],[-96.704866698595282,33.040571381237491],[-96.7048627910889,33.040522894063784],[-96.704860066906377,33.040477643424218],[-96.704858249980774,33.040431706302471],[-96.704857335332122,33.040384375981326],[-96.704857331754411,33.040334950608084],[-96.704858234235573,33.040282724368133],[-96.704860049489582,33.040226993548913],[-96.704862775687459,33.040167053319387],[-96.70486641808769,33.040102150233515],[-96.704868575301475,33.040067755881886],[-96.704870948645507,33.040032197746186],[-96.70487352086981,33.039995720259896],[-96.704876278291835,33.039958558007122],[-96.704879208045114,33.039920952820999],[-96.704882296287266,33.039883143799443],[-96.704885528104128,33.039845370013403],[-96.704888888517672,33.039807872339395],[-96.704892363781667,33.039770887167144],[-96.7048959421018,33.039734656356899],[-96.704899607492152,33.039699418952715],[-96.704903346110882,33.039665414052727],[-96.704907141972285,33.039632880701021],[-96.704910984386089,33.039602059882185],[-96.704914859542413,33.03957318979149],[-96.704918828972666,33.039545987352177],[-96.704947767106972,33.039421495746836],[-96.705025197894386,33.039319342161384],[-96.705050173297508,33.039297106430794],[-96.705078095843817,33.039273109673822],[-96.705108149203866,33.039247925001277],[-96.705139515977649,33.039222125497844],[-96.705171378766721,33.039196284248654],[-96.705202921342249,33.039170971658649],[-96.705233324037465,33.039146764371765],[-96.705271190626434,33.039116792085061],[-96.705338628436138,33.039065910378611],[-96.705402715912427,33.039031428215438],[-96.705471461471689,33.039011558256689],[-96.705507476294727,33.039005068312683],[-96.705547791730041,33.038999430157425],[-96.705591799542489,33.038994521868766],[-96.705638884969915,33.038990224071497],[-96.70568843539408,33.038986417445216],[-96.705739842515683,33.038982981875158],[-96.705792492612431,33.038979798918106],[-96.705847499504216,33.038976649004098],[-96.705900859317069,33.038973569690526],[-96.705953978895622,33.038970155414454],[-96.706006618360632,33.038966061305068],[-96.7060585377358,33.038960945200394],[-96.706109494964878,33.038954463079058],[-96.706159253381742,33.038946270152316],[-96.706207570864905,33.038936024205171],[-96.706255636898831,33.038922944645293],[-96.706305106186491,33.038905746637319],[-96.706352078895492,33.038885648625772],[-96.706396431474829,33.038863139952895],[-96.706438042454494,33.038838711820269],[-96.706476791533589,33.038812852748087],[-96.706512556237087,33.0387860521056],[-96.706552437419447,33.038752373060241],[-96.706593309827639,33.038712821318086],[-96.706628462243074,33.038673781745196],[-96.70665907687625,33.03863543586845],[-96.706686344382405,33.03859796903965],[-96.706710671660574,33.038562704378961],[-96.706739412592668,33.038520106156952],[-96.70676771230525,33.03847612340784],[-96.706796587336157,33.038427590275852],[-96.706831693654962,33.038362298042685],[-96.706847701429282,33.038330243311457],[-96.70686433534938,33.038295958041893],[-96.706881564988606,33.03825993752919],[-96.70689935134601,33.038222676852897],[-96.706917666107159,33.038184672264983],[-96.706936470271785,33.038146418845251],[-96.706955731303196,33.038108410932367],[-96.706984573492491,33.038054441042974],[-96.707010649135299,33.038009215933506],[-96.707037077217507,33.037966577566145],[-96.707063595467886,33.03792669192989],[-96.707089937424044,33.037889722197754],[-96.707115842015682,33.037855830774973],[-96.707141042685805,33.037825183543312],[-96.707155082332378,33.037809127619646],[-96.70719975653995,33.037761505675832],[-96.707239053801814,33.0377165234217],[-96.707282360289142,33.03763910523994],[-96.707292669369906,33.037608409836025],[-96.707301682517667,33.037574203105841],[-96.707309548334621,33.037536983941855],[-96.707316411071659,33.037497252934251],[-96.707322417187484,33.037455508921482],[-96.707327713140813,33.037412250742072],[-96.707332447533787,33.037367977288476],[-96.707336859311212,33.037322151520399],[-96.707340896903602,33.037277167509373],[-96.707344746862276,33.037232180587559],[-96.707348488597034,33.037187190040356],[-96.707352202365229,33.037142201499435],[-96.707355969783933,33.037097212498608],[-96.707359870134624,33.037052225934161],[-96.707363983802139,33.037007243826785],[-96.707368415468835,33.036962036589848],[-96.707373176353713,33.036917226162615],[-96.707378360691266,33.036872423667383],[-96.707384015608113,33.036827631192125],[-96.707390192646002,33.036782847321781],[-96.707396938963257,33.036738073241672],[-96.707404305941495,33.036693312050375],[-96.707412341906675,33.03664856225182],[-96.707421406055303,33.036602314874152],[-96.707430775311522,33.036558355779157],[-96.707440852393077,33.03651446236367],[-96.707451602154251,33.036470687958371],[-96.707462987305689,33.036427085840209],[-96.707474970590425,33.036383708383276],[-96.70748751689483,33.036340608015621],[-96.70750058782626,33.036297838889944],[-96.70751652298452,33.036248226719323],[-96.707531468149639,33.036203817729422],[-96.707546587886753,33.036160506446969],[-96.707561553194708,33.036118889092158],[-96.707576032929637,33.036079561831563],[-96.707589700299891,33.036043119134149],[-96.707602220883857,33.036010158891614],[-96.707613268962987,33.035981275600193],[-96.707619826069703,33.035964123451642],[-96.707644378987723,33.035898993056612],[-96.707671365810768,33.035830262555159],[-96.707681583464364,33.035805015140006],[-96.707693486903295,33.035775665408849],[-96.707706786140918,33.035742768094472],[-96.707721196709898,33.035706873550438],[-96.707736430799883,33.035668535660889],[-96.707752198521888,33.035628306450633],[-96.707768217458096,33.035586739035907],[-96.707790632626981,33.035527016966739],[-96.707806441432808,33.035483567543977],[-96.707821946844874,33.035440112300179],[-96.707837307519668,33.035396654319406],[-96.707852682113199,33.035353196685676],[-96.707868228241679,33.035309741553256],[-96.707884103424817,33.035266293784659],[-96.707900467453584,33.035222854685017],[-96.707921784054577,33.035168732422534],[-96.707939041540357,33.035127052437652],[-96.707956730786634,33.035085932673155],[-96.707974499906058,33.035045919078669],[-96.707992002307364,33.03500755954439],[-96.708008887208891,33.034971399144723],[-96.70802480379804,33.034937983857027],[-96.708039403374357,33.034907860615512],[-96.708052336166247,33.034881576327493],[-96.708058825004358,33.034868527363166],[-96.708167768111949,33.034750880450574],[-96.708190927114998,33.034734864729494],[-96.708217454390706,33.034716731644316],[-96.708246853712069,33.034696953037688],[-96.708278633075778,33.034676002665805],[-96.708312296224165,33.034654353274526],[-96.708347348948521,33.034632480372466],[-96.708383295025385,33.034610855803784],[-96.708419639272364,33.034589952342905],[-96.708455887516152,33.03457024459717],[-96.708508549952398,33.034544165281517],[-96.708572352316438,33.034517731561692],[-96.708631269568301,33.034498442496819],[-96.708685275918256,33.034484755046449],[-96.708734347810335,33.034475123515072],[-96.708797843935599,33.034465027625011],[-96.708870972412029,33.03445080223959],[-96.708946191155945,33.034423594390503],[-96.709012146887474,33.034389418536847],[-96.709040881568015,33.03437267893883],[-96.709071689534582,33.0343539782641],[-96.709103949137614,33.034333786111404],[-96.709137034441568,33.034312571972485],[-96.709170324742971,33.034290809085384],[-96.709203196252048,33.034268966996947],[-96.70923502521255,33.034247514351812],[-96.709265187741238,33.034226923406443],[-96.709293062131678,33.034207665568879],[-96.709328670531633,33.034182690848191],[-96.709398394501108,33.034124245529313],[-96.709419484286798,33.034057925402095],[-96.709423601726044,33.034031588487181],[-96.709428157900859,33.034000676960595],[-96.70943310820023,33.033965844791759],[-96.709438402782325,33.033927742204398],[-96.709443998300003,33.033887017778277],[-96.70944984699149,33.033844323596725],[-96.709455901190879,33.033800309034646],[-96.709462308618455,33.03375425584801],[-96.709468685128599,33.033709530135532],[-96.70947544756369,33.033664811405821],[-96.709482873541972,33.033620105729291],[-96.709491236458163,33.033575417263172],[-96.70950081077801,33.033530750191495],[-96.709511875158128,33.033486111514307],[-96.70952470087984,33.033441504431757],[-96.709540262971885,33.03339499177946],[-96.709555889160157,33.033354303361051],[-96.709573144307655,33.033313931450493],[-96.709591712732717,33.033274157260557],[-96.709611277682583,33.033235261977396],[-96.70963152354129,33.033197525008539],[-96.709652133557697,33.03316122754044],[-96.709672789877914,33.033126651635634],[-96.709693180103272,33.033094076783186],[-96.709708939252735,33.033069869247363],[-96.709746233427495,33.033015412488652],[-96.709782463289116,33.032964141187612],[-96.709819802115135,33.032909541859496],[-96.709881142785747,33.032809763144733],[-96.709896974704549,33.032781679273739],[-96.709913454202237,33.032751665368949],[-96.709930483006403,33.032720012623038],[-96.7099479692437,33.032687013293085],[-96.709965816881706,33.032652955917463],[-96.709983931936165,33.032618131796745],[-96.710002220454882,33.032582831328732],[-96.710020587382516,33.032547345787393],[-96.710038937663953,33.032511966446492],[-96.710057179523844,33.032476982855336],[-96.710075214692537,33.032442686207148],[-96.710092952403144,33.03240936788378],[-96.710113859907423,33.032370808026485],[-96.710145791177439,33.032313895159675],[-96.710175862287912,33.032262711207537],[-96.710204110282262,33.032216937237123],[-96.710230570090886,33.032176253358436],[-96.710255277715333,33.032140339708249],[-96.710278269123805,33.032108877326024],[-96.71029618115152,33.032085782770622],[-96.710345339008242,33.03203089098659],[-96.710399073336845,33.031988049429962],[-96.710450319402838,33.031957135787366],[-96.710483152769925,33.031939400060025],[-96.710519466757049,33.031920399086275],[-96.710558184213497,33.031900197976576],[-96.710598224806034,33.031878860859095],[-96.710638512393601,33.031856454679257],[-96.710677968756499,33.03183304452422],[-96.710717977296127,33.031807004366279],[-96.710761853198534,33.03177422667963],[-96.710801324130358,33.031739309837846],[-96.710837045902323,33.031701545646712],[-96.710869672116473,33.031660227662599],[-96.710914230684153,33.031590061808991],[-96.710932626997291,33.031555609651981],[-96.710950309277422,33.031519115555874],[-96.71096720019635,33.031480854976365],[-96.710983219242934,33.031441102385543],[-96.710998290129496,33.031400134168983],[-96.711012332313786,33.031358225701673],[-96.711025269604747,33.031315650660829],[-96.71104065297429,33.03125836450252],[-96.711051110729059,33.031213621867124],[-96.711060378622903,33.031168855677379],[-96.711068657008411,33.03112407277154],[-96.71107614428557,33.031079274517182],[-96.711083040870136,33.031034465946831],[-96.711089544025697,33.030989650206685],[-96.711095855302759,33.030944830550517],[-96.711102345589424,33.030898801887112],[-96.711108777390805,33.030854122597475],[-96.711115139491568,33.030809442459663],[-96.711121153209533,33.030764755379764],[-96.711126538695652,33.030720057945103],[-96.711131018340794,33.030675344088671],[-96.711134311320848,33.030630607662758],[-96.7111361388923,33.030585844378976],[-96.711136174736438,33.030538726567293],[-96.711134221611402,33.030494433986782],[-96.71113038709457,33.030450108620897],[-96.711124776313895,33.030405750398451],[-96.711117495404793,33.030361361080651],[-96.711108652645933,33.030316942482415],[-96.711098351965035,33.03027249811651],[-96.711086702744097,33.03022802892206],[-96.711071771572648,33.030176848688434],[-96.711058237293486,33.030134300140041],[-96.711043826246481,33.030091763004982],[-96.711028686571524,33.030049264495723],[-96.711012965336778,33.030006831797905],[-96.710996809482168,33.029964495708441],[-96.710980367115013,33.029922284342689],[-96.710963785238548,33.029880226692107],[-96.710947211991552,33.029838349969594],[-96.710938541025783,33.029816390403077],[-96.710921382315348,33.029772659293819],[-96.710904686019418,33.029729774696101],[-96.710888655231358,33.029688332648568],[-96.71087349197218,33.029648929162946],[-96.710859399365845,33.029612159375425],[-96.710846580503969,33.029578619325015],[-96.710835237405902,33.029548905023759],[-96.710824870223902,33.029521773250416],[-96.71080001692134,33.029393037478449],[-96.71080047903601,33.029366916774428],[-96.710801211757428,33.029336089815267],[-96.710802171927938,33.02930123048791],[-96.71080331333431,33.029263008084577],[-96.710804591779024,33.029222095562581],[-96.710805965144246,33.029179167738562],[-96.710807389392372,33.029134893056131],[-96.710808819574055,33.029089935418135],[-96.710810219363097,33.029044987858398],[-96.71081157473003,33.02900071957427],[-96.710812878764472,33.028957810784959],[-96.710814123420079,33.028916943488198],[-96.710815302953833,33.028878795221885],[-96.710816411431111,33.028844048940556],[-96.710817442005407,33.028813383058051],[-96.710818385622758,33.028787477739954],[-96.710883892278574,33.028662288707174],[-96.710903656318479,33.028643427712659],[-96.710926284132753,33.028621723693306],[-96.710951163932506,33.028597490186286],[-96.710977687048668,33.028571043518227],[-96.71100524598063,33.028542697334643],[-96.711033230861588,33.028512771547284],[-96.711061032113335,33.028481577943317],[-96.711088042110674,33.028449433781105],[-96.711113648942757,33.028416656211675],[-96.711141874605659,33.028376620008288],[-96.711168855761073,33.028332163879504],[-96.711191338360038,33.028288520952195],[-96.711209806181699,33.028246388286867],[-96.711224740765331,33.028206465597869],[-96.711236624784902,33.028169450820542],[-96.71124594195328,33.028136042819547],[-96.711253171727392,33.028106939448755],[-96.711256613534104,33.028092246977096],[-96.711270938275305,33.028027876263984],[-96.711284235418916,33.027960473546294],[-96.711289382497412,33.027934298774163],[-96.711295459911298,33.027903627672352],[-96.711302359401969,33.027869094543469],[-96.711309970471873,33.027831336344867],[-96.711318188109772,33.027790986557392],[-96.71132690074684,33.027748682111252],[-96.711336002300797,33.02770505646064],[-96.711346180493933,33.027657013148527],[-96.711355715776278,33.027612739677316],[-96.711365364713075,33.027568467250816],[-96.711375077910361,33.027524197339574],[-96.71138481045287,33.027479926105009],[-96.711394512914765,33.027435655920499],[-96.711404137133812,33.027391383769562],[-96.711413635955736,33.02734710846827],[-96.711424018404927,33.027297746528745],[-96.711433141655988,33.027253232285204],[-96.711441992561078,33.02720871481602],[-96.711450529420517,33.02716419036355],[-96.711458708231618,33.027119659630166],[-96.711466486127435,33.027075121539603],[-96.711473822352289,33.027030575972212],[-96.711480671959862,33.026986019992378],[-96.71148743059787,33.02693821427146],[-96.711493199337255,33.026893284176502],[-96.711498457820554,33.0268483448829],[-96.711503281098402,33.026803397371481],[-96.711507741006429,33.02675844254231],[-96.711511914674389,33.026713483235525],[-96.711515873937515,33.026668520351222],[-96.711519692774303,33.026623554843326],[-96.711523481066436,33.02657817924662],[-96.711527241929119,33.026533214990984],[-96.711531084236029,33.026488252778741],[-96.711535080925344,33.02644329263417],[-96.711539304839107,33.026398337289628],[-96.711543827843585,33.026353386742421],[-96.711548722780591,33.026308443724893],[-96.711554063627432,33.026263509190969],[-96.71155998145683,33.026218152714286],[-96.711566370574218,33.026173603217067],[-96.711573348132688,33.026129065781824],[-96.711580920625309,33.02608453876443],[-96.711589092369763,33.026040021369603],[-96.711597872914666,33.025995516547731],[-96.711607268752914,33.025951022654567],[-96.711617285210181,33.025906540727298],[-96.711628755255717,33.025858718624207],[-96.711639846004502,33.025815098570988],[-96.711651337749672,33.025771937661645],[-96.71166302373085,33.025729683397486],[-96.711674692901695,33.025688783172178],[-96.711686135223985,33.025649686211985],[-96.711687190271846,33.02564615079757],[-96.711697141859744,33.025612838159226],[-96.711707501732192,33.025578687310677],[-96.711718931669523,33.025541425200821],[-96.711743459189023,33.025463967362761],[-96.71176695655403,33.025401528224677],[-96.711782203431852,33.02536725067322],[-96.711797075450363,33.025335716006495],[-96.711813045950421,33.025300539486153],[-96.71182854080395,33.025261889414914],[-96.7118419848141,33.025219934069099],[-96.711851798532393,33.025174840715366],[-96.711856448895773,33.025125313988539],[-96.711855609760789,33.025087576672384],[-96.711851630064402,33.025049109933114],[-96.711845189117682,33.025010753080878],[-96.711836968469399,33.024973342771453],[-96.711827647523492,33.024937715606953],[-96.711817908833623,33.024904710075916],[-96.711808429657523,33.024875162727163],[-96.711799438390486,33.024848590459349],[-96.711705120717326,33.024758499483163],[-96.711676914885999,33.024748626324872],[-96.711643547003106,33.024737376616805],[-96.711605695631306,33.024725155930689],[-96.711564041411961,33.024712371697881],[-96.711519264761975,33.024699437669796],[-96.711472043233314,33.024686757587062],[-96.711423055161248,33.02467474334324],[-96.71135523386468,33.024660281868513],[-96.711302587392311,33.024650928017586],[-96.711250361704558,33.024642747616625],[-96.711199159170008,33.024635146780355],[-96.711149579983314,33.024627532473318],[-96.711102229730244,33.024619310892653],[-96.711057709742988,33.02460988722585],[-96.71101662129044,33.024598668466602],[-96.710979270929471,33.024584933128601],[-96.710932383354574,33.024559273195244],[-96.710894682722738,33.024527278555347],[-96.710865044925185,33.024489252599729],[-96.710842346922973,33.024445498743262],[-96.71082042140479,33.02437661316786],[-96.710812888235154,33.024339520922823],[-96.710807362198381,33.024300602350074],[-96.710803921383075,33.024260287707243],[-96.710802649171683,33.024219009192016],[-96.71080362472361,33.024177197088889],[-96.710806931452765,33.024135282692498],[-96.710812649621758,33.024093695411409],[-96.710820909963118,33.024052650869542],[-96.7108335670695,33.024007267522954],[-96.710849928025567,33.023964153009409],[-96.710870299656008,33.023924002656919],[-96.710894988786237,33.023887511792957],[-96.710924302211183,33.023855376647177],[-96.710958547830742,33.023828292572688],[-96.710996745930686,33.023807514430644],[-96.711035320347023,33.023793833401633],[-96.71107755997707,33.023784543631152],[-96.711122935391543,33.023779178224231],[-96.711170921384081,33.023777272199297],[-96.711220990732755,33.023778356910668],[-96.711272618262157,33.023781966475312],[-96.71132527564518,33.023787633124677],[-96.71137906716821,33.023794986297894],[-96.711430654787293,33.023803089199255],[-96.711481758516271,33.023811620876586],[-96.711531916856515,33.023819952598487],[-96.711580670451212,33.023827455688171],[-96.711627561957556,33.023833505134405],[-96.71167213195217,33.023837474067058],[-96.711713921138525,33.023838732005558],[-96.711761673280634,33.023835523256999],[-96.711815212086933,33.023822128252938],[-96.711860925495003,33.02379865793602],[-96.71190104940294,33.023765913900505],[-96.711937825005478,33.023724699676876],[-96.711976386714042,33.023671562380947],[-96.711997380509644,33.023639702453799],[-96.712018273739318,33.023605803331463],[-96.712038523203816,33.023570120643484],[-96.712057584761055,33.023532906381789],[-96.712074918620615,33.023494410840726],[-96.712089981650621,33.023454887845226],[-96.712102229648622,33.023414591193536],[-96.712111122827977,33.023373771180445],[-96.712115283856178,33.023342770835036],[-96.712117120495407,33.023299977355762],[-96.712114726785217,33.023257275559637],[-96.712108532102832,33.023214837966016],[-96.712098965664921,33.023172841608087],[-96.712086457790832,33.023131462643029],[-96.712071437790954,33.023090875395397],[-96.712054333807572,33.023051256871319],[-96.712027376490198,33.022997128881244],[-96.712002776127093,33.02295335814798],[-96.711977189543788,33.022911785453942],[-96.711951135680096,33.022872598217937],[-96.711925140063983,33.022835979506553],[-96.711899721569139,33.022802118544995],[-96.711875403482537,33.022771201055107],[-96.711852647219501,33.022743342534021],[-96.711807322644091,33.022687437733701],[-96.711777279992091,33.022633757189254],[-96.71176569487551,33.022571516001257],[-96.711765828822692,33.022541322636911],[-96.711768268962871,33.022508336379921],[-96.711772587342466,33.022473678670622],[-96.711778351817955,33.022438468133664],[-96.711785134405332,33.022403827112356],[-96.71179250293109,33.022370875134357],[-96.711800029444987,33.022340733640604],[-96.711808047221524,33.022311925513598],[-96.711839252817015,33.022248747281324],[-96.711914606967724,33.022203428908853],[-96.711941445621235,33.022189893925763],[-96.71197216650144,33.022174493827649],[-96.712006116394917,33.022157592619671],[-96.712042640105494,33.022139549739833],[-96.712081087699957,33.022120727469527],[-96.712120802848318,33.022101487026667],[-96.712161133508417,33.022082189737425],[-96.712201426535358,33.022063197804755],[-96.712257322280649,33.022037447515871],[-96.712316021099596,33.022011351018762],[-96.712370658977846,33.021987895823933],[-96.712421215702634,33.021966774211862],[-96.712467677489457,33.021947678624095],[-96.712510027370001,33.021930300518186],[-96.712546779277261,33.021914958606395],[-96.712610836633857,33.021886130329847],[-96.712672237386926,33.021853201760344],[-96.712752628730541,33.02180181711411],[-96.712781420689964,33.021781872199817],[-96.712811672935601,33.021759910997929],[-96.712842197231268,33.021736292223174],[-96.712871807390016,33.021711377353455],[-96.712899316091338,33.02168552964649],[-96.712923533968819,33.021659109598708],[-96.712943274840939,33.021632478690762],[-96.712957350448761,33.021605996544338],[-96.712965254395499,33.021571539014346],[-96.712960501694525,33.021542668719391],[-96.712945662735223,33.021515004557216],[-96.712922150986898,33.021488400380704],[-96.712891383227642,33.021462707414109],[-96.712854775034245,33.021437780465931],[-96.712813742141364,33.021413469831394],[-96.712769697979482,33.021389630266974],[-96.712724362679793,33.021366269705517],[-96.712678775350028,33.021343182007612],[-96.712633644887433,33.021320551225649],[-96.712589612442642,33.021298657299177],[-96.712547322252291,33.021277783860491],[-96.712507416568329,33.021258209974796],[-96.712470537450258,33.021240220124881],[-96.712437329260069,33.021224094333789],[-96.712406935613345,33.021209390942197],[-96.712330283528928,33.021168169143699],[-96.712266029914844,33.021106646068866],[-96.712247199159066,33.02108486330588],[-96.712226373905224,33.021059670957698],[-96.712204222391037,33.0210314625918],[-96.71218141291736,33.021000629970246],[-96.712158610568878,33.020967564775091],[-96.712136485723306,33.020932660628858],[-96.712115705574007,33.020896310171068],[-96.712096935233532,33.020858904182361],[-96.712078149399687,33.020813567976894],[-96.712064489031349,33.020769454679538],[-96.712055351055099,33.020725177516269],[-96.712050674276142,33.020680828924228],[-96.712050399547095,33.020636504102313],[-96.712054467848304,33.020592294637787],[-96.712062816817919,33.020548295647941],[-96.71207538850841,33.020504598746157],[-96.712092161289945,33.020461208809927],[-96.712110389033214,33.020423169356626],[-96.712131176869036,33.020385890831903],[-96.71215383698754,33.020349745410819],[-96.712177686874881,33.020315107208759],[-96.712202043042609,33.020282347606511],[-96.712226219764858,33.020251840639816],[-96.712249533556147,33.020223957690398],[-96.7122712976212,33.020199072768214],[-96.712290818384901,33.020177569652681],[-96.712355233968978,33.020115414673377],[-96.712433196829394,33.020060784108416],[-96.712458142243705,33.020043868180942],[-96.712486207112391,33.020024725519022],[-96.712516629936474,33.020003871021856],[-96.7125486428843,33.019981816719479],[-96.712581483451501,33.019959075679935],[-96.712614390238883,33.019936160096115],[-96.712646594283413,33.019913583778951],[-96.712677334156623,33.019891859825748],[-96.712716958166411,33.019863489839224],[-96.712790937007455,33.019804646863506],[-96.712830654483426,33.019746639920903],[-96.71284189482023,33.019703150772521],[-96.712845392044358,33.019673409530448],[-96.712847207057905,33.019639889756569],[-96.712847548269565,33.019603127987523],[-96.712846623016375,33.019563660732821],[-96.712844638635119,33.019522024501995],[-96.712841804478117,33.019478759469678],[-96.712838324730555,33.019434400259222],[-96.712834301711268,33.019388297956539],[-96.712830149779222,33.019343536041958],[-96.712825860521946,33.01929941222167],[-96.712821521678165,33.019256569337259],[-96.712817219946686,33.019215649300612],[-96.712813038779203,33.019177294845811],[-96.712809065977538,33.019142147009099],[-96.71280538492914,33.019110850330208],[-96.712801922578052,33.019082771372197],[-96.71279062446439,33.019014288160925],[-96.712770196691153,33.018948902774497],[-96.712761492557561,33.018923045167362],[-96.712751283527169,33.018892641816258],[-96.712739777564849,33.018858302436712],[-96.712727188088792,33.01882063417041],[-96.712713727477208,33.018780243229493],[-96.712699605836804,33.018737739383553],[-96.712685035512834,33.018693729747625],[-96.712673778175116,33.018659609842402],[-96.712659954324309,33.018617511942153],[-96.712646154998922,33.018575084847186],[-96.71263247296649,33.018532374257873],[-96.71261900093063,33.018489427680528],[-96.712605829483238,33.018446291664617],[-96.712593050287808,33.018403012786699],[-96.712580756143026,33.01835963584471],[-96.71256515875767,33.018301273202034],[-96.712554048413821,33.018256782938387],[-96.712543530550093,33.018212705120995],[-96.712533459999946,33.018169444525164],[-96.71252369292398,33.018127398730805],[-96.712514085291204,33.018086970734601],[-96.71250449212701,33.018048559895206],[-96.712494768392972,33.018012567376751],[-96.712483418622099,33.017975242819091],[-96.712459299632656,33.017914921410153],[-96.712429384534232,33.017871646954184],[-96.712389984634669,33.017846730112993],[-96.712354280045119,33.017840905653891],[-96.712320943564777,33.017843391245712],[-96.712284082526665,33.017851340861164],[-96.712245107560193,33.017863776994936],[-96.712205430240346,33.017879725781278],[-96.712166458961406,33.017898212372657],[-96.71212960754238,33.017918260252088],[-96.712107948840043,33.017931356975673],[-96.712056678143341,33.017967962407916],[-96.712016664251237,33.01800606756467],[-96.711985466154715,33.018047277376184],[-96.711965895930945,33.018082165799804],[-96.711949316310822,33.01811955994151],[-96.711933859134106,33.018160727610542],[-96.711918103646298,33.018206083119928],[-96.711900632400244,33.018256038154092],[-96.711879709586725,33.018311817759937],[-96.711865631553252,33.018346469072505],[-96.711850090210262,33.018382403776386],[-96.711833194088427,33.018419039978298],[-96.71181505077503,33.018455792147009],[-96.711795768738028,33.018492080194974],[-96.711775455565999,33.018527318591076],[-96.711754219792084,33.018560925442436],[-96.711732167839102,33.018592317899568],[-96.711719637030484,33.018608546050963],[-96.711679400441497,33.018652994977927],[-96.711635937066319,33.018689970665278],[-96.711587922692459,33.01872116028013],[-96.711534029857262,33.018748251809058],[-96.711473438522901,33.018772748092921],[-96.711433509061038,33.018786774723139],[-96.711391403011291,33.018799963279328],[-96.711347933650373,33.018811729685638],[-96.711303919454693,33.018821494515365],[-96.711260172568402,33.018828675473287],[-96.711217510463143,33.018832691302599],[-96.711176746357097,33.018832959737054],[-96.711123621235117,33.018825738776748],[-96.711080726600699,33.018810075931924],[-96.711043709593142,33.018786378744934],[-96.711011660612485,33.018755649942335],[-96.710983667001145,33.018718887654749],[-96.71095882126609,33.018677095562474],[-96.710928372997344,33.01861383189128],[-96.710912339617096,33.018576032657016],[-96.710896861892564,33.018536867604446],[-96.710881912818962,33.018496524000561],[-96.710867470781153,33.018455188344134],[-96.710853509845705,33.01841304792908],[-96.710840005150445,33.01837029007622],[-96.710826934008523,33.018327101257391],[-96.710810107340251,33.018269077067842],[-96.710797841326951,33.018224928980224],[-96.710786367419388,33.018180795362632],[-96.710776092914713,33.018136683734241],[-96.710767421894801,33.018092601533617],[-96.710760762727048,33.018048556306908],[-96.710756519523642,33.018004554589822],[-96.710755099514884,33.017960605707209],[-96.710757744141361,33.017907420383047],[-96.710763637461355,33.017865055733168],[-96.710772734188097,33.017822879968669],[-96.710784760781834,33.017781015431204],[-96.710799438281796,33.017739586133253],[-96.71081648983909,33.017698717043913],[-96.710835638637391,33.017658532229461],[-96.710856608964519,33.017619154880464],[-96.710890587060973,33.017562315382861],[-96.710917733288568,33.017521504632512],[-96.710946512591548,33.017482371279158],[-96.710977158811502,33.017445217569922],[-96.71100991114821,33.017410345886255],[-96.71104500350782,33.017378056669095],[-96.711082678369323,33.017348650574434],[-96.711123168504599,33.017322429821107],[-96.711150764081907,33.017307411336986],[-96.711193233823622,33.017288139133363],[-96.711237425029353,33.017271805226713],[-96.711282240251037,33.017258113691852],[-96.711326582104775,33.017246766799296],[-96.711369355349689,33.017237466874867],[-96.711409460362546,33.017229918846503],[-96.711445804076902,33.017223824193664],[-96.711481532841375,33.017218225516984],[-96.711612705092151,33.017143039487408],[-96.711629482735304,33.017121602191757],[-96.711648611515869,33.017096734291947],[-96.711669658210639,33.017069009527198],[-96.711692188652961,33.017038997998853],[-96.711715768485547,33.017007275225268],[-96.711739964583529,33.016974412238049],[-96.711764342719405,33.01694098094503],[-96.711788466492038,33.016907554103426],[-96.711819177707298,33.016864424624835],[-96.711852397170787,33.016816908872045],[-96.711882938629159,33.016772573349314],[-96.711911093574244,33.016731455195554],[-96.711937157623368,33.016693596170825],[-96.711961419051519,33.016659033332523],[-96.711985711228621,33.016625753446043],[-96.712025291803982,33.016576595609642],[-96.712067970333521,33.016532576509704],[-96.712140211977044,33.016472449586814],[-96.712170024935816,33.016450219038155],[-96.712202640999308,33.016426697155957],[-96.712237309341432,33.016402279833279],[-96.712273278129572,33.016377361131305],[-96.712309795500644,33.016352336014947],[-96.712346112743731,33.016327601336165],[-96.712381475919216,33.016303550202103],[-96.712407051260712,33.01628611063984],[-96.712459530301473,33.016249485691226],[-96.712505713728248,33.016213616204318],[-96.712545708118768,33.016175367619496],[-96.712579622029295,33.01613160994323],[-96.712597548197735,33.016100521260142],[-96.712612214348141,33.016068237524912],[-96.712625144281205,33.016032915728672],[-96.712636540486727,33.015994986542488],[-96.712646604479048,33.015954877902139],[-96.712655537676611,33.015913020451528],[-96.712663541561852,33.015869843029165],[-96.712670817584907,33.015825775376143],[-96.712677975531278,33.015778465410165],[-96.712684375563853,33.015733632115428],[-96.712690400481009,33.015688791210152],[-96.712695990276146,33.015643941188117],[-96.712701086989995,33.015599083305212],[-96.712705632791057,33.015554215206187],[-96.712709564458351,33.015509335304195],[-96.712712825168467,33.015464443076361],[-96.712715403878718,33.01541845575214],[-96.712717136364333,33.015373439319745],[-96.71271808106448,33.015328408532639],[-96.712718246584743,33.015283362703173],[-96.712717642506206,33.015238303878995],[-96.712716277434509,33.015193231372486],[-96.712714162150036,33.015148143647075],[-96.712711300844319,33.015103043518607],[-96.712707679951265,33.01505761710289],[-96.712703413256577,33.015012953364064],[-96.712698513184179,33.014968276435212],[-96.712693053608078,33.014923589977919],[-96.712687112784067,33.014878895052753],[-96.712680766824803,33.014834192666754],[-96.712674089699419,33.014789483772987],[-96.712667159663397,33.014744769432305],[-96.712659408661281,33.014696036120696],[-96.712652195389893,33.014651415867483],[-96.712644859969288,33.014606792546047],[-96.712637376618545,33.014562167316363],[-96.712629714263244,33.014517539398355],[-96.712621847250333,33.014472906340821],[-96.712613746584566,33.014428269223089],[-96.712605385445883,33.014383628275361],[-96.712595785331501,33.014334172646663],[-96.712586892770616,33.014289971953531],[-96.712577833446545,33.01424608965165],[-96.712568751494402,33.014202847421103],[-96.712559794199606,33.014160568828238],[-96.712551108751526,33.014119580147941],[-96.712542839411782,33.01408019944936],[-96.712535134408625,33.014042753937112],[-96.712526962421435,33.014001470018641],[-96.712515806147323,33.013940067862521],[-96.712507127213854,33.013886614382272],[-96.712499944992615,33.013838754616231],[-96.712492348486251,33.013788022794294],[-96.712485030670678,33.013742086966587],[-96.712477704783637,33.013693619992594],[-96.712470997504013,33.01363948861048],[-96.712465742409904,33.013579533932692],[-96.712463652692364,33.013544644652185],[-96.712462077594381,33.013507425293696],[-96.712461085504927,33.013468428760937],[-96.712460738383356,33.013428207796174],[-96.712461100427802,33.013387312487218],[-96.712462237819878,33.013346297489591],[-96.712464213621899,33.013305714669855],[-96.712467107071518,33.013265961787667],[-96.712472455441429,33.013214776024938],[-96.712479107383615,33.013166729512001],[-96.712486593636399,33.013122142084356],[-96.712494443835979,33.01308133445351],[-96.712502188659116,33.013044628260772],[-96.712508793627805,33.013014860998929],[-96.71253026375814,33.012944622138775],[-96.712602785929633,33.012859492491984],[-96.71262666470092,33.012839626621677],[-96.712654111189565,33.01281834674144],[-96.712684743783583,33.01279610229102],[-96.712718177688956,33.012773341726636],[-96.712754031359239,33.012750512682821],[-96.712791924288339,33.01272806372404],[-96.712831469510348,33.012706444156457],[-96.712872285482121,33.0126861016156],[-96.712913992772698,33.012667484694042],[-96.712954813971422,33.012651542720619],[-96.713007356176732,33.012634479922546],[-96.713059429761387,33.012620903120904],[-96.713110353094805,33.012610283778045],[-96.713159442561789,33.012602088789777],[-96.713206023022508,33.012595787976082],[-96.713249410763865,33.012590850942956],[-96.713288926453217,33.012586744695916],[-96.713324830824718,33.01258282881529],[-96.713424615318786,33.012560003862674],[-96.713514208535486,33.012500581764321],[-96.713538416847769,33.012480608341477],[-96.71356483029831,33.012458234309399],[-96.713592833224524,33.012434098411944],[-96.713621812171738,33.012408837641729],[-96.713651151479908,33.012383090743619],[-96.713680236561956,33.012357496490104],[-96.713708452928032,33.012332690945712],[-96.713735184890254,33.0123093137599],[-96.713759815754742,33.012288002750225],[-96.713772184574296,33.012277444815254],[-96.713853418985835,33.01221615735475],[-96.713936686296734,33.012177604469613],[-96.713968444288682,33.012165255116955],[-96.714004997630781,33.012151591192399],[-96.714045785808636,33.012137056744976],[-96.714090248500511,33.012122090407544],[-96.714137825225848,33.012107135327049],[-96.714187955601176,33.012092631942842],[-96.714262057590489,33.012073763907445],[-96.714311456638654,33.012063019114542],[-96.714361732387388,33.012053473671877],[-96.714412762903549,33.012045057653779],[-96.714464417586314,33.012037703628074],[-96.71451657339918,33.012031342545363],[-96.714569100940139,33.012025903389585],[-96.714621878243989,33.012021317138689],[-96.714680272873153,33.012017162747739],[-96.714733836857135,33.012014107886607],[-96.714787384964865,33.012011684211565],[-96.714840919699341,33.012009790583953],[-96.714894442172593,33.012008334865847],[-96.714947955926803,33.012007216848176],[-96.715001464280377,33.012006342641236],[-96.71505496853618,33.012005614690516],[-96.715108699588669,33.012004933068425],[-96.715162187150781,33.012004252545218],[-96.715215670246053,33.012003698390117],[-96.715269144860869,33.012003444894411],[-96.715322608117276,33.01200366457072],[-96.71537605382764,33.012004532559374],[-96.715429480154569,33.012006222302666],[-96.715482878831949,33.012008907081679],[-96.715536609462021,33.012012790186496],[-96.715588954392672,33.012017859258286],[-96.715641141238947,33.01202421556755],[-96.715693041676232,33.01203184866732],[-96.715744532577759,33.012040752759113],[-96.715795487793628,33.012050916547309],[-96.715845778839181,33.012062334099497],[-96.71589528492197,33.012074994254782],[-96.715951316674833,33.012091154078846],[-96.716002433877861,33.012107693026053],[-96.716051806007599,33.012125239060438],[-96.716098920516416,33.012143364585206],[-96.716143271156838,33.012161645776644],[-96.716184346449936,33.012179655066014],[-96.716221640145932,33.012196968630498],[-96.716254639724298,33.01221315797261],[-96.716270569166497,33.012221322823756],[-96.716353508003152,33.012268608895944],[-96.716444874106031,33.012320244638524],[-96.716474112274582,33.012335077299234],[-96.716507065021261,33.012350803667729],[-96.716543066084299,33.012366641699288],[-96.716581450112272,33.012381813890379],[-96.716621548633128,33.01239553994936],[-96.716662695348035,33.012407038736022],[-96.71670422600333,33.012415531873359],[-96.716745472153519,33.012420238169057],[-96.716786483296175,33.012420332988242],[-96.716832202904286,33.012413829496452],[-96.716875611139642,33.012401106496213],[-96.716916681304241,33.012383466289741],[-96.716955384623688,33.012362209319804],[-96.716991696580664,33.012338637039441],[-96.717025590485633,33.012314051750614],[-96.717057038611216,33.012289754825716],[-96.717075113814658,33.012275548203128],[-96.717132519261796,33.012231743920793],[-96.717188148228217,33.012192567516443],[-96.717251656108076,33.012151672998669],[-96.717293577902979,33.012126068141782],[-96.717324628002643,33.012107480867058],[-96.717358331852992,33.012087422206193],[-96.717394350137297,33.012065934252234],[-96.717432338149621,33.012043059866947],[-96.717471957613199,33.012018842073552],[-96.717512865965503,33.011993323788239],[-96.717554722819386,33.011966547078366],[-96.717597187692292,33.011938556720125],[-96.717639918118579,33.01190939292259],[-96.717674616678636,33.011884850225229],[-96.717712958171418,33.011856729369605],[-96.717750752445355,33.011828038178834],[-96.717787742361082,33.011799103631098],[-96.717823666462195,33.011770253500458],[-96.717858269849714,33.011741812111076],[-96.717891289965408,33.011714108113452],[-96.71792247084025,33.011687465805416],[-96.717951553131883,33.011662213918449],[-96.717978276522544,33.011638678448875],[-96.718002387124159,33.011617185554385],[-96.718020501711052,33.011600883471573],[-96.718095969201144,33.011528691723889],[-96.718148974285498,33.011461471451],[-96.718166269685256,33.01143747738076],[-96.718185939741815,33.011409770352337],[-96.718207549968781,33.011378779521735],[-96.718230668054929,33.011344933196206],[-96.718254858411768,33.011308661408165],[-96.718279688729723,33.011270392465391],[-96.71830472342215,33.01123055640096],[-96.718331789500112,33.011185763569202],[-96.718354549533927,33.011146411738231],[-96.718376566082924,33.011106793688704],[-96.718397720237235,33.011067239864161],[-96.718417894159032,33.011028080734896],[-96.718436966828236,33.010989645788101],[-96.718454821479355,33.010952265521098],[-96.718471337061274,33.010916270324017],[-96.718486397880781,33.010881990721145],[-96.718494414537375,33.01086303108454],[-96.718517594654301,33.010804422596927],[-96.718535918526541,33.010752715077793],[-96.718550801166671,33.010706285908761],[-96.718568488301059,33.010647246999184],[-96.718582694329356,33.01060044937433],[-96.718598074126305,33.010551540565402],[-96.718615886213925,33.010496555549565],[-96.718632987573301,33.010444751412997],[-96.718644007086368,33.010411692462483],[-96.718655950377752,33.010376160955033],[-96.71866874224483,33.010338494754116],[-96.718682305151333,33.010299037086178],[-96.718696564839263,33.010258129452708],[-96.718711446011326,33.010216112425468],[-96.718726869084392,33.010173326469172],[-96.718747115131151,33.010118442171382],[-96.718763226649145,33.0100758089972],[-96.718779601740152,33.010033182424415],[-96.718796138707319,33.009990557194129],[-96.718812741020514,33.009947933598269],[-96.718829311173621,33.009905309193591],[-96.718845749454218,33.009862683288802],[-96.718861957348878,33.009820051608472],[-96.718884114152075,33.009760249952322],[-96.718899673941209,33.009716806870387],[-96.718914653681551,33.009673784780283],[-96.718928962099113,33.009631612405776],[-96.718942501459438,33.009590719212412],[-96.718955179290418,33.009551537508429],[-96.718966903343045,33.009514493282559],[-96.718977576859729,33.009480018735722],[-96.718989173846126,33.009441621365085],[-96.719010441802439,33.009366464452917],[-96.719024671188905,33.009305836141202],[-96.719032943222317,33.009262283625766],[-96.719039229331628,33.009226716039265],[-96.719047263326104,33.009186990569518],[-96.71905856576646,33.009143141699603],[-96.719074651756969,33.009095206485867],[-96.719107221973886,33.009022964869523],[-96.719125031988042,33.008990811508667],[-96.719145099607772,33.008957802989769],[-96.719166966153963,33.00892438593818],[-96.719190175282876,33.008891001616334],[-96.719214268381478,33.008858094844697],[-96.719238788036677,33.00882610685953],[-96.719263276709,33.008795482508745],[-96.719287276892061,33.008766665737781],[-96.71931993486092,33.008729367945719],[-96.719377195458719,33.008671159470822],[-96.719387667975695,33.008662916377929],[-96.71948625727957,33.008711568583308],[-96.719508334798221,33.008716689297927],[-96.71953020368511,33.008722495122143],[-96.719551761646926,33.008728815426423],[-96.719573057528038,33.008735907149429],[-96.719594094011384,33.008743511932806],[-96.719614767443971,33.008751801572139],[-96.719635079749295,33.00876069117875],[-96.719655029731868,33.008770093074929],[-96.71967456627327,33.008780179468815],[-96.719693638606103,33.008790778311038],[-96.719712299421246,33.008801976762399],[-96.719730496060123,33.008813686759702],[-96.71974817809938,33.008825908847164],[-96.71976534657891,33.008838643954562],[-96.719782000459006,33.008851891152553],[-96.719798038800562,33.008865562975693],[-96.71981356358242,33.008879747819314],[-96.719828471910503,33.008894444009883],[-96.719842713016817,33.008909479498016],[-96.719856392126474,33.008924941856868],[-96.719869351699685,33.008940828043883],[-96.719881697624743,33.008957054871054],[-96.719893377618959,33.008973705966021],[-96.719904289387259,33.008990610699485],[-96.719914536075549,33.009007854785345],[-96.71992366659434,33.009024575746402],[-96.720132872816336,33.009174405029356],[-96.720339540226689,33.008843614426013],[-96.720353233757947,33.008848456341866],[-96.720598249751035,33.008935084076825],[-96.720733003348798,33.008885935062274],[-96.721263781447945,33.008692461127083],[-96.721337494923233,33.008724502815227],[-96.721372488313349,33.008716806651861],[-96.721434841171131,33.008704161627278],[-96.721491492147706,33.00869351712285],[-96.721571495179461,33.008680348905713],[-96.721636269289931,33.008670812200272],[-96.721703379630284,33.008661930317679],[-96.721770662592959,33.008654022270129],[-96.721802759757907,33.008650722622868],[-96.721837335744368,33.008647166960714],[-96.721904245482122,33.00864132684557],[-96.721949993546218,33.008637996615477],[-96.721985384294001,33.008611760523067],[-96.722247013029147,33.008417803907591],[-96.722360305163377,33.008333815011291],[-96.722599465458657,33.00827758461552],[-96.722812758486384,33.008227443552848],[-96.722936904373739,33.008198259016432],[-96.722979300683164,33.008188301686332],[-96.72313808580013,33.008014660098894],[-96.723138147181459,33.008014592058828],[-96.723138499641664,33.008014206915412],[-96.72316778295415,33.007982204595734],[-96.723422072346665,33.007706422993479],[-96.723663680865073,33.007603391069452],[-96.723838499905938,33.007577079221647],[-96.723884798958537,33.007569903801034],[-96.72428345101352,33.007508125926719],[-96.724303441452776,33.007524571582735],[-96.724556897663462,33.007732479106707],[-96.724744856558686,33.007783126928864],[-96.724817883657366,33.007802822782978],[-96.725145812456987,33.007778579339195],[-96.725292357464227,33.007767723591982],[-96.725452554919656,33.008077954814958],[-96.725474558675103,33.00812061212995],[-96.725757177797007,33.00817717301139],[-96.726058371104429,33.008237370152195],[-96.7260587331577,33.008185341736862],[-96.726156536496092,33.008192808200285],[-96.726254389074612,33.008200277628461],[-96.726359734885946,33.008208319238925],[-96.726461573673873,33.008232660510444],[-96.726859938263615,33.008396452092988],[-96.726941926289427,33.008423246093074],[-96.727034398111371,33.008446239560399],[-96.727147910858292,33.008464725883847],[-96.727263143380725,33.008473171988115],[-96.727314851059518,33.008473574261423],[-96.727993319804526,33.008478846554191],[-96.729781704726378,33.008492727667907],[-96.730025455848747,33.008511586906366],[-96.730179827290698,33.008527057285598],[-96.730362297322827,33.008552924533028],[-96.730376198425631,33.008561421051695],[-96.730408808096584,33.008560948571407],[-96.730534386140874,33.008559131480858],[-96.7307925322541,33.008610265979812],[-96.73084148154706,33.008655531403882],[-96.730886816419257,33.008697453672212],[-96.730989158797044,33.008698157161227],[-96.733688107224793,33.008716672155387],[-96.733850524120058,33.008717784854497],[-96.733858970631175,33.00871784282409],[-96.735284741984358,33.008727207530022],[-96.738294572884683,33.008751667423425],[-96.74059413322621,33.008767519696647],[-96.740630568741523,33.008767428141653],[-96.740674630468462,33.008766902019545],[-96.740704077543427,33.008766948236229],[-96.74112444779351,33.008817384063576],[-96.741324442286682,33.008876135024749],[-96.742250995903419,33.009200214350841],[-96.742251030851406,33.009200226966833],[-96.742253479088092,33.009200260766555],[-96.742267187102172,33.00920077347341],[-96.74228089335962,33.009201458719048],[-96.742294547532083,33.009202314347768],[-96.742308199948056,33.009203342515285],[-96.742321850848214,33.009204628164106],[-96.742335448560539,33.009206085072208],[-96.742349044725614,33.009207800364443],[-96.74236258773459,33.009209686013172],[-96.742376078595683,33.009211743850663],[-96.742389516446636,33.00921405969563],[-96.742402902004144,33.009216460078505],[-96.742416235623168,33.009219118495515],[-96.742429565584132,33.009222034340588],[-96.742442793899968,33.009225035302997],[-96.742455917774464,33.009228292993548],[-96.742487513584123,33.009235271216788],[-96.742518701978341,33.009242246526057],[-96.742551104433204,33.009250260424118],[-96.742583299911857,33.009258702884004],[-96.742615336904549,33.009267659145017],[-96.742647167993312,33.009277043994722],[-96.742678840565347,33.009286943548609],[-96.742710254731207,33.00929727038551],[-96.743001917551709,33.009400662337477],[-96.74301132418708,33.009403467890053],[-96.743019460271469,33.009405837036809],[-96.743027649365445,33.009407948173973],[-96.743035889713482,33.009409973841677],[-96.743044182387152,33.009411914066554],[-96.743052474851467,33.00941376844559],[-96.743060821606335,33.009415450686951],[-96.743069218302452,33.009416962489688],[-96.743077617173427,33.009418473442381],[-96.743086067918995,33.009419728164346],[-96.743094520629626,33.009420896190939],[-96.74310302352275,33.00942197872137],[-96.743111528380979,33.009422974556429],[-96.743120086184973,33.009423714187392],[-96.743128644020814,33.009424452915034],[-96.743137202477115,33.009425020880826],[-96.743145762688783,33.009425416305916],[-96.743154324833782,33.009425725938428],[-96.743162937160875,33.009425950074707],[-96.743171500819741,33.009426002223378],[-96.743180116593877,33.00942588308375],[-96.743188681976207,33.009425763593931],[-96.743197248903783,33.009425385718018],[-96.74320581666133,33.00942492292566],[-96.743443150350558,33.009425935167755],[-96.74351369682276,33.009426364002401],[-96.745851809727526,33.009436595460137],[-96.747410383057812,33.009443448988158],[-96.747409124774833,33.009441466003295],[-96.747482129079771,33.009410726052295],[-96.747555132264864,33.009379986033345],[-96.747627638523682,33.009491576262455],[-96.748157620116103,33.00925331736719],[-96.748350627224156,33.009437532014289],[-96.748529424362303,33.009608346729053],[-96.74856226682958,33.009684651688708],[-96.748585010309114,33.00973752999279],[-96.748838135354291,33.009944011567882],[-96.748858239361056,33.010031798186951],[-96.749963023268634,33.010035991266484],[-96.749961602138711,33.009945106626319],[-96.75011414280344,33.009954002154544],[-96.750654918103749,33.009985537657144],[-96.750748840506674,33.009994348631594],[-96.750809597354319,33.010001243297793],[-96.750870140881077,33.010008994656076],[-96.750930525766805,33.010017603159788],[-96.750990747881048,33.010027156353722],[-96.751017930064847,33.010031873374558],[-96.751050760902288,33.010037568152363],[-96.751110509113914,33.010048837173677],[-96.751170047475938,33.01006104791059],[-96.751229324182972,33.010074117756169],[-96.751330020005142,33.01009585396762],[-96.75138491057622,33.010108982994019],[-96.751439541482725,33.010122883535786],[-96.75149380872665,33.010137554820396],[-96.751547813311433,33.010153083386555],[-96.751601505731628,33.010169382166659],[-96.751654782965929,33.010186453123353],[-96.751707749077923,33.010204295224163],[-96.751760351564826,33.010222907167012],[-96.751812538015486,33.010242377106465],[-96.75186431240769,33.010262529847523],[-96.75191567054803,33.010283454740815],[-96.752639033397074,33.010600811498279],[-96.753112525439533,33.010808605109666],[-96.753147411995968,33.010824447791812],[-96.753179308290214,33.010838211286533],[-96.753211462141905,33.010851632378213],[-96.753243877148165,33.010864454540098],[-96.753276600987803,33.010876847922937],[-96.753309583204924,33.010888813986362],[-96.753342774290076,33.01090026566289],[-96.753376173139984,33.010911203828591],[-96.753409831312808,33.010921626147351],[-96.753443695294067,33.010931621649817],[-96.75347777110531,33.010941017902077],[-96.753512052818607,33.010949984629391],[-96.75354649300445,33.010958436623191],[-96.753831428835824,33.011021132514735],[-96.753824991338206,33.011041022397904],[-96.753811740763879,33.011083756583673],[-96.754096507990781,33.01117743404857],[-96.754122345535123,33.011185721446353],[-96.754177813965001,33.011203061606139],[-96.754205398287553,33.011211448304877],[-96.754261178723965,33.011227931439095],[-96.754288976832285,33.011235908676895],[-96.754345072487752,33.011251534864677],[-96.754370485005296,33.011258420170066],[-96.754426892914097,33.011273274274593],[-96.754455008791311,33.011280444326054],[-96.75451172970908,33.011294443235414],[-96.754539980770147,33.011301181998412],[-96.754597015892401,33.011314322127433],[-96.754624719735972,33.011320485285552],[-96.754681964965286,33.011332768572146],[-96.754707780708799,33.011338119591663],[-96.754765338214881,33.011349629890134],[-96.754795693526418,33.011355444881495],[-96.754853412696903,33.011366011295465],[-96.754879074160996,33.011370528974517],[-96.754937054076422,33.011380323833457],[-96.754964975637904,33.011384828829762],[-96.755023115258567,33.011393766499538],[-96.755051150787054,33.011397864077686],[-96.755109450142101,33.011405943655262],[-96.755140522463137,33.011409990865957],[-96.755199033897412,33.011417125999785],[-96.755224268953356,33.01142003461846],[-96.755282889913275,33.011426398063662],[-96.755310966144179,33.011429237912722],[-96.755369695366966,33.011434742893279],[-96.755400739022903,33.01143739963149],[-96.755459629924374,33.011441959822527],[-96.755484789477705,33.011443744278552],[-96.755543686968949,33.011447532037387],[-96.755574689563261,33.011449276008619],[-96.755633696129053,33.011452120385187],[-96.755659022745618,33.011453174339344],[-96.755718087455719,33.011455243946514],[-96.755749035872995,33.011456082054657],[-96.755808158156583,33.01145720881064],[-96.755836279077073,33.011457539519725],[-96.755895359501238,33.011457806802149],[-96.755923502163483,33.011457729614825],[-96.755982588975968,33.011457137715567],[-96.756010708374788,33.011456651516916],[-96.75606980261314,33.011455201365251],[-96.756097948100518,33.011454305570716],[-96.756115396023418,33.011453621865058],[-96.756578098397853,33.011455434446844],[-96.759545023052269,33.011467015564115],[-96.761091694825708,33.011472420602779],[-96.762457602221474,33.011477081983323],[-96.766741128379408,33.011491602531081],[-96.766744078312229,33.011491613018919],[-96.766761512139482,33.011491670286169],[-96.768823551868522,33.011498581751745],[-96.76885937299086,33.01150036014424],[-96.768889641002289,33.011502477693632],[-96.768924876528118,33.011505429817426],[-96.768958678513314,33.011508773951491],[-96.768992402672268,33.011512629385834],[-96.769027282350891,33.011517149436401],[-96.76906183008677,33.011522117591937],[-96.769095095233936,33.011527423655203],[-96.769129441376023,33.011533440384682],[-96.769164622497314,33.011540118338282],[-96.76919714794613,33.011546774134679],[-96.769230619895424,33.011554214985779],[-96.769265137419339,33.011562367435047],[-96.769296923272492,33.011570400979352],[-96.7693307397426,33.011579531852412],[-96.769364377152769,33.011589093821172],[-96.769396235629273,33.011598710384362],[-96.769427875435767,33.011608786884914],[-96.769460250473202,33.011619679369858],[-96.769493480722474,33.011631391701883],[-96.769525157395023,33.011643092807446],[-96.769556313658143,33.011655172314107],[-96.769587259511823,33.011667720998133],[-96.769618465360139,33.011680966417494],[-96.769649365079204,33.01169462714941],[-96.769679980203819,33.011708762457452],[-96.769710045566782,33.011723195025723],[-96.769739524615588,33.011737958288563],[-96.769769660192836,33.01175364221497],[-96.769797949888812,33.011768930919594],[-96.769826801008591,33.01178519215631],[-96.769856539250469,33.011802527930051],[-96.769884125082243,33.011819216054484],[-96.769911325493354,33.011836317537735],[-96.769939352911592,33.01185458785389],[-96.769966384162416,33.011872823653363],[-96.769992701850541,33.011891255993191],[-96.770019385529935,33.011910606348074],[-96.770045329130909,33.011930083014633],[-96.770070844822527,33.011949930428777],[-96.770095974995698,33.011970163189815],[-96.770121035734675,33.011991067394177],[-96.7701446983735,33.012011467252883],[-96.770168229747881,33.012032558716214],[-96.770192236729997,33.012054777816502],[-96.770214908961748,33.012076521241909],[-96.770237029974652,33.012098511296642],[-96.770259514189405,33.012121684948347],[-96.770281021893808,33.01214459777605],[-96.770301765176043,33.012167565839682],[-96.770322664636126,33.012191533487524],[-96.770342277755745,33.012214866724527],[-96.770362125060132,33.012239423748454],[-96.770381186067382,33.012263832166127],[-96.770399421333266,33.012288177748069],[-96.77041781131885,33.012313657510852],[-96.770435399157634,33.012339012673742],[-96.770452173935141,33.012364186946435],[-96.770468434466821,33.012389654845094],[-96.77048418906864,33.012415393082073],[-96.770493535253664,33.012431360177096],[-96.770802808936082,33.013292762488931],[-96.771234734071001,33.014650516089198],[-96.771300085227253,33.014814085924876],[-96.771421489863869,33.015064675273862],[-96.771431592460559,33.015085061295601],[-96.771456223607117,33.01513365170716],[-96.77146815047719,33.015156601851452],[-96.771493853008778,33.015204854526829],[-96.771505230573098,33.015225741827933],[-96.771531904709278,33.015273657921],[-96.771544194286506,33.015295244474444],[-96.77157184199929,33.015342736386543],[-96.771585122480531,33.015365035882681],[-96.771613792055646,33.01541210299591],[-96.771626444173876,33.015432454260605],[-96.771656034727272,33.01547909860529],[-96.771669653382077,33.015500123357477],[-96.771700217485545,33.015546344421367],[-96.771714930714907,33.015568123523387],[-96.771746466053983,33.015613833601989],[-96.771760362466239,33.015633593866539],[-96.771792818819222,33.015678880271146],[-96.77180708455505,33.015698413801729],[-96.771840461923048,33.015743276531367],[-96.771857281138693,33.015765408414026],[-96.771891632694064,33.015809675292445],[-96.771906911604489,33.015829003373526],[-96.771942133577099,33.015872759488602],[-96.77195842360328,33.015892620291488],[-96.771994568533259,33.015935866033537],[-96.772010622779263,33.015954734319251],[-96.772047638065573,33.015997471101585],[-96.772064689864237,33.016016799487744],[-96.772102628109778,33.016059025895025],[-96.772120795630585,33.016078870603572],[-96.772159555603963,33.016120413364789],[-96.772176739056192,33.016138515220987],[-96.772216369419482,33.016179548116661],[-96.77223432672929,33.016197819029784],[-96.772274776851276,33.016238255875308],[-96.772293766969696,33.016256898301108],[-96.772335087278506,33.016296738530926],[-96.772353790884893,33.016314459473506],[-96.772382730680874,33.016341408744843],[-96.772395933096391,33.016353703703899],[-96.77241432299779,33.016370544961163],[-96.772457235675716,33.016409191923628],[-96.772477900043057,33.016427463553384],[-96.772521633316813,33.01646542864254],[-96.772542041531722,33.016482831039966],[-96.772586545005026,33.01652011391657],[-96.772605948179148,33.016536099135052],[-96.772651219976041,33.016572784687696],[-96.772673758513776,33.016590703995206],[-96.77271980355161,33.016626619761354],[-96.772739162179306,33.016641479820741],[-96.772785926152878,33.016676799754777],[-96.772807047459125,33.016692478501774],[-96.772854530226354,33.016727114048777],[-96.772877530065571,33.016743580000323],[-96.772925732367526,33.016777448048657],[-96.772946853981963,33.016792037978483],[-96.772978115266156,33.016813264178694],[-96.772995725751855,33.016825221326201],[-96.773017762636798,33.016839923249933],[-96.773067353136241,33.016872424013066],[-96.773090081138179,33.016887052596118],[-96.773140289337348,33.01691878425224],[-96.773163981422883,33.016933478140359],[-96.773187045343434,33.016947514109241],[-96.773353066681821,33.016855765893602],[-96.773974273028983,33.016555222095825],[-96.774257255485324,33.016425274929908],[-96.774891478291337,33.01642639290116],[-96.77509187872532,33.016426098061949],[-96.775208069182057,33.016454629570489],[-96.775353352893902,33.016484691454394],[-96.775593561756949,33.016525415849379],[-96.775894187389852,33.016557624705015],[-96.775901966403438,33.016558052949769],[-96.775959124706418,33.01656119495474],[-96.776267737231763,33.016565392894378],[-96.777401528987895,33.016577044898582],[-96.778587357587242,33.016591042353014],[-96.781262630676764,33.016622579546514],[-96.781538624010139,33.016627278035095],[-96.781636512420363,33.016628944555912],[-96.783259391928709,33.016645960944395],[-96.786251594118937,33.01667532156133],[-96.786670445730977,33.016670427604552],[-96.786669165186652,33.016764494369745],[-96.786665093846153,33.017063608247362],[-96.786684272828353,33.017059778763247],[-96.787799711355319,33.016837062153776],[-96.788113994249983,33.016805267491598],[-96.788617635116665,33.016831160238802],[-96.789541872542756,33.016899127228932],[-96.78960343196232,33.016907294676635],[-96.789421992777278,33.017447894793357],[-96.789520947555062,33.01745501015214],[-96.789630189990817,33.017462866452199],[-96.789838132604558,33.017477820694765],[-96.790308871687998,33.017509709590357],[-96.791572726828562,33.01759531798016],[-96.791676906757743,33.017599554459238],[-96.791960544478854,33.017582559169092],[-96.792177715237898,33.017540367589355],[-96.792889507890237,33.017358140932508],[-96.793116328879805,33.01730007089072],[-96.794302450534815,33.017389544029385],[-96.794287656205242,33.017887592569302],[-96.794256880188897,33.018923669802412],[-96.794256805929848,33.018926196151241],[-96.79425633378473,33.018941752064165],[-96.794233378566162,33.019697184047672],[-96.794176719018509,33.02156171650649],[-96.794176454553181,33.021570472761589],[-96.794176255435431,33.021577085563898],[-96.794172608641048,33.021698181811736],[-96.794155453106413,33.022267726708506],[-96.794137786681688,33.022854223208583],[-96.794133704020183,33.022989788222397],[-96.794133244678378,33.023005158272113],[-96.794035794868364,33.026272046291282],[-96.79401949395627,33.026270101297811],[-96.794002623591354,33.026268215551575],[-96.793903386939533,33.026257861320509],[-96.793885378756869,33.026256124804164],[-96.793785875420667,33.026247314460008],[-96.793769959840517,33.026246014972429],[-96.793670342647957,33.026238577870949],[-96.793653367233489,33.026237436749838],[-96.793553588147034,33.026231459359181],[-96.793535633923938,33.02623052195684],[-96.793435740349338,33.026226091274559],[-96.793419782326652,33.026225493672989],[-96.793319825343133,33.026222434757287],[-96.793301864753786,33.02622202394106],[-96.793201844743692,33.026220512089964],[-96.793177353482818,33.026220399464009],[-96.792995404996788,33.026221483306109],[-96.790189003375048,33.026189527338872],[-96.789896227909566,33.026186189401599],[-96.786562112799928,33.026148134838401],[-96.786546148124089,33.026972613062533],[-96.786539993700487,33.027290409014782],[-96.786537172933706,33.027436119043358],[-96.786564075537655,33.027596600501454],[-96.786572965151549,33.027649628877931],[-96.786593144976976,33.027679893507951],[-96.786663500618246,33.027785410429793],[-96.786669786107865,33.027798723153012],[-96.788319106987316,33.027817558488834],[-96.788498560866771,33.027819605843078],[-96.78858645486234,33.027820608882557],[-96.789055944481476,33.027825965182025],[-96.789066344843079,33.027826084613956],[-96.789170254398812,33.027827269353494],[-96.790609891586897,33.027843681336584],[-96.792979035372909,33.027870655412293],[-96.792999172084379,33.02787070933212],[-96.793178946969903,33.027869639052646],[-96.793257742853527,33.027870830933544],[-96.793340739897417,33.027873368915344],[-96.7934236793255,33.027877048433048],[-96.793505995229353,33.027881981226884],[-96.79358916598369,33.027888189935958],[-96.793671704582692,33.027895498105664],[-96.793753501515454,33.027904033168483],[-96.793835626177213,33.027913826724266],[-96.793917899282135,33.027924883419423],[-96.793984752121347,33.027934826216331],[-96.793977834202039,33.028164636372061],[-96.793900589999225,33.030048991342262],[-96.793893250680412,33.030228039972229],[-96.793878559586616,33.030586402506216],[-96.793878023028469,33.030606806999863],[-96.793873827847662,33.030968651139808],[-96.793870956567005,33.03121627856833],[-96.793870638081302,33.031243700876438],[-96.79386794983435,33.03142081755832],[-96.79386746423188,33.031452866487399],[-96.793867244906778,33.03145664339695],[-96.793796968196858,33.032670930506704],[-96.793796319054948,33.032684429970288],[-96.793775174926836,33.033235167575512],[-96.79373496661529,33.034282457333511],[-96.793681157264274,33.035638625081759],[-96.793680284688605,33.035660620565871],[-96.793677740880284,33.035724713174204],[-96.793662003728059,33.036121179514879],[-96.793587567435196,33.038019091009524],[-96.793543956308952,33.039154896979404],[-96.793527049420959,33.039586691434685],[-96.793489767251742,33.040609421103184],[-96.793459486486213,33.041402204021175],[-96.793437329673708,33.041397558660591],[-96.793418809838315,33.041393839007632],[-96.79336173463939,33.041382862493194],[-96.793346212981476,33.041379989657564],[-96.793288875101666,33.041369786442864],[-96.793271844911956,33.041366888417045],[-96.793214296180565,33.041357541992667],[-96.793199010577951,33.041355165544481],[-96.793141302155647,33.041346592229843],[-96.793122643421512,33.04134397598056],[-96.79306477588122,33.041336345655054],[-96.793047724177043,33.041334226835147],[-96.792989697166973,33.04132745636425],[-96.792974294643201,33.041325763723826],[-96.79291610910181,33.041319763679788],[-96.792897495113863,33.041317996021874],[-96.79283924909187,33.041312940477766],[-96.792823815738984,33.041311706067241],[-96.792765411150583,33.041307421852395],[-96.792746714920767,33.041306203323849],[-96.792688250888162,33.041302864537649],[-96.792672919647785,33.041302090708342],[-96.792614399944924,33.041299525770484],[-96.792595679414248,33.041298855982667],[-96.792537151806243,33.0412972350247],[-96.792520098000182,33.041296887038847],[-96.79246151279844,33.041296126621972],[-96.792437110239888,33.041296064016038],[-96.792333296419258,33.041296892276968],[-96.789418587573977,33.041273247380332],[-96.789394275815724,33.042092808230436],[-96.789382268588255,33.042497598212698],[-96.789369674621497,33.042922130683316],[-96.789375031757899,33.042922174334279],[-96.792323809864669,33.042946096541925],[-96.792342504478313,33.042946097100106],[-96.792443466793031,33.042945291130479],[-96.792481323969923,33.042945783451344],[-96.792521963605765,33.042946908605082],[-96.792563456838351,33.04294872778847],[-96.792604904329863,33.042951095195498],[-96.792646244147917,33.042954126771065],[-96.792687463193687,33.042957704733325],[-96.79272864310667,33.042961950349387],[-96.792770442735701,33.042966828247337],[-96.792810451032892,33.042972103207191],[-96.792851188817536,33.042978155897117],[-96.792892575118628,33.042984876811929],[-96.79293363868095,33.042992183442976],[-96.792973686611091,33.042999885346738],[-96.793013592605405,33.043008249677669],[-96.793054019482895,33.04301731253981],[-96.793101916337704,33.043028829771444],[-96.793128475072237,33.043034878618748],[-96.793261392577193,33.043063463277562],[-96.793269540124854,33.043065184291976],[-96.79335471296136,33.04308284723394],[-96.793377839146729,33.043087392535384],[-96.793425040169126,33.043096163902142],[-96.793442336894529,33.04309946146364],[-96.793434622710819,33.04448412486299],[-96.793423949953876,33.046405439239244],[-96.793423922741511,33.046410300548153],[-96.793418548290404,33.047374433573978],[-96.793407157444392,33.049417666843027],[-96.793402951677592,33.050172081717228],[-96.793402556020069,33.050341076031906],[-96.793402545513302,33.050345017930127],[-96.793404513953391,33.05037042673618],[-96.793404803986775,33.050374240458872],[-96.793400680049785,33.051094788464951],[-96.793400694649463,33.051114977562463],[-96.793401094291937,33.051687874350186],[-96.793401164409531,33.05178856130923],[-96.793401510160635,33.05180997376511],[-96.793411319541065,33.052120902868261],[-96.793413430537484,33.052187821103409],[-96.793413938995045,33.05220035301479],[-96.793428872285631,33.052501251635228],[-96.793429849784914,33.052517229382715],[-96.793442393757942,33.052689697986011],[-96.793443264284136,33.052700505762786],[-96.793463654655937,33.052931170982347],[-96.793464833015065,33.052943287389638],[-96.793470827567702,33.052999834919589],[-96.793508320167675,33.053353437828953],[-96.793510943665638,33.053374977385275],[-96.793552538499384,33.053677401057321],[-96.793554954683955,33.053693569408317],[-96.793597716464106,33.053958548131398],[-96.793599651426121,33.05396994485217],[-96.793636016305442,33.054173900893737],[-96.793638656827781,33.054187890871198],[-96.793685973911522,33.054425408524153],[-96.793689702709173,33.054442965198824],[-96.793766543477034,33.054783384754188],[-96.793769505055408,33.054795969443099],[-96.793817560580223,33.054992175306559],[-96.793820062129427,33.05500207877602],[-96.793905715178099,33.055331294810607],[-96.793910340256545,33.055348221043012],[-96.794013297254452,33.055707571408682],[-96.793993662997607,33.055707209331999],[-96.789338985365376,33.055624866026633],[-96.789366442260913,33.05596423891113],[-96.789383144994531,33.056132528595569],[-96.789379895976282,33.056300544389927],[-96.789385589044556,33.056450921733074],[-96.789406314799194,33.056998357285863],[-96.789434130998686,33.057107977697576],[-96.789491226982975,33.05725161277104],[-96.789502292531651,33.05727732214968],[-96.793951147527451,33.057356020004356],[-96.794491015194609,33.057365721611959],[-96.794714742462986,33.058141689159271],[-96.794925554522919,33.058912063229016],[-96.7949591194199,33.059043391087492],[-96.794989139163135,33.059171642403037],[-96.79503608461539,33.05940032285055],[-96.795086547147648,33.059675984594797],[-96.795131153015618,33.059951506620642],[-96.795181893949277,33.06032076956118],[-96.795214834016022,33.060612238096233],[-96.795249722681135,33.061005431741769],[-96.795254153648457,33.061085019583118],[-96.795261114658956,33.061210058382315],[-96.795277779947682,33.061827245953445],[-96.795258844080777,33.063119812545523],[-96.795256021537227,33.06330124175426],[-96.795237193531648,33.064587894217397],[-96.795236653941018,33.064592711306979],[-96.795235723266288,33.064654872385077],[-96.795230608212179,33.064996698270676],[-96.795214408392013,33.066045108761017],[-96.795212604090125,33.066161865103631],[-96.795193750521761,33.067082727901045],[-96.795190485393292,33.067286777428691],[-96.795147959553219,33.069944070767626],[-96.794399969696599,33.069934697576187],[-96.793774476269192,33.069900244650391],[-96.793560464245871,33.069888872316334],[-96.793547704458106,33.069888264643524],[-96.793181045372634,33.069872824883142],[-96.791758310755682,33.069810199548698],[-96.791762579387949,33.070366224477063],[-96.791796826560997,33.070631940846255],[-96.791797298109003,33.070635594519374],[-96.791838908072208,33.071352006232928],[-96.791842235448456,33.0714092865189],[-96.791851446117803,33.071465747672157],[-96.793079895483558,33.071519821149764],[-96.793443483427609,33.071535133462952],[-96.793647735583647,33.071545986083095],[-96.794296761359078,33.071581733277981],[-96.794346112934676,33.071583400442442],[-96.795120915587347,33.071593109506772],[-96.79511169881367,33.072164224739424],[-96.795090960841279,33.073464904846446],[-96.795077545734145,33.074511514121262],[-96.795076070562203,33.074618347158079],[-96.795063041250714,33.075562129320495],[-96.795062973803383,33.075571207202323],[-96.795062820204322,33.07578225712966],[-96.795062827273981,33.075785847010224],[-96.79506328213246,33.075888497747648],[-96.795063498655168,33.075903000111758],[-96.795066098141064,33.076005576795353],[-96.795066602138078,33.076019741041868],[-96.795071293717854,33.076122242386589],[-96.795072106371677,33.076136698790805],[-96.795078938532583,33.076239212720402],[-96.795080034738348,33.076253444755203],[-96.795088961647778,33.076355713547116],[-96.795090700853422,33.076373113705259],[-96.795106993319592,33.076517771699073],[-96.795109188354289,33.076535273354722],[-96.795126695436721,33.076661898660845],[-96.795128843134549,33.076676324460614],[-96.795149006222388,33.076802706600205],[-96.795151435871801,33.076816985693775],[-96.795174201825262,33.07694295440664],[-96.795178239474922,33.076963537862973],[-96.795213651884296,33.077130881923232],[-96.795214347641902,33.07713416969726],[-96.795215109765721,33.077137773520867],[-96.795228692930692,33.077202140294268],[-96.795241535787483,33.077253468264615],[-96.79527624042187,33.077373147589022],[-96.79528051660381,33.077387347141674],[-96.79531772495956,33.077506439839155],[-96.795322213072325,33.077520313881223],[-96.795361874761298,33.077638818717269],[-96.79536710489468,33.077653893614304],[-96.79541766037255,33.077794621348552],[-96.795423238357643,33.077809630658088],[-96.795445128586536,33.07786661812424],[-96.795450531998128,33.077880279622292],[-96.795473598287728,33.077936930813479],[-96.795479284630005,33.077950510682356],[-96.795503527045014,33.078006823792343],[-96.795509631019712,33.078020617163773],[-96.795535290021675,33.078077057061677],[-96.795568118682382,33.078150029658659],[-96.795574315991971,33.078163451248386],[-96.795609283640943,33.078237263099268],[-96.795615756939881,33.078250586625344],[-96.795652260681663,33.0783238929994],[-96.79565898374122,33.07833706993344],[-96.795696970809033,33.078409782800797],[-96.795703984760465,33.078422896368942],[-96.795743506917972,33.078495101924908],[-96.795753012335197,33.078511964589246],[-96.795817326422195,33.078622792030224],[-96.795825774960392,33.078637004110945],[-96.795886555181127,33.078736816082255],[-96.795892292435454,33.078746091877555],[-96.795954555772468,33.078845225379048],[-96.795968190101931,33.078866189767879],[-96.796026320968011,33.07895258822402],[-96.796034901711408,33.078965085016947],[-96.796094776762956,33.079050547558673],[-96.796103347842845,33.079062547171709],[-96.796165013710151,33.079147246605899],[-96.796176102178435,33.07916212042192],[-96.79618092103857,33.079168433684288],[-96.796266779817898,33.079280912400932],[-96.79627858493896,33.079296012438952],[-96.796343593731933,33.079377209210634],[-96.796353036942818,33.079388786492366],[-96.796419685792614,33.079469048407375],[-96.796429856526146,33.079481065411485],[-96.796498199927456,33.079560306157177],[-96.796509505427437,33.07957315322011],[-96.79659643220289,33.079669934670733],[-96.796608538019029,33.079683133781963],[-96.796708090522486,33.079789435168479],[-96.796718750494293,33.079800618406381],[-96.796820509286917,33.079905471963784],[-96.796836132905355,33.079921169434925],[-96.797029961583149,33.08011106644534],[-96.797044565734211,33.080125051192333],[-96.797425469984049,33.080481611323528],[-96.79742921453456,33.080485096455995],[-96.797762433584452,33.080793462778949],[-96.797831628473332,33.080857497359879],[-96.798187626670142,33.081186313658328],[-96.798190429069976,33.081188893008282],[-96.79857641786927,33.081542385904832],[-96.798990885273454,33.081921408147601],[-96.799220300015747,33.082133095222865],[-96.799205826805988,33.082137249418182],[-96.799178911225752,33.08214455389728],[-96.799151684826725,33.082151472204785],[-96.799124195506252,33.082158047072113],[-96.799097751697829,33.082163931880146],[-96.799069981953437,33.082169643349822],[-96.79904082785184,33.082175226133067],[-96.799012743085612,33.082180206176716],[-96.798985571947043,33.08218458600318],[-96.798958111532301,33.082188577472976],[-96.798929456307818,33.082192296707468],[-96.798900822183413,33.082195621612541],[-96.798873151201278,33.082198404432084],[-96.798844202094543,33.082200872322048],[-96.798816271237627,33.082202880789616],[-96.798788332112082,33.082204412893894],[-96.798759269779254,33.082205619395268],[-96.798730164566692,33.082206388442287],[-96.798702090533794,33.082206758919469],[-96.798674017885062,33.082206653269019],[-96.79864491002742,33.082206160014103],[-96.798616881793123,33.082205263952154],[-96.798587763461967,33.082203891303031],[-96.798559841902076,33.0822022045434],[-96.79853194964052,33.082200041434461],[-96.798503013052155,33.0821974127945],[-96.798475392142294,33.082194476563544],[-96.798446625270131,33.082190972027568],[-96.798418041506125,33.082187106032407],[-96.798390750356361,33.082182978866861],[-96.798362368356777,33.082178241373008],[-96.798335125312505,33.082173310333829],[-96.798294630007604,33.082165258245546],[-96.797127402195144,33.081921248666454],[-96.797118742194996,33.081919473035263],[-96.79706332468318,33.081908338092809],[-96.797045888709235,33.081904975533504],[-96.796990259217495,33.081894697338377],[-96.796976120205159,33.081892177013621],[-96.796921802841979,33.081882846123797],[-96.796810929868201,33.081870331342039],[-96.796148463082716,33.081844920774593],[-96.795866023862644,33.081834085702944],[-96.794011132471979,33.082264488215039],[-96.79312668114413,33.082763704838385],[-96.793677916453589,33.083381640179731],[-96.7937598289964,33.083473464015668],[-96.794314365930347,33.084095085591464],[-96.794417801680538,33.084008573552573],[-96.794444544701236,33.0839862068405],[-96.794616983229076,33.083890454228552],[-96.794632665866303,33.083881560426839],[-96.79483961217575,33.083761755863009],[-96.795252716738361,33.083622767852098],[-96.795616195878125,33.083518824439636],[-96.795910543485718,33.083484089239526],[-96.796341809209522,33.083489977708318],[-96.796591413002318,33.083509450848254],[-96.796617199258733,33.08351421471739],[-96.796659582996824,33.083522730887616],[-96.797827945373285,33.083766977613969],[-96.797838840775725,33.083769200838681],[-96.797843416968789,33.08377011045377],[-96.797894413744288,33.083780250662294],[-96.797913697593188,33.08378391303436],[-96.797958275752777,33.083791980937214],[-96.797973639782043,33.083794653952403],[-96.798018373890415,33.083802121189741],[-96.798035716269837,33.083804878671259],[-96.798080558819123,33.083811660054344],[-96.798098317492389,33.083814203624819],[-96.798143368336014,33.083820297978619],[-96.798158532990584,33.083822247802871],[-96.798203639986824,33.083827740859853],[-96.798221159876221,33.083829739178853],[-96.79826637423713,33.083834546354851],[-96.798284040354602,33.083836288023861],[-96.798329413614582,33.083840408770577],[-96.798344613224259,33.083841687208292],[-96.798389989993765,33.083845208082543],[-96.798409765263614,33.083846571181716],[-96.798455251339888,33.083849318579951],[-96.798470596454464,33.083850143376324],[-96.798516139718316,33.083852290406192],[-96.798533641312261,33.083852982650249],[-96.798579188986508,33.083854441283847],[-96.798596723228101,33.083854871392745],[-96.798642275280329,33.083855642532846],[-96.798657627274906,33.083855800677796],[-96.798703235407416,33.083855972325999],[-96.79872295464483,33.083855878438953],[-96.798768569036042,33.083855276804464],[-96.798783931599175,33.083854972590736],[-96.798829499120572,33.083853768949737],[-96.798847058015212,33.083853172325433],[-96.798892580549008,33.083851280888823],[-96.79890794416653,33.083850541189882],[-96.79895342197284,33.083848047799286],[-96.798973121926906,33.083846800512703],[-96.799007657377473,33.083844317231041],[-96.799018554481236,33.083843533485094],[-96.799033859969825,33.083842331556767],[-96.799079246690596,33.083838463451805],[-96.79909680363842,33.083836833120245],[-96.799142092788941,33.083832276839424],[-96.799159767936843,33.083830362066962],[-96.799204909083215,33.083825117282124],[-96.799220253160556,33.083823231406768],[-96.799265296933712,33.083817386093315],[-96.799282721450794,33.083814989028838],[-96.7993276697634,33.083808456495063],[-96.799345214903525,33.083805766917209],[-96.799390015208047,33.08379854587993],[-96.799407722249498,33.083795549436743],[-96.799452323039873,33.083787639541924],[-96.799467655521283,33.083784812790825],[-96.799512108532141,33.083776301137142],[-96.799527373984432,33.083773270353966],[-96.799571680349274,33.083764155162321],[-96.799589467919759,33.083760347493765],[-96.799633523168538,33.083750545799248],[-96.7996509543553,33.083746521610486],[-96.799694811126272,33.083736031988337],[-96.799710122664521,33.08373225509888],[-96.799753780239925,33.083721160656317],[-96.799771313009174,33.083716555258569],[-96.799814721640743,33.083704773463694],[-96.799830181587609,33.083700458072357],[-96.799873338350906,33.083688073785481],[-96.799888716719408,33.083683540454274],[-96.799931623789362,33.083670552825396],[-96.7999491844093,33.083665076187899],[-96.799991791027253,33.083651400853512],[-96.800005066047945,33.083647046551071],[-96.80004742105767,33.083632854567107],[-96.800065137511481,33.083626748351854],[-96.800107141727878,33.083611865626899],[-96.800124306979868,33.08360562126046],[-96.800166008596449,33.083590050778739],[-96.800179395140418,33.083584951067543],[-96.80022079581714,33.083568862732811],[-96.80023630764947,33.083562697249562],[-96.800277355586275,33.083546005769534],[-96.800292740161026,33.08353960858237],[-96.80033343535716,33.083522313957523],[-96.800350844135991,33.083514731973665],[-96.800391139111866,33.083496748113795],[-96.800404061805864,33.08349087448557],[-96.800444052590578,33.083472373598518],[-96.800458284618102,33.083465660032829],[-96.800497820986095,33.083446641161736],[-96.800514710832672,33.083438326383089],[-96.800553844864396,33.083418617323247],[-96.800566840795881,33.083411956694519],[-96.800605621274485,33.083391730307106],[-96.800623630442985,33.083381548158307],[-96.800729449119913,33.083480167259602],[-96.80084065205196,33.083583756939468],[-96.800972799801258,33.083720822641354],[-96.801076272307867,33.083828750033071],[-96.801180386372877,33.083937470917142],[-96.801220057872939,33.083976359856415],[-96.801434495489929,33.084173801621702],[-96.801647023188366,33.084369976628103],[-96.801870600984728,33.084578313891257],[-96.802091774417178,33.084785875562254],[-96.80223461796146,33.084922497822703],[-96.802359089181479,33.085046064880352],[-96.802482927939636,33.085173515954189],[-96.802606536418196,33.085303924811683],[-96.802703019217233,33.085409818944122],[-96.80279606204418,33.085515815202157],[-96.802903166045084,33.085643956255403],[-96.802998413959088,33.085762516231597],[-96.803091438490867,33.08588275302985],[-96.803179406754893,33.086000906690039],[-96.803279993563876,33.086144581592357],[-96.803360890311694,33.086265262330294],[-96.803439308387439,33.086387333599021],[-96.803545409157309,33.086559992910431],[-96.803647834119801,33.08673412193221],[-96.803739700650354,33.086897417700712],[-96.803981832808915,33.08739105655571],[-96.804056068014958,33.087563153288258],[-96.804098429643531,33.087668798908489],[-96.804104300997949,33.087684635239881],[-96.803852465655041,33.087716459229483],[-96.803824946568639,33.087720275024857],[-96.803570155000301,33.087758744931662],[-96.803352914230302,33.087759449759702],[-96.803099509636581,33.087747792083448],[-96.80269062124016,33.087684694179664],[-96.802197114783098,33.087567652396409],[-96.801984983929756,33.087502287097394],[-96.801715890879294,33.087386760557663],[-96.801708956850391,33.087383812137951],[-96.801216289159868,33.087176426313121],[-96.801209551101252,33.087173616369078],[-96.800909321904285,33.087049652819836],[-96.800762799891231,33.086989153046467],[-96.800686454410325,33.086960955587529],[-96.800153430732337,33.086786463315804],[-96.800037499928763,33.086755338398035],[-96.799503298944131,33.086642146338505],[-96.799437657241384,33.086630234292031],[-96.798790592861877,33.086532224336715],[-96.798646217427532,33.086519554387017],[-96.798156430315899,33.086507302000577],[-96.79800452875898,33.086513443048496],[-96.797447144727784,33.086572732395595],[-96.797393427280937,33.086579726769706],[-96.796962191285232,33.086646230026055],[-96.796737495791959,33.086667368972989],[-96.796520832639402,33.086709984427529],[-96.79655901068341,33.086806343540154],[-96.796757601624108,33.087307570134513],[-96.796840453707375,33.087516680353986],[-96.796870733451939,33.087593102610271],[-96.796944595637697,33.087883980895327],[-96.79694093264645,33.088074164915405],[-96.796935877622062,33.088336613433682],[-96.797070731270566,33.088295463095299],[-96.797213819801428,33.088282000645201],[-96.797281531201435,33.088273604488386],[-96.797719713921538,33.088206031080801],[-96.798174465162333,33.088157657734591],[-96.798515277094879,33.088166185218341],[-96.799057660871298,33.088248339033235],[-96.799500177356236,33.088342103506555],[-96.799937508525531,33.088485270626506],[-96.800343428583332,33.088652876637781],[-96.800829263302674,33.088857387149133],[-96.801147632016139,33.088994069357199],[-96.801255954594751,33.089033837548236],[-96.8015587777885,33.089127150959129],[-96.801629860499403,33.089146499566702],[-96.802203374883391,33.089282515603301],[-96.802292377257871,33.089299896782386],[-96.802807378929856,33.089379369969123],[-96.802930551496928,33.089391657153207],[-96.803274600782757,33.089407483738924],[-96.803331818975067,33.089408705761016],[-96.803662947360024,33.08940763398958],[-96.803832114627241,33.089394687330532],[-96.80415709879739,33.089345619763506],[-96.80453090672637,33.089298382307305],[-96.804542405813379,33.089379604920488],[-96.80456227417227,33.089544390726587],[-96.804578714400066,33.089709456146267],[-96.804590784736675,33.089862833761977],[-96.804600230566408,33.090270943796298],[-96.804596962533992,33.090819756964585],[-96.804590692061183,33.091829452011432],[-96.804579357073081,33.093035911765554],[-96.804571563664581,33.093835946139848],[-96.804115802876794,33.094020675465067],[-96.803911620451345,33.094109738144837],[-96.803640890967358,33.094263881331919],[-96.803345851712464,33.094431862909488],[-96.803000175537491,33.094713580664958],[-96.801807250706261,33.095197825498481],[-96.800477576089349,33.095732633410258],[-96.799769285849948,33.096017485367113],[-96.798646790723609,33.096473274703079],[-96.797608802945007,33.096894742850374],[-96.796243159935528,33.09744919716389],[-96.794877196380043,33.098003868120806],[-96.794181386142256,33.098286316505458],[-96.793783839651155,33.098447689582535],[-96.793675695426387,33.098491599650373],[-96.792691637291327,33.098891156231907],[-96.79118055438127,33.099503004044607],[-96.790571426384432,33.099750663183123],[-96.789982458188021,33.099990207252262],[-96.78879963017728,33.100460947580153],[-96.788311210072493,33.100655324116019],[-96.787259918599659,33.101073696569024],[-96.786154735183743,33.101513501623636],[-96.786107641664529,33.101500783908506],[-96.786080554491733,33.101495202904033],[-96.786057044553473,33.101501738042913],[-96.785988303738691,33.101531499394561],[-96.785960210429209,33.101543357665527],[-96.785927372085794,33.10155695992021],[-96.785890382347986,33.101571964726823],[-96.78584983160674,33.101588031477803],[-96.785806312336419,33.101604821423898],[-96.785760417168405,33.101621991302828],[-96.78571273643405,33.101639202314104],[-96.785639874598203,33.10166411719743],[-96.785589852376035,33.10168015491395],[-96.785539982178435,33.101695397635488],[-96.785490732251787,33.101709870397038],[-96.785442571946305,33.101723597357861],[-96.785395974871662,33.101736603685751],[-96.785351408202047,33.101748914391337],[-96.785309340153219,33.101760555414927],[-96.785255181783668,33.101775877187151],[-96.785179180998696,33.101798989133762],[-96.78511586083701,33.101820127945537],[-96.785057721047266,33.101840715238012],[-96.785024099387101,33.10185271962456],[-96.784980823715628,33.10186801544581],[-96.784933783323964,33.101884861503841],[-96.784882324851736,33.101904021500431],[-96.784825791874596,33.101926254543237],[-96.784750630052926,33.101957931327263],[-96.784712956484427,33.101974693529669],[-96.784673919483083,33.10199254353693],[-96.784634136981907,33.102011120643859],[-96.784594232309018,33.102030063374805],[-96.78455482863734,33.102049014768539],[-96.784516545007122,33.102067613245715],[-96.784480003645839,33.102085498209348],[-96.784445826719576,33.102102310868666],[-96.784402911376333,33.102123470092927],[-96.78430615053783,33.102176975093499],[-96.784247393021374,33.102248341373333],[-96.784233773725077,33.102274720490087],[-96.784231961090398,33.102278643341833],[-96.78189735219307,33.103207612646393],[-96.781868646171333,33.103219154141264],[-96.781061923042756,33.103546912986928],[-96.780100124930144,33.103937668184642],[-96.779468395435572,33.104192895316785],[-96.776414333720922,33.105426711013592],[-96.774669205295609,33.106132883644413],[-96.77294226025758,33.106832470604516],[-96.770844766725773,33.107681159229145],[-96.769790542670805,33.108107700320339],[-96.768118785211527,33.108785224980615],[-96.767766231055674,33.108928102647624],[-96.767491416094757,33.109039840361966],[-96.766052784170029,33.109624765110887],[-96.764334421209284,33.110311643679182],[-96.762931161258692,33.110872540289819],[-96.760498823779812,33.111814904072595],[-96.760376506603791,33.111862328238573],[-96.760255212147612,33.111908868632966],[-96.759427111170666,33.112229994684114],[-96.758451348257651,33.112608372192597],[-96.757581914278219,33.112945508606622],[-96.757456262028285,33.112994239912567],[-96.753951908475315,33.114349382991364],[-96.753950024537147,33.114347286282118],[-96.753913004094287,33.114310506654149],[-96.753882474827265,33.114284691910534],[-96.753847437452038,33.114259612129857],[-96.753808255456462,33.11423568017765],[-96.753765116408303,33.11421290521195],[-96.753718207874556,33.114191296390722],[-96.753667717327076,33.114170865580007],[-96.753592131869993,33.114144502527814],[-96.753547103906072,33.114130707690315],[-96.75350041230574,33.11411751313431],[-96.753452290100128,33.114104794522859],[-96.75340296827008,33.11409242475812],[-96.753352679847097,33.114080279503796],[-96.753301653603501,33.114068233414983],[-96.753250123738582,33.11405615947448],[-96.75318723705314,33.114041289795615],[-96.753136090589223,33.1140289370841],[-96.753084949220778,33.114016469732512],[-96.753033804394121,33.114004070941697],[-96.752982655158874,33.113991921390337],[-96.75293149296057,33.113980204279301],[-96.75288031681653,33.113969101190058],[-96.752829119307336,33.113958793544491],[-96.752761035851577,33.113946640102895],[-96.752707746036478,33.113938598996604],[-96.752654417862132,33.113931992597465],[-96.75260105059759,33.113926933826228],[-96.752547641271491,33.113923538258845],[-96.752494186975355,33.113921919665685],[-96.752440684768899,33.113922192719834],[-96.752387129566131,33.113924472041283],[-96.752332876158761,33.11392894041996],[-96.752282049543055,33.113935165158971],[-96.752231197340478,33.11394331824107],[-96.752180344821795,33.113953321686751],[-96.752129516216897,33.11396509658735],[-96.752078736891619,33.11397856225522],[-96.752028032054127,33.11399364251659],[-96.751977429216197,33.114010256737011],[-96.7519038477744,33.114037079644369],[-96.751857437624267,33.114055529721441],[-96.751811680771155,33.114074731425909],[-96.75176709468218,33.114094286481354],[-96.751724194648759,33.114113797461556],[-96.751683494764393,33.114132870525388],[-96.751645513635467,33.1141511056193],[-96.751610764316496,33.114168107973903],[-96.751579764311245,33.114183478412656],[-96.75154957139236,33.11419854990195],[-96.751398036534042,33.114263228972575],[-96.751370057659145,33.114273383258904],[-96.751337293395835,33.114285199784476],[-96.75130035910847,33.114298366722835],[-96.751259871266086,33.114312571371492],[-96.751216445234149,33.114327501904725],[-96.751170697483246,33.114342845621067],[-96.751123242371079,33.114358288864068],[-96.751074698515581,33.114373518987087],[-96.751035407564089,33.11438536524691],[-96.750983681471084,33.114400256266535],[-96.750932468213534,33.114414359464021],[-96.750882258901228,33.114427753870487],[-96.750833542624832,33.114440514853754],[-96.750786811567096,33.114452721472958],[-96.750742556900931,33.114464450955843],[-96.750701266581444,33.114475780450832],[-96.750651650669965,33.114490409216735],[-96.75057488527689,33.114517533759219],[-96.750512539153604,33.114545354454741],[-96.750434657851585,33.114585157336975],[-96.75039810625745,33.114603855770362],[-96.750358514538803,33.114624106064738],[-96.750316527768206,33.114645944083684],[-96.750272793101061,33.114669407549997],[-96.750227953465384,33.114694532275436],[-96.750171923375575,33.114727965670504],[-96.750131382320319,33.114753894424538],[-96.750091417836458,33.114780834031059],[-96.75005233065113,33.114808382654402],[-96.750014423701344,33.114836136707275],[-96.749977999893517,33.114863693505164],[-96.749943362071718,33.114890652169528],[-96.749913021803366,33.11491482612275],[-96.74986562947295,33.114953550340879],[-96.749821509336428,33.114990410400104],[-96.749778018707659,33.115026983373888],[-96.749713951715137,33.11508005392227],[-96.749681417245299,33.115106361729332],[-96.749647229924747,33.115133695598523],[-96.749612048453287,33.115161671603339],[-96.749576527304242,33.115189903906199],[-96.749541325180189,33.115218008581991],[-96.749507095421407,33.115245601573505],[-96.749478485864358,33.115269002463663],[-96.749432871518579,33.115307224884489],[-96.749390299562307,33.115343799724606],[-96.749348852729781,33.115379854015337],[-96.749306610500483,33.11541651560853],[-96.749280892598989,33.115438585901387],[-96.749247801128888,33.115466597364218],[-96.749213282079765,33.115495425433323],[-96.749177850885673,33.115524669079598],[-96.749142025000893,33.115553930938702],[-96.749106323017017,33.115582811868002],[-96.749056548084667,33.115622625076725],[-96.749012029217624,33.115657761014724],[-96.748968591206079,33.115691525103983],[-96.748924852032175,33.11572496638572],[-96.748879424500188,33.115759128349808],[-96.748840683523781,33.115787866988761],[-96.748805949649963,33.115813379159292],[-96.748769935853574,33.115839599556757],[-96.748733313598137,33.11586602531235],[-96.748696756620589,33.115892150000406],[-96.748660933264247,33.115917467965716],[-96.74862651398773,33.115941474509789],[-96.748592786788549,33.115964603732117],[-96.748533225170448,33.116003769267401],[-96.748474902182423,33.116038467817305],[-96.748373241179181,33.116090940573535],[-96.748339825050266,33.11610693157963],[-96.748303714873984,33.116123848719781],[-96.74826561693547,33.116141390569467],[-96.748226227834593,33.116159256368242],[-96.748186252817277,33.11617714376375],[-96.748146392744673,33.116194753006333],[-96.748107350687775,33.116211782594839],[-96.748069826500426,33.116227930949293],[-96.748029397336921,33.116245049891354],[-96.747953752085095,33.116275993641338],[-96.747890448545434,33.116300407515354],[-96.747832751676299,33.116321387046924],[-96.74779519591344,33.116334602648273],[-96.747751217502753,33.116349902339635],[-96.747703620732381,33.116366277789069],[-96.747651603430356,33.116383947620598],[-96.747594362129377,33.116403136749199],[-96.747524713527127,33.116426157950109],[-96.747483906182751,33.116439508740008],[-96.747441164200893,33.116453438559795],[-96.74739696173684,33.116467836293012],[-96.74735177401908,33.116482590850403],[-96.747306073090229,33.116497590160897],[-96.747260334148123,33.116512724039225],[-96.74721503144491,33.116527878663192],[-96.747170640084761,33.116542946557232],[-96.747143356612952,33.11655234109061],[-96.747086299761804,33.116572388394161],[-96.747032627171208,33.116591728164195],[-96.746982559434457,33.116610162588159],[-96.746936316104382,33.116627492924145],[-96.746894123138873,33.116643521492676],[-96.746845793832989,33.116662041463861],[-96.746770886909047,33.116691073864573],[-96.746694757105075,33.116722340980658],[-96.746638329959126,33.116746748700045],[-96.746606209639779,33.11676091922704],[-96.746571055986152,33.11677653598823],[-96.746533467453261,33.11679328043617],[-96.746494040256508,33.116810836678873],[-96.746453372725995,33.116828889781004],[-96.746412060069389,33.116847122019855],[-96.746370702827491,33.116865216709357],[-96.746329895042535,33.116882858809802],[-96.746282304112071,33.116903065683921],[-96.746221469943009,33.116928099316951],[-96.746165458765233,33.116950219530743],[-96.746114045766859,33.116969622234954],[-96.746067002916391,33.11698650325846],[-96.746024107481617,33.11700106036799],[-96.74600030644541,33.1170087476265],[-96.745933290807457,33.117028334042736],[-96.745865153913428,33.117043977683984],[-96.745778253182266,33.117059141111454],[-96.745740133807587,33.117064924319756],[-96.745698379390689,33.11707097146833],[-96.745653497936715,33.117077277996316],[-96.745606000858558,33.117083834006849],[-96.745556398306945,33.117090634993389],[-96.745505199486416,33.117097672812363],[-96.745452914611121,33.117104941153279],[-96.745393716335045,33.1171133434339],[-96.745341117655187,33.117121017748907],[-96.745288514403498,33.117128883473775],[-96.745235907275642,33.1171369207485],[-96.745183294822226,33.11714510965998],[-96.745130678906776,33.117153427666601],[-96.745078061266497,33.117161855837814],[-96.745025440483545,33.117170373357624],[-96.74496337494584,33.117180504056563],[-96.744910876705646,33.117189139319052],[-96.744858603217622,33.117197856035567],[-96.744806778554405,33.117206694103032],[-96.74475562574699,33.117215692489346],[-96.744705371076734,33.117224889339873],[-96.744656238710917,33.117234321844286],[-96.744608451585975,33.117244031679625],[-96.744553501085534,33.117256032929603],[-96.744494898696431,33.117270064020381],[-96.744439850462498,33.117284484205804],[-96.74438861024376,33.117299035065002],[-96.744341430701866,33.117313461761682],[-96.74429856579323,33.117327503167125],[-96.744256156311081,33.117342396132962],[-96.744185820108612,33.117371293917365],[-96.744122548716888,33.117408731807963],[-96.74407200697047,33.117448000974541],[-96.744046257953102,33.11747032427057],[-96.744019280980467,33.117495576968594],[-96.743992197223733,33.117523506822344],[-96.743966124890662,33.117553854284708],[-96.743942184083039,33.117586367084641],[-96.743921495157977,33.117620785729947],[-96.743905177244017,33.117656855216033],[-96.743891353319654,33.117713441216729],[-96.743890338207493,33.117749887121754],[-96.743894668705352,33.117786768457357],[-96.743903430733226,33.117823636968652],[-96.743915712323215,33.117860045356615],[-96.743930601600795,33.117895543613969],[-96.743947183313196,33.117929686167514],[-96.743964544541058,33.117962022081393],[-96.743981773277994,33.117992104960301],[-96.743999419258856,33.118021955153395],[-96.744010760004755,33.118041810436331],[-96.743929908976327,33.118069044715241],[-96.743588796234235,33.11818394740618],[-96.743535564320169,33.118201878197077],[-96.742059870255659,33.118705872437772],[-96.741388998831596,33.118934987288355],[-96.741003062970591,33.119066789850628],[-96.740876867884239,33.119109961595797],[-96.738958088798697,33.119761987034366],[-96.738622353380521,33.119876396329424],[-96.738335188978184,33.119974253645623],[-96.737658811354535,33.120202833213121],[-96.736826403196446,33.120482599690192],[-96.736044492638044,33.120746468489052],[-96.735920917946132,33.120788054561409],[-96.735872255347658,33.120776805119768],[-96.735820779975171,33.120763316305855],[-96.735785662069802,33.120753753873863],[-96.735746866235161,33.120743105101965],[-96.7357048859256,33.120731657842647],[-96.73566021443645,33.120719704462516],[-96.735613345157304,33.120707534620344],[-96.735564770404338,33.120695437948932],[-96.735514985711248,33.120683704161713],[-96.735444064349878,33.120668414621449],[-96.735391084661657,33.120658319714529],[-96.735338072110295,33.1206495566461],[-96.735285020503738,33.120642301446757],[-96.735231925731298,33.120636732005821],[-96.735178783777357,33.120633023504396],[-96.735125587248618,33.120631355557236],[-96.735072336483128,33.120631901646838],[-96.735016278382417,33.120635061235824],[-96.734965645554411,33.12064027224698],[-96.734915395411406,33.120647424474839],[-96.73486596661165,33.120656134912927],[-96.734817802136831,33.120666019759398],[-96.734771341846837,33.120676692424695],[-96.734727026516779,33.120687770860286],[-96.734685298154048,33.120698868531093],[-96.734629361690779,33.12071447323568],[-96.734549626595751,33.120737456893352],[-96.734483947862358,33.120757224425518]],[[-96.818235339630263,33.085566716211197],[-96.818180668099302,33.08565119750903],[-96.818131155178946,33.085722004649611],[-96.818069215918342,33.085802265330493],[-96.818004037723924,33.085881105628033],[-96.817958998229727,33.085931355233271],[-96.817273578458227,33.08659973873943],[-96.817071427761391,33.086797688370574],[-96.817063925307608,33.086805833858698],[-96.817014646940152,33.08686427263531],[-96.81696268333809,33.086935044190341],[-96.816906403699079,33.087018129694691],[-96.816863366967354,33.087091771621388],[-96.816818407924231,33.08718050701642],[-96.816793518858987,33.087237290090016],[-96.81678426927111,33.087258392876421],[-96.816755029060317,33.087336343482022],[-96.816729816321214,33.087417098818833],[-96.81670681568896,33.087510253475202],[-96.816692187351691,33.087592526262881],[-96.816679746537091,33.087688573824614],[-96.81667919756552,33.087717430439248],[-96.816676816866462,33.087842476621901],[-96.816659130228985,33.088680683789327],[-96.816620045368097,33.088684906222376],[-96.816576107196894,33.088689684787347],[-96.816536043322273,33.088694067733847],[-96.816446176621284,33.088704669699425],[-96.816338251993514,33.088721825264741],[-96.816303275693727,33.088728085433765],[-96.816264139616337,33.088735335090774],[-96.816221417561579,33.088743524020664],[-96.816175677750991,33.088752608197865],[-96.816127494933724,33.088762541045313],[-96.816077440672771,33.088773275005806],[-96.816026086469364,33.088784764328267],[-96.815961146361616,33.088800066198971],[-96.81591064549005,33.088812617956094],[-96.815860131439123,33.088825678954841],[-96.815809608808635,33.088839146306462],[-96.815759076588989,33.088852924214152],[-96.815708540483868,33.088866908912486],[-96.815658000587419,33.088881003728019],[-96.815607461407566,33.088895108480294],[-96.815556924266161,33.088909122008168],[-96.815529767761603,33.088916581183014],[-96.815478567444046,33.088930464725983],[-96.815428010805846,33.088943950079781],[-96.815378736092867,33.088956891927332],[-96.81533137943795,33.088969143997751],[-96.8152865758708,33.08898056089749],[-96.815244966949294,33.088990994682121],[-96.815207186662619,33.089000299030765],[-96.815161705061655,33.089011205192016],[-96.815073633872231,33.089029591148552],[-96.814992230416806,33.089040395067009],[-96.814959046832954,33.089044512847316],[-96.814920222573889,33.089049391639797],[-96.814876505137491,33.089054924015997],[-96.814828651611805,33.08906100458799],[-96.814777413691857,33.089067528740884],[-96.814723545249123,33.089074391010151],[-96.814660028699706,33.08908247253683],[-96.814609890417273,33.089088886014721],[-96.814559054756174,33.089095666517885],[-96.814507609894321,33.08910309085627],[-96.814455645019947,33.089111437671754],[-96.81440325134119,33.089120989269304],[-96.814350520251651,33.089132022537612],[-96.814297539834016,33.089144816995464],[-96.814238213971933,33.089161520298056],[-96.814192009346172,33.089176445446789],[-96.814146232396098,33.089192732629414],[-96.814101358821574,33.08920996875819],[-96.814057860157504,33.089227737030633],[-96.814016212229774,33.089245620749281],[-96.813976886482763,33.089263205821112],[-96.813940357610321,33.089280077328993],[-96.813907098255015,33.089295817596017],[-96.813868672588598,33.089314321702922],[-96.813779833650145,33.089360764788459],[-96.813697082565,33.089424258720314],[-96.813674828970093,33.089443349259717],[-96.813650034572376,33.089465074109604],[-96.813623164414551,33.08948917442352],[-96.813594687705887,33.089515395070642],[-96.81356506955197,33.089543475399644],[-96.813534777018461,33.089573160228426],[-96.813504277233605,33.089604192569588],[-96.813474039533432,33.089636313682973],[-96.813444528872438,33.089669267432811],[-96.813416211371191,33.089702795001507],[-96.813402423020904,33.089719977983158],[-96.813371732126484,33.089760738281356],[-96.813343386267007,33.089801722734826],[-96.813316998429443,33.089842886698762],[-96.813292178382639,33.089884185449662],[-96.813268539112158,33.089925574342047],[-96.813245690416736,33.089967007749067],[-96.813223244115164,33.090008443706743],[-96.813200811139311,33.090049834808177],[-96.813183624308977,33.090081068777764],[-96.813160966603405,33.090121219305999],[-96.813137991002506,33.090160874203875],[-96.813115018680065,33.090199650963022],[-96.813092371697579,33.090237172517895],[-96.813070368013456,33.090273056282513],[-96.81304933192861,33.090306922535724],[-96.813029580268491,33.090338390471395],[-96.813011435159567,33.090367081219398],[-96.812995613686994,33.09039199124777],[-96.812945185112056,33.090474152009563],[-96.812911374988175,33.090547431441941],[-96.812900170108378,33.090577058911357],[-96.812894754376174,33.090591967988416],[-96.81247994369231,33.090726046280395],[-96.812401491608597,33.090752224079203],[-96.812065756486689,33.090867784861949],[-96.811711556510531,33.090989699095147],[-96.811640100388843,33.091014992218113],[-96.811050036630519,33.091229652614786],[-96.810954120051832,33.091265838412568],[-96.809872049384055,33.091688819973207],[-96.809830234356909,33.09170541803374],[-96.808758440796169,33.092137380318789],[-96.806538649984475,33.093038381808192],[-96.806549870595276,33.091841375883391],[-96.806556143226771,33.090828189244206],[-96.806559461064779,33.090269100058315],[-96.806559286260452,33.090248898655453],[-96.80654914999208,33.089811453116702],[-96.806547193477954,33.089773020561353],[-96.806533042642968,33.089593245130558],[-96.806531760105017,33.089578851622477],[-96.806518294578197,33.089443670444098],[-96.806513883383971,33.089399400097179],[-96.806512300959312,33.089385019157476],[-96.806490696323522,33.089205888775616],[-96.80648882048294,33.089191582000737],[-96.806463490842177,33.08901268880394],[-96.806460600452965,33.088994081876443],[-96.806446876051623,33.088912914553902],[-96.807111383734153,33.088777827395688],[-96.809001178885694,33.088420849617968],[-96.808786691880329,33.087616271076165],[-96.808572212910647,33.086811690921934],[-96.806674693153781,33.087170129209582],[-96.806659211511871,33.087173164593473],[-96.806015515932216,33.087304020292393],[-96.805965232837551,33.087168398778523],[-96.805958267526194,33.087150345750196],[-96.805908727174028,33.087026806943591],[-96.805901351430819,33.08700907911215],[-96.80581606921281,33.086811384134919],[-96.805800745490586,33.086778119990683],[-96.805541033115915,33.086248662546097],[-96.805520917456718,33.086210432384782],[-96.805414752588078,33.086021724883693],[-96.805407288545481,33.086008753677518],[-96.805297232748217,33.085821657948557],[-96.805289437913089,33.085808694029836],[-96.805175239166985,33.085622861486549],[-96.805166833834974,33.0856094869361],[-96.805079941160287,33.085474231067778],[-96.805071407181316,33.085461227429207],[-96.804981647515064,33.085327328240545],[-96.804972448685362,33.085313902706943],[-96.804860395240183,33.085153851554146],[-96.804846498036653,33.085134610275979],[-96.804746891941519,33.085000826824121],[-96.804737701548234,33.084988717899932],[-96.804635379204498,33.084856465540433],[-96.804625979482509,33.084844545759303],[-96.804520890197594,33.084713738318918],[-96.804510592874053,33.084701174119395],[-96.80439171756943,33.084558951498231],[-96.804378397588422,33.084543402452809],[-96.804273375543929,33.084423762083503],[-96.804262828488305,33.084411969700035],[-96.804155293257509,33.084293947578281],[-96.80414372142971,33.084281495022204],[-96.804010546638239,33.084140995975801],[-96.804003076220113,33.084133210702895],[-96.803869975967572,33.08399623431702],[-96.8038588717789,33.083985009270947],[-96.803722950803476,33.083850077253459],[-96.803711152977044,33.083838581388079],[-96.803559294994912,33.083693339877023],[-96.80355315959649,33.083687525180913],[-96.803327745569575,33.083475989916607],[-96.803099150927082,33.083262971653134],[-96.803096050472078,33.083260096923965],[-96.802881553146847,33.0830621060826],[-96.802686420662482,33.082882442607122],[-96.802601251652973,33.082793506803753],[-96.802496415072497,33.082684158562081],[-96.802345343737358,33.082527460828778],[-96.802311530662777,33.082494232918002],[-96.802183044161325,33.082374545731554],[-96.802111252377443,33.082307639402764],[-96.803959857868307,33.081042062358812],[-96.802566182110681,33.07986641804176],[-96.800767883635217,33.081114188022525],[-96.800436589960583,33.08080849780098],[-96.800433626055849,33.080805776318009],[-96.800018388803281,33.080426056497565],[-96.799634041937551,33.080074072290252],[-96.799280377982782,33.079747415569621],[-96.798880154439502,33.079377046540884],[-96.798508508418806,33.079029159063872],[-96.798329815312186,33.078854092952248],[-96.798241141603839,33.078762723606523],[-96.798152994359711,33.078668602272167],[-96.798077770874826,33.078584849220455],[-96.798020156161414,33.078518049976793],[-96.79796330704265,33.078449591565551],[-96.79790896000037,33.078381714687751],[-96.797829724181454,33.078277914536599],[-96.797777855521574,33.07820667108335],[-96.797726560402324,33.07813345567353],[-96.797679648980292,33.078063739181893],[-96.797626923099841,33.077979793751041],[-96.797573280846919,33.077891706734341],[-96.797517976056568,33.077796405081919],[-96.797486668039355,33.077739207727731],[-96.797455547920251,33.077679643204171],[-96.797425643430927,33.077619590657115],[-96.79739701005974,33.077559152638024],[-96.7973666033743,33.077491567767254],[-96.797342238645783,33.07743796439572],[-96.797323889536301,33.077395339474478],[-96.79730636894358,33.077352310140142],[-96.797289982695929,33.077309655476547],[-96.797244828941757,33.077183971351403],[-96.79721001249689,33.077079945226593],[-96.797177186975418,33.076974889835007],[-96.797151935300704,33.07688781715278],[-96.797145093324502,33.0768553959198],[-96.797143721611221,33.076848895870619],[-96.797108939104646,33.076684537660775],[-96.797089322093512,33.076576012028987],[-96.797071447556348,33.076463981732914],[-96.797056143439946,33.076353318032915],[-96.797041814282252,33.076226113827119],[-96.797034266136606,33.076139664394454],[-96.797028385988099,33.076051495655904],[-96.797024349285621,33.075963304202098],[-96.797022110850008,33.075875061823361],[-96.797021691671617,33.075781459918559],[-96.797021838077839,33.075576745441737],[-96.797036260598702,33.074530323646336],[-96.797049623024733,33.07348594063015],[-96.797070310771119,33.072186482148062],[-96.797078940621063,33.071651119791149],[-96.797178457608283,33.071660639374088],[-96.797325359538192,33.071676952263921],[-96.79747216418761,33.071695372347563],[-96.797618199666616,33.071715903083465],[-96.797763756728415,33.071738577781112],[-96.797909029003748,33.07176344544591],[-96.798053750252663,33.071790384825249],[-96.798197525343639,33.071819402529783],[-96.79834086108886,33.071850614850348],[-96.798483782192918,33.071883959144621],[-96.798625925274322,33.071919361482323],[-96.798767237864453,33.071956818776833],[-96.79890762507199,33.07199631335255],[-96.799043941901573,33.072036931724959],[-96.799697443961605,33.070482227689382],[-96.799552966043294,33.070439177063669],[-96.799536597964092,33.070434437659827],[-96.799379887017437,33.070390348982826],[-96.799363604398422,33.070385901676708],[-96.799206007914648,33.070344128585049],[-96.799189719570364,33.070339941333003],[-96.799031289066136,33.070300483275147],[-96.799014998305182,33.07029655344742],[-96.798855784255736,33.070259408943052],[-96.798839490066726,33.070255734707857],[-96.798679543957348,33.070220904108638],[-96.798662608159603,33.070217351512987],[-96.798501929104873,33.070184922436447],[-96.798485053431676,33.070181649573144],[-96.798323743372038,33.070151621796988],[-96.798307441190474,33.070148709877174],[-96.798145551348824,33.070120997912959],[-96.798128612201168,33.07011822852462],[-96.797966141722355,33.070092919087578],[-96.797949251335965,33.070090416504655],[-96.797786303294245,33.070067507594082],[-96.797769364625566,33.07006525408535],[-96.797605937841794,33.070044748381612],[-96.797589635049448,33.070042820299257],[-96.797425832275053,33.070024631767005],[-96.797408332058396,33.070022823479881],[-96.797244206369598,33.070007124180748],[-96.797227267344951,33.07000562865327],[-96.797105188091919,33.069995758175985],[-96.797152170066198,33.067109637973324],[-96.797171007213379,33.066188532838304],[-96.797171070494329,33.066185047657513],[-96.797182289837934,33.065457879555254],[-96.799437640197254,33.065537909491368],[-96.799520087319863,33.063890172754121],[-96.797207182104785,33.063808101197552],[-96.797214451856561,33.063322632591806],[-96.79721727257234,33.063141083222483],[-96.797236404252317,33.061833112947902],[-96.797236226079548,33.061804198210552],[-96.797218887596969,33.061162616475009],[-96.797218065971563,33.061142749351049],[-96.797205480959761,33.060916765876797],[-96.79720383219788,33.060893937525343],[-96.797167180530067,33.060480991762446],[-96.797165496898799,33.060464311106664],[-96.797130664054237,33.060156170960077],[-96.7971285794236,33.060139513024758],[-96.797075544671344,33.059753619546314],[-96.79707306007333,33.059737016882302],[-96.797025952238485,33.059446073441741],[-96.797023494832544,33.059431826051615],[-96.796970363830326,33.059141621650163],[-96.796967482455116,33.059126787435297],[-96.796917056944608,33.058881178050051],[-96.796912881575821,33.058862173098461],[-96.796878993679911,33.058717416766278],[-96.796875560804438,33.058703392183375],[-96.796838710794674,33.05855921937497],[-96.796835622809212,33.058547546993978],[-96.796621912991895,33.057766647782273],[-96.796619274359486,33.0577572551557],[-96.796514162089252,33.057392716547334],[-96.797481360069241,33.057402424662669],[-96.800572686401367,33.057435691181098],[-96.800584612899115,33.056611992435784],[-96.80059656377351,33.055786613231554],[-96.800561223239811,33.055786233634372],[-96.79750598192021,33.055753355059409],[-96.796036579046614,33.055738603198463],[-96.795941551965413,33.055406132751308],[-96.795816540010662,33.05496984228715],[-96.795734374395664,33.054654056330882],[-96.795689068865698,33.054469092544231],[-96.795615622252811,33.054143738807042],[-96.79557144382801,33.053922001300727],[-96.795537338503209,33.053730743454246],[-96.795496794566446,33.053479541760211],[-96.795457786879794,33.053195966693309],[-96.795416077293424,33.052802655550366],[-96.795396694393219,33.052583454196593],[-96.795385119480301,33.05242437563485],[-96.795370887627641,33.052137735239043],[-96.795367084260619,33.052017281536969],[-96.795361796896401,33.051849797457614],[-96.795359495108812,33.05177686063633],[-96.795359001851466,33.051097107282622],[-96.795358789816035,33.050906402434734],[-96.795358587452512,33.050724376315614],[-96.795358206649283,33.050381468376479],[-96.79535854843121,33.050377655658025],[-96.795356990363786,33.050352309337974],[-96.795358906362537,33.050350447924032],[-96.795360847888702,33.050348561835335],[-96.79536123846384,33.050178678393088],[-96.795368112363661,33.048940568762909],[-96.795369320040649,33.04872310107713],[-96.795370081009352,33.048586028727868],[-96.795382144241557,33.046413132200819],[-96.795382165663597,33.046409400182874],[-96.795392776585217,33.044491815870209],[-96.795400014183855,33.043187383573908],[-96.79546366726295,33.043188303661452],[-96.79681149742089,33.043207092309579],[-96.798649560339641,33.043228918323692],[-96.7991699658606,33.043235093033239],[-96.799269739711917,33.043236276701577],[-96.79930509021024,33.04323669586303],[-96.799209181601782,33.042788447337408],[-96.799203856060885,33.042703362223598],[-96.799185530256807,33.042410571263964],[-96.799178650600595,33.042300653944004],[-96.799202636470469,33.042090907105816],[-96.799234659610079,33.041982102933289],[-96.799276979294561,33.041856635031728],[-96.799360812082014,33.041647702500221],[-96.799369556235249,33.041588089617022],[-96.79684269502846,33.041558098278685],[-96.795496986118721,33.041539339549985],[-96.795413417151977,33.041538131035615],[-96.795446869296015,33.040661827659378],[-96.795484091235238,33.039640095849428],[-96.795500961500096,33.039208975435201],[-96.795544546280738,33.038073240177425],[-96.795618913929729,33.036175943162114],[-96.79563654187433,33.035731584252112],[-96.795638043720174,33.035693720635599],[-96.795638916811455,33.03567172787362],[-96.795691842915858,33.034337081834707],[-96.795742419226229,33.033018959989157],[-96.795752951417313,33.03274446978898],[-96.795822371888008,33.031500918757629],[-96.795825339473168,33.031474828952959],[-96.795825995244343,33.031469062250608],[-96.795828427008729,33.031259825239495],[-96.795835679611812,33.030633101468204],[-96.795921142527803,33.028547148936781],[-96.795930682179275,33.028314300180291],[-96.796055353626713,33.028330463194202],[-96.796072658614605,33.028332572533827],[-96.796243458777582,33.028352091898476],[-96.796259700624944,33.028353832761127],[-96.796430928007425,33.028370948932],[-96.79645156194232,33.028372824301613],[-96.796662149450455,33.028390069772051],[-96.796684772806103,33.028391923282342],[-96.796770189573351,33.028395755222817],[-96.79743375341009,33.02840106401009],[-96.798194446354529,33.028407145415862],[-96.798295445435912,33.028407952675238],[-96.800348918754977,33.028424345785822],[-96.800362946011589,33.028424457142378],[-96.800368644345383,33.028273578027409],[-96.800383589606454,33.027877868056422],[-96.800382458225258,33.027599998150237],[-96.80038126241196,33.027306053270877],[-96.800390927532888,33.026802864417682],[-96.800391454555609,33.026775403779865],[-96.800377761067423,33.026775294248928],[-96.796831598365912,33.026746964434302],[-96.796651327936743,33.026732200856451],[-96.796498538277874,33.026716928223543],[-96.796344516093598,33.026699325712151],[-96.796190873045632,33.026679407440696],[-96.796037751812605,33.026657328697915],[-96.795980710223361,33.026648214242989],[-96.79600973476029,33.025694485189589],[-96.796027660749033,33.025105453610138],[-96.796090772045446,33.023031614267978],[-96.796091235319295,33.023016245219345],[-96.796133742875199,33.02160395182181],[-96.796133756055866,33.021603538313805],[-96.796134222437161,33.021588172036786],[-96.796180057649494,33.020078767140426],[-96.796213774740522,33.018968387890112],[-96.796214236758118,33.018952836248459],[-96.796262844587773,33.017315142685533],[-96.797329030905914,33.017338293814568],[-96.797534826752042,33.017342761631923],[-96.797553478677088,33.017343166228159],[-96.797557329314515,33.017343249545455],[-96.798192446321764,33.017357031093852],[-96.800497760717136,33.01740702775755],[-96.800538509061923,33.017407911216807],[-96.800544177327836,33.017160503644199],[-96.800557401008973,33.016583344082079],[-96.800576287959061,33.015758974239453],[-96.800566817500552,33.015758768170983],[-96.800468317816978,33.015756632801207],[-96.799023672354096,33.015725306829729],[-96.797585252269002,33.015694098158775],[-96.797585116178041,33.015694094830863],[-96.797566595347874,33.015693692532814],[-96.796312888594883,33.015666471593441],[-96.796341679558125,33.014717384805429],[-96.796342150523941,33.014701852312292],[-96.796394664576681,33.012969847759962],[-96.79639931401843,33.012816513524037],[-96.796430597282466,33.012818385677015],[-96.796483976401845,33.012821592579655],[-96.796537351604826,33.012824913213862],[-96.796590721733381,33.012828505675259],[-96.796644079169198,33.012832528804935],[-96.796697422817374,33.012837138892884],[-96.796750749346472,33.012842494885156],[-96.796804051139688,33.012848755622834],[-96.796857783797179,33.012856144587609],[-96.796909232463278,33.012864333341518],[-96.796960079299069,33.012873399173657],[-96.797009751288627,33.012883071457082],[-96.797057674281547,33.012893081345027],[-96.79710327409525,33.012903160894354],[-96.797145977649151,33.012913041286076],[-96.797185211862029,33.012922453701684],[-96.797229231202053,33.012933333964334],[-96.797330960404508,33.012963263169922],[-96.797419754025469,33.013012795040567],[-96.797446548707455,33.013031645399209],[-96.797476014048968,33.0130531660404],[-96.797507606388535,33.013076701232336],[-96.797540775696731,33.013101593280908],[-96.79757497616653,33.013127186402933],[-96.797609661989469,33.013152824815769],[-96.797644285243777,33.013177851782231],[-96.797689208660557,33.013209003782677],[-96.797742551211371,33.013243913551307],[-96.797788992933818,33.013275729715289],[-96.797825416932056,33.013307419273502],[-96.797848707351577,33.013341950155009],[-96.797855835016847,33.013379929585639],[-96.797852086239672,33.013406937631345],[-96.797842879240136,33.013436076544956],[-96.797829358954374,33.013466518645835],[-96.797812665179976,33.013497429802662],[-96.797793947142821,33.013527982439889],[-96.797774344582251,33.013557344232737],[-96.797755002535652,33.013584684793841],[-96.797729990164271,33.013618724872785],[-96.797678502471683,33.013683008606115],[-96.797605481645405,33.013742782842051],[-96.79758177930367,33.013759993509971],[-96.797554736457442,33.013779252186019],[-96.797524914313399,33.013800082860129],[-96.797492876221867,33.013822009574987],[-96.797459183422276,33.013844555418508],[-96.797424397186319,33.013867242576289],[-96.797389081908236,33.01388959602167],[-96.797353798862062,33.013911137941342],[-96.797319112475833,33.013931392407144],[-96.797286174022886,33.013949566235091],[-96.797221386554497,33.013981809413941],[-96.797167095160873,33.014006336211771],[-96.797126221146485,33.014025328815293],[-96.797101679224284,33.014040973767926],[-96.797095748566534,33.014051678720058],[-96.797105581719563,33.014066472022677],[-96.797133956821583,33.014082726284983],[-96.797178107407376,33.014101454498402],[-96.797235273411872,33.014123670711655],[-96.797285143219909,33.014143278778448],[-96.797323044156087,33.014158751258996],[-96.797362800035913,33.014175419328971],[-96.797403979468797,33.014193010403218],[-96.797446152259369,33.01421124831203],[-96.797488888149218,33.014229858691976],[-96.797531757919813,33.014248568109032],[-96.797574329167873,33.014267102148445],[-96.797616174909493,33.014285184721388],[-96.797656419725016,33.014302357096845],[-96.79771401319168,33.014326398805323],[-96.797767941520505,33.014348370253835],[-96.797818027673472,33.014368398135034],[-96.797864094675447,33.014386607335815],[-96.79790596555172,33.014403122743111],[-96.797945353589938,33.014418831084846],[-96.798015442334219,33.014447020129957],[-96.798085929008977,33.014470850133833],[-96.798151312340067,33.014487161461879],[-96.798187807703556,33.014494627172247],[-96.798228297697761,33.014502133611622],[-96.798272218972713,33.014509689592352],[-96.79831900600368,33.014517304777598],[-96.798368094337775,33.014524988857382],[-96.798418922829697,33.01453274889257],[-96.798470925830031,33.014540598159641],[-96.798528196013649,33.014549249324986],[-96.798580772162296,33.014557241768955],[-96.798633351182616,33.014565088788032],[-96.798685940646251,33.014572539376552],[-96.798738547021685,33.014579343405522],[-96.798791173686354,33.014585247056168],[-96.798843830260154,33.014590002083608],[-96.798896522169073,33.01459335742981],[-96.798955189414457,33.01459513842601],[-96.799007830383772,33.014594803231894],[-96.799060510321212,33.01459283803684],[-96.799113223531307,33.014589532745561],[-96.799165963216453,33.014585178139328],[-96.799218722610874,33.014580064096712],[-96.799271492775247,33.014574481346735],[-96.799324268016605,33.014568719794134],[-96.799384138743577,33.014562334690673],[-96.799437504129287,33.014557062790253],[-96.79949085662227,33.014552258598989],[-96.799544198692075,33.014547943862887],[-96.79959752763699,33.014544134779918],[-96.799650843876577,33.01454085033528],[-96.799704145718607,33.014538108558803],[-96.799757434623402,33.014535929364641],[-96.79981297055015,33.014534274007957],[-96.799866511118381,33.014533289105223],[-96.799920036872791,33.014532890231301],[-96.799973549320924,33.014533064773211],[-96.800027048138162,33.014533791037373],[-96.800080532689023,33.014535056358461],[-96.800134003657988,33.01453684087474],[-96.800187462677002,33.014539128361925],[-96.800240914623672,33.014541901771523],[-96.800294148384523,33.014545125224231],[-96.800347370090805,33.01454876128912],[-96.800400584729076,33.014552758584891],[-96.800453789847225,33.014557063741435],[-96.800506990431515,33.014561625377446],[-96.800560184029536,33.01456639012271],[-96.800613375596456,33.014571307498855],[-96.80066818972567,33.01457647682993],[-96.800721321217225,33.01458148847194],[-96.80077435326389,33.014586211233379],[-96.800827185886845,33.014590309257102],[-96.800879720085064,33.014593449420943],[-96.800931857990236,33.014595296823231],[-96.800983498487724,33.014595517386866],[-96.801034544810477,33.014593775333907],[-96.801086718244761,33.014589541659035],[-96.801139126496977,33.014582442175659],[-96.801190021235911,33.014573012459095],[-96.801238790633107,33.014561890842835],[-96.801284817348943,33.014549720044535],[-96.801327486281906,33.014537140126286],[-96.801366181260292,33.014524791124792],[-96.801400287154706,33.014513314006059],[-96.801417693710491,33.014507319336133],[-96.801500215920115,33.01447814838577],[-96.801589829137768,33.014443712926017],[-96.801619471594577,33.014432104150835],[-96.801653303355593,33.01441892970545],[-96.801690795294363,33.014404512789554],[-96.801731411917856,33.014389174640655],[-96.80177462520335,33.014373237582483],[-96.801819900730933,33.014357022879651],[-96.80186670726502,33.014340852778659],[-96.801914513602185,33.014325048623824],[-96.801959181612375,33.014311029152807],[-96.802011137246069,33.014295756386296],[-96.802063064149479,33.014281661144103],[-96.802114958877098,33.014268781291747],[-96.802166823496322,33.0142571503116],[-96.802218656580806,33.014246809732683],[-96.802270456890284,33.01423779566737],[-96.802322223184973,33.014230144227781],[-96.802389518196165,33.014222291846934],[-96.802443147819545,33.014217744417792],[-96.802496741773894,33.014214576740223],[-96.802550307374759,33.014212607376649],[-96.802603847620389,33.014211655687646],[-96.802657367713479,33.014211539280552],[-96.802710870682446,33.014212076613084],[-96.802764362645576,33.014213089832744],[-96.802817846661299,33.014214396494431],[-96.802871238866544,33.014215815645343],[-96.80292416863746,33.014217178306936],[-96.802976174173409,33.014218315986021],[-96.803026795940525,33.014219056631354],[-96.803075572044392,33.014219234459595],[-96.803122041816806,33.014218679200205],[-96.803165743487028,33.014217221459802],[-96.803206281938344,33.014214687147607],[-96.803279453454408,33.014205446222661],[-96.803341756868704,33.014190302641133],[-96.803398192217443,33.014168689047672],[-96.803445726762263,33.014144560410507],[-96.803482766894419,33.014123060677576],[-96.803521852765684,33.014099642004098],[-96.803563616523448,33.014075507099449],[-96.803608687225889,33.014051854982291],[-96.803657693901854,33.014029885573201],[-96.80371082326181,33.014010937083675],[-96.803753936024009,33.013999186748464],[-96.803776240927974,33.013994513963588],[-96.803799564510129,33.013989627496564],[-96.803847348768628,33.013982185483783],[-96.803896921192262,33.013976791197372],[-96.803947921706069,33.013973374405268],[-96.803999986010751,33.013971862965647],[-96.804052750847788,33.013972185666255],[-96.804108196067858,33.01397440256877],[-96.804160598754237,33.013978177936998],[-96.804212966244137,33.013983445110867],[-96.804265298179217,33.013990058608115],[-96.80431760191891,33.013997866809625],[-96.804369879309604,33.014006722479792],[-96.804422135597918,33.014016473044499],[-96.804474371495942,33.01402697304745],[-96.804534704680137,33.014039839159416],[-96.804585929538305,33.014051236080896],[-96.804636713133817,33.014062896898224],[-96.804686625221464,33.014074671061856],[-96.804735236471629,33.014086412563195],[-96.804782113392264,33.014097971678311],[-96.804826826714958,33.014109200594163],[-96.80486894827331,33.014119950621406],[-96.804919135030289,33.01413297108369],[-96.804996136727084,33.014153509197932],[-96.805060425691366,33.014171731209579],[-96.805119204746134,33.014189879306691],[-96.805150064734718,33.014200058132722],[-96.805193732597374,33.014214841329377],[-96.805240973770168,33.014229878841903],[-96.805292694673383,33.014243792256813],[-96.805349802765122,33.014255204087647],[-96.805415402715923,33.014262900679299],[-96.805458526061742,33.014265007077],[-96.805503931825854,33.014265328579732],[-96.805551089450574,33.014264136865421],[-96.805599474653107,33.014261708283591],[-96.80564856103895,33.014258318229473],[-96.805697819154616,33.014254237506421],[-96.805746725790456,33.014249742492431],[-96.805798338962077,33.014244758688264],[-96.805857704074342,33.014238989898104],[-96.805914106154674,33.014233527405096],[-96.805966959090242,33.014228418360133],[-96.806015678725245,33.014223715383913],[-96.806059680997222,33.014219468389243],[-96.806108801200253,33.01421471822362],[-96.806198009057326,33.014206473069308],[-96.806298941275401,33.014199783284148],[-96.806334023294454,33.014197892906061],[-96.806373650580184,33.014195873014863],[-96.806417176404423,33.014193755723966],[-96.806463953122886,33.014191568607046],[-96.806513331864352,33.014189343726279],[-96.806564667065814,33.014187110514769],[-96.806617309949502,33.014184898327912],[-96.806671829469622,33.014182691220277],[-96.806725298857344,33.01418058317519],[-96.806778772105375,33.014178393881956],[-96.806832250416434,33.014175963439264],[-96.806885739465301,33.014173126633729],[-96.806939241618664,33.014169720881895],[-96.806992763559904,33.014165582801994],[-96.807046306583473,33.014160549784471],[-96.807100663678483,33.014154359251847],[-96.807152387886816,33.014147418701704],[-96.807204126588857,33.014139868580415],[-96.807255869051787,33.014132239920592],[-96.807307599155138,33.014125064527327],[-96.807359305189721,33.014118870698802],[-96.807410973180609,33.014114190292297],[-96.807462590287543,33.014111553385703],[-96.807529842994512,33.014112066135127],[-96.807580229446302,33.014115877720258],[-96.807630006978485,33.014122305614315],[-96.807678647808714,33.014130822825734],[-96.807725623174548,33.014140899628913],[-96.80777040097351,33.014152009832038],[-96.807812453418848,33.01416362644548],[-96.807851249569993,33.014175220596215],[-96.807901134541851,33.014191076057323],[-96.808002079735857,33.014226135252358],[-96.808091413985892,33.014265425562343],[-96.808123506659854,33.014280755111038],[-96.808159783355705,33.014297793161028],[-96.808199895081003,33.014315740586419],[-96.808243488865642,33.014333789128855],[-96.808290213571141,33.014351139610532],[-96.808339718335759,33.014366984728667],[-96.808395911149148,33.014381482971594],[-96.808443687077144,33.014390738708933],[-96.808492430807874,33.014397514245417],[-96.808541509367188,33.014401815840024],[-96.808590283258084,33.014403652304253],[-96.808638117393883,33.014403028943939],[-96.808684374421134,33.014399954624736],[-96.808728419253626,33.014394434654143],[-96.808769626418638,33.014386475478247],[-96.808827805270354,33.014369365656002],[-96.808879243811987,33.014348096015738],[-96.808925811180941,33.014324514715788],[-96.808969382123522,33.014300462819186],[-96.809015664580258,33.014275869784946],[-96.809064770178111,33.014253982115598],[-96.809117002362072,33.014235239104067],[-96.809174317722963,33.014218441504632],[-96.809273871028765,33.014194332216547],[-96.809315183279892,33.014185275797352],[-96.809359090887398,33.014176219348776],[-96.809405226048838,33.014167473768019],[-96.809453226475227,33.014159345569226],[-96.809502724365743,33.014152145650371],[-96.8095533562377,33.014146184111695],[-96.809604756620828,33.01414176648769],[-96.80966984468688,33.014138884936287],[-96.809722609653591,33.01413901741266],[-96.80977532234914,33.014141204196449],[-96.809827992071945,33.014145174445773],[-96.809880624750292,33.014150661754385],[-96.809933225395042,33.01415739517595],[-96.809985802138428,33.014165106550841],[-96.810038363173845,33.014173525913769],[-96.810096877720909,33.014183406760878],[-96.810149185861377,33.014192414461924],[-96.810201494024668,33.014201390517734],[-96.810253808034886,33.014210165200609],[-96.81030613261305,33.014218569659668],[-96.810358469327085,33.014226433159926],[-96.81041082292839,33.014233585947736],[-96.810463199301395,33.014239856489773],[-96.810523468748116,33.014245759941659],[-96.810576857561031,33.014249654333923],[-96.810630276544515,33.014252294392783],[-96.810683724519379,33.014253714424832],[-96.810737202356648,33.014253951497331],[-96.810790709824943,33.014253043554191],[-96.810844243571282,33.014251025752671],[-96.81089780345728,33.014247933328271],[-96.810951651705849,33.014243781702149],[-96.811004120822602,33.014238784169152],[-96.811056609483117,33.014232966657829],[-96.811109115152505,33.014226465544084],[-96.811161634100827,33.014219420789068],[-96.811214163762898,33.014211969671628],[-96.811266699399667,33.014204250321178],[-96.811319238415692,33.014196400919346],[-96.811381185386352,33.014187166805407],[-96.811434034519067,33.014179499295977],[-96.811486871473619,33.014172342884351],[-96.81153968794591,33.014166033493055],[-96.811592474437219,33.01416091062967],[-96.811645223716724,33.014157310242837],[-96.811697927451831,33.014155569157879],[-96.811750575043476,33.014156027759192],[-96.811809999442801,33.01415961590466],[-96.81186022180141,33.014165433170007],[-96.811909864533561,33.014173485268195],[-96.811958415137823,33.014183330532084],[-96.812005362337999,33.014194522807252],[-96.812050190353489,33.01420662215537],[-96.812092387843734,33.014219184229056],[-96.812131442333211,33.01423176646091],[-96.81218256298655,33.014249544215417],[-96.812270984478332,33.014288104635],[-96.812347801157728,33.014370692228894],[-96.812362476530993,33.014397502079689],[-96.812376903247838,33.014427779162489],[-96.81239036316002,33.014460729838355],[-96.81240214262084,33.014495554253557],[-96.812411522345272,33.01453146054947],[-96.812417789754846,33.014567648898804],[-96.81242022672609,33.014603324760756],[-96.812415347428825,33.01465319638033],[-96.812401055705919,33.014693885516337],[-96.812377829554805,33.01472987371438],[-96.812346574984588,33.01476082340632],[-96.812308206643081,33.014786395426185],[-96.812263631650453,33.014806251328018],[-96.812193220746565,33.014823701016894],[-96.812149932575579,33.014828267435199],[-96.812104585587917,33.014829915821601],[-96.812057587956929,33.014829722311369],[-96.812009350121386,33.014828759481055],[-96.811960281260369,33.014828105298704],[-96.81191078752174,33.014828832237676],[-96.81186127918258,33.014832017390468],[-96.811804161182963,33.014840250689943],[-96.811758853885493,33.01485137285075],[-96.811714934292155,33.014866436679455],[-96.81167302066531,33.014885145501275],[-96.811633728116206,33.014907200758302],[-96.811597678248802,33.014932302244063],[-96.811565481829533,33.014960153102912],[-96.811537760403922,33.014990454934825],[-96.811515130161922,33.015022909209435],[-96.811503094570654,33.015045773525806],[-96.811489633309037,33.015083124248079],[-96.811482449522359,33.015121842193174],[-96.811481010331448,33.015161454475603],[-96.811484778632334,33.015201486298885],[-96.811493220473068,33.015241464749984],[-96.811505799788392,33.015280915960496],[-96.811521982655151,33.015319366114085],[-96.811545840327511,33.01536425304694],[-96.811572777537208,33.015405187782221],[-96.811602941600299,33.015442284139269],[-96.811636114999203,33.015474629646121],[-96.811672079111645,33.015501312707663],[-96.811710619691851,33.015521419124717],[-96.811751518111819,33.015534037302167],[-96.811789543964821,33.015538226700805],[-96.811827678449376,33.015535652875776],[-96.811866569897163,33.015527206256372],[-96.811905543500686,33.015513768553141],[-96.811943925401934,33.01549622511466],[-96.811981040828059,33.015475456750181],[-96.812016216996952,33.015452348835971],[-96.81204877800684,33.015427783962267],[-96.812079123080906,33.015401660711255],[-96.812121466734226,33.015357876693642],[-96.812154222457352,33.015315185697666],[-96.812180215492461,33.015273609517195],[-96.812202278639305,33.015233168319256],[-96.812213885968376,33.015211185334387],[-96.812237671905805,33.015168386209425],[-96.812265265012186,33.01512490178586],[-96.812299902249222,33.015078629658341],[-96.812352139067343,33.015019775545547],[-96.812377822931708,33.014993840555071],[-96.812406221758209,33.014967013868713],[-96.812437130354454,33.014939931114448],[-96.812470344848336,33.014913220724161],[-96.812505657999509,33.014887515565434],[-96.812542868019506,33.014863445928185],[-96.812581768742177,33.014841644706436],[-96.812622155167347,33.014822742112173],[-96.812666260441674,33.014806605458276],[-96.8127144202126,33.014794393142225],[-96.812763751662814,33.014786950305087],[-96.812814088442167,33.01478374883208],[-96.812865257646195,33.014784264063152],[-96.812917091913306,33.014787966052296],[-96.812969419501599,33.014794327457579],[-96.81302207396412,33.014802822873555],[-96.813078250227477,33.014813607755116],[-96.813128969809497,33.014824454090274],[-96.813179294394899,33.014836186221459],[-96.813228855726138,33.01484872199952],[-96.813277284319213,33.014861983763772],[-96.813324207536525,33.014875891970284],[-96.813369257057602,33.014890366277065],[-96.813412062387357,33.014905327193155],[-96.813467014628529,33.014926730575269],[-96.813526401104937,33.014953622525731],[-96.813578736086995,33.014981234689309],[-96.813625908275768,33.015009439545082],[-96.813669809619867,33.015038108743894],[-96.813710619883807,33.015065940115356],[-96.813751321601373,33.01509352848516],[-96.813791989804173,33.015119216743152],[-96.813832196584357,33.01514090815926],[-96.81387151611132,33.015156507861938],[-96.813916486338499,33.015164227741394],[-96.813958346426304,33.015157709545605],[-96.813995886245038,33.015137151534674],[-96.814027323507545,33.015103330785031],[-96.814057756613423,33.015034941605812],[-96.814064474792403,33.015002110654493],[-96.814068571316852,33.014966291100592],[-96.814070537833743,33.014927907831414],[-96.814070864825226,33.014887388416625],[-96.814070046049537,33.014845158698421],[-96.814068576273897,33.014801646350627],[-96.814066946009092,33.014757278040136],[-96.814065609118501,33.014710608269638],[-96.814065173283794,33.014665622968593],[-96.814066029687169,33.014621234731941],[-96.814068618507619,33.014578024414696],[-96.814073375544453,33.01453657547605],[-96.814080739872878,33.01449746964753],[-96.814091151639815,33.014461288686732],[-96.814105047777375,33.014428614272695],[-96.814122920107579,33.014399959845193],[-96.8141547320038,33.014367591154311],[-96.814194199364934,33.014342663373554],[-96.814240538185516,33.014323581615351],[-96.81429297088998,33.014308751148121],[-96.814350713410377,33.014296578889905],[-96.814397360712761,33.01428817833709],[-96.814442950852396,33.01428036376263],[-96.814490260726231,33.014272438302612],[-96.814539051632096,33.014264357295851],[-96.814589083610727,33.014256081472269],[-96.814640121174605,33.01424756624953],[-96.814691922252081,33.014238771403193],[-96.814744250222148,33.014229654131192],[-96.814805481155744,33.014218583027045],[-96.814857192503752,33.014208806474379],[-96.814908507617076,33.014198637155062],[-96.814959019720476,33.014188084151115],[-96.815008323234494,33.014177152960002],[-96.815056009272098,33.014165851710061],[-96.815101674304429,33.014154188660427],[-96.815144910609604,33.014142169258072],[-96.815197087570965,33.014125937116809],[-96.815261457829564,33.014101927268442],[-96.815317408155082,33.014075601010624],[-96.815367902328617,33.014045783514099],[-96.815415901890418,33.014011302600274],[-96.815440747712657,33.013991232430008],[-96.815471930191549,33.013964320982403],[-96.815503624186391,33.013935563342692],[-96.815535536307877,33.013905728534283],[-96.815567365605148,33.013875587204218],[-96.815598813271862,33.013845910052027],[-96.815629581605691,33.013817466900747],[-96.815662018271453,33.013788753484199],[-96.815711977599051,33.013748806590648],[-96.815760187908495,33.013716680834861],[-96.815809000327803,33.013691240686512],[-96.815860519735438,33.01367143226949],[-96.815906587381448,33.01365855621593],[-96.815956930681281,33.013648473097973],[-96.816012278180466,33.01364101629747],[-96.816073359434668,33.013636021026464],[-96.81613279151351,33.01363352282889],[-96.816176911965783,33.01363278294577],[-96.816223347781232,33.013632765261619],[-96.816271770259377,33.01363339130527],[-96.816321845403792,33.013634580669823],[-96.816373244544806,33.013636253982149],[-96.816425634695406,33.013638332668052],[-96.816478684001808,33.013640736374306],[-96.816532199758825,33.01364339264849],[-96.816585516948479,33.013646210328922],[-96.816638529682265,33.013649149795825],[-96.816690940292403,33.013652165864293],[-96.816742450039328,33.013655213324036],[-96.816792758009541,33.013658247815698],[-96.816841566441909,33.013661226864279],[-96.816888574484409,33.01366410430569],[-96.816934012100774,33.013666866756701],[-96.816999560182765,33.013670826380945],[-96.817059479732578,33.013674669048541],[-96.817114025698373,33.013678747930612],[-96.81716344987673,33.013683414313569],[-96.817213000812274,33.013689766186893],[-96.817276616342212,33.013703530216098],[-96.817330675593738,33.013728967271717],[-96.817381562515536,33.013778180282387],[-96.817400064264532,33.013805221685971],[-96.817417468250525,33.01383619761377],[-96.817433187800674,33.013870169466969],[-96.817446640681155,33.013906194237101],[-96.817457240215475,33.01394333332582],[-96.817464405145316,33.013980646459501],[-96.817467562704991,33.014030759614606],[-96.817461785600798,33.014078711178364],[-96.817448273975117,33.014122932822673],[-96.817429063061013,33.014163871572499],[-96.817406186900982,33.014201978038159],[-96.817377010834576,33.01424425763858],[-96.817346658063258,33.014286887226035],[-96.817320733432979,33.014326698697424],[-96.817302351621976,33.014363935813698],[-96.817294589456893,33.014400104592582],[-96.817303016670351,33.014439985596162],[-96.817327603310289,33.014481133964466],[-96.8173791723422,33.014546208333478],[-96.817402807132225,33.014575879130135],[-96.817428130609457,33.01460778751261],[-96.817455051465458,33.014641123478832],[-96.817483474104591,33.0146750769226],[-96.817513303970955,33.01470883866665],[-96.817559451192963,33.014756360571184],[-96.81759799974968,33.014791077794385],[-96.817638965331952,33.014823267753407],[-96.817683173839143,33.014853366152622],[-96.817731450007884,33.014881811377535],[-96.817784618576098,33.014909041812025],[-96.817816807181046,33.014923906836579],[-96.817856752333654,33.014941015019922],[-96.817899028379898,33.014957766900991],[-96.81794332747755,33.014974038438488],[-96.817989346224721,33.014989701181534],[-96.818036777911331,33.015004629309885],[-96.818085315888965,33.015018695198094],[-96.818134654548956,33.015031772150039],[-96.818184487149011,33.015043735249527],[-96.818210087799088,33.015049384645238],[-96.818263019168697,33.015060020678519],[-96.818315663888669,33.015069381129429],[-96.818367695981777,33.015077652343905],[-96.818418792593391,33.015085023455022],[-96.818468629859382,33.015091681764666],[-96.818516882782575,33.015097816354775],[-96.818563227437807,33.015103616333754],[-96.818609076081401,33.015109494602463],[-96.818674809166936,33.015118671385586],[-96.818734427454174,33.015128086318377],[-96.818788489144779,33.015137849649548],[-96.818837554460245,33.01514807528941],[-96.818881637278324,33.015158733763208],[-96.818941806175715,33.015175564830002],[-96.819002829141226,33.015192134703369],[-96.819106061699372,33.015211393236932],[-96.819144974408275,33.015215808048723],[-96.819187066880815,33.015219380257918],[-96.819231406786685,33.015222057399484],[-96.81927705943599,33.015223793277137],[-96.819323090292798,33.015224537181851],[-96.819368565892731,33.015224238431756],[-96.819412552678784,33.015222849054865],[-96.819454155886916,33.015220315697604],[-96.819524564917216,33.01521244613464],[-96.819585822791908,33.015201433994321],[-96.819640867681272,33.015188419552558],[-96.819703725030166,33.015171532411479],[-96.819755062444401,33.015157950809169],[-96.819809395890317,33.01514425671229],[-96.819869423941469,33.015129816293197],[-96.819956371968132,33.015109799501765],[-96.819996902649137,33.015100713527993],[-96.820040141399758,33.01509115477829],[-96.820085714878587,33.015081220804603],[-96.820133253020742,33.015071007431629],[-96.820182383680532,33.015060608626847],[-96.820232736701271,33.015050122924372],[-96.820283937763804,33.01503964514341],[-96.82035135246872,33.0150261563968],[-96.820403710006374,33.015015949705464],[-96.820456060896532,33.015006031067081],[-96.820508402153422,33.01499645642987],[-96.820560735170559,33.014987279137479],[-96.820613055983586,33.014978552403647],[-96.820665364791125,33.014970333157358],[-96.820717659834003,33.014962672858836],[-96.820781262226816,33.014954188314235],[-96.820834632475794,33.014947827184891],[-96.820887987577322,33.014942159599016],[-96.820941324966213,33.014937166519495],[-96.820994647311622,33.014932832650693],[-96.821047952048318,33.014929138955651],[-96.821101242947947,33.014926069261783],[-96.821154518454975,33.014923606363787],[-96.821210201180321,33.014921659075199],[-96.821263749965041,33.014920393655792],[-96.821317281322649,33.014919794617462],[-96.821370793269807,33.014919951364291],[-96.821424285904413,33.014920955157947],[-96.821477754090452,33.014922893519035],[-96.821531198998017,33.014925857735186],[-96.821584614357917,33.014929937106537],[-96.821638005688854,33.014935221219197],[-96.821690056223119,33.01494160944565],[-96.821742076201275,33.014949236591235],[-96.821794066357526,33.01495811261286],[-96.821846024365541,33.014968242875419],[-96.821897952030923,33.014979637361776],[-96.821949848037519,33.014992303268464],[-96.822001713150129,33.015006249649545],[-96.822063944296374,33.015024696086677],[-96.822112047141445,33.015040150423189],[-96.822160137543307,33.015056157416929],[-96.822208226188962,33.015072153507113],[-96.822256330255271,33.015087573483363],[-96.82230446263182,33.015101852031307],[-96.822352637340146,33.015114422056946],[-96.822400868308193,33.015124719174707],[-96.8224491683293,33.015132180778586],[-96.82248934970805,33.015135815788831],[-96.822539517780271,33.015136757433687],[-96.822589774793727,33.015134061686858],[-96.822640109798556,33.015128236985738],[-96.822690507466746,33.015119794371977],[-96.822740957829268,33.015109245017413],[-96.822791447734616,33.015097099112964],[-96.82284196292963,33.015083867726581],[-96.822892493479728,33.015070061127176],[-96.822919288262796,33.015062682157101],[-96.822970434074165,33.01504872781382],[-96.823021317049665,33.015035026395694],[-96.823071678405867,33.015021618610248],[-96.823121261502521,33.015008545217249],[-96.823169807525645,33.01499584782799],[-96.823217058763873,33.014983567176969],[-96.823262757536853,33.01497174309641],[-96.823324491540589,33.01495581728468],[-96.82338731325207,33.014939633207476],[-96.823445053102688,33.014924875436314],[-96.823497913486662,33.01491161575035],[-96.823546093397653,33.014899931266605],[-96.823606294279713,33.014886310158715],[-96.823675674495988,33.014873345369182],[-96.82374667693,33.014865006346426],[-96.82382633444179,33.014860237528744],[-96.82386475143781,33.014858821811572],[-96.823906917429255,33.014857510559018],[-96.82395230345773,33.014856153598352],[-96.82400037300188,33.014854602380971],[-96.824050598112663,33.014852708566842],[-96.82410244441138,33.01485032366071],[-96.824155379662017,33.014847299219959],[-96.824209092165816,33.014843466851268],[-96.824261695237908,33.0148388955539],[-96.824314311969019,33.014833798696309],[-96.824366932680974,33.01482855373083],[-96.824419546563021,33.014823539889399],[-96.824472146081817,33.014819134676429],[-96.824524720490245,33.014815715518246],[-96.824577263235668,33.014813662653715],[-96.824637966655928,33.014813485545659],[-96.824690264095537,33.014815536970573],[-96.824741951141789,33.01481941412127],[-96.824792472496028,33.014824764700748],[-96.824841270715623,33.014831236360962],[-96.824887790345599,33.014838481320439],[-96.824931475136268,33.014846143647397],[-96.824971769630864,33.014853875561748],[-96.825013665020379,33.014862495619468],[-96.825107764254042,33.014884512427201],[-96.825215323735435,33.01492016758467],[-96.825251036464053,33.014933966862031],[-96.825291086703857,33.014949857297452],[-96.825335217872833,33.014967658280263],[-96.825383175593998,33.014987187446145],[-96.825434706530899,33.015008263359469],[-96.825508836360413,33.01503857837055],[-96.825550968390104,33.015055755252185],[-96.825594114864913,33.015073312710832],[-96.825637748549966,33.015091050025859],[-96.825681335841892,33.015108764515837],[-96.825724342003298,33.015126255279732],[-96.825766236643901,33.015143319715477],[-96.825806486065588,33.015159757852231],[-96.825844561040853,33.015175364406673],[-96.825872607438214,33.015186916680733],[-96.825944295685545,33.015216912936374],[-96.826004883546176,33.015243621335394],[-96.826059649745915,33.015269993443646],[-96.826104944263534,33.015293999064802],[-96.826143423443185,33.01531576854596],[-96.826184421014233,33.015339228160855],[-96.826228652467464,33.015363713964959],[-96.826276833385904,33.015388559303936],[-96.826329680331014,33.01541310025668],[-96.826366179950085,33.015428300727713],[-96.826407385967428,33.015443867331676],[-96.826450471916118,33.015458872288292],[-96.826494632919662,33.015473393675663],[-96.826539066213485,33.015487510527649],[-96.826582965787082,33.015501302704052],[-96.826625528906135,33.015514848338086],[-96.826644333588234,33.015521071403974],[-96.826639276989468,33.016403561564609],[-96.826639276105155,33.016403681716106],[-96.8266478373301,33.016554991719829],[-96.826650900695796,33.016608639580546],[-96.826651538599279,33.016747471924397],[-96.826641880568289,33.016956267370546],[-96.826619199555978,33.017163512969255],[-96.826597029142874,33.017300665855274],[-96.826565548518872,33.017455562130863],[-96.82653282672247,33.017589824539499],[-96.826493606064304,33.017722624716384],[-96.826387265557173,33.018040082528472],[-96.826347072676526,33.018181116658347],[-96.826313353028354,33.018324986671942],[-96.826284527020562,33.018468922848051],[-96.826262225232483,33.018612946632778],[-96.826246421170154,33.018758431693207],[-96.826236325571017,33.018903993632989],[-96.826233317272298,33.018976802336475],[-96.826220894966085,33.019978647623056],[-96.826203226932179,33.023428536725355],[-96.826193172310923,33.025391888348771],[-96.826179195363423,33.025408788495497],[-96.826157081984476,33.025444873535371],[-96.826140778882049,33.025483186569716],[-96.826129441995306,33.025523411685839],[-96.826122229560099,33.025565228507851],[-96.826118294360612,33.025608319237854],[-96.826116795609934,33.025652366233416],[-96.826116888232903,33.025697051748146],[-96.826117734690513,33.025742434094994],[-96.826118661045157,33.025787518397912],[-96.826119755689561,33.025832605873852],[-96.826121299534776,33.025877699715885],[-96.826123562621092,33.025922807371224],[-96.826126822645548,33.025967931954902],[-96.826131354059711,33.026013077406759],[-96.826137431192294,33.02605825127781],[-96.826145361435863,33.026103623655615],[-96.826154713604353,33.026146367725929],[-96.826165867586255,33.026188833792062],[-96.826178746108582,33.026230709159854],[-96.826188323467349,33.026257718841642],[-96.826184629553055,33.026985378022111],[-96.826221775741018,33.027307509784244],[-96.82622110629724,33.027817442179263],[-96.826220615624905,33.027972753042796],[-96.826220490504568,33.028003399288636],[-96.826214073438408,33.028013061756262],[-96.826195742509739,33.028046478967255],[-96.826180318844678,33.028081955333157],[-96.826168588712562,33.028118924407714],[-96.826161341537926,33.028156821628322],[-96.826159363501219,33.028195083256989],[-96.826163441979446,33.028233141970112],[-96.826168509376302,33.028253643396226],[-96.826182035049882,33.028287978001131],[-96.826201270532067,33.028321709145892],[-96.826211024985,33.028335121052748],[-96.826207314229293,33.028373929804857],[-96.826193053606147,33.028480949306022],[-96.826177576199626,33.028565961402819],[-96.826158861776634,33.02864955419011],[-96.826136884779558,33.028733104055263],[-96.826110829357518,33.028816598455762],[-96.826065260882473,33.028939692369988],[-96.826031101579616,33.029020329422238],[-96.825992863819522,33.029100911001336],[-96.825930269513677,33.029218277601174],[-96.825849392902725,33.029353268465933],[-96.825808836636895,33.02942694761115],[-96.825770728066885,33.029500658049514],[-96.825735829884422,33.029577162341297],[-96.825704168722481,33.0296550841271],[-96.825661991433279,33.029771349702727],[-96.825627917798485,33.029890474406614],[-96.825601161807768,33.030011070319773],[-96.825581743502767,33.030131766346202],[-96.825570457710981,33.030253945204635],[-96.825566511838431,33.030376223330535],[-96.825569907016373,33.030498599847704],[-96.82558064330486,33.030621073852799],[-96.8255995620883,33.03074228330707],[-96.825625848517149,33.030862218397864],[-96.825659476082336,33.030982252772908],[-96.825715188019387,33.031142441953477],[-96.826025291572051,33.031914951616429],[-96.826091193360512,33.032097270404748],[-96.826491242961822,33.03333419262016],[-96.826620430610987,33.033751025074871],[-96.826665516327537,33.03391244687419],[-96.826708103481238,33.034076582892602],[-96.826739012694858,33.034208288754471],[-96.826701057462628,33.034235375537662],[-96.826662253489957,33.034265987257619],[-96.826624611614079,33.034298754967153],[-96.826587954418699,33.034333879473579],[-96.826552103446218,33.034371560655181],[-96.826505052656628,33.034426356492915],[-96.826478876791057,33.034459529348347],[-96.826453212884473,33.034493698561768],[-96.826428352849604,33.034528137527744],[-96.826404588785621,33.034562114224066],[-96.826382212761786,33.034594897531719],[-96.826361516694362,33.034625760846033],[-96.826342792654685,33.034653973048151],[-96.826320674160669,33.034687286639645],[-96.826275257099837,33.03475118271691],[-96.826221444686752,33.034817979039367],[-96.826204007938998,33.034839810858628],[-96.826184456243865,33.034864959844931],[-96.826163517144295,33.034893041548088],[-96.826141913865925,33.034923672317319],[-96.826120372789376,33.034956470385737],[-96.826099616132694,33.034991050271884],[-96.826080372330509,33.03502703297027],[-96.826063364706513,33.035064032123458],[-96.826043925075695,33.035119536566498],[-96.82603438635303,33.035163422795122],[-96.82602981681444,33.035206982173996],[-96.826029778251296,33.03524979116569],[-96.82603383021771,33.035291428888897],[-96.826041534503133,33.035331471805407],[-96.826052452741195,33.035369500890823],[-96.826066145739418,33.035405089872427],[-96.826085192347762,33.035443230971907],[-96.826116958183448,33.035490288317341],[-96.826154067296315,33.035530652457247],[-96.826196731179877,33.03556708251417],[-96.826245164484888,33.035602339492655],[-96.826292200201095,33.035634232127165],[-96.826326326207436,33.035657100897943],[-96.826361831924402,33.035680875006463],[-96.826397980011123,33.035705094754491],[-96.82643403217682,33.035729296807553],[-96.826469255457539,33.03575301886449],[-96.826502910456981,33.035775798469373],[-96.826534261941447,33.035797176881836],[-96.826570806433054,33.035822419054092],[-96.82665141220437,33.035883137388261],[-96.82672284193589,33.035952971500826],[-96.826744518604428,33.035976144842799],[-96.826768109591526,33.036002379679374],[-96.826792717970733,33.03603136605124],[-96.826817442495852,33.036062794798632],[-96.826841381826995,33.036096359470804],[-96.826863635786736,33.036131750935375],[-96.826883306247211,33.036168662820792],[-96.82689949305805,33.036206785092801],[-96.826906148230037,33.036226702282129],[-96.82691596205423,33.036268155139929],[-96.8269210699155,33.036310329778345],[-96.826922128589359,33.036353123743275],[-96.826919788359604,33.0363964362299],[-96.826914703860339,33.036440164731559],[-96.826907528593139,33.036484208520996],[-96.826898916215043,33.036528462357026],[-96.826888601360068,33.036577085145424],[-96.826879034280068,33.036621400784398],[-96.826869586195158,33.036665718400435],[-96.826860445809729,33.036710040757761],[-96.826851798551502,33.036754372348092],[-96.826843829940856,33.036798714954926],[-96.826836730734556,33.036843074102819],[-96.826830686515308,33.036887449769758],[-96.826825440490396,33.036936692278722],[-96.826822167575656,33.036981650997802],[-96.826820348407267,33.037026634992174],[-96.826819952975853,33.037071643534823],[-96.826820954456778,33.03711667687957],[-96.826823320727755,33.037161733344526],[-96.826827022789459,33.037206814034292],[-96.826832033909525,33.037251916494],[-96.826838411348859,33.037297625799106],[-96.826845718451395,33.037341555958093],[-96.826854029050438,33.037385503195246],[-96.826863164088266,33.037429464979951],[-96.826872946650411,33.037473438833615],[-96.826883199883852,33.037517420472128],[-96.826893744729944,33.037561407364976],[-96.826904402160295,33.037605396078987],[-96.826917453255575,33.037659709726107],[-96.826927851398892,33.037704035500028],[-96.826937974710404,33.037747896518248],[-96.826947838817773,33.037790835063497],[-96.826957461584513,33.037832390761913],[-96.826966856494423,33.037872105844379],[-96.826976038195326,33.037909519859369],[-96.82698502451963,33.03794417333603],[-96.826995195889481,33.037980218961096],[-96.827020796925808,33.038052443898245],[-96.827049759103659,33.038110492343918],[-96.827077763841316,33.038157592861062],[-96.8270965417084,33.038188143777965],[-96.827117652946939,33.038221800663543],[-96.827141132468384,33.038258169513973],[-96.827167019502426,33.038296855526461],[-96.827195346724295,33.03833746735345],[-96.827236366587499,33.038393130593207],[-96.827262712485975,33.03842705066905],[-96.827290034533036,33.038461098287996],[-96.827317764751001,33.038494785333612],[-96.827322189064148,33.038500054424496],[-96.827312574478441,33.040375666315441],[-96.827310887271196,33.04037779575701],[-96.827285714615158,33.04041082852175],[-96.827260336250035,33.040445738374274],[-96.82723534124122,33.040482144734234],[-96.827211317491432,33.040519669704189],[-96.827190590433815,33.040554834956396],[-96.827168313266739,33.040596816919425],[-96.827148458355524,33.040639208120012],[-96.827130977020431,33.04068195768545],[-96.827115815252725,33.040725013710123],[-96.827102924434328,33.040768323515401],[-96.827092251628486,33.040811835221362],[-96.827083749196262,33.040855498883516],[-96.827076242332851,33.040908838276216],[-96.82707226642006,33.040953680460134],[-96.827070189238796,33.040998555982362],[-96.827069751334548,33.041043460365714],[-96.827070699714369,33.041088388385944],[-96.827072777097186,33.041133334714964],[-96.82707573033494,33.041178298642322],[-96.827079302238189,33.041223272131575],[-96.827083366196334,33.041269669770493],[-96.827087506405405,33.041314588352257],[-96.827092092615686,33.04135951502424],[-96.827097478674105,33.041404454742704],[-96.827104008657614,33.041449415841278],[-96.827112033229454,33.041494402295278],[-96.827121900848098,33.041539419833676],[-96.827133958808489,33.041584476867541],[-96.82714924865877,33.04163152496993],[-96.827164537140035,33.041671355558783],[-96.827181616453345,33.041710830153768],[-96.827200013000677,33.04174955508639],[-96.827219250028676,33.041787134804778],[-96.827238851885667,33.041823172880726],[-96.8272583449085,33.041857277452095],[-96.827277251330329,33.041889051136543],[-96.827295097578585,33.041918099364153],[-96.82730458968777,33.041933177121948],[-96.827302195723547,33.042400149700711],[-96.827302194624011,33.04240027616958],[-96.827305743286445,33.042601000252517],[-96.827301721707542,33.042727400154611],[-96.827298607838699,33.042767826787788],[-96.827282143580476,33.042774775622377],[-96.827249698920852,33.0427882323308],[-96.827213354417239,33.042803015846438],[-96.827173673470668,33.042818806405386],[-96.827131217400847,33.042835282386946],[-96.827086544127326,33.042852127509668],[-96.827040218279734,33.042869017523437],[-96.826992797748915,33.042885637050986],[-96.826945404753005,33.042901481088414],[-96.826893936887586,33.04291774503946],[-96.826843001757908,33.042932984611653],[-96.826793108181647,33.042947222069408],[-96.82674476176112,33.04296047960004],[-96.826698471375735,33.042972777663849],[-96.826654743638343,33.042984140281057],[-96.826614087397871,33.042994588815894],[-96.826564213903282,33.043007482207663],[-96.826474838106222,33.043032467554731],[-96.826402935380187,33.043057028618335],[-96.826354697577187,33.043076148993308],[-96.826318777629339,33.043091215418059],[-96.826279423491783,33.043108485492425],[-96.826237390498861,33.043127925107378],[-96.826193436097668,33.043149501109411],[-96.826148316849412,33.043173174903259],[-96.8260859082595,33.043209008869816],[-96.826045406889264,33.043234768743339],[-96.826006808971911,33.043262371861758],[-96.825971505869362,33.043292008249985],[-96.825940883461996,33.043323871415481],[-96.825916329961672,33.043358149501849],[-96.825899234531349,33.043395034290022],[-96.825890854008378,33.043436393129888],[-96.825891455701054,33.043468747178821],[-96.82589716254671,33.043502240499372],[-96.825907052724119,33.043536253516379],[-96.825920202050881,33.043570172922095],[-96.825935688610187,33.043603381849728],[-96.825952593760832,33.043635261705028],[-96.825969992304977,33.043665197349753],[-96.825986964433355,33.043692572873027],[-96.826005470447654,33.04372118003544],[-96.826057196294485,33.043792299401922],[-96.826132167560758,33.043858805547778],[-96.826154642283569,33.043876880509266],[-96.826179903166675,33.043897026112312],[-96.826207294741991,33.04391873946777],[-96.826236164632675,33.043941521376183],[-96.826265860615095,33.04396486812454],[-96.826295726084126,33.043988278605006],[-96.826325110834034,33.04401125276889],[-96.826353360493471,33.044033286853114],[-96.826379821638469,33.044053880732392],[-96.826403843080399,33.044072531625325],[-96.826418909952579,33.044084205312295],[-96.826494818095313,33.044203962275603],[-96.826494332846153,33.044229479999295],[-96.82649345357008,33.044259121865686],[-96.826492266243548,33.044291501218723],[-96.82649085365837,33.044325230421776],[-96.826489300688436,33.044358923695853],[-96.826487690156711,33.044391192501905],[-96.826486105804221,33.04442065284082],[-96.826484630354429,33.04444595050569],[-96.826410384961008,33.044566309393169],[-96.82638982216865,33.044583907319506],[-96.826366467909182,33.044603924155368],[-96.826340923065572,33.04462585401793],[-96.826313795107026,33.044649186666604],[-96.826285687247264,33.044673410854777],[-96.82625720570077,33.044698021733495],[-96.826228952673461,33.044722506225682],[-96.826201534443953,33.044746357677909],[-96.826175555240923,33.044769066677205],[-96.826151618222283,33.044790123784956],[-96.826132346941591,33.044807220776057],[-96.826055500810639,33.044878157961797],[-96.825984854770098,33.044944528850287],[-96.825963211063851,33.044964212088907],[-96.825939191096239,33.044986344165032],[-96.825913938975901,33.045010439588197],[-96.825888598874869,33.045036011062997],[-96.825864315915183,33.045062574932082],[-96.825842235344425,33.045089643927874],[-96.825823503452838,33.045116731712355],[-96.825809262183171,33.045143353649429],[-96.825800657829177,33.045169023401719],[-96.825798616921034,33.045185492432928],[-96.825804121368307,33.045215836499302],[-96.825820736358395,33.045243686748115],[-96.825846273963649,33.045269653360286],[-96.825878539728919,33.045294349068485],[-96.825915346669817,33.045318387690997],[-96.825954499286141,33.045342381034501],[-96.826004817167004,33.045374183093756],[-96.826047479417156,33.045404792209808],[-96.826087106674663,33.045437223403169],[-96.826124294331848,33.045471445924044],[-96.826159638791651,33.045507430853689],[-96.826193739673712,33.045545149350183],[-96.826235098488596,33.045594168023534],[-96.826262943865174,33.045628649370336],[-96.8262904596303,33.045663641355418],[-96.826317247538654,33.045698491012452],[-96.826342913816006,33.045732540062779],[-96.826367063430126,33.045765135618609],[-96.826389299357885,33.045795620226876],[-96.826417469379351,33.045834923445071],[-96.826472166040887,33.045910196654958],[-96.826546724427018,33.045992714841432],[-96.826568460620223,33.046014463653869],[-96.826592606788083,33.046038180013909],[-96.826618549473579,33.046063324105134],[-96.826645678341919,33.046089358897696],[-96.826673376748815,33.046115743595401],[-96.826701036500921,33.046141941221336],[-96.826728043095144,33.046167411032407],[-96.826753784109258,33.046191614143424],[-96.82677764708933,33.046214012572428],[-96.826804453157877,33.046239166691585],[-96.826874094881731,33.046302470218322],[-96.82689483244792,33.04631718062258],[-96.826848862998702,33.04653508093589],[-96.826777287633078,33.046776019195136],[-96.82663471997239,33.047161341449382],[-96.82659651998631,33.04738917169577],[-96.826582443822176,33.04769572587211],[-96.826540771402634,33.047704957117112],[-96.826502758680817,33.047713176492714],[-96.826460855160576,33.047722137378358],[-96.826380635919108,33.047743350865396],[-96.826360648418927,33.047772668916423],[-96.826363891075971,33.047801678697724],[-96.826373134173295,33.047839829442154],[-96.826385895568549,33.04788522413012],[-96.826393519527116,33.04791260706002],[-96.826404432701779,33.047952150848658],[-96.826418321196101,33.047992973833701],[-96.826438346823721,33.048033910243518],[-96.826467670577713,33.048073787055799],[-96.826495659218182,33.048100642285625],[-96.826525826799752,33.048123006407288],[-96.826560727420173,33.048144565370045],[-96.826576391576324,33.048153094695458],[-96.826567408348552,33.048941030360595],[-96.826569830407152,33.0497847640763],[-96.826567508389275,33.049888188774609],[-96.826586909538648,33.050190319142594],[-96.826557051378543,33.050354050044803],[-96.826543797007332,33.050485895306124],[-96.826279114335307,33.051924191358303],[-96.826255743483429,33.052037961066823],[-96.826248125278966,33.052095587306148],[-96.826239960199743,33.052182070899505],[-96.826232011247413,33.052300170741695],[-96.826230614086967,33.052374055862678],[-96.826198533713068,33.052388335213003],[-96.826148421852295,33.052421123935311],[-96.826091612606845,33.052477918100791],[-96.826070275442945,33.052506102837128],[-96.826049429407377,33.052537184449285],[-96.826029179748375,33.05257046886306],[-96.826009634838698,33.052605264790387],[-96.825990899928371,33.05264087815727],[-96.825973079103562,33.052676617572004],[-96.82595628196556,33.052711787259156],[-96.825940612540222,33.052745697632815],[-96.825932531943451,33.05276352193367],[-96.825906748766499,33.052821505875393],[-96.82588453634132,33.052872450153025],[-96.82586455663953,33.052918180016562],[-96.825838038683173,33.052976376539995],[-96.825817136531441,33.053019239723817],[-96.825795080667319,33.053063965142968],[-96.8257717812333,33.053113371449612],[-96.825742770277856,33.05318103620732],[-96.825729701294435,33.053214385210062],[-96.825716434661288,33.053250159022241],[-96.825703143725846,33.053288025729195],[-96.825689997548153,33.053327653312714],[-96.82567716512699,33.053368711560005],[-96.82566481870839,33.053410869433669],[-96.825653127323022,33.053453795818413],[-96.825639579044662,33.053508520718452],[-96.825629689756681,33.053553248131905],[-96.82562076874656,33.053597991775256],[-96.825612678734615,33.053642750129598],[-96.825605287831536,33.05368752090304],[-96.825598462003924,33.053732301751793],[-96.825592066207861,33.053777088500404],[-96.825585966285772,33.053821882416145],[-96.825579831970956,33.053868185299855],[-96.825573908081026,33.053912913905506],[-96.825567798226999,33.053957150096345],[-96.825561295071239,33.054000399134296],[-96.825554187998208,33.05404216800882],[-96.825546268536144,33.054081963761426],[-96.825537326100047,33.054119292478902],[-96.825527153351729,33.05415365942298],[-96.825515153833877,33.054185470284452],[-96.825483973677635,33.054240394084083],[-96.825444396835636,33.054284482561123],[-96.825395897566878,33.054325743626102],[-96.825357356842446,33.054356430691982],[-96.825327717705918,33.054380536164928],[-96.825296414059309,33.054406599911886],[-96.825264037600164,33.054434135712377],[-96.825231173656675,33.054462655384853],[-96.825198411784754,33.054491672658017],[-96.825166342644849,33.054520700384323],[-96.825135550435533,33.054549252163838],[-96.825115455095954,33.054568326682485],[-96.825072102270298,33.054610971859908],[-96.825033255592047,33.054651045439527],[-96.82499750108903,33.054689359770045],[-96.824963422671757,33.054726726243558],[-96.82493776302276,33.054755001186258],[-96.824906159715383,33.054789795635941],[-96.824874004991798,33.054826188615856],[-96.824841441537984,33.054865373535272],[-96.824808611059183,33.054908541068876],[-96.824770299989694,33.054965304038546],[-96.824750417117087,33.054998092939769],[-96.824730706555059,33.055032997567714],[-96.824711323695524,33.055069740689859],[-96.824692426044237,33.055108046028579],[-96.824674169086535,33.055147633643131],[-96.824656710267618,33.055188229061635],[-96.824640206115021,33.055229553272376],[-96.824624815208779,33.055271330024148],[-96.824616944329208,33.055294211856243],[-96.824602805544131,33.05533853076863],[-96.824590043772787,33.055382522542516],[-96.824578525159069,33.05542583426741],[-96.824568110579278,33.055468110194482],[-96.824558668259215,33.055508999270515],[-96.824550059044,33.055548146649485],[-96.824542148035604,33.05558519849189],[-96.824534210295397,33.055622561403538],[-96.824520468688448,33.055684672330813],[-96.824507580524951,33.055738104736847],[-96.824494659262228,33.055786006724674],[-96.824481475971339,33.055829488607714],[-96.824467706422638,33.055871789820195],[-96.824454423538796,33.055916458332128],[-96.824443603283555,33.055965326509309],[-96.82443647596665,33.056038025381497],[-96.824436691346349,33.056073727320033],[-96.824438817271783,33.0561118572721],[-96.824442531913832,33.056152162580297],[-96.824447514515043,33.056194390613108],[-96.82445344444109,33.056238285127854],[-96.824459998696739,33.056283596149541],[-96.824466857687653,33.056330068364439],[-96.824471095855742,33.056359169013938],[-96.824477100746009,33.056401749797466],[-96.824482952519872,33.056444823810466],[-96.824488670929881,33.056488284011422],[-96.82449427131705,33.056532026865987],[-96.824499772330824,33.056575946209584],[-96.824505192528349,33.056619938585769],[-96.824510547343053,33.056663897752095],[-96.824515857537804,33.056707718498544],[-96.824518756777067,33.056731668184625],[-96.824524343115129,33.05677770656127],[-96.824529897737705,33.056823448712777],[-96.824535411720873,33.056868935985356],[-96.824540873934978,33.056914211478748],[-96.824546274445751,33.056959314707555],[-96.824551602123449,33.057004288771601],[-96.824556849054559,33.057049176848516],[-96.824562319440574,33.05709678815969],[-96.824567374597549,33.057141699594666],[-96.824572320377484,33.057186609280656],[-96.824577151420002,33.057231517087722],[-96.824581862395462,33.057276421983175],[-96.824586447881515,33.057321325642675],[-96.82459090043524,33.057366226078798],[-96.824595215737389,33.057411124090457],[-96.824599580845074,33.05745814389347],[-96.8246035474927,33.057503134647391],[-96.824607006961273,33.057548115818577],[-96.824609604270435,33.057593082418279],[-96.824610982356589,33.057638027600085],[-96.824610787340944,33.057682945498343],[-96.824610563577536,33.057687671863626],[-96.823952230528477,33.058442423946573],[-96.823829322056895,33.058597463843768],[-96.823763830684925,33.058694173984797],[-96.823685424780408,33.058826445668025],[-96.823633672747917,33.058930211968132],[-96.823575534282298,33.059069629396511],[-96.823550518138276,33.059140766803488],[-96.823519086853082,33.059248929826211],[-96.823487742031531,33.059395579866511],[-96.823468611967272,33.0595437674639],[-96.823460312833006,33.059766325095424],[-96.823457291153474,33.060054928504371],[-96.823447778785592,33.060272735704984],[-96.823416377888066,33.060991706437406],[-96.823414033816547,33.061045358051821],[-96.82337689946101,33.061196053587018],[-96.823266883289605,33.061488717219866],[-96.823193212864822,33.061629300037502],[-96.823109012718106,33.061765616745696],[-96.823062042527738,33.061832336490454],[-96.822960862721175,33.061960179225672],[-96.822906654173266,33.062021302237071],[-96.822849206318082,33.062081007651905],[-96.822759416360569,33.062167768311625],[-96.822663965056933,33.062251703632462],[-96.822604412229666,33.062296990898346],[-96.82252898430275,33.062354350108052],[-96.822458663192322,33.062404261553368],[-96.822348811600278,33.062472883203746],[-96.822273726240439,33.062515857376901],[-96.822157475778724,33.062577520120378],[-96.822077598491049,33.062614931500228],[-96.821913892600705,33.062682829415991],[-96.821788165749027,33.062727870190507],[-96.821615796516738,33.062779156769984],[-96.821567805801251,33.062789031065478],[-96.820996697410791,33.062906529503742],[-96.82069400494079,33.062968803151755],[-96.820479205347638,33.063019516820248],[-96.820350315903241,33.063059015858421],[-96.820265696940893,33.063088115184797],[-96.820141547803487,33.063135925857601],[-96.820020555676081,33.063189276664076],[-96.819902724861905,33.063248166813644],[-96.819788869345786,33.063312608841976],[-96.819715361207059,33.063358352117191],[-96.819608716853608,33.063429764445125],[-96.819540815346627,33.063481080232791],[-96.819441359825007,33.063560835708884],[-96.819348351616853,33.063644801738768],[-96.819259345376835,33.063732944274719],[-96.819176815243083,33.06382392381947],[-96.819099918373027,33.063919103224869],[-96.819006811868491,33.064051174043676],[-96.818943654671983,33.064153410949046],[-96.818905604209789,33.06422299668386],[-96.818853793696078,33.064329509820531],[-96.818823033470153,33.064401943340179],[-96.818770438878829,33.06454968071111],[-96.818748628050628,33.064623608161362],[-96.818714748471095,33.064774345993989],[-96.818684527569189,33.065118936712025],[-96.81868592541305,33.065303139248236],[-96.818686535087352,33.065527937957576],[-96.818686537220415,33.065528565056901],[-96.81868817324829,33.06574300803161],[-96.818696856580317,33.067518971780828],[-96.818696854406454,33.067519066598265],[-96.818609795269339,33.071411741287569],[-96.818609879740109,33.071417703879149],[-96.818622271836333,33.072301208055855],[-96.81860757986361,33.072472821493186],[-96.818581326555702,33.076945069438118],[-96.818600715892998,33.07721335590044],[-96.818560503890879,33.084153057192069],[-96.8185577736282,33.08462403825439],[-96.818549990025076,33.084689908869457],[-96.818535944408666,33.084784558910208],[-96.818516976951969,33.084880517926372],[-96.818497479006638,33.084961350070714],[-96.818474743233338,33.085040763700349],[-96.81844358531589,33.085133809293694],[-96.818409187360842,33.08522543721557],[-96.81836991769633,33.085315624118088],[-96.818343347493197,33.085371207508103],[-96.818333359624617,33.085392102758917],[-96.818286797771606,33.085479442724498],[-96.818235339630263,33.085566716211197]]]]},"properties":{"OBJECTID":1,"Shape_Length":171384.06504356762,"Shape_Area":31081547.976261295,"AREA_SQFT":335668600.05890328,"AREA_ACRES":7705.8907267884133,"AREA_SQMILES":12.040454260606895}}]
}